NCBITaxonomy	core_std	delta_counts
1001077|Notocactus	C23_pentahydroxy	1
1001077|Notocactus	C28_alcohol_3OH	0
100145|Galactia	C27_dihydroxy	22
100145|Galactia	C27_monohydroxy	16
100145|Galactia	C28_alcohol_3OH	0
100149|Indigofera suffruticosa	C28_alcohol_3OH	0
100167|Psoralea	C28_alcohol_3OH	0
100190|Embiotoca jacksoni	C24_alkamine_trihydroxy	6
100190|Embiotoca jacksoni	C24_alkamine_pentahydroxy	2
100190|Embiotoca jacksoni	C24_dihydroxy	20
100190|Embiotoca jacksoni	C24_tetrahydroxy	6
100190|Embiotoca jacksoni	C24_trihydroxy	48
100190|Embiotoca jacksoni	C27_dihydroxy	6
100190|Embiotoca jacksoni	C27_monohydroxy	4
100190|Embiotoca jacksoni	C28_alcohol_3OH	0
100192|Hyperprosopon argenteum	C24_dihydroxy	3
100192|Hyperprosopon argenteum	C24_tetrahydroxy	1
100192|Hyperprosopon argenteum	C24_trihydroxy	2
100192|Hyperprosopon argenteum	C27_dihydroxy	3
100192|Hyperprosopon argenteum	C27_monohydroxy	2
100213|Apalone ferox	C24_alkamine_pentahydroxy	1
100213|Apalone ferox	C24_trihydroxy	1
100213|Apalone ferox	C27_dihydroxy	3
100213|Apalone ferox	C27_monohydroxy	1
100213|Apalone ferox	C27_pentahydroxy	1
1002367|Leyella stercorea DSM 18206	C24_alkamine_trihydroxy	6
1002367|Leyella stercorea DSM 18206	C24_alkamine_dihydroxy	4
1002367|Leyella stercorea DSM 18206	C24_dihydroxy	2
1002367|Leyella stercorea DSM 18206	C24_trihydroxy	5
10026|Cricetinae	C24_alkamine_trihydroxy	4
10026|Cricetinae	C24_alkamine_dihydroxy	1
10026|Cricetinae	C24_alkamine_monohydroxy	1
10026|Cricetinae	C24_alkamine_pentahydroxy	2
10026|Cricetinae	C24_alkamine_tetrahydroxy	1
10026|Cricetinae	C24_dihydroxy	26
10026|Cricetinae	C24_tetrahydroxy	14
10026|Cricetinae	C24_trihydroxy	28
10026|Cricetinae	C28_alcohol_3OH	0
1003195|Streptantibioticus cattleyicolor NRRL 8057 = DSM 46488	C24_alkamine_trihydroxy	6
1003195|Streptantibioticus cattleyicolor NRRL 8057 = DSM 46488	C24_alkamine_dihydroxy	2
1003843|Halcyon smyrnensis	C24_alkamine_trihydroxy	2
1003843|Halcyon smyrnensis	C24_alkamine_dihydroxy	10
1003843|Halcyon smyrnensis	C24_alkamine_tetrahydroxy	4
1003843|Halcyon smyrnensis	C24_dihydroxy	10
1003843|Halcyon smyrnensis	C24_monohydroxy	8
1003843|Halcyon smyrnensis	C24_tetrahydroxy	14
1003843|Halcyon smyrnensis	C24_trihydroxy	16
1003843|Halcyon smyrnensis	C27_dihydroxy	4
1003843|Halcyon smyrnensis	C27_monohydroxy	4
1003843|Halcyon smyrnensis	C27_tetrahydroxy	2
1003843|Halcyon smyrnensis	C27_trihydroxy	2
1003845|Vanellus indicus	C24_alkamine_trihydroxy	2
1003845|Vanellus indicus	C24_alkamine_dihydroxy	3
1003845|Vanellus indicus	C24_alkamine_tetrahydroxy	1
1003845|Vanellus indicus	C24_dihydroxy	7
1003845|Vanellus indicus	C24_pentahydroxy	2
1003845|Vanellus indicus	C24_tetrahydroxy	6
1003845|Vanellus indicus	C24_trihydroxy	6
1003845|Vanellus indicus	C27_dihydroxy	3
1003845|Vanellus indicus	C27_monohydroxy	4
1003845|Vanellus indicus	C27_pentahydroxy	1
1003845|Vanellus indicus	C27_tetrahydroxy	2
1003845|Vanellus indicus	C27_trihydroxy	2
1003997|Alicyclobacillus cellulosilyticus	C24_alkamine_trihydroxy	151
1003997|Alicyclobacillus cellulosilyticus	C24_alkamine_dihydroxy	94
1003997|Alicyclobacillus cellulosilyticus	C24_alkamine_monohydroxy	1
1003997|Alicyclobacillus cellulosilyticus	C24_alkamine_pentahydroxy	2
1003997|Alicyclobacillus cellulosilyticus	C24_alkamine_tetrahydroxy	5
1003997|Alicyclobacillus cellulosilyticus	C28_alcohol_2OH	0
1003997|Alicyclobacillus cellulosilyticus	C28_alcohol_3OH	0
1004507|Amanita muscaria subsp. flavivolvata	C24_tetrahydroxy	2
100496|Rohdea japonica	C23_dihydroxy	5
100496|Rohdea japonica	C23_pentahydroxy	1
100496|Rohdea japonica	C23_trihydroxy	7
100496|Rohdea japonica	C24_alkamine_trihydroxy	5
100496|Rohdea japonica	C24_pentahydroxy	1
100496|Rohdea japonica	C28_alcohol_3OH	0
1005443|Escherichia coli 0.1197	C24_alkamine_trihydroxy	218
1005443|Escherichia coli 0.1197	C24_alkamine_dihydroxy	220
1005443|Escherichia coli 0.1197	C24_alkamine_tetrahydroxy	32
1005443|Escherichia coli 0.1197	C24_dihydroxy	12
1005443|Escherichia coli 0.1197	C24_tetrahydroxy	158
1005443|Escherichia coli 0.1197	C24_trihydroxy	272
1005443|Escherichia coli 0.1197	C28_alcohol_2OH	0
1005443|Escherichia coli 0.1197	C28_alcohol_3OH	0
1005976|Egernia kingii	C23_dihydroxy	1
1005976|Egernia kingii	C24_alkamine_trihydroxy	3
1005976|Egernia kingii	C24_dihydroxy	8
1005976|Egernia kingii	C24_pentahydroxy	1
1005976|Egernia kingii	C24_trihydroxy	5
1005976|Egernia kingii	C27_dihydroxy	3
1005976|Egernia kingii	C27_monohydroxy	1
1005976|Egernia kingii	C27_pentahydroxy	3
1005976|Egernia kingii	C27_tetrahydroxy	2
1005976|Egernia kingii	C27_trihydroxy	2
1005977|Egernia depressa	C24_dihydroxy	6
1005977|Egernia depressa	C24_monohydroxy	2
1005977|Egernia depressa	C24_trihydroxy	1
1005977|Egernia depressa	C27_dihydroxy	11
1005977|Egernia depressa	C27_monohydroxy	3
1005977|Egernia depressa	C27_pentahydroxy	1
1005977|Egernia depressa	C27_tetrahydroxy	6
1005977|Egernia depressa	C27_trihydroxy	6
10066|Muridae	C23_dihydroxy	1
10066|Muridae	C23_trihydroxy	1
10066|Muridae	C24_alkamine_trihydroxy	4
10066|Muridae	C24_alkamine_dihydroxy	3
10066|Muridae	C24_alkamine_pentahydroxy	1
10066|Muridae	C24_dihydroxy	24
10066|Muridae	C24_tetrahydroxy	15
10066|Muridae	C24_trihydroxy	43
1006753|Stachyris thoracica	C24_alkamine_pentahydroxy	1
1006753|Stachyris thoracica	C24_dihydroxy	3
1006753|Stachyris thoracica	C24_tetrahydroxy	8
1006753|Stachyris thoracica	C24_trihydroxy	5
100822|Geronticus eremita	C24_alkamine_trihydroxy	2
100822|Geronticus eremita	C24_alkamine_dihydroxy	2
100822|Geronticus eremita	C24_alkamine_tetrahydroxy	1
100822|Geronticus eremita	C24_dihydroxy	8
100822|Geronticus eremita	C24_monohydroxy	1
100822|Geronticus eremita	C24_tetrahydroxy	5
100822|Geronticus eremita	C24_trihydroxy	9
100822|Geronticus eremita	C27_dihydroxy	4
100822|Geronticus eremita	C27_tetrahydroxy	1
100822|Geronticus eremita	C27_trihydroxy	1
100858|Threskiornis aethiopicus	C24_alkamine_pentahydroxy	2
100858|Threskiornis aethiopicus	C24_alkamine_tetrahydroxy	2
100858|Threskiornis aethiopicus	C24_dihydroxy	28
100858|Threskiornis aethiopicus	C24_monohydroxy	6
100858|Threskiornis aethiopicus	C24_pentahydroxy	2
100858|Threskiornis aethiopicus	C24_tetrahydroxy	14
100858|Threskiornis aethiopicus	C24_trihydroxy	22
100858|Threskiornis aethiopicus	C27_dihydroxy	8
100858|Threskiornis aethiopicus	C27_monohydroxy	6
100858|Threskiornis aethiopicus	C27_tetrahydroxy	2
100858|Threskiornis aethiopicus	C27_trihydroxy	2
10088|Mus	C23_dihydroxy	811
10088|Mus	C23_monohydroxy	47
10088|Mus	C23_pentahydroxy	17
10088|Mus	C23_tetrahydroxy	13
10088|Mus	C23_trihydroxy	1400
10088|Mus	C24_alkamine_trihydroxy	62761
10088|Mus	C24_alkamine_dihydroxy	24094
10088|Mus	C24_alkamine_monohydroxy	1414
10088|Mus	C24_alkamine_pentahydroxy	912
10088|Mus	C24_alkamine_tetrahydroxy	16151
10088|Mus	C24_dihydroxy	9085
10088|Mus	C24_monohydroxy	553
10088|Mus	C24_nonhydroxy	26
10088|Mus	C24_pentahydroxy	690
10088|Mus	C24_tetrahydroxy	8284
10088|Mus	C24_trihydroxy	50204
10088|Mus	C26_dihydroxy	995
10088|Mus	C27_dihydroxy	3131
10088|Mus	C27_monohydroxy	2530
10088|Mus	C27_pentahydroxy	657
10088|Mus	C27_tetrahydroxy	1108
10088|Mus	C27_trihydroxy	1205
10088|Mus	C28_alcohol_1OH	0
10088|Mus	C28_alcohol_2OH	0
10088|Mus	C28_alcohol_3OH	0
1008903|Daphniphyllum oldhamii	C23_dihydroxy	13
1008903|Daphniphyllum oldhamii	C24_alkamine_trihydroxy	2
1008903|Daphniphyllum oldhamii	C24_alkamine_pentahydroxy	2
1008903|Daphniphyllum oldhamii	C24_alkamine_tetrahydroxy	2
1008903|Daphniphyllum oldhamii	C24_dihydroxy	37
1008903|Daphniphyllum oldhamii	C24_monohydroxy	5
1008903|Daphniphyllum oldhamii	C24_trihydroxy	3
1008903|Daphniphyllum oldhamii	C27_pentahydroxy	12
1008903|Daphniphyllum oldhamii	C27_tetrahydroxy	4
1008903|Daphniphyllum oldhamii	C27_trihydroxy	4
10090|Mus musculus	C23_dihydroxy	767
10090|Mus musculus	C23_monohydroxy	27
10090|Mus musculus	C23_trihydroxy	2159
10090|Mus musculus	C24_alkamine_trihydroxy	37959
10090|Mus musculus	C24_alkamine_dihydroxy	10444
10090|Mus musculus	C24_alkamine_monohydroxy	740
10090|Mus musculus	C24_alkamine_pentahydroxy	864
10090|Mus musculus	C24_alkamine_tetrahydroxy	9859
10090|Mus musculus	C24_dihydroxy	14523
10090|Mus musculus	C24_monohydroxy	666
10090|Mus musculus	C24_nonhydroxy	8
10090|Mus musculus	C24_pentahydroxy	1319
10090|Mus musculus	C24_tetrahydroxy	13683
10090|Mus musculus	C24_trihydroxy	82848
10090|Mus musculus	C26_dihydroxy	80
10090|Mus musculus	C27_dihydroxy	5844
10090|Mus musculus	C27_monohydroxy	1992
10090|Mus musculus	C27_pentahydroxy	180
10090|Mus musculus	C27_tetrahydroxy	493
10090|Mus musculus	C27_trihydroxy	475
10090|Mus musculus	C28_alcohol_2OH	0
10090|Mus musculus	C28_alcohol_3OH	0
10095|Mus sp.	C23_dihydroxy	20
10095|Mus sp.	C23_trihydroxy	83
10095|Mus sp.	C24_alkamine_trihydroxy	1757
10095|Mus sp.	C24_alkamine_dihydroxy	435
10095|Mus sp.	C24_alkamine_pentahydroxy	5
10095|Mus sp.	C24_alkamine_tetrahydroxy	627
10095|Mus sp.	C24_dihydroxy	482
10095|Mus sp.	C24_monohydroxy	1
10095|Mus sp.	C24_tetrahydroxy	557
10095|Mus sp.	C24_trihydroxy	1747
10095|Mus sp.	C27_dihydroxy	537
10095|Mus sp.	C27_monohydroxy	66
10095|Mus sp.	C27_pentahydroxy	1
10095|Mus sp.	C27_tetrahydroxy	1
10095|Mus sp.	C27_trihydroxy	1
10095|Mus sp.	C28_alcohol_2OH	0
10095|Mus sp.	C28_alcohol_3OH	0
10105|Mus minutoides	C24_dihydroxy	6
10105|Mus minutoides	C24_tetrahydroxy	6
10105|Mus minutoides	C24_trihydroxy	7
10114|Rattus	C23_dihydroxy	4
10114|Rattus	C23_trihydroxy	10
10114|Rattus	C24_alkamine_trihydroxy	3476
10114|Rattus	C24_alkamine_dihydroxy	2320
10114|Rattus	C24_alkamine_monohydroxy	3
10114|Rattus	C24_alkamine_pentahydroxy	34
10114|Rattus	C24_alkamine_tetrahydroxy	384
10114|Rattus	C24_dihydroxy	5076
10114|Rattus	C24_monohydroxy	96
10114|Rattus	C24_pentahydroxy	20
10114|Rattus	C24_tetrahydroxy	1976
10114|Rattus	C24_trihydroxy	4865
10114|Rattus	C27_dihydroxy	42
10114|Rattus	C27_monohydroxy	38
10114|Rattus	C27_pentahydroxy	1
10114|Rattus	C27_trihydroxy	1
10114|Rattus	C28_alcohol_2OH	0
10114|Rattus	C28_alcohol_3OH	0
10116|Rattus norvegicus	C23_dihydroxy	6
10116|Rattus norvegicus	C23_trihydroxy	9
10116|Rattus norvegicus	C24_alkamine_trihydroxy	5721
10116|Rattus norvegicus	C24_alkamine_dihydroxy	5569
10116|Rattus norvegicus	C24_alkamine_monohydroxy	612
10116|Rattus norvegicus	C24_alkamine_pentahydroxy	172
10116|Rattus norvegicus	C24_alkamine_tetrahydroxy	1324
10116|Rattus norvegicus	C24_dihydroxy	2638
10116|Rattus norvegicus	C24_monohydroxy	617
10116|Rattus norvegicus	C24_nonhydroxy	2
10116|Rattus norvegicus	C24_pentahydroxy	29
10116|Rattus norvegicus	C24_tetrahydroxy	2305
10116|Rattus norvegicus	C24_trihydroxy	6249
10116|Rattus norvegicus	C26_dihydroxy	16
10116|Rattus norvegicus	C27_dihydroxy	521
10116|Rattus norvegicus	C27_monohydroxy	241
10116|Rattus norvegicus	C27_tetrahydroxy	4
10116|Rattus norvegicus	C27_trihydroxy	4
10116|Rattus norvegicus	C28_alcohol_2OH	0
10116|Rattus norvegicus	C28_alcohol_3OH	0
101278|Xanthonycticebus pygmaeus	C24_alkamine_trihydroxy	2
101278|Xanthonycticebus pygmaeus	C24_alkamine_dihydroxy	2
101278|Xanthonycticebus pygmaeus	C24_alkamine_pentahydroxy	1
101278|Xanthonycticebus pygmaeus	C24_alkamine_tetrahydroxy	1
101278|Xanthonycticebus pygmaeus	C24_dihydroxy	6
101278|Xanthonycticebus pygmaeus	C24_tetrahydroxy	2
101278|Xanthonycticebus pygmaeus	C24_trihydroxy	7
10141|Cavia porcellus	C23_trihydroxy	1
10141|Cavia porcellus	C24_alkamine_trihydroxy	8
10141|Cavia porcellus	C24_alkamine_dihydroxy	2
10141|Cavia porcellus	C24_alkamine_tetrahydroxy	4
10141|Cavia porcellus	C24_dihydroxy	24
10141|Cavia porcellus	C24_monohydroxy	5
10141|Cavia porcellus	C24_pentahydroxy	2
10141|Cavia porcellus	C24_tetrahydroxy	5
10141|Cavia porcellus	C24_trihydroxy	20
10141|Cavia porcellus	C27_dihydroxy	1
10141|Cavia porcellus	C27_monohydroxy	3
10141|Cavia porcellus	C27_tetrahydroxy	1
10141|Cavia porcellus	C27_trihydroxy	1
101491|Trionyx triunguis	C24_alkamine_trihydroxy	1
101491|Trionyx triunguis	C24_trihydroxy	2
101491|Trionyx triunguis	C27_dihydroxy	2
101491|Trionyx triunguis	C27_monohydroxy	1
101491|Trionyx triunguis	C27_pentahydroxy	1
10149|Hydrochoerus hydrochaeris	C24_alkamine_trihydroxy	1
10149|Hydrochoerus hydrochaeris	C24_alkamine_dihydroxy	1
10149|Hydrochoerus hydrochaeris	C24_alkamine_tetrahydroxy	2
10149|Hydrochoerus hydrochaeris	C24_dihydroxy	13
10149|Hydrochoerus hydrochaeris	C24_tetrahydroxy	1
10149|Hydrochoerus hydrochaeris	C24_trihydroxy	10
10151|Chinchilla	C24_alkamine_trihydroxy	2
10151|Chinchilla	C24_dihydroxy	10
10151|Chinchilla	C24_trihydroxy	6
10157|Myocastor coypus	C24_alkamine_trihydroxy	8
10157|Myocastor coypus	C24_alkamine_dihydroxy	10
10157|Myocastor coypus	C24_alkamine_pentahydroxy	2
10157|Myocastor coypus	C24_alkamine_tetrahydroxy	2
10157|Myocastor coypus	C24_dihydroxy	82
10157|Myocastor coypus	C24_monohydroxy	18
10157|Myocastor coypus	C24_pentahydroxy	8
10157|Myocastor coypus	C24_tetrahydroxy	30
10157|Myocastor coypus	C24_trihydroxy	98
10157|Myocastor coypus	C27_dihydroxy	2
10157|Myocastor coypus	C27_monohydroxy	4
10157|Myocastor coypus	C27_tetrahydroxy	6
10157|Myocastor coypus	C27_trihydroxy	6
10157|Myocastor coypus	C28_alcohol_3OH	0
101697|Chelonoidis denticulatus	C24_tetrahydroxy	2
101697|Chelonoidis denticulatus	C24_trihydroxy	1
101697|Chelonoidis denticulatus	C27_dihydroxy	5
101697|Chelonoidis denticulatus	C27_monohydroxy	2
101697|Chelonoidis denticulatus	C27_pentahydroxy	3
101697|Chelonoidis denticulatus	C27_tetrahydroxy	3
101697|Chelonoidis denticulatus	C27_trihydroxy	3
10181|Heterocephalus glaber	C24_alkamine_trihydroxy	6
10181|Heterocephalus glaber	C24_alkamine_dihydroxy	22
10181|Heterocephalus glaber	C24_alkamine_monohydroxy	8
10181|Heterocephalus glaber	C24_alkamine_tetrahydroxy	1
10181|Heterocephalus glaber	C24_dihydroxy	10
10181|Heterocephalus glaber	C24_tetrahydroxy	3
10181|Heterocephalus glaber	C24_trihydroxy	9
10181|Heterocephalus glaber	C27_dihydroxy	1
10181|Heterocephalus glaber	C28_alcohol_3OH	0
101992|Plantago media	C23_trihydroxy	7
101992|Plantago media	C24_alkamine_pentahydroxy	2
101992|Plantago media	C24_alkamine_tetrahydroxy	2
101992|Plantago media	C24_nonhydroxy	3
101992|Plantago media	C24_tetrahydroxy	6
101992|Plantago media	C24_trihydroxy	26
101992|Plantago media	C27_pentahydroxy	9
102175|Teratoscincus scincus	C24_alkamine_tetrahydroxy	3
102175|Teratoscincus scincus	C24_dihydroxy	5
102175|Teratoscincus scincus	C24_tetrahydroxy	11
102175|Teratoscincus scincus	C24_trihydroxy	21
102175|Teratoscincus scincus	C27_dihydroxy	1
102175|Teratoscincus scincus	C27_monohydroxy	2
102179|Celestus	C24_alkamine_trihydroxy	5
102179|Celestus	C24_alkamine_pentahydroxy	2
102179|Celestus	C24_alkamine_tetrahydroxy	1
102179|Celestus	C24_dihydroxy	7
102179|Celestus	C24_monohydroxy	2
102179|Celestus	C24_pentahydroxy	1
102179|Celestus	C24_tetrahydroxy	3
102179|Celestus	C24_trihydroxy	7
102179|Celestus	C27_dihydroxy	3
102179|Celestus	C27_pentahydroxy	6
102179|Celestus	C27_tetrahydroxy	1
102179|Celestus	C27_trihydroxy	1
102190|Ophisaurus	C23_dihydroxy	8
102190|Ophisaurus	C23_trihydroxy	8
102190|Ophisaurus	C24_alkamine_trihydroxy	2
102190|Ophisaurus	C24_alkamine_tetrahydroxy	4
102190|Ophisaurus	C24_dihydroxy	6
102190|Ophisaurus	C24_tetrahydroxy	4
102190|Ophisaurus	C24_trihydroxy	10
102190|Ophisaurus	C27_dihydroxy	2
102190|Ophisaurus	C27_monohydroxy	2
102190|Ophisaurus	C28_alcohol_2OH	0
102190|Ophisaurus	C28_alcohol_3OH	0
102693|Ulmus rubra	C24_alkamine_pentahydroxy	2
102693|Ulmus rubra	C28_alcohol_3OH	0
1027065|Banisteriopsis argyrophylla	C24_tetrahydroxy	2
1027069|Banisteriopsis harleyi	C24_alkamine_monohydroxy	4
1027069|Banisteriopsis harleyi	C27_dihydroxy	4
1027069|Banisteriopsis harleyi	C27_monohydroxy	29
1027069|Banisteriopsis harleyi	C27_tetrahydroxy	4
1027069|Banisteriopsis harleyi	C27_trihydroxy	4
1027069|Banisteriopsis harleyi	C28_alcohol_2OH	0
1027069|Banisteriopsis harleyi	C28_alcohol_3OH	0
1027070|Banisteriopsis laevifolia	C24_tetrahydroxy	2
1027072|Banisteriopsis muricata	C24_alkamine_pentahydroxy	2
1027072|Banisteriopsis muricata	C24_dihydroxy	2
1027072|Banisteriopsis muricata	C24_tetrahydroxy	1
1027072|Banisteriopsis muricata	C27_monohydroxy	6
1027072|Banisteriopsis muricata	C28_alcohol_3OH	0
1027090|Bunchosia glandulifera	C24_tetrahydroxy	4
1027110|Callaeum antifebrile	C24_tetrahydroxy	2
1027122|Dicella bracteosa	C24_tetrahydroxy	2
1027124|Dicella macroptera	C24_tetrahydroxy	1
1027129|Diplopterys pubipetala	C24_tetrahydroxy	2
1027163|Janusia janusioides	C24_monohydroxy	2
1027172|Malpighia mexicana	C24_tetrahydroxy	1
1027196|Peixotoa cordistipula	C24_tetrahydroxy	2
1027218|Tetrapterys phlomoides	C24_monohydroxy	1
1032505|Fusobacterium sp. OBRC1	C24_alkamine_trihydroxy	4
1032505|Fusobacterium sp. OBRC1	C24_dihydroxy	2
1032505|Fusobacterium sp. OBRC1	C24_trihydroxy	3
103336|Agama agama	C23_trihydroxy	1
103336|Agama agama	C24_dihydroxy	2
103336|Agama agama	C24_tetrahydroxy	4
103336|Agama agama	C24_trihydroxy	7
103336|Agama agama	C27_monohydroxy	1
103489|Quercus glauca	C23_trihydroxy	11
103489|Quercus glauca	C24_alkamine_trihydroxy	2
103489|Quercus glauca	C24_alkamine_dihydroxy	1
103489|Quercus glauca	C24_dihydroxy	7
103489|Quercus glauca	C24_monohydroxy	22
103489|Quercus glauca	C27_dihydroxy	16
103489|Quercus glauca	C27_monohydroxy	11
103489|Quercus glauca	C27_tetrahydroxy	4
103489|Quercus glauca	C27_trihydroxy	4
103537|Phlox paniculata	C23_tetrahydroxy	2
103537|Phlox paniculata	C23_trihydroxy	1
103537|Phlox paniculata	C24_alkamine_tetrahydroxy	3
103537|Phlox paniculata	C24_tetrahydroxy	364
103537|Phlox paniculata	C24_trihydroxy	1
103537|Phlox paniculata	C27_pentahydroxy	2
103537|Phlox paniculata	C28_alcohol_3OH	0
103582|Cephalorhynchus commersonii	C24_dihydroxy	3
103582|Cephalorhynchus commersonii	C24_tetrahydroxy	1
103582|Cephalorhynchus commersonii	C24_trihydroxy	4
103588|Lissodelphis borealis	C24_dihydroxy	2
103588|Lissodelphis borealis	C24_tetrahydroxy	1
103588|Lissodelphis borealis	C24_trihydroxy	2
103590|Stenella frontalis	C24_dihydroxy	2
103590|Stenella frontalis	C24_trihydroxy	3
103592|Feresa attenuata	C24_alkamine_trihydroxy	3
103592|Feresa attenuata	C24_alkamine_tetrahydroxy	1
103592|Feresa attenuata	C24_dihydroxy	6
103592|Feresa attenuata	C24_tetrahydroxy	3
103592|Feresa attenuata	C24_trihydroxy	13
103592|Feresa attenuata	C28_alcohol_3OH	0
103600|Sousa chinensis	C24_dihydroxy	3
103600|Sousa chinensis	C24_tetrahydroxy	2
103600|Sousa chinensis	C24_trihydroxy	4
103690|Nostoc sp. PCC 7120 = FACHB-418	C28_alcohol_3OH	0
103694|Intellagama lesueurii	C24_alkamine_trihydroxy	2
103694|Intellagama lesueurii	C24_dihydroxy	4
103694|Intellagama lesueurii	C24_pentahydroxy	2
103694|Intellagama lesueurii	C24_tetrahydroxy	5
103694|Intellagama lesueurii	C24_trihydroxy	12
103694|Intellagama lesueurii	C27_dihydroxy	1
103694|Intellagama lesueurii	C27_monohydroxy	1
103695|Pogona vitticeps	C23_dihydroxy	2
103695|Pogona vitticeps	C24_alkamine_trihydroxy	17
103695|Pogona vitticeps	C24_alkamine_dihydroxy	2
103695|Pogona vitticeps	C24_alkamine_tetrahydroxy	1
103695|Pogona vitticeps	C24_dihydroxy	10
103695|Pogona vitticeps	C24_pentahydroxy	1
103695|Pogona vitticeps	C24_tetrahydroxy	8
103695|Pogona vitticeps	C24_trihydroxy	23
103695|Pogona vitticeps	C27_dihydroxy	1
103696|Laudakia stellio	C24_alkamine_tetrahydroxy	1
103696|Laudakia stellio	C24_dihydroxy	2
103696|Laudakia stellio	C24_tetrahydroxy	3
103696|Laudakia stellio	C24_trihydroxy	2
103697|Uromastyx aegyptia	C24_dihydroxy	3
103697|Uromastyx aegyptia	C24_tetrahydroxy	1
103697|Uromastyx aegyptia	C24_trihydroxy	2
103699|Chlamydosaurus kingii	C23_dihydroxy	1
103699|Chlamydosaurus kingii	C24_dihydroxy	5
103699|Chlamydosaurus kingii	C24_tetrahydroxy	5
103699|Chlamydosaurus kingii	C24_trihydroxy	15
103699|Chlamydosaurus kingii	C27_dihydroxy	2
103699|Chlamydosaurus kingii	C27_monohydroxy	2
103699|Chlamydosaurus kingii	C27_tetrahydroxy	3
103699|Chlamydosaurus kingii	C27_trihydroxy	3
103725|Kutzneria kofuensis	C24_alkamine_trihydroxy	4
103725|Kutzneria kofuensis	C24_alkamine_dihydroxy	2
103725|Kutzneria kofuensis	C24_alkamine_monohydroxy	2
103725|Kutzneria kofuensis	C26_dihydroxy	6
103725|Kutzneria kofuensis	C28_alcohol_3OH	0
103733|Saccharothrix syringae	C23_pentahydroxy	2
103733|Saccharothrix syringae	C28_alcohol_3OH	0
103734|Saccharothrix texasensis	C23_pentahydroxy	2
1038014|Aquimarina amphilecti	C28_alcohol_2OH	0
1038014|Aquimarina amphilecti	C28_alcohol_3OH	0
103954|Corythaeola cristata	C24_dihydroxy	3
103954|Corythaeola cristata	C24_trihydroxy	2
103954|Corythaeola cristata	C27_dihydroxy	2
103954|Corythaeola cristata	C27_tetrahydroxy	2
103954|Corythaeola cristata	C27_trihydroxy	2
103954|Corythaeola cristata	C28_alcohol_3OH	0
103959|Musophaga violacea	C24_dihydroxy	2
103959|Musophaga violacea	C24_trihydroxy	2
103959|Musophaga violacea	C27_dihydroxy	1
103959|Musophaga violacea	C27_tetrahydroxy	1
103959|Musophaga violacea	C27_trihydroxy	1
104759|Porites lobata	C23_pentahydroxy	20
104759|Porites lobata	C24_alkamine_trihydroxy	4
104759|Porites lobata	C28_alcohol_2OH	0
104759|Porites lobata	C28_alcohol_3OH	0
104|Cyclobacterium marinum	C28_alcohol_2OH	0
104|Cyclobacterium marinum	C28_alcohol_3OH	0
105180|Elettaria	C28_alcohol_3OH	0
105181|Elettaria cardamomum	C24_monohydroxy	3
105181|Elettaria cardamomum	C27_monohydroxy	1
105181|Elettaria cardamomum	C27_pentahydroxy	1
105181|Elettaria cardamomum	C28_alcohol_3OH	0
105258|Ammocrypta pellucida	C24_alkamine_dihydroxy	1
105258|Ammocrypta pellucida	C24_dihydroxy	2
105258|Ammocrypta pellucida	C24_trihydroxy	3
105258|Ammocrypta pellucida	C27_dihydroxy	2
105271|Knautia arvensis	C23_trihydroxy	5
105271|Knautia arvensis	C24_alkamine_pentahydroxy	2
105271|Knautia arvensis	C24_alkamine_tetrahydroxy	3
105271|Knautia arvensis	C24_nonhydroxy	4
105271|Knautia arvensis	C24_tetrahydroxy	4
105271|Knautia arvensis	C24_trihydroxy	24
105271|Knautia arvensis	C27_pentahydroxy	6
1053340|Cyperus esculentus	C28_alcohol_3OH	0
1054213|Acetobacteraceae bacterium AT-5844	C24_alkamine_trihydroxy	1
105427|Xenopus muelleri	C24_trihydroxy	1
105427|Xenopus muelleri	C27_dihydroxy	1
1055159|Sulfitobacter sp. CB 2047	C28_alcohol_3OH	0
1055845|Pachypodium horombense	C24_trihydroxy	1
1055845|Pachypodium horombense	C27_dihydroxy	3
1055845|Pachypodium horombense	C27_monohydroxy	3
1055845|Pachypodium horombense	C28_alcohol_3OH	0
1055859|Pachypodium succulentum	C28_alcohol_3OH	0
105696|Epicoccum nigrum	C27_dihydroxy	1
105696|Epicoccum nigrum	C28_alcohol_3OH	0
107022|Bucephala clangula	C23_dihydroxy	3
107022|Bucephala clangula	C24_alkamine_trihydroxy	1
107022|Bucephala clangula	C24_alkamine_tetrahydroxy	1
107022|Bucephala clangula	C24_dihydroxy	25
107022|Bucephala clangula	C24_monohydroxy	4
107022|Bucephala clangula	C24_tetrahydroxy	4
107022|Bucephala clangula	C24_trihydroxy	10
107022|Bucephala clangula	C27_dihydroxy	4
107022|Bucephala clangula	C27_monohydroxy	5
107022|Bucephala clangula	C27_tetrahydroxy	1
107022|Bucephala clangula	C27_trihydroxy	1
107024|Tadorna variegata	C23_dihydroxy	2
107024|Tadorna variegata	C24_dihydroxy	7
107024|Tadorna variegata	C24_monohydroxy	2
107024|Tadorna variegata	C24_tetrahydroxy	1
107024|Tadorna variegata	C24_trihydroxy	5
107024|Tadorna variegata	C27_dihydroxy	2
107024|Tadorna variegata	C27_monohydroxy	3
107026|Mergellus albellus	C23_dihydroxy	1
107026|Mergellus albellus	C24_dihydroxy	2
107026|Mergellus albellus	C24_monohydroxy	2
107026|Mergellus albellus	C24_tetrahydroxy	2
107026|Mergellus albellus	C24_trihydroxy	5
107026|Mergellus albellus	C27_dihydroxy	1
107026|Mergellus albellus	C27_monohydroxy	2
1073351|Bacteroides stercoris CC31F	C24_alkamine_trihydroxy	23
1073351|Bacteroides stercoris CC31F	C24_alkamine_dihydroxy	33
1073351|Bacteroides stercoris CC31F	C24_dihydroxy	1
1073351|Bacteroides stercoris CC31F	C24_trihydroxy	9
1073356|Clostridium cadaveris CC44_001G	C24_alkamine_trihydroxy	26
1073356|Clostridium cadaveris CC44_001G	C24_alkamine_dihydroxy	37
1073356|Clostridium cadaveris CC44_001G	C24_dihydroxy	3
1073356|Clostridium cadaveris CC44_001G	C24_trihydroxy	8
1073357|Clostridium cadaveris CC88A	C24_alkamine_trihydroxy	26
1073357|Clostridium cadaveris CC88A	C24_alkamine_dihydroxy	34
1073357|Clostridium cadaveris CC88A	C24_alkamine_tetrahydroxy	12
1073357|Clostridium cadaveris CC88A	C24_dihydroxy	5
1073357|Clostridium cadaveris CC88A	C24_trihydroxy	3
1073358|Flavonifractor plautii CC43_001K	C24_alkamine_trihydroxy	22
1073358|Flavonifractor plautii CC43_001K	C24_alkamine_dihydroxy	37
1073358|Flavonifractor plautii CC43_001K	C24_dihydroxy	4
1073358|Flavonifractor plautii CC43_001K	C24_trihydroxy	8
1073364|Parabacteroides goldsteinii CC87F	C24_alkamine_trihydroxy	22
1073364|Parabacteroides goldsteinii CC87F	C24_alkamine_dihydroxy	35
1073364|Parabacteroides goldsteinii CC87F	C24_alkamine_monohydroxy	1
1073364|Parabacteroides goldsteinii CC87F	C24_dihydroxy	4
1073364|Parabacteroides goldsteinii CC87F	C24_trihydroxy	6
1073365|Peptostreptococcus anaerobius CC14N	C24_alkamine_trihydroxy	26
1073365|Peptostreptococcus anaerobius CC14N	C24_alkamine_dihydroxy	31
1073365|Peptostreptococcus anaerobius CC14N	C24_alkamine_tetrahydroxy	1
1073365|Peptostreptococcus anaerobius CC14N	C24_dihydroxy	3
1073365|Peptostreptococcus anaerobius CC14N	C24_trihydroxy	7
1073366|Prevotella nigrescens CC14M	C24_alkamine_trihydroxy	25
1073366|Prevotella nigrescens CC14M	C24_alkamine_dihydroxy	33
1073366|Prevotella nigrescens CC14M	C24_dihydroxy	1
1073366|Prevotella nigrescens CC14M	C24_trihydroxy	7
1073369|Rothia mucilaginosa CC87LB	C24_alkamine_trihydroxy	1
1073373|Streptococcus sanguinis CC94A	C24_alkamine_trihydroxy	1
1073374|Parvimonas micra CC57A	C24_alkamine_trihydroxy	21
1073374|Parvimonas micra CC57A	C24_alkamine_dihydroxy	35
1073374|Parvimonas micra CC57A	C24_dihydroxy	2
1073374|Parvimonas micra CC57A	C24_trihydroxy	8
1073376|[Ruminococcus] lactaris CC59_002D	C24_alkamine_trihydroxy	1
1073376|[Ruminococcus] lactaris CC59_002D	C24_trihydroxy	1
107607|Mesembryanthemum cordifolium	C23_dihydroxy	1
107607|Mesembryanthemum cordifolium	C28_alcohol_2OH	0
107607|Mesembryanthemum cordifolium	C28_alcohol_3OH	0
1078764|Corynebacterium sp. HFH0082	C24_alkamine_trihydroxy	1
1079985|Streptomyces chartreusis NRRL 3882	C24_trihydroxy	1
1081613|Streptomyces albus subsp. albus DSM 41398	C24_alkamine_trihydroxy	4
1081613|Streptomyces albus subsp. albus DSM 41398	C24_alkamine_monohydroxy	3
1081613|Streptomyces albus subsp. albus DSM 41398	C24_alkamine_tetrahydroxy	7
1081613|Streptomyces albus subsp. albus DSM 41398	C28_alcohol_2OH	0
1081613|Streptomyces albus subsp. albus DSM 41398	C28_alcohol_3OH	0
108411|Carludovica palmata	C28_alcohol_3OH	0
1087481|Paenibacillus peoriae KCTC 3763	C24_alkamine_trihydroxy	20
1087481|Paenibacillus peoriae KCTC 3763	C24_dihydroxy	112
1087481|Paenibacillus peoriae KCTC 3763	C24_tetrahydroxy	14
1087481|Paenibacillus peoriae KCTC 3763	C24_trihydroxy	168
1087481|Paenibacillus peoriae KCTC 3763	C28_alcohol_3OH	0
1087776|Euphorbia pithyusa	C24_alkamine_pentahydroxy	6
1087776|Euphorbia pithyusa	C24_pentahydroxy	2
1087776|Euphorbia pithyusa	C24_tetrahydroxy	2
1087776|Euphorbia pithyusa	C26_dihydroxy	1
1087776|Euphorbia pithyusa	C27_tetrahydroxy	2
1087776|Euphorbia pithyusa	C27_trihydroxy	2
1087776|Euphorbia pithyusa	C28_alcohol_3OH	0
1088058|Cervus albirostris	C24_dihydroxy	6
1088058|Cervus albirostris	C24_tetrahydroxy	2
1088058|Cervus albirostris	C24_trihydroxy	6
1088130|Rusa timorensis	C24_alkamine_trihydroxy	3
1088130|Rusa timorensis	C24_alkamine_dihydroxy	2
1088130|Rusa timorensis	C24_dihydroxy	2
1088130|Rusa timorensis	C24_trihydroxy	3
108858|Dinomys branickii	C24_dihydroxy	16
108858|Dinomys branickii	C24_monohydroxy	4
108858|Dinomys branickii	C24_tetrahydroxy	4
108858|Dinomys branickii	C24_trihydroxy	16
108858|Dinomys branickii	C27_monohydroxy	1
1088720|Lacticaseibacillus rhamnosus ATCC 8530	C24_alkamine_trihydroxy	7
1088720|Lacticaseibacillus rhamnosus ATCC 8530	C24_alkamine_dihydroxy	4
1088720|Lacticaseibacillus rhamnosus ATCC 8530	C24_dihydroxy	3
1088720|Lacticaseibacillus rhamnosus ATCC 8530	C24_trihydroxy	5
1089629|Tephrosia virginiana	C24_alkamine_pentahydroxy	12
1089629|Tephrosia virginiana	C28_alcohol_2OH	0
1089629|Tephrosia virginiana	C28_alcohol_3OH	0
1089630|Zornia bracteata	C23_dihydroxy	4
1089630|Zornia bracteata	C27_dihydroxy	19
1089630|Zornia bracteata	C28_alcohol_3OH	0
109044|Tetraogallus himalayensis	C24_dihydroxy	3
109044|Tetraogallus himalayensis	C24_monohydroxy	2
109044|Tetraogallus himalayensis	C24_trihydroxy	1
109044|Tetraogallus himalayensis	C27_monohydroxy	1
109044|Tetraogallus himalayensis	C27_tetrahydroxy	1
109044|Tetraogallus himalayensis	C27_trihydroxy	1
109273|Ambloplites rupestris	C24_dihydroxy	5
109273|Ambloplites rupestris	C24_tetrahydroxy	3
109273|Ambloplites rupestris	C24_trihydroxy	8
109273|Ambloplites rupestris	C27_dihydroxy	4
109273|Ambloplites rupestris	C27_tetrahydroxy	1
109273|Ambloplites rupestris	C27_trihydroxy	1
109274|Hippocampus abdominalis	C24_alkamine_trihydroxy	1
109274|Hippocampus abdominalis	C24_alkamine_pentahydroxy	1
109274|Hippocampus abdominalis	C24_dihydroxy	2
109274|Hippocampus abdominalis	C24_tetrahydroxy	1
109274|Hippocampus abdominalis	C24_trihydroxy	11
109274|Hippocampus abdominalis	C27_dihydroxy	1
109274|Hippocampus abdominalis	C27_monohydroxy	4
109274|Hippocampus abdominalis	C27_tetrahydroxy	2
109274|Hippocampus abdominalis	C27_trihydroxy	2
109281|Hippocampus erectus	C24_alkamine_trihydroxy	2
109281|Hippocampus erectus	C24_alkamine_dihydroxy	2
109281|Hippocampus erectus	C24_dihydroxy	3
109281|Hippocampus erectus	C24_tetrahydroxy	1
109281|Hippocampus erectus	C24_trihydroxy	4
109281|Hippocampus erectus	C27_dihydroxy	2
1093657|Pitcairnia flammea	C23_pentahydroxy	2
1093657|Pitcairnia flammea	C24_alkamine_tetrahydroxy	69
1093657|Pitcairnia flammea	C24_pentahydroxy	1
1093657|Pitcairnia flammea	C24_tetrahydroxy	6
1093657|Pitcairnia flammea	C27_monohydroxy	18
1093657|Pitcairnia flammea	C27_pentahydroxy	6
1093657|Pitcairnia flammea	C28_alcohol_1OH	0
1093657|Pitcairnia flammea	C28_alcohol_2OH	0
1093657|Pitcairnia flammea	C28_alcohol_3OH	0
109381|Nemania serpens	C28_alcohol_3OH	0
1095733|Streptococcus parasanguinis F0449	C24_alkamine_trihydroxy	1
1095733|Streptococcus parasanguinis F0449	C24_trihydroxy	1
109689|Chaetodon ephippium	C24_alkamine_dihydroxy	2
109689|Chaetodon ephippium	C24_dihydroxy	10
109689|Chaetodon ephippium	C24_tetrahydroxy	4
109689|Chaetodon ephippium	C24_trihydroxy	10
109695|Chaetodon melannotus	C24_dihydroxy	14
109695|Chaetodon melannotus	C24_monohydroxy	4
109695|Chaetodon melannotus	C24_tetrahydroxy	4
109695|Chaetodon melannotus	C24_trihydroxy	14
109695|Chaetodon melannotus	C27_dihydroxy	4
109695|Chaetodon melannotus	C27_monohydroxy	2
109712|Pomacanthus navarchus	C24_alkamine_trihydroxy	1
109712|Pomacanthus navarchus	C24_dihydroxy	14
109712|Pomacanthus navarchus	C24_monohydroxy	2
109712|Pomacanthus navarchus	C24_tetrahydroxy	5
109712|Pomacanthus navarchus	C24_trihydroxy	23
109712|Pomacanthus navarchus	C27_dihydroxy	4
109712|Pomacanthus navarchus	C27_monohydroxy	2
109723|Centropyge bicolor	C24_alkamine_trihydroxy	2
109723|Centropyge bicolor	C24_alkamine_dihydroxy	4
109723|Centropyge bicolor	C24_dihydroxy	7
109723|Centropyge bicolor	C24_tetrahydroxy	1
109723|Centropyge bicolor	C24_trihydroxy	13
109723|Centropyge bicolor	C27_dihydroxy	1
109732|Centropyge nox	C23_dihydroxy	1
109732|Centropyge nox	C24_alkamine_trihydroxy	2
109732|Centropyge nox	C24_dihydroxy	10
109732|Centropyge nox	C24_tetrahydroxy	4
109732|Centropyge nox	C24_trihydroxy	9
109734|Centropyge tibicen	C23_dihydroxy	4
109734|Centropyge tibicen	C24_alkamine_trihydroxy	2
109734|Centropyge tibicen	C24_alkamine_dihydroxy	1
109734|Centropyge tibicen	C24_dihydroxy	6
109734|Centropyge tibicen	C24_pentahydroxy	1
109734|Centropyge tibicen	C24_tetrahydroxy	5
109734|Centropyge tibicen	C24_trihydroxy	10
109734|Centropyge tibicen	C27_dihydroxy	1
109734|Centropyge tibicen	C27_tetrahydroxy	2
109734|Centropyge tibicen	C27_trihydroxy	2
109737|Chaetodontoplus duboulayi	C24_alkamine_trihydroxy	3
109737|Chaetodontoplus duboulayi	C24_alkamine_dihydroxy	5
109737|Chaetodontoplus duboulayi	C24_dihydroxy	11
109737|Chaetodontoplus duboulayi	C24_tetrahydroxy	3
109737|Chaetodontoplus duboulayi	C24_trihydroxy	13
109737|Chaetodontoplus duboulayi	C27_dihydroxy	2
109741|Pygoplites diacanthus	C24_alkamine_trihydroxy	2
109741|Pygoplites diacanthus	C24_dihydroxy	2
109741|Pygoplites diacanthus	C24_tetrahydroxy	1
109741|Pygoplites diacanthus	C24_trihydroxy	4
109780|Trimeresurus flavomaculatus	C24_alkamine_trihydroxy	5
109780|Trimeresurus flavomaculatus	C24_alkamine_tetrahydroxy	2
109780|Trimeresurus flavomaculatus	C24_dihydroxy	3
109780|Trimeresurus flavomaculatus	C24_pentahydroxy	1
109780|Trimeresurus flavomaculatus	C24_tetrahydroxy	6
109780|Trimeresurus flavomaculatus	C24_trihydroxy	16
109780|Trimeresurus flavomaculatus	C27_dihydroxy	1
109780|Trimeresurus flavomaculatus	C27_pentahydroxy	2
109912|Genicanthus lamarck	C24_alkamine_trihydroxy	2
109912|Genicanthus lamarck	C24_alkamine_pentahydroxy	1
109912|Genicanthus lamarck	C24_dihydroxy	4
109912|Genicanthus lamarck	C24_pentahydroxy	2
109912|Genicanthus lamarck	C24_tetrahydroxy	7
109912|Genicanthus lamarck	C24_trihydroxy	7
109912|Genicanthus lamarck	C27_dihydroxy	1
110196|Bitis atropos	C23_dihydroxy	12
110196|Bitis atropos	C23_trihydroxy	10
110196|Bitis atropos	C24_alkamine_trihydroxy	3
110196|Bitis atropos	C24_alkamine_tetrahydroxy	2
110196|Bitis atropos	C24_dihydroxy	18
110196|Bitis atropos	C24_monohydroxy	4
110196|Bitis atropos	C24_pentahydroxy	2
110196|Bitis atropos	C24_tetrahydroxy	28
110196|Bitis atropos	C24_trihydroxy	37
110196|Bitis atropos	C27_dihydroxy	4
110196|Bitis atropos	C27_monohydroxy	4
110196|Bitis atropos	C27_pentahydroxy	4
110225|Atheris squamigera	C23_dihydroxy	3
110225|Atheris squamigera	C23_trihydroxy	2
110225|Atheris squamigera	C24_dihydroxy	2
110225|Atheris squamigera	C24_pentahydroxy	1
110225|Atheris squamigera	C24_tetrahydroxy	1
110225|Atheris squamigera	C24_trihydroxy	4
110227|Eristicophis macmahoni	C23_dihydroxy	2
110227|Eristicophis macmahoni	C23_trihydroxy	1
110227|Eristicophis macmahoni	C24_dihydroxy	5
110227|Eristicophis macmahoni	C24_pentahydroxy	1
110227|Eristicophis macmahoni	C24_tetrahydroxy	6
110227|Eristicophis macmahoni	C24_trihydroxy	13
110227|Eristicophis macmahoni	C27_dihydroxy	4
110227|Eristicophis macmahoni	C27_monohydroxy	2
1105031|Clostridium sp. MSTE9	C24_alkamine_trihydroxy	35
1105031|Clostridium sp. MSTE9	C24_alkamine_dihydroxy	47
1105031|Clostridium sp. MSTE9	C24_dihydroxy	5
1105031|Clostridium sp. MSTE9	C24_trihydroxy	7
1105353|Carpodacus rhodochlamys	C24_alkamine_tetrahydroxy	1
1105353|Carpodacus rhodochlamys	C24_dihydroxy	4
1105353|Carpodacus rhodochlamys	C24_tetrahydroxy	2
1105353|Carpodacus rhodochlamys	C24_trihydroxy	3
1105353|Carpodacus rhodochlamys	C27_monohydroxy	2
110555|Myxine	C24_dihydroxy	8
110555|Myxine	C24_tetrahydroxy	4
110555|Myxine	C24_trihydroxy	8
110555|Myxine	C27_tetrahydroxy	2
110555|Myxine	C27_trihydroxy	2
110620|Ardea alba	C23_dihydroxy	1
110620|Ardea alba	C24_dihydroxy	4
110620|Ardea alba	C24_tetrahydroxy	5
110620|Ardea alba	C24_trihydroxy	5
110620|Ardea alba	C27_monohydroxy	1
110620|Ardea alba	C27_tetrahydroxy	1
110620|Ardea alba	C27_trihydroxy	1
110681|Egretta thula	C24_alkamine_pentahydroxy	1
110681|Egretta thula	C24_dihydroxy	9
110681|Egretta thula	C24_tetrahydroxy	6
110681|Egretta thula	C24_trihydroxy	6
110681|Egretta thula	C27_monohydroxy	1
110681|Egretta thula	C27_tetrahydroxy	2
110681|Egretta thula	C27_trihydroxy	2
110682|Egretta caerulea	C24_alkamine_trihydroxy	1
110682|Egretta caerulea	C24_dihydroxy	7
110682|Egretta caerulea	C24_tetrahydroxy	8
110682|Egretta caerulea	C24_trihydroxy	8
110682|Egretta caerulea	C27_dihydroxy	11
110682|Egretta caerulea	C27_monohydroxy	4
110682|Egretta caerulea	C27_pentahydroxy	2
110682|Egretta caerulea	C27_tetrahydroxy	6
110682|Egretta caerulea	C27_trihydroxy	5
110687|Syrigma sibilatrix	C24_alkamine_trihydroxy	2
110687|Syrigma sibilatrix	C24_alkamine_pentahydroxy	1
110687|Syrigma sibilatrix	C24_alkamine_tetrahydroxy	1
110687|Syrigma sibilatrix	C24_dihydroxy	7
110687|Syrigma sibilatrix	C24_pentahydroxy	1
110687|Syrigma sibilatrix	C24_tetrahydroxy	3
110687|Syrigma sibilatrix	C24_trihydroxy	12
110687|Syrigma sibilatrix	C27_dihydroxy	4
110687|Syrigma sibilatrix	C27_monohydroxy	2
110687|Syrigma sibilatrix	C27_tetrahydroxy	1
110687|Syrigma sibilatrix	C27_trihydroxy	1
1107404|Vini peruviana	C24_dihydroxy	4
1107404|Vini peruviana	C24_tetrahydroxy	2
1107404|Vini peruviana	C24_trihydroxy	4
1107404|Vini peruviana	C27_dihydroxy	1
1107404|Vini peruviana	C27_tetrahydroxy	1
1107404|Vini peruviana	C27_trihydroxy	1
110915|Aythya valisineria	C23_dihydroxy	1
110915|Aythya valisineria	C24_dihydroxy	3
110915|Aythya valisineria	C24_tetrahydroxy	1
110915|Aythya valisineria	C24_trihydroxy	5
110915|Aythya valisineria	C27_monohydroxy	1
1111133|Peptoniphilus sp. BV3AC2	C24_alkamine_trihydroxy	22
1111133|Peptoniphilus sp. BV3AC2	C24_alkamine_dihydroxy	35
1111133|Peptoniphilus sp. BV3AC2	C24_dihydroxy	2
1111133|Peptoniphilus sp. BV3AC2	C24_trihydroxy	10
111122|Cardioglossa leucomystax	C24_trihydroxy	2
111122|Cardioglossa leucomystax	C27_dihydroxy	4
111122|Cardioglossa leucomystax	C27_monohydroxy	1
111122|Cardioglossa leucomystax	C27_tetrahydroxy	1
111122|Cardioglossa leucomystax	C27_trihydroxy	1
1111454|Megasphaera vaginalis (ex Srinivasan et al. 2021)	C24_alkamine_trihydroxy	2
1111454|Megasphaera vaginalis (ex Srinivasan et al. 2021)	C24_dihydroxy	1
1114792|Equus ferus	C24_trihydroxy	2
1114792|Equus ferus	C27_dihydroxy	3
1114792|Equus ferus	C27_tetrahydroxy	1
1114792|Equus ferus	C27_trihydroxy	1
1117|Cyanobacteriota	C23_tetrahydroxy	2
1117|Cyanobacteriota	C23_trihydroxy	2
1117|Cyanobacteriota	C24_alkamine_trihydroxy	27
1117|Cyanobacteriota	C24_alkamine_dihydroxy	2
1117|Cyanobacteriota	C24_alkamine_pentahydroxy	4
1117|Cyanobacteriota	C24_alkamine_tetrahydroxy	2
1117|Cyanobacteriota	C24_monohydroxy	10
1117|Cyanobacteriota	C24_pentahydroxy	5
1117|Cyanobacteriota	C24_tetrahydroxy	4
1117|Cyanobacteriota	C24_trihydroxy	1313
1117|Cyanobacteriota	C26_dihydroxy	10
1117|Cyanobacteriota	C27_dihydroxy	2
1117|Cyanobacteriota	C27_monohydroxy	1
1117|Cyanobacteriota	C27_tetrahydroxy	2
1117|Cyanobacteriota	C27_trihydroxy	4
1117|Cyanobacteriota	C28_alcohol_3OH	0
111818|Phodilus badius	C23_dihydroxy	1
111818|Phodilus badius	C24_alkamine_trihydroxy	5
111818|Phodilus badius	C24_alkamine_pentahydroxy	1
111818|Phodilus badius	C24_dihydroxy	6
111818|Phodilus badius	C24_pentahydroxy	1
111818|Phodilus badius	C24_tetrahydroxy	5
111818|Phodilus badius	C24_trihydroxy	9
111818|Phodilus badius	C27_dihydroxy	8
111818|Phodilus badius	C27_monohydroxy	4
111818|Phodilus badius	C27_pentahydroxy	1
111818|Phodilus badius	C27_tetrahydroxy	1
111818|Phodilus badius	C27_trihydroxy	1
111820|Pulsatrix perspicillata	C24_alkamine_trihydroxy	1
111820|Pulsatrix perspicillata	C24_dihydroxy	6
111820|Pulsatrix perspicillata	C24_monohydroxy	1
111820|Pulsatrix perspicillata	C24_tetrahydroxy	5
111820|Pulsatrix perspicillata	C24_trihydroxy	7
111820|Pulsatrix perspicillata	C27_dihydroxy	4
111820|Pulsatrix perspicillata	C27_monohydroxy	2
111820|Pulsatrix perspicillata	C27_tetrahydroxy	4
111820|Pulsatrix perspicillata	C27_trihydroxy	4
111981|Dumetella carolinensis	C24_dihydroxy	2
111981|Dumetella carolinensis	C24_trihydroxy	1
111981|Dumetella carolinensis	C27_dihydroxy	3
111981|Dumetella carolinensis	C27_tetrahydroxy	2
111981|Dumetella carolinensis	C27_trihydroxy	2
112068|Phyllospora comosa	C24_pentahydroxy	2
112068|Phyllospora comosa	C24_tetrahydroxy	6
112068|Phyllospora comosa	C24_trihydroxy	6
112068|Phyllospora comosa	C27_pentahydroxy	2
112068|Phyllospora comosa	C28_alcohol_2OH	0
112068|Phyllospora comosa	C28_alcohol_3OH	0
1121098|Phocaeicola massiliensis B84634 = Timone 84634 = DSM 17679 = JCM 13223	C24_alkamine_trihydroxy	7
1121098|Phocaeicola massiliensis B84634 = Timone 84634 = DSM 17679 = JCM 13223	C24_alkamine_dihydroxy	4
1121098|Phocaeicola massiliensis B84634 = Timone 84634 = DSM 17679 = JCM 13223	C24_dihydroxy	3
1121098|Phocaeicola massiliensis B84634 = Timone 84634 = DSM 17679 = JCM 13223	C24_trihydroxy	5
112163|Chitala chitala	C24_alkamine_trihydroxy	2
112163|Chitala chitala	C24_alkamine_pentahydroxy	1
112163|Chitala chitala	C24_dihydroxy	2
112163|Chitala chitala	C24_tetrahydroxy	3
112163|Chitala chitala	C24_trihydroxy	4
112163|Chitala chitala	C27_dihydroxy	1
112163|Chitala chitala	C27_pentahydroxy	2
112230|Mustelus mustelus	C24_trihydroxy	2
112230|Mustelus mustelus	C27_dihydroxy	1
112261|Ovis canadensis nelsoni	C24_alkamine_trihydroxy	2
112261|Ovis canadensis nelsoni	C24_alkamine_dihydroxy	5
112261|Ovis canadensis nelsoni	C24_dihydroxy	12
112261|Ovis canadensis nelsoni	C24_tetrahydroxy	3
112261|Ovis canadensis nelsoni	C24_trihydroxy	13
112261|Ovis canadensis nelsoni	C27_dihydroxy	1
112261|Ovis canadensis nelsoni	C27_monohydroxy	1
1125401|Crescentia cujete	C28_alcohol_3OH	0
1125694|Proteus mirabilis WGLW6	C24_dihydroxy	1
1125724|Rothia aeria F0474	C24_alkamine_trihydroxy	1
112863|Lycium barbarum	C24_alkamine_tetrahydroxy	2
112863|Lycium barbarum	C27_tetrahydroxy	9
112863|Lycium barbarum	C27_trihydroxy	9
1128766|Stapelia gigantea	C23_dihydroxy	1
1128766|Stapelia gigantea	C28_alcohol_3OH	0
1129973|Euphorbia balsamifera subsp. balsamifera	C23_dihydroxy	4
1129973|Euphorbia balsamifera subsp. balsamifera	C23_pentahydroxy	2
1129973|Euphorbia balsamifera subsp. balsamifera	C24_alkamine_trihydroxy	6
1129973|Euphorbia balsamifera subsp. balsamifera	C24_alkamine_dihydroxy	14
1129973|Euphorbia balsamifera subsp. balsamifera	C24_alkamine_pentahydroxy	4
1129973|Euphorbia balsamifera subsp. balsamifera	C24_alkamine_tetrahydroxy	2
1129973|Euphorbia balsamifera subsp. balsamifera	C24_nonhydroxy	28
1129973|Euphorbia balsamifera subsp. balsamifera	C24_pentahydroxy	2
1129973|Euphorbia balsamifera subsp. balsamifera	C24_trihydroxy	2
1129973|Euphorbia balsamifera subsp. balsamifera	C27_dihydroxy	26
1129973|Euphorbia balsamifera subsp. balsamifera	C27_monohydroxy	64
1129973|Euphorbia balsamifera subsp. balsamifera	C27_pentahydroxy	4
1129973|Euphorbia balsamifera subsp. balsamifera	C27_tetrahydroxy	56
1129973|Euphorbia balsamifera subsp. balsamifera	C27_trihydroxy	68
1129973|Euphorbia balsamifera subsp. balsamifera	C28_alcohol_2OH	0
1129973|Euphorbia balsamifera subsp. balsamifera	C28_alcohol_3OH	0
1130723|Maribacter aestuarii	C28_alcohol_3OH	0
113248|Ochna multiflora	C23_pentahydroxy	1
113248|Ochna multiflora	C27_monohydroxy	3
113248|Ochna multiflora	C27_tetrahydroxy	4
113248|Ochna multiflora	C27_trihydroxy	4
113248|Ochna multiflora	C28_alcohol_3OH	0
1134785|Enterococcus faecalis ERV103	C24_alkamine_trihydroxy	27
1134785|Enterococcus faecalis ERV103	C24_alkamine_dihydroxy	37
1134785|Enterococcus faecalis ERV103	C24_dihydroxy	5
1134785|Enterococcus faecalis ERV103	C24_trihydroxy	8
1134804|Enterococcus faecium 503	C24_alkamine_trihydroxy	26
1134804|Enterococcus faecium 503	C24_alkamine_dihydroxy	34
1134804|Enterococcus faecium 503	C24_dihydroxy	20
1134804|Enterococcus faecium 503	C24_trihydroxy	7
1134811|Enterococcus faecium 513	C24_alkamine_trihydroxy	28
1134811|Enterococcus faecium 513	C24_alkamine_dihydroxy	34
1134811|Enterococcus faecium 513	C24_dihydroxy	19
1134811|Enterococcus faecium 513	C24_trihydroxy	8
1134817|Enterococcus faecium E417	C24_alkamine_trihydroxy	30
1134817|Enterococcus faecium E417	C24_alkamine_dihydroxy	36
1134817|Enterococcus faecium E417	C24_dihydroxy	2
1134817|Enterococcus faecium E417	C24_trihydroxy	9
1134820|Enterococcus faecium ERV102	C24_alkamine_trihydroxy	24
1134820|Enterococcus faecium ERV102	C24_alkamine_dihydroxy	37
1134820|Enterococcus faecium ERV102	C24_dihydroxy	11
1134820|Enterococcus faecium ERV102	C24_trihydroxy	3
1134822|Enterococcus faecium ERV165	C24_alkamine_trihydroxy	29
1134822|Enterococcus faecium ERV165	C24_alkamine_dihydroxy	33
1134822|Enterococcus faecium ERV165	C24_dihydroxy	9
1134822|Enterococcus faecium ERV165	C24_trihydroxy	2
1134827|Enterococcus faecium ERV99	C24_alkamine_trihydroxy	26
1134827|Enterococcus faecium ERV99	C24_alkamine_dihydroxy	50
1134827|Enterococcus faecium ERV99	C24_dihydroxy	8
1134827|Enterococcus faecium ERV99	C24_trihydroxy	3
113540|Scleropages formosus	C24_alkamine_pentahydroxy	1
113540|Scleropages formosus	C24_dihydroxy	4
113540|Scleropages formosus	C24_pentahydroxy	3
113540|Scleropages formosus	C24_tetrahydroxy	3
113540|Scleropages formosus	C24_trihydroxy	3
113540|Scleropages formosus	C27_monohydroxy	1
113542|Scleropages leichardti	C24_alkamine_trihydroxy	4
113542|Scleropages leichardti	C24_dihydroxy	4
113542|Scleropages leichardti	C24_tetrahydroxy	4
113542|Scleropages leichardti	C24_trihydroxy	3
113544|Arapaima gigas	C24_alkamine_trihydroxy	8
113544|Arapaima gigas	C24_alkamine_pentahydroxy	1
113544|Arapaima gigas	C24_alkamine_tetrahydroxy	5
113544|Arapaima gigas	C24_dihydroxy	15
113544|Arapaima gigas	C24_tetrahydroxy	7
113544|Arapaima gigas	C24_trihydroxy	22
113544|Arapaima gigas	C27_dihydroxy	10
113544|Arapaima gigas	C27_monohydroxy	7
113544|Arapaima gigas	C27_pentahydroxy	1
113544|Arapaima gigas	C27_tetrahydroxy	1
113544|Arapaima gigas	C27_trihydroxy	1
113563|Paractinoplanes durhamensis	C27_monohydroxy	2
113563|Paractinoplanes durhamensis	C27_tetrahydroxy	2
113563|Paractinoplanes durhamensis	C27_trihydroxy	2
113566|Winogradskya humida	C23_pentahydroxy	2
113566|Winogradskya humida	C24_pentahydroxy	2
113566|Winogradskya humida	C27_monohydroxy	2
113568|Actinoplanes lobatus	C28_alcohol_3OH	0
1136416|Salinispora pacifica CNT001	C24_alkamine_monohydroxy	1
1136416|Salinispora pacifica CNT001	C28_alcohol_3OH	0
1136427|Salinispora arenicola CNH646	C27_monohydroxy	1
1136429|Salinispora arenicola CNR921	C28_alcohol_3OH	0
1136430|Salinispora arenicola CNH964	C28_alcohol_1OH	0
1136430|Salinispora arenicola CNH964	C28_alcohol_3OH	0
1136432|Streptomyces sp. CNH189	C24_alkamine_pentahydroxy	1
1136748|Algibacter aquimarinus	C28_alcohol_2OH	0
1136748|Algibacter aquimarinus	C28_alcohol_3OH	0
1137251|Salinispora arenicola CNH905	C28_alcohol_3OH	0
1137252|Salinispora arenicola CNH941	C24_alkamine_monohydroxy	1
1137252|Salinispora arenicola CNH941	C28_alcohol_3OH	0
1137255|Salinispora arenicola CNT005	C28_alcohol_3OH	0
1137261|Salinispora pacifica CNR894	C24_alkamine_monohydroxy	1
1137481|Cercopithecus kandti	C24_alkamine_trihydroxy	3
1137481|Cercopithecus kandti	C24_alkamine_dihydroxy	1
1137481|Cercopithecus kandti	C24_alkamine_pentahydroxy	1
1137481|Cercopithecus kandti	C24_dihydroxy	11
1137481|Cercopithecus kandti	C24_monohydroxy	1
1137481|Cercopithecus kandti	C24_pentahydroxy	1
1137481|Cercopithecus kandti	C24_tetrahydroxy	6
1137481|Cercopithecus kandti	C24_trihydroxy	7
1137780|Polaribacter porphyrae	C24_monohydroxy	4
1137780|Polaribacter porphyrae	C28_alcohol_2OH	0
1137780|Polaribacter porphyrae	C28_alcohol_3OH	0
1138355|Euphorbia ornithopus	C23_dihydroxy	4
1138355|Euphorbia ornithopus	C23_trihydroxy	2
1138355|Euphorbia ornithopus	C24_alkamine_trihydroxy	8
1138355|Euphorbia ornithopus	C24_alkamine_dihydroxy	16
1138355|Euphorbia ornithopus	C24_alkamine_monohydroxy	2
1138355|Euphorbia ornithopus	C24_alkamine_tetrahydroxy	6
1138355|Euphorbia ornithopus	C24_dihydroxy	2
1138355|Euphorbia ornithopus	C24_nonhydroxy	84
1138355|Euphorbia ornithopus	C24_pentahydroxy	2
1138355|Euphorbia ornithopus	C27_dihydroxy	14
1138355|Euphorbia ornithopus	C27_monohydroxy	50
1138355|Euphorbia ornithopus	C27_pentahydroxy	6
1138355|Euphorbia ornithopus	C27_tetrahydroxy	44
1138355|Euphorbia ornithopus	C27_trihydroxy	44
1138355|Euphorbia ornithopus	C28_alcohol_2OH	0
1138355|Euphorbia ornithopus	C28_alcohol_3OH	0
1138428|Phacochoerus africanus sundevallii	C23_dihydroxy	1
1138428|Phacochoerus africanus sundevallii	C24_alkamine_trihydroxy	2
1138428|Phacochoerus africanus sundevallii	C24_alkamine_tetrahydroxy	2
1138428|Phacochoerus africanus sundevallii	C24_dihydroxy	31
1138428|Phacochoerus africanus sundevallii	C24_tetrahydroxy	12
1138428|Phacochoerus africanus sundevallii	C24_trihydroxy	30
1138428|Phacochoerus africanus sundevallii	C27_dihydroxy	1
1138428|Phacochoerus africanus sundevallii	C27_monohydroxy	3
1138428|Phacochoerus africanus sundevallii	C27_tetrahydroxy	1
1140|Synechococcus elongatus PCC 7942 = FACHB-805	C28_alcohol_2OH	0
1140|Synechococcus elongatus PCC 7942 = FACHB-805	C28_alcohol_3OH	0
114294|Ampelis cayana	C27_dihydroxy	3
114294|Ampelis cayana	C27_monohydroxy	4
1143261|Phylloporus arenicola	C24_tetrahydroxy	3
114336|Perissocephalus tricolor	C24_dihydroxy	2
114336|Perissocephalus tricolor	C24_trihydroxy	2
114336|Perissocephalus tricolor	C27_dihydroxy	3
114336|Perissocephalus tricolor	C27_monohydroxy	2
114336|Perissocephalus tricolor	C27_tetrahydroxy	2
114336|Perissocephalus tricolor	C27_trihydroxy	2
1143719|Cervus nippon mantchuricus	C24_dihydroxy	3
1143719|Cervus nippon mantchuricus	C24_tetrahydroxy	1
1143719|Cervus nippon mantchuricus	C24_trihydroxy	5
1144308|Brevibacillus sp. BC25	C28_alcohol_3OH	0
1144311|Brevibacillus sp. CF112	C24_pentahydroxy	2
1144311|Brevibacillus sp. CF112	C28_alcohol_3OH	0
1144319|Herbaspirillum sp. CF444	C28_alcohol_3OH	0
1144321|Pseudomonas sp. GM102	C28_alcohol_3OH	0
1144322|Pseudomonas sp. GM16	C28_alcohol_3OH	0
1144324|Pseudomonas sp. GM18	C28_alcohol_3OH	0
1144325|Pseudomonas sp. GM21	C28_alcohol_3OH	0
1144326|Pseudomonas sp. GM24	C28_alcohol_3OH	0
1144327|Pseudomonas sp. GM25	C28_alcohol_3OH	0
1144328|Pseudomonas sp. GM30	C28_alcohol_3OH	0
1144330|Pseudomonas sp. GM48	C28_alcohol_3OH	0
1144332|Pseudomonas sp. GM50	C24_dihydroxy	15
1144332|Pseudomonas sp. GM50	C28_alcohol_3OH	0
1144334|Pseudomonas sp. GM60	C24_dihydroxy	1
1144334|Pseudomonas sp. GM60	C28_alcohol_3OH	0
1144335|Pseudomonas sp. GM67	C24_trihydroxy	1
1144335|Pseudomonas sp. GM67	C28_alcohol_3OH	0
1144336|Pseudomonas sp. GM74	C28_alcohol_3OH	0
1144337|Pseudomonas sp. GM78	C28_alcohol_3OH	0
1144338|Pseudomonas sp. GM79	C28_alcohol_3OH	0
1144339|Pseudomonas sp. GM80	C28_alcohol_3OH	0
114453|Bathymodiolus heckerae	C24_monohydroxy	1
114453|Bathymodiolus heckerae	C27_monohydroxy	2
114453|Bathymodiolus heckerae	C27_tetrahydroxy	1
114453|Bathymodiolus heckerae	C27_trihydroxy	1
114453|Bathymodiolus heckerae	C28_alcohol_2OH	0
114453|Bathymodiolus heckerae	C28_alcohol_3OH	0
114476|Gardenia jasminoides	C23_pentahydroxy	1
114476|Gardenia jasminoides	C24_alkamine_trihydroxy	87
114476|Gardenia jasminoides	C24_alkamine_dihydroxy	16
114476|Gardenia jasminoides	C24_alkamine_monohydroxy	1
114476|Gardenia jasminoides	C24_alkamine_pentahydroxy	8
114476|Gardenia jasminoides	C24_alkamine_tetrahydroxy	29
114476|Gardenia jasminoides	C24_dihydroxy	11
114476|Gardenia jasminoides	C24_tetrahydroxy	2
114476|Gardenia jasminoides	C24_trihydroxy	17
114476|Gardenia jasminoides	C27_pentahydroxy	3
114476|Gardenia jasminoides	C28_alcohol_2OH	0
114476|Gardenia jasminoides	C28_alcohol_3OH	0
114688|Streptomyces griseiniger	C24_alkamine_trihydroxy	6
114688|Streptomyces griseiniger	C24_nonhydroxy	2
114688|Streptomyces griseiniger	C24_pentahydroxy	4
114688|Streptomyces griseiniger	C28_alcohol_2OH	0
114688|Streptomyces griseiniger	C28_alcohol_3OH	0
114698|Streptomyces javensis	C24_alkamine_dihydroxy	4
114698|Streptomyces javensis	C24_nonhydroxy	10
114698|Streptomyces javensis	C26_dihydroxy	2
114698|Streptomyces javensis	C27_dihydroxy	2
114698|Streptomyces javensis	C27_monohydroxy	34
114698|Streptomyces javensis	C28_alcohol_2OH	0
114698|Streptomyces javensis	C28_alcohol_3OH	0
114699|Streptomyces rhizosphaericus	C28_alcohol_3OH	0
114700|Streptomyces indonesiensis	C24_pentahydroxy	4
114700|Streptomyces indonesiensis	C24_trihydroxy	2
1150298|Fusicatenibacter saccharivorans	C24_alkamine_trihydroxy	6
1150298|Fusicatenibacter saccharivorans	C24_alkamine_dihydroxy	4
1150298|Fusicatenibacter saccharivorans	C24_dihydroxy	2
1150298|Fusicatenibacter saccharivorans	C24_trihydroxy	5
1150460|Bifidobacterium catenulatum subsp. kashiwanohense JCM 15439 = DSM 21854	C24_alkamine_trihydroxy	2
1150460|Bifidobacterium catenulatum subsp. kashiwanohense JCM 15439 = DSM 21854	C24_dihydroxy	2
1150460|Bifidobacterium catenulatum subsp. kashiwanohense JCM 15439 = DSM 21854	C24_trihydroxy	4
1150460|Bifidobacterium catenulatum subsp. kashiwanohense JCM 15439 = DSM 21854	C28_alcohol_2OH	0
115440|Areca	C27_dihydroxy	2
115440|Areca	C28_alcohol_3OH	0
1155552|Morella pensylvanica	C24_alkamine_pentahydroxy	24
1155552|Morella pensylvanica	C24_alkamine_tetrahydroxy	8
1155552|Morella pensylvanica	C24_trihydroxy	1
1155552|Morella pensylvanica	C28_alcohol_2OH	0
1155552|Morella pensylvanica	C28_alcohol_3OH	0
115594|Grimmia pulvinata	C24_trihydroxy	3
115594|Grimmia pulvinata	C27_monohydroxy	4
115645|Ducula bicolor	C24_alkamine_trihydroxy	2
115645|Ducula bicolor	C24_alkamine_tetrahydroxy	2
115645|Ducula bicolor	C24_dihydroxy	23
115645|Ducula bicolor	C24_tetrahydroxy	2
115645|Ducula bicolor	C24_trihydroxy	17
115645|Ducula bicolor	C27_dihydroxy	2
115645|Ducula bicolor	C27_monohydroxy	2
115645|Ducula bicolor	C27_tetrahydroxy	2
115645|Ducula bicolor	C27_trihydroxy	2
115654|Goura cristata	C24_dihydroxy	4
115654|Goura cristata	C24_trihydroxy	3
115697|Ptilinopus leclancheri	C24_alkamine_dihydroxy	1
115697|Ptilinopus leclancheri	C24_dihydroxy	19
115697|Ptilinopus leclancheri	C24_tetrahydroxy	1
115697|Ptilinopus leclancheri	C24_trihydroxy	14
115697|Ptilinopus leclancheri	C27_monohydroxy	1
115697|Ptilinopus leclancheri	C27_tetrahydroxy	1
115697|Ptilinopus leclancheri	C27_trihydroxy	1
115701|Treron	C24_alkamine_dihydroxy	2
115701|Treron	C24_alkamine_tetrahydroxy	1
115701|Treron	C24_dihydroxy	21
115701|Treron	C24_pentahydroxy	1
115701|Treron	C24_tetrahydroxy	7
115701|Treron	C24_trihydroxy	13
115701|Treron	C27_dihydroxy	2
115701|Treron	C27_monohydroxy	4
115701|Treron	C27_tetrahydroxy	1
115701|Treron	C27_trihydroxy	1
1158629|Enterococcus faecalis EnGen0248	C24_alkamine_trihydroxy	5
1158629|Enterococcus faecalis EnGen0248	C24_alkamine_dihydroxy	4
1158629|Enterococcus faecalis EnGen0248	C24_dihydroxy	4
1158629|Enterococcus faecalis EnGen0248	C24_trihydroxy	8
1158920|Ardeola grayii	C24_alkamine_tetrahydroxy	1
1158920|Ardeola grayii	C24_dihydroxy	10
1158920|Ardeola grayii	C24_tetrahydroxy	6
1158920|Ardeola grayii	C24_trihydroxy	13
1158920|Ardeola grayii	C27_dihydroxy	2
1158920|Ardeola grayii	C27_tetrahydroxy	1
1158920|Ardeola grayii	C27_trihydroxy	1
1159231|Acmispon argophyllus	C23_dihydroxy	3
1159231|Acmispon argophyllus	C24_dihydroxy	1
1159231|Acmispon argophyllus	C26_dihydroxy	2
1159231|Acmispon argophyllus	C27_dihydroxy	30
1159231|Acmispon argophyllus	C27_monohydroxy	3
1159231|Acmispon argophyllus	C28_alcohol_3OH	0
116114|Trioceros jacksonii	C24_alkamine_tetrahydroxy	1
116114|Trioceros jacksonii	C24_dihydroxy	9
116114|Trioceros jacksonii	C24_tetrahydroxy	10
116114|Trioceros jacksonii	C24_trihydroxy	17
116114|Trioceros jacksonii	C27_dihydroxy	1
116114|Trioceros jacksonii	C27_monohydroxy	2
116114|Trioceros jacksonii	C27_tetrahydroxy	1
116114|Trioceros jacksonii	C27_trihydroxy	1
1161409|Bifidobacterium sp. MSTE12	C24_alkamine_trihydroxy	27
1161409|Bifidobacterium sp. MSTE12	C24_alkamine_dihydroxy	35
1161409|Bifidobacterium sp. MSTE12	C24_trihydroxy	2
1161409|Bifidobacterium sp. MSTE12	C27_monohydroxy	1
1161743|Bifidobacterium longum subsp. longum 44B	C24_alkamine_trihydroxy	36
1161743|Bifidobacterium longum subsp. longum 44B	C24_alkamine_dihydroxy	43
1161743|Bifidobacterium longum subsp. longum 44B	C24_dihydroxy	7
1161743|Bifidobacterium longum subsp. longum 44B	C24_tetrahydroxy	1
1161743|Bifidobacterium longum subsp. longum 44B	C24_trihydroxy	7
1161744|Bifidobacterium longum subsp. longum 1-6B	C24_alkamine_trihydroxy	24
1161744|Bifidobacterium longum subsp. longum 1-6B	C24_alkamine_dihydroxy	34
1161744|Bifidobacterium longum subsp. longum 1-6B	C24_dihydroxy	5
1161744|Bifidobacterium longum subsp. longum 1-6B	C24_trihydroxy	4
1161745|Bifidobacterium longum subsp. longum 2-2B	C24_alkamine_trihydroxy	28
1161745|Bifidobacterium longum subsp. longum 2-2B	C24_alkamine_dihydroxy	38
1161745|Bifidobacterium longum subsp. longum 2-2B	C24_dihydroxy	8
1161745|Bifidobacterium longum subsp. longum 2-2B	C24_trihydroxy	3
116188|Streptomyces coeruleorubidus	C23_pentahydroxy	8
116188|Streptomyces coeruleorubidus	C24_alkamine_pentahydroxy	2
116188|Streptomyces coeruleorubidus	C24_alkamine_tetrahydroxy	62
116188|Streptomyces coeruleorubidus	C28_alcohol_3OH	0
1161904|Bifidobacterium longum subsp. longum 35B	C24_alkamine_trihydroxy	28
1161904|Bifidobacterium longum subsp. longum 35B	C24_alkamine_dihydroxy	29
1161904|Bifidobacterium longum subsp. longum 35B	C24_dihydroxy	11
1161904|Bifidobacterium longum subsp. longum 35B	C24_trihydroxy	2
1163405|Aspergillus oryzae AS 3.951	C24_alkamine_pentahydroxy	1
1163405|Aspergillus oryzae AS 3.951	C24_trihydroxy	3
1163663|Plagiodontia aedium	C24_alkamine_trihydroxy	3
1163663|Plagiodontia aedium	C24_alkamine_tetrahydroxy	7
1163663|Plagiodontia aedium	C24_dihydroxy	6
1163663|Plagiodontia aedium	C24_pentahydroxy	1
1163663|Plagiodontia aedium	C24_tetrahydroxy	9
1163663|Plagiodontia aedium	C24_trihydroxy	5
1163663|Plagiodontia aedium	C27_tetrahydroxy	2
1163663|Plagiodontia aedium	C27_trihydroxy	2
1169156|Streptomyces sp. CNB091	C24_alkamine_pentahydroxy	1
1169159|Streptomyces sp. CNY228	C24_alkamine_pentahydroxy	3
1169160|Streptomyces sp. CNS335	C24_alkamine_pentahydroxy	1
1169168|Salinispora arenicola CNS744	C27_tetrahydroxy	1
1169168|Salinispora arenicola CNS744	C27_trihydroxy	1
1169174|Salinispora arenicola CNP105	C27_tetrahydroxy	1
1169174|Salinispora arenicola CNP105	C27_trihydroxy	1
1169176|Salinispora arenicola CNH877	C24_pentahydroxy	1
1169177|Salinispora arenicola CNY260	C27_pentahydroxy	1
1169184|Salinispora pacifica CNT609	C24_alkamine_trihydroxy	1
1169184|Salinispora pacifica CNT609	C28_alcohol_3OH	0
1169188|Salinispora pacifica CNT124	C28_alcohol_3OH	0
1169189|Salinispora pacifica CNS996	C24_alkamine_tetrahydroxy	1
1169195|Salinispora tropica CNS416	C24_alkamine_monohydroxy	1
117000|Phoenicopterus chilensis	C24_alkamine_trihydroxy	2
117000|Phoenicopterus chilensis	C24_alkamine_pentahydroxy	1
117000|Phoenicopterus chilensis	C24_alkamine_tetrahydroxy	1
117000|Phoenicopterus chilensis	C24_dihydroxy	14
117000|Phoenicopterus chilensis	C24_monohydroxy	1
117000|Phoenicopterus chilensis	C24_tetrahydroxy	10
117000|Phoenicopterus chilensis	C24_trihydroxy	18
117000|Phoenicopterus chilensis	C27_dihydroxy	3
117000|Phoenicopterus chilensis	C27_monohydroxy	3
117000|Phoenicopterus chilensis	C27_pentahydroxy	1
117017|Asterophora lycoperdoides	C24_tetrahydroxy	1
117024|Clitocybe nebularis	C24_monohydroxy	12
1170562|Calothrix sp. PCC 6303	C28_alcohol_3OH	0
1170828|Daboia palaestinae	C23_dihydroxy	11
1170828|Daboia palaestinae	C23_trihydroxy	4
1170828|Daboia palaestinae	C24_dihydroxy	7
1170828|Daboia palaestinae	C24_pentahydroxy	4
1170828|Daboia palaestinae	C24_tetrahydroxy	13
1170828|Daboia palaestinae	C24_trihydroxy	15
1170828|Daboia palaestinae	C27_dihydroxy	1
1170828|Daboia palaestinae	C27_monohydroxy	2
1170828|Daboia palaestinae	C27_pentahydroxy	2
1171711|Anthropoides paradiseus	C24_alkamine_trihydroxy	2
1171711|Anthropoides paradiseus	C24_alkamine_dihydroxy	1
1171711|Anthropoides paradiseus	C24_dihydroxy	9
1171711|Anthropoides paradiseus	C24_monohydroxy	1
1171711|Anthropoides paradiseus	C24_tetrahydroxy	6
1171711|Anthropoides paradiseus	C24_trihydroxy	15
1171711|Anthropoides paradiseus	C27_dihydroxy	8
1171711|Anthropoides paradiseus	C27_monohydroxy	2
1171711|Anthropoides paradiseus	C27_pentahydroxy	1
1171711|Anthropoides paradiseus	C27_tetrahydroxy	1
1171711|Anthropoides paradiseus	C27_trihydroxy	1
117272|Amaranthus cruentus	C24_alkamine_tetrahydroxy	1
117272|Amaranthus cruentus	C27_dihydroxy	16
117272|Amaranthus cruentus	C27_monohydroxy	1
117272|Amaranthus cruentus	C27_pentahydroxy	4
117272|Amaranthus cruentus	C27_tetrahydroxy	84
117272|Amaranthus cruentus	C27_trihydroxy	84
1173263|Synechococcus sp. PCC 7502	C28_alcohol_2OH	0
1173263|Synechococcus sp. PCC 7502	C28_alcohol_3OH	0
1175437|Pseudoxyrhopus tritaeniatus	C24_pentahydroxy	1
1175437|Pseudoxyrhopus tritaeniatus	C24_tetrahydroxy	8
1175437|Pseudoxyrhopus tritaeniatus	C24_trihydroxy	8
117795|Aloiampelos ciliaris	C24_alkamine_trihydroxy	3
117795|Aloiampelos ciliaris	C24_alkamine_tetrahydroxy	1
117795|Aloiampelos ciliaris	C27_monohydroxy	9
117795|Aloiampelos ciliaris	C28_alcohol_3OH	0
1179|Desmonostoc muscorum	C23_dihydroxy	14
1179|Desmonostoc muscorum	C23_trihydroxy	1
1179|Desmonostoc muscorum	C24_alkamine_trihydroxy	121
1179|Desmonostoc muscorum	C24_alkamine_tetrahydroxy	1
1179|Desmonostoc muscorum	C24_monohydroxy	2
1179|Desmonostoc muscorum	C27_dihydroxy	7
1179|Desmonostoc muscorum	C27_tetrahydroxy	4
1179|Desmonostoc muscorum	C27_trihydroxy	3
1179|Desmonostoc muscorum	C28_alcohol_2OH	0
1179|Desmonostoc muscorum	C28_alcohol_3OH	0
118163|Pleurocapsa sp. PCC 7327	C28_alcohol_3OH	0
118183|Chordeiles acutipennis	C24_alkamine_trihydroxy	2
118183|Chordeiles acutipennis	C24_alkamine_dihydroxy	2
118183|Chordeiles acutipennis	C24_alkamine_pentahydroxy	1
118183|Chordeiles acutipennis	C24_dihydroxy	2
118183|Chordeiles acutipennis	C24_tetrahydroxy	2
118183|Chordeiles acutipennis	C24_trihydroxy	3
118183|Chordeiles acutipennis	C27_dihydroxy	4
118183|Chordeiles acutipennis	C27_tetrahydroxy	2
118183|Chordeiles acutipennis	C27_trihydroxy	1
1181|Desmonostoc sp. PCC 7906	C28_alcohol_3OH	0
118222|Halimeda discoidea	C27_trihydroxy	2
118222|Halimeda discoidea	C28_alcohol_3OH	0
1182252|Gymnothorax funebris	C24_alkamine_trihydroxy	2
1182252|Gymnothorax funebris	C24_alkamine_pentahydroxy	3
1182252|Gymnothorax funebris	C24_dihydroxy	14
1182252|Gymnothorax funebris	C24_monohydroxy	5
1182252|Gymnothorax funebris	C24_tetrahydroxy	8
1182252|Gymnothorax funebris	C24_trihydroxy	25
1182252|Gymnothorax funebris	C27_dihydroxy	11
1182252|Gymnothorax funebris	C27_monohydroxy	4
1182252|Gymnothorax funebris	C27_tetrahydroxy	5
1182252|Gymnothorax funebris	C27_trihydroxy	5
118255|Rhinoptera bonasus	C24_alkamine_trihydroxy	4
118255|Rhinoptera bonasus	C24_dihydroxy	2
118255|Rhinoptera bonasus	C24_trihydroxy	6
118255|Rhinoptera bonasus	C27_dihydroxy	3
118255|Rhinoptera bonasus	C27_monohydroxy	4
118255|Rhinoptera bonasus	C27_tetrahydroxy	4
118255|Rhinoptera bonasus	C27_trihydroxy	4
1182847|Scorpaena bergii	C24_dihydroxy	2
1182847|Scorpaena bergii	C24_tetrahydroxy	1
1182847|Scorpaena bergii	C24_trihydroxy	10
1182847|Scorpaena bergii	C27_dihydroxy	6
1182847|Scorpaena bergii	C27_monohydroxy	1
1182847|Scorpaena bergii	C27_tetrahydroxy	1
1182847|Scorpaena bergii	C27_trihydroxy	1
1183243|Ptychozoon lionotum	C24_dihydroxy	4
1183243|Ptychozoon lionotum	C24_tetrahydroxy	1
1183243|Ptychozoon lionotum	C24_trihydroxy	2
1183243|Ptychozoon lionotum	C27_dihydroxy	3
1183243|Ptychozoon lionotum	C27_monohydroxy	3
118565|Pennahia argentata	C24_dihydroxy	4
118565|Pennahia argentata	C24_trihydroxy	3
1185|Rivulariaceae	C23_tetrahydroxy	2
1185|Rivulariaceae	C24_alkamine_trihydroxy	3
1185|Rivulariaceae	C24_pentahydroxy	3
1185|Rivulariaceae	C24_tetrahydroxy	4
1185|Rivulariaceae	C24_trihydroxy	1
118677|Cyclura carinata	C24_alkamine_trihydroxy	1
118677|Cyclura carinata	C24_dihydroxy	8
118677|Cyclura carinata	C24_tetrahydroxy	2
118677|Cyclura carinata	C24_trihydroxy	7
118677|Cyclura carinata	C27_dihydroxy	2
118677|Cyclura carinata	C27_monohydroxy	1
118677|Cyclura carinata	C27_tetrahydroxy	2
118677|Cyclura carinata	C27_trihydroxy	2
118783|Actophilornis africanus	C24_alkamine_trihydroxy	1
118783|Actophilornis africanus	C24_alkamine_dihydroxy	3
118783|Actophilornis africanus	C24_dihydroxy	5
118783|Actophilornis africanus	C24_tetrahydroxy	1
118783|Actophilornis africanus	C24_trihydroxy	4
118783|Actophilornis africanus	C27_monohydroxy	1
118791|Rostratulidae	C24_dihydroxy	4
118791|Rostratulidae	C24_tetrahydroxy	2
118791|Rostratulidae	C24_trihydroxy	5
118791|Rostratulidae	C27_dihydroxy	1
118793|Rostratula benghalensis	C24_alkamine_tetrahydroxy	1
118793|Rostratula benghalensis	C24_dihydroxy	5
118793|Rostratula benghalensis	C24_tetrahydroxy	5
118793|Rostratula benghalensis	C24_trihydroxy	8
118793|Rostratula benghalensis	C27_monohydroxy	1
118891|Anthyllis vulneraria	C23_trihydroxy	5
118891|Anthyllis vulneraria	C27_dihydroxy	13
118891|Anthyllis vulneraria	C27_monohydroxy	2
118891|Anthyllis vulneraria	C27_pentahydroxy	2
118891|Anthyllis vulneraria	C27_tetrahydroxy	3
118891|Anthyllis vulneraria	C27_trihydroxy	1
118891|Anthyllis vulneraria	C28_alcohol_3OH	0
1190621|Olsenella uli MSTE5	C24_alkamine_trihydroxy	3
1190621|Olsenella uli MSTE5	C24_trihydroxy	1
119409|Crinifer zonurus	C24_dihydroxy	4
119409|Crinifer zonurus	C24_trihydroxy	2
119409|Crinifer zonurus	C27_dihydroxy	1
119409|Crinifer zonurus	C27_tetrahydroxy	2
119409|Crinifer zonurus	C27_trihydroxy	2
119412|Musophaga rossae	C24_dihydroxy	2
119412|Musophaga rossae	C24_trihydroxy	3
119412|Musophaga rossae	C27_dihydroxy	4
119412|Musophaga rossae	C27_monohydroxy	1
119417|Tauraco livingstonii	C24_dihydroxy	1
119417|Tauraco livingstonii	C24_trihydroxy	1
119417|Tauraco livingstonii	C27_dihydroxy	1
119419|Tauraco schalowi	C24_alkamine_tetrahydroxy	2
119419|Tauraco schalowi	C24_dihydroxy	18
119419|Tauraco schalowi	C24_monohydroxy	2
119419|Tauraco schalowi	C24_tetrahydroxy	8
119419|Tauraco schalowi	C24_trihydroxy	13
119419|Tauraco schalowi	C27_dihydroxy	4
119419|Tauraco schalowi	C27_monohydroxy	3
119419|Tauraco schalowi	C27_tetrahydroxy	6
119419|Tauraco schalowi	C27_trihydroxy	6
1195123|Epiphyllum oxypetalum	C24_alkamine_tetrahydroxy	1
1195123|Epiphyllum oxypetalum	C28_alcohol_2OH	0
1195123|Epiphyllum oxypetalum	C28_alcohol_3OH	0
119562|Sylvicapra grimmia	C24_alkamine_monohydroxy	1
119562|Sylvicapra grimmia	C24_dihydroxy	3
119562|Sylvicapra grimmia	C24_trihydroxy	4
1196835|Stutzerimonas stutzeri CCUG 29243	C24_alkamine_trihydroxy	1
1197248|Sargassum vestitum	C24_alkamine_tetrahydroxy	4
1197248|Sargassum vestitum	C24_tetrahydroxy	4
1197248|Sargassum vestitum	C24_trihydroxy	4
1197248|Sargassum vestitum	C28_alcohol_3OH	0
119825|Mephitidae	C24_alkamine_trihydroxy	1
119825|Mephitidae	C24_dihydroxy	8
119825|Mephitidae	C24_tetrahydroxy	3
119825|Mephitidae	C24_trihydroxy	10
119825|Mephitidae	C27_dihydroxy	2
119949|Myrtus communis	C23_pentahydroxy	5
119949|Myrtus communis	C24_alkamine_pentahydroxy	1
119949|Myrtus communis	C24_pentahydroxy	2
119949|Myrtus communis	C24_tetrahydroxy	1
119949|Myrtus communis	C24_trihydroxy	1
119949|Myrtus communis	C28_alcohol_2OH	0
119949|Myrtus communis	C28_alcohol_3OH	0
1200966|Pericrocotus speciosus	C24_alkamine_trihydroxy	6
1200966|Pericrocotus speciosus	C24_dihydroxy	4
1200966|Pericrocotus speciosus	C24_tetrahydroxy	10
1200966|Pericrocotus speciosus	C24_trihydroxy	5
1200966|Pericrocotus speciosus	C27_monohydroxy	3
1203540|Bifidobacterium breve HPH0326	C24_alkamine_trihydroxy	27
1203540|Bifidobacterium breve HPH0326	C24_alkamine_dihydroxy	33
1203540|Bifidobacterium breve HPH0326	C24_dihydroxy	3
1203540|Bifidobacterium breve HPH0326	C24_trihydroxy	3
1203546|Klebsiella pneumoniae subsp. pneumoniae WGLW3	C24_alkamine_trihydroxy	1
1203549|Microbacterium sp. oral taxon 186 str. F0373	C24_alkamine_trihydroxy	2
1203549|Microbacterium sp. oral taxon 186 str. F0373	C24_dihydroxy	1
1203549|Microbacterium sp. oral taxon 186 str. F0373	C24_trihydroxy	2
1203550|Hoylesella oralis HGA0225	C24_alkamine_trihydroxy	27
1203550|Hoylesella oralis HGA0225	C24_alkamine_dihydroxy	38
1203550|Hoylesella oralis HGA0225	C24_dihydroxy	4
1203550|Hoylesella oralis HGA0225	C24_trihydroxy	8
1203550|Hoylesella oralis HGA0225	C27_monohydroxy	1
1203554|Sutterella wadsworthensis HGA0223	C24_alkamine_trihydroxy	23
1203554|Sutterella wadsworthensis HGA0223	C24_alkamine_dihydroxy	38
1203554|Sutterella wadsworthensis HGA0223	C24_dihydroxy	3
1203554|Sutterella wadsworthensis HGA0223	C24_trihydroxy	10
120377|Salana multivorans	C24_alkamine_trihydroxy	2
120377|Salana multivorans	C24_alkamine_monohydroxy	10
120377|Salana multivorans	C24_alkamine_tetrahydroxy	2
120377|Salana multivorans	C28_alcohol_2OH	0
120377|Salana multivorans	C28_alcohol_3OH	0
1204474|Fusobacterium nucleatum CTI-1	C24_alkamine_trihydroxy	27
1204474|Fusobacterium nucleatum CTI-1	C24_alkamine_dihydroxy	32
1204474|Fusobacterium nucleatum CTI-1	C24_dihydroxy	1
1204474|Fusobacterium nucleatum CTI-1	C24_trihydroxy	7
1204475|Fusobacterium nucleatum CTI-2	C24_alkamine_trihydroxy	2
1204476|Fusobacterium nucleatum CTI-3	C24_alkamine_trihydroxy	30
1204476|Fusobacterium nucleatum CTI-3	C24_alkamine_dihydroxy	32
1204476|Fusobacterium nucleatum CTI-3	C24_dihydroxy	12
1204476|Fusobacterium nucleatum CTI-3	C24_trihydroxy	4
1206781|Paenibacillus alvei DSM 29	C24_alkamine_trihydroxy	20
1206781|Paenibacillus alvei DSM 29	C24_dihydroxy	116
1206781|Paenibacillus alvei DSM 29	C24_tetrahydroxy	12
1206781|Paenibacillus alvei DSM 29	C24_trihydroxy	158
120794|Falco rusticolus	C24_alkamine_trihydroxy	6
120794|Falco rusticolus	C24_alkamine_pentahydroxy	2
120794|Falco rusticolus	C24_alkamine_tetrahydroxy	3
120794|Falco rusticolus	C24_dihydroxy	4
120794|Falco rusticolus	C24_tetrahydroxy	4
120794|Falco rusticolus	C24_trihydroxy	2
120794|Falco rusticolus	C27_pentahydroxy	1
120794|Falco rusticolus	C27_tetrahydroxy	2
120794|Falco rusticolus	C27_trihydroxy	2
1208051|Pachydactylus rangei	C24_dihydroxy	5
1208051|Pachydactylus rangei	C24_tetrahydroxy	2
1208051|Pachydactylus rangei	C24_trihydroxy	7
1208051|Pachydactylus rangei	C27_tetrahydroxy	1
1208051|Pachydactylus rangei	C27_trihydroxy	1
1210880|Aglaonema commutatum	C23_pentahydroxy	1
1210880|Aglaonema commutatum	C24_alkamine_tetrahydroxy	1
1210880|Aglaonema commutatum	C27_dihydroxy	1
1210880|Aglaonema commutatum	C27_monohydroxy	1
1210880|Aglaonema commutatum	C28_alcohol_2OH	0
1210880|Aglaonema commutatum	C28_alcohol_3OH	0
121123|Alouatta sara	C24_alkamine_trihydroxy	8
121123|Alouatta sara	C24_alkamine_dihydroxy	3
121123|Alouatta sara	C24_alkamine_pentahydroxy	2
121123|Alouatta sara	C24_dihydroxy	147
121123|Alouatta sara	C24_monohydroxy	7
121123|Alouatta sara	C24_tetrahydroxy	36
121123|Alouatta sara	C24_trihydroxy	72
121123|Alouatta sara	C27_monohydroxy	3
121123|Alouatta sara	C27_tetrahydroxy	2
121123|Alouatta sara	C27_trihydroxy	2
121322|Clelia clelia	C23_dihydroxy	1
121322|Clelia clelia	C24_dihydroxy	2
121322|Clelia clelia	C24_pentahydroxy	1
121322|Clelia clelia	C24_tetrahydroxy	6
121322|Clelia clelia	C24_trihydroxy	5
1213717|Torpedo torpedo	C23_trihydroxy	1
1213717|Torpedo torpedo	C24_alkamine_trihydroxy	4
1213717|Torpedo torpedo	C24_dihydroxy	3
1213717|Torpedo torpedo	C24_tetrahydroxy	2
1213717|Torpedo torpedo	C24_trihydroxy	11
1213717|Torpedo torpedo	C27_dihydroxy	6
1213717|Torpedo torpedo	C27_monohydroxy	4
1214565|Eremophila maculata	C28_alcohol_3OH	0
121526|Corythaixoides leucogaster	C24_dihydroxy	4
121526|Corythaixoides leucogaster	C24_trihydroxy	3
121526|Corythaixoides leucogaster	C27_dihydroxy	3
121526|Corythaixoides leucogaster	C27_tetrahydroxy	4
121526|Corythaixoides leucogaster	C27_trihydroxy	4
1217839|Suillus ponderosus	C24_tetrahydroxy	1
121900|Silphium terebinthinaceum	C28_alcohol_3OH	0
1223523|Streptomyces mobaraensis NBRC 13819 = DSM 40847	C24_pentahydroxy	2
1223523|Streptomyces mobaraensis NBRC 13819 = DSM 40847	C28_alcohol_2OH	0
1223523|Streptomyces mobaraensis NBRC 13819 = DSM 40847	C28_alcohol_3OH	0
122355|Pseudomonas psychrophila	C24_alkamine_trihydroxy	7
122355|Pseudomonas psychrophila	C24_dihydroxy	22
122355|Pseudomonas psychrophila	C24_trihydroxy	24
122355|Pseudomonas psychrophila	C27_monohydroxy	1
122355|Pseudomonas psychrophila	C28_alcohol_2OH	0
122532|Crepis biennis	C23_trihydroxy	1
122532|Crepis biennis	C24_alkamine_dihydroxy	1
122532|Crepis biennis	C24_trihydroxy	3
1226210|Sicalis taczanowskii	C24_dihydroxy	2
1226210|Sicalis taczanowskii	C24_tetrahydroxy	2
1226210|Sicalis taczanowskii	C24_trihydroxy	3
1226325|Clostridium sp. KLE 1755	C24_alkamine_trihydroxy	34
1226325|Clostridium sp. KLE 1755	C24_alkamine_dihydroxy	48
1226325|Clostridium sp. KLE 1755	C24_dihydroxy	5
1226325|Clostridium sp. KLE 1755	C24_trihydroxy	8
122933|Zamenis scalaris	C24_alkamine_trihydroxy	25
122933|Zamenis scalaris	C24_alkamine_dihydroxy	19
122933|Zamenis scalaris	C24_dihydroxy	6
122933|Zamenis scalaris	C24_trihydroxy	5
122934|Elaphe quatuorlineata	C24_alkamine_trihydroxy	1
122934|Elaphe quatuorlineata	C24_alkamine_pentahydroxy	3
122934|Elaphe quatuorlineata	C24_alkamine_tetrahydroxy	2
122934|Elaphe quatuorlineata	C24_dihydroxy	3
122934|Elaphe quatuorlineata	C24_tetrahydroxy	7
122934|Elaphe quatuorlineata	C24_trihydroxy	11
122934|Elaphe quatuorlineata	C27_dihydroxy	2
122934|Elaphe quatuorlineata	C27_pentahydroxy	3
122934|Elaphe quatuorlineata	C27_tetrahydroxy	2
122934|Elaphe quatuorlineata	C27_trihydroxy	2
123240|Stenobrachius nannochir	C24_alkamine_trihydroxy	4
123240|Stenobrachius nannochir	C24_alkamine_dihydroxy	5
123240|Stenobrachius nannochir	C24_dihydroxy	3
123240|Stenobrachius nannochir	C24_tetrahydroxy	1
123240|Stenobrachius nannochir	C24_trihydroxy	2
123240|Stenobrachius nannochir	C27_dihydroxy	1
123380|Myadestes	C24_dihydroxy	4
123380|Myadestes	C24_monohydroxy	1
123380|Myadestes	C24_tetrahydroxy	5
123380|Myadestes	C24_trihydroxy	2
123405|Catha edulis	C28_alcohol_3OH	0
123934|Gazella subgutturosa marica	C24_alkamine_trihydroxy	4
123934|Gazella subgutturosa marica	C24_alkamine_pentahydroxy	2
123934|Gazella subgutturosa marica	C24_dihydroxy	8
123934|Gazella subgutturosa marica	C24_monohydroxy	2
123934|Gazella subgutturosa marica	C24_tetrahydroxy	4
123934|Gazella subgutturosa marica	C24_trihydroxy	6
123934|Gazella subgutturosa marica	C27_monohydroxy	4
1240243|Lampropeltis holbrooki	C24_alkamine_pentahydroxy	1
1240243|Lampropeltis holbrooki	C24_dihydroxy	3
1240243|Lampropeltis holbrooki	C24_tetrahydroxy	6
1240243|Lampropeltis holbrooki	C24_trihydroxy	11
124285|Nocardiopsis xinjiangensis	C28_alcohol_3OH	0
1243780|Pelecanus occidentalis californicus	C24_alkamine_pentahydroxy	4
1243780|Pelecanus occidentalis californicus	C24_dihydroxy	14
1243780|Pelecanus occidentalis californicus	C24_monohydroxy	6
1243780|Pelecanus occidentalis californicus	C24_pentahydroxy	2
1243780|Pelecanus occidentalis californicus	C24_tetrahydroxy	22
1243780|Pelecanus occidentalis californicus	C24_trihydroxy	22
1243780|Pelecanus occidentalis californicus	C27_dihydroxy	6
1243780|Pelecanus occidentalis californicus	C27_monohydroxy	6
1243780|Pelecanus occidentalis californicus	C27_pentahydroxy	2
1243780|Pelecanus occidentalis californicus	C27_tetrahydroxy	8
1243780|Pelecanus occidentalis californicus	C27_trihydroxy	8
1243780|Pelecanus occidentalis californicus	C28_alcohol_3OH	0
1244804|Penelopides manillae manillae	C24_dihydroxy	3
1244804|Penelopides manillae manillae	C24_monohydroxy	3
1244804|Penelopides manillae manillae	C24_trihydroxy	3
1244804|Penelopides manillae manillae	C27_dihydroxy	6
1244804|Penelopides manillae manillae	C27_monohydroxy	1
1244804|Penelopides manillae manillae	C27_tetrahydroxy	1
124778|Illicium verum	C24_alkamine_pentahydroxy	2
124778|Illicium verum	C24_pentahydroxy	2
124778|Illicium verum	C27_dihydroxy	4
124778|Illicium verum	C28_alcohol_3OH	0
124937|Barnebya	C24_monohydroxy	1
125070|Pauxi pauxi	C24_dihydroxy	2
125070|Pauxi pauxi	C24_monohydroxy	2
125070|Pauxi pauxi	C24_tetrahydroxy	2
125070|Pauxi pauxi	C24_trihydroxy	5
125070|Pauxi pauxi	C27_dihydroxy	2
125070|Pauxi pauxi	C27_monohydroxy	1
125280|Laniarius ferrugineus	C24_dihydroxy	4
125280|Laniarius ferrugineus	C24_monohydroxy	2
125280|Laniarius ferrugineus	C24_tetrahydroxy	1
125280|Laniarius ferrugineus	C24_trihydroxy	7
125280|Laniarius ferrugineus	C27_dihydroxy	2
125280|Laniarius ferrugineus	C27_monohydroxy	1
125280|Laniarius ferrugineus	C27_pentahydroxy	3
125280|Laniarius ferrugineus	C27_tetrahydroxy	3
125280|Laniarius ferrugineus	C27_trihydroxy	3
125866|Crotalus catalinensis	C24_dihydroxy	10
125866|Crotalus catalinensis	C24_tetrahydroxy	4
125866|Crotalus catalinensis	C24_trihydroxy	11
125866|Crotalus catalinensis	C27_dihydroxy	2
125877|Crotalus lepidus klauberi	C24_alkamine_trihydroxy	2
125877|Crotalus lepidus klauberi	C24_dihydroxy	13
125877|Crotalus lepidus klauberi	C24_pentahydroxy	7
125877|Crotalus lepidus klauberi	C24_tetrahydroxy	11
125877|Crotalus lepidus klauberi	C24_trihydroxy	30
125877|Crotalus lepidus klauberi	C27_dihydroxy	6
125877|Crotalus lepidus klauberi	C27_monohydroxy	3
125877|Crotalus lepidus klauberi	C27_pentahydroxy	2
125877|Crotalus lepidus klauberi	C27_tetrahydroxy	4
125877|Crotalus lepidus klauberi	C27_trihydroxy	4
1260|Finegoldia magna	C24_alkamine_trihydroxy	37
1260|Finegoldia magna	C24_alkamine_dihydroxy	40
1260|Finegoldia magna	C24_dihydroxy	4
1260|Finegoldia magna	C24_trihydroxy	12
1261057|Gardnerella vaginalis JCP7275	C24_alkamine_trihydroxy	29
1261057|Gardnerella vaginalis JCP7275	C24_alkamine_dihydroxy	36
1261057|Gardnerella vaginalis JCP7275	C24_dihydroxy	2
1261057|Gardnerella vaginalis JCP7275	C24_trihydroxy	7
1261058|Gardnerella vaginalis JCP7276	C24_alkamine_trihydroxy	29
1261058|Gardnerella vaginalis JCP7276	C24_alkamine_dihydroxy	40
1261058|Gardnerella vaginalis JCP7276	C24_dihydroxy	2
1261058|Gardnerella vaginalis JCP7276	C24_trihydroxy	8
1261059|Gardnerella pickettii JCP7659	C24_alkamine_trihydroxy	24
1261059|Gardnerella pickettii JCP7659	C24_alkamine_dihydroxy	36
1261059|Gardnerella pickettii JCP7659	C24_dihydroxy	4
1261059|Gardnerella pickettii JCP7659	C24_trihydroxy	9
1261060|Gardnerella vaginalis JCP7672	C24_alkamine_trihydroxy	25
1261060|Gardnerella vaginalis JCP7672	C24_alkamine_dihydroxy	40
1261060|Gardnerella vaginalis JCP7672	C24_dihydroxy	1
1261060|Gardnerella vaginalis JCP7672	C24_trihydroxy	3
1261061|Gardnerella pickettii JCP7719	C24_alkamine_trihydroxy	25
1261061|Gardnerella pickettii JCP7719	C24_alkamine_dihydroxy	35
1261061|Gardnerella pickettii JCP7719	C24_trihydroxy	8
1261062|Gardnerella pickettii JCP8017A	C24_alkamine_trihydroxy	22
1261062|Gardnerella pickettii JCP8017A	C24_alkamine_dihydroxy	34
1261062|Gardnerella pickettii JCP8017A	C24_dihydroxy	4
1261062|Gardnerella pickettii JCP8017A	C24_trihydroxy	7
1261063|Gardnerella pickettii JCP8017B	C24_alkamine_trihydroxy	23
1261063|Gardnerella pickettii JCP8017B	C24_alkamine_dihydroxy	35
1261063|Gardnerella pickettii JCP8017B	C24_dihydroxy	3
1261063|Gardnerella pickettii JCP8017B	C24_trihydroxy	8
1261064|Gardnerella vaginalis JCP8066	C24_alkamine_trihydroxy	32
1261064|Gardnerella vaginalis JCP8066	C24_alkamine_dihydroxy	35
1261064|Gardnerella vaginalis JCP8066	C24_dihydroxy	3
1261064|Gardnerella vaginalis JCP8066	C24_trihydroxy	8
1261065|Gardnerella vaginalis JCP8070	C24_alkamine_trihydroxy	1
1261066|Gardnerella vaginalis JCP8108	C24_alkamine_trihydroxy	50
1261066|Gardnerella vaginalis JCP8108	C24_alkamine_dihydroxy	67
1261066|Gardnerella vaginalis JCP8108	C24_alkamine_tetrahydroxy	1
1261066|Gardnerella vaginalis JCP8108	C24_dihydroxy	4
1261066|Gardnerella vaginalis JCP8108	C24_trihydroxy	14
1261067|Gardnerella vaginalis JCP8151A	C24_alkamine_trihydroxy	29
1261067|Gardnerella vaginalis JCP8151A	C24_alkamine_dihydroxy	34
1261067|Gardnerella vaginalis JCP8151A	C24_dihydroxy	3
1261067|Gardnerella vaginalis JCP8151A	C24_trihydroxy	9
1261068|Gardnerella vaginalis JCP8151B	C24_alkamine_trihydroxy	29
1261068|Gardnerella vaginalis JCP8151B	C24_alkamine_dihydroxy	37
1261068|Gardnerella vaginalis JCP8151B	C24_dihydroxy	5
1261068|Gardnerella vaginalis JCP8151B	C24_trihydroxy	8
1261070|Gardnerella vaginalis JCP8481B	C24_alkamine_trihydroxy	28
1261070|Gardnerella vaginalis JCP8481B	C24_alkamine_dihydroxy	35
1261070|Gardnerella vaginalis JCP8481B	C24_dihydroxy	5
1261070|Gardnerella vaginalis JCP8481B	C24_trihydroxy	7
1261071|Gardnerella vaginalis JCP8522	C24_alkamine_trihydroxy	31
1261071|Gardnerella vaginalis JCP8522	C24_alkamine_dihydroxy	32
1261071|Gardnerella vaginalis JCP8522	C24_dihydroxy	2
1261071|Gardnerella vaginalis JCP8522	C24_trihydroxy	9
1261072|Bifidobacterium breve JCP7499	C24_alkamine_trihydroxy	24
1261072|Bifidobacterium breve JCP7499	C24_alkamine_dihydroxy	36
1261072|Bifidobacterium breve JCP7499	C24_alkamine_tetrahydroxy	1
1261072|Bifidobacterium breve JCP7499	C24_dihydroxy	4
1261072|Bifidobacterium breve JCP7499	C24_trihydroxy	3
1261072|Bifidobacterium breve JCP7499	C27_monohydroxy	1
126479|Kobus kob thomasi	C24_alkamine_trihydroxy	1
126479|Kobus kob thomasi	C24_dihydroxy	17
126479|Kobus kob thomasi	C24_pentahydroxy	1
126479|Kobus kob thomasi	C24_tetrahydroxy	3
126479|Kobus kob thomasi	C24_trihydroxy	19
126479|Kobus kob thomasi	C27_dihydroxy	1
126479|Kobus kob thomasi	C27_monohydroxy	3
126612|Cordylus tropidosternum	C24_dihydroxy	5
126612|Cordylus tropidosternum	C24_trihydroxy	4
126612|Cordylus tropidosternum	C27_pentahydroxy	4
1266343|Quercus muehlenbergii	C24_alkamine_trihydroxy	1
1266343|Quercus muehlenbergii	C24_alkamine_pentahydroxy	5
1266343|Quercus muehlenbergii	C24_monohydroxy	11
1266343|Quercus muehlenbergii	C24_tetrahydroxy	3
1266343|Quercus muehlenbergii	C24_trihydroxy	8
1266343|Quercus muehlenbergii	C27_pentahydroxy	1
1266343|Quercus muehlenbergii	C28_alcohol_3OH	0
126713|Larus occidentalis	C23_dihydroxy	1
126713|Larus occidentalis	C24_alkamine_trihydroxy	3
126713|Larus occidentalis	C24_alkamine_tetrahydroxy	1
126713|Larus occidentalis	C24_dihydroxy	7
126713|Larus occidentalis	C24_tetrahydroxy	3
126713|Larus occidentalis	C24_trihydroxy	12
126713|Larus occidentalis	C27_monohydroxy	1
126867|Phalacrocorax aristotelis	C24_alkamine_pentahydroxy	3
126867|Phalacrocorax aristotelis	C24_alkamine_tetrahydroxy	1
126867|Phalacrocorax aristotelis	C24_dihydroxy	5
126867|Phalacrocorax aristotelis	C24_tetrahydroxy	7
126867|Phalacrocorax aristotelis	C24_trihydroxy	8
126867|Phalacrocorax aristotelis	C27_monohydroxy	1
126867|Phalacrocorax aristotelis	C27_tetrahydroxy	1
126903|Physalis peruviana	C28_alcohol_2OH	0
126903|Physalis peruviana	C28_alcohol_3OH	0
1270|Micrococcus luteus	C24_monohydroxy	3
1272|Kocuria varians	C24_trihydroxy	2
127582|Trichechus manatus latirostris	C23_dihydroxy	4
127582|Trichechus manatus latirostris	C23_trihydroxy	2
127582|Trichechus manatus latirostris	C24_dihydroxy	6
127582|Trichechus manatus latirostris	C27_dihydroxy	10
127582|Trichechus manatus latirostris	C27_monohydroxy	4
127582|Trichechus manatus latirostris	C28_alcohol_3OH	0
1275|Kocuria rosea	C23_monohydroxy	12
1275|Kocuria rosea	C23_trihydroxy	2
1275|Kocuria rosea	C24_alkamine_trihydroxy	2
1275|Kocuria rosea	C24_dihydroxy	4
1275|Kocuria rosea	C24_monohydroxy	44
1275|Kocuria rosea	C24_pentahydroxy	2
1275|Kocuria rosea	C24_tetrahydroxy	22
1275|Kocuria rosea	C24_trihydroxy	16
1275|Kocuria rosea	C27_monohydroxy	4
1278208|Pterocles exustus	C24_dihydroxy	2
1278208|Pterocles exustus	C24_tetrahydroxy	1
1278208|Pterocles exustus	C24_trihydroxy	2
1278208|Pterocles exustus	C27_tetrahydroxy	1
1278208|Pterocles exustus	C27_trihydroxy	1
127986|Matricaria chamomilla var. recutita	C24_tetrahydroxy	1
127986|Matricaria chamomilla var. recutita	C28_alcohol_3OH	0
127999|Tanacetum parthenium	C24_tetrahydroxy	2
127999|Tanacetum parthenium	C24_trihydroxy	7
127999|Tanacetum parthenium	C28_alcohol_3OH	0
1279|Staphylococcus	C24_pentahydroxy	2
1279|Staphylococcus	C27_dihydroxy	4
1279|Staphylococcus	C27_monohydroxy	2
1279|Staphylococcus	C28_alcohol_3OH	0
1280|Staphylococcus aureus	C23_dihydroxy	3
1280|Staphylococcus aureus	C23_monohydroxy	1
1280|Staphylococcus aureus	C23_pentahydroxy	3
1280|Staphylococcus aureus	C23_tetrahydroxy	3
1280|Staphylococcus aureus	C24_alkamine_trihydroxy	6
1280|Staphylococcus aureus	C24_alkamine_dihydroxy	2
1280|Staphylococcus aureus	C24_alkamine_pentahydroxy	1
1280|Staphylococcus aureus	C24_alkamine_tetrahydroxy	10
1280|Staphylococcus aureus	C24_trihydroxy	1
1280|Staphylococcus aureus	C26_dihydroxy	15
1280|Staphylococcus aureus	C27_dihydroxy	2
1280|Staphylococcus aureus	C27_monohydroxy	12
1280|Staphylococcus aureus	C27_pentahydroxy	6
1280|Staphylococcus aureus	C27_tetrahydroxy	11
1280|Staphylococcus aureus	C27_trihydroxy	11
1280|Staphylococcus aureus	C28_alcohol_2OH	0
1280|Staphylococcus aureus	C28_alcohol_3OH	0
1281447|Bostrychia hagedash	C24_dihydroxy	4
1281447|Bostrychia hagedash	C24_tetrahydroxy	6
1281447|Bostrychia hagedash	C24_trihydroxy	5
1281447|Bostrychia hagedash	C27_dihydroxy	1
1281447|Bostrychia hagedash	C27_monohydroxy	1
1285933|Megasphaera sp. DNF00872	C24_alkamine_trihydroxy	2
1285933|Megasphaera sp. DNF00872	C24_trihydroxy	1
1285934|Megasphaera sp. DNF00912	C24_alkamine_trihydroxy	5
1285934|Megasphaera sp. DNF00912	C24_trihydroxy	2
128608|Cinnamomum verum	C23_pentahydroxy	1
128608|Cinnamomum verum	C24_pentahydroxy	1
128608|Cinnamomum verum	C28_alcohol_3OH	0
128655|Neolitsea sericea	C24_dihydroxy	2
128655|Neolitsea sericea	C24_trihydroxy	1
128655|Neolitsea sericea	C28_alcohol_3OH	0
1287474|Lancefieldella parvula DNF00906	C24_alkamine_trihydroxy	1
1287474|Lancefieldella parvula DNF00906	C24_dihydroxy	1
1287476|Prevotella bivia DNF00188	C24_alkamine_trihydroxy	21
1287476|Prevotella bivia DNF00188	C24_alkamine_dihydroxy	32
1287476|Prevotella bivia DNF00188	C24_dihydroxy	1
1287476|Prevotella bivia DNF00188	C24_trihydroxy	7
1288085|Salinispora arenicola CNH963	C27_dihydroxy	1
129029|Clinotarsus curtipes	C24_dihydroxy	1
129029|Clinotarsus curtipes	C24_tetrahydroxy	1
129029|Clinotarsus curtipes	C27_monohydroxy	4
129029|Clinotarsus curtipes	C28_alcohol_3OH	0
129035|Ablennes hians	C24_alkamine_trihydroxy	1
129035|Ablennes hians	C24_alkamine_pentahydroxy	1
129035|Ablennes hians	C24_dihydroxy	6
129035|Ablennes hians	C24_tetrahydroxy	3
129035|Ablennes hians	C24_trihydroxy	11
129035|Ablennes hians	C27_dihydroxy	5
129035|Ablennes hians	C27_monohydroxy	1
129037|Belone belone	C23_dihydroxy	2
129037|Belone belone	C24_alkamine_trihydroxy	5
129037|Belone belone	C24_alkamine_tetrahydroxy	1
129037|Belone belone	C24_dihydroxy	15
129037|Belone belone	C24_pentahydroxy	8
129037|Belone belone	C24_tetrahydroxy	12
129037|Belone belone	C24_trihydroxy	35
129037|Belone belone	C27_dihydroxy	13
129037|Belone belone	C27_monohydroxy	7
129037|Belone belone	C27_tetrahydroxy	2
129037|Belone belone	C27_trihydroxy	2
129214|Polytrichum strictum	C27_dihydroxy	1
129326|Leiopython albertisii	C24_dihydroxy	1
129326|Leiopython albertisii	C24_pentahydroxy	1
129326|Leiopython albertisii	C24_tetrahydroxy	3
129326|Leiopython albertisii	C24_trihydroxy	5
129326|Leiopython albertisii	C27_dihydroxy	1
129328|Simalia boeleni	C24_alkamine_trihydroxy	2
129328|Simalia boeleni	C24_dihydroxy	6
129328|Simalia boeleni	C24_pentahydroxy	2
129328|Simalia boeleni	C24_tetrahydroxy	7
129328|Simalia boeleni	C24_trihydroxy	17
129328|Simalia boeleni	C27_dihydroxy	2
129328|Simalia boeleni	C27_monohydroxy	2
129328|Simalia boeleni	C27_tetrahydroxy	1
129328|Simalia boeleni	C27_trihydroxy	1
129333|Morelia viridis	C23_trihydroxy	1
129333|Morelia viridis	C24_alkamine_trihydroxy	8
129333|Morelia viridis	C24_alkamine_pentahydroxy	7
129333|Morelia viridis	C24_alkamine_tetrahydroxy	4
129333|Morelia viridis	C24_dihydroxy	9
129333|Morelia viridis	C24_pentahydroxy	4
129333|Morelia viridis	C24_tetrahydroxy	9
129333|Morelia viridis	C24_trihydroxy	21
129333|Morelia viridis	C27_dihydroxy	3
129333|Morelia viridis	C27_monohydroxy	5
12957|Atta cephalotes	C23_pentahydroxy	6
12957|Atta cephalotes	C23_trihydroxy	4
12957|Atta cephalotes	C24_alkamine_dihydroxy	8
12957|Atta cephalotes	C24_alkamine_monohydroxy	2
12957|Atta cephalotes	C24_alkamine_pentahydroxy	2
12957|Atta cephalotes	C24_alkamine_tetrahydroxy	22
12957|Atta cephalotes	C24_dihydroxy	4
12957|Atta cephalotes	C24_monohydroxy	4
12957|Atta cephalotes	C24_pentahydroxy	2
12957|Atta cephalotes	C24_tetrahydroxy	16
12957|Atta cephalotes	C24_trihydroxy	10
12957|Atta cephalotes	C27_dihydroxy	4
12957|Atta cephalotes	C27_monohydroxy	14
12957|Atta cephalotes	C27_pentahydroxy	4
12957|Atta cephalotes	C28_alcohol_2OH	0
12957|Atta cephalotes	C28_alcohol_3OH	0
1296375|Micromonospora schwarzwaldensis	C24_alkamine_trihydroxy	24
1296375|Micromonospora schwarzwaldensis	C24_alkamine_pentahydroxy	4
1296375|Micromonospora schwarzwaldensis	C24_alkamine_tetrahydroxy	22
1296375|Micromonospora schwarzwaldensis	C24_dihydroxy	8
1296375|Micromonospora schwarzwaldensis	C24_tetrahydroxy	6
1296375|Micromonospora schwarzwaldensis	C24_trihydroxy	2
1296673|Chrysopelea ornata	C24_dihydroxy	6
1296673|Chrysopelea ornata	C24_tetrahydroxy	4
1296673|Chrysopelea ornata	C24_trihydroxy	10
1296673|Chrysopelea ornata	C27_monohydroxy	1
12966|Bathymodiolus thermophilus	C24_monohydroxy	3
12966|Bathymodiolus thermophilus	C24_nonhydroxy	2
12966|Bathymodiolus thermophilus	C28_alcohol_3OH	0
1296|Mammaliicoccus sciuri	C24_alkamine_trihydroxy	11
1296|Mammaliicoccus sciuri	C24_alkamine_dihydroxy	13
1296|Mammaliicoccus sciuri	C24_alkamine_tetrahydroxy	2
1296|Mammaliicoccus sciuri	C24_dihydroxy	1
1296|Mammaliicoccus sciuri	C24_trihydroxy	1
1297064|Trichechus manatus manatus	C23_dihydroxy	3
1297064|Trichechus manatus manatus	C23_monohydroxy	1
1297064|Trichechus manatus manatus	C23_trihydroxy	2
1297064|Trichechus manatus manatus	C24_dihydroxy	12
1297064|Trichechus manatus manatus	C24_monohydroxy	2
1297064|Trichechus manatus manatus	C24_trihydroxy	10
1297064|Trichechus manatus manatus	C27_dihydroxy	20
1297064|Trichechus manatus manatus	C27_monohydroxy	14
1297064|Trichechus manatus manatus	C27_tetrahydroxy	3
1297064|Trichechus manatus manatus	C27_trihydroxy	3
1297064|Trichechus manatus manatus	C28_alcohol_3OH	0
12990|Carpinus betulus	C23_tetrahydroxy	2
12990|Carpinus betulus	C24_alkamine_trihydroxy	1
12990|Carpinus betulus	C24_alkamine_pentahydroxy	17
12990|Carpinus betulus	C24_alkamine_tetrahydroxy	11
12990|Carpinus betulus	C24_monohydroxy	23
12990|Carpinus betulus	C24_tetrahydroxy	92
12990|Carpinus betulus	C27_dihydroxy	17
12990|Carpinus betulus	C27_pentahydroxy	5
12990|Carpinus betulus	C27_tetrahydroxy	10
12990|Carpinus betulus	C27_trihydroxy	12
12990|Carpinus betulus	C28_alcohol_3OH	0
1303000|Babyrousa celebensis	C24_alkamine_trihydroxy	2
1303000|Babyrousa celebensis	C24_alkamine_dihydroxy	3
1303000|Babyrousa celebensis	C24_alkamine_tetrahydroxy	1
1303000|Babyrousa celebensis	C24_dihydroxy	36
1303000|Babyrousa celebensis	C24_tetrahydroxy	5
1303000|Babyrousa celebensis	C24_trihydroxy	17
1303000|Babyrousa celebensis	C27_dihydroxy	1
1303000|Babyrousa celebensis	C27_monohydroxy	2
1303066|Bycanistes cylindricus	C24_dihydroxy	1
1303066|Bycanistes cylindricus	C24_monohydroxy	3
1303066|Bycanistes cylindricus	C24_trihydroxy	3
1303066|Bycanistes cylindricus	C27_pentahydroxy	2
1303258|Rhyticeros plicatus	C24_dihydroxy	4
1303258|Rhyticeros plicatus	C24_monohydroxy	3
1303258|Rhyticeros plicatus	C24_trihydroxy	3
1303258|Rhyticeros plicatus	C27_dihydroxy	1
1303258|Rhyticeros plicatus	C27_monohydroxy	1
1303258|Rhyticeros plicatus	C27_pentahydroxy	1
1303258|Rhyticeros plicatus	C27_tetrahydroxy	2
1303258|Rhyticeros plicatus	C27_trihydroxy	2
1303258|Rhyticeros plicatus	C28_alcohol_3OH	0
130381|Piper arboreum	C23_pentahydroxy	12
130381|Piper arboreum	C24_alkamine_tetrahydroxy	2
130381|Piper arboreum	C28_alcohol_3OH	0
1304|Streptococcus salivarius	C27_monohydroxy	1
1304|Streptococcus salivarius	C27_pentahydroxy	1
1304|Streptococcus salivarius	C28_alcohol_2OH	0
1305837|Streptomyces sp. CNS606	C24_alkamine_pentahydroxy	1
130897|Collybia cirrhata	C24_tetrahydroxy	1
130898|Rupicapra rupicapra rupicapra	C24_alkamine_trihydroxy	3
130898|Rupicapra rupicapra rupicapra	C24_dihydroxy	8
130898|Rupicapra rupicapra rupicapra	C24_monohydroxy	2
130898|Rupicapra rupicapra rupicapra	C24_tetrahydroxy	4
130898|Rupicapra rupicapra rupicapra	C24_trihydroxy	12
130898|Rupicapra rupicapra rupicapra	C27_monohydroxy	1
13100|Juniperus	C28_alcohol_3OH	0
1311532|Atherinopsis californiensis	C24_alkamine_trihydroxy	2
1311532|Atherinopsis californiensis	C24_dihydroxy	6
1311532|Atherinopsis californiensis	C24_tetrahydroxy	2
1311532|Atherinopsis californiensis	C24_trihydroxy	6
1311532|Atherinopsis californiensis	C27_dihydroxy	8
1311532|Atherinopsis californiensis	C28_alcohol_2OH	0
13125|Lynx lynx	C23_trihydroxy	3
13125|Lynx lynx	C24_alkamine_trihydroxy	61
13125|Lynx lynx	C24_alkamine_dihydroxy	19
13125|Lynx lynx	C24_alkamine_tetrahydroxy	1
13125|Lynx lynx	C24_dihydroxy	53
13125|Lynx lynx	C24_tetrahydroxy	3
13125|Lynx lynx	C24_trihydroxy	88
13125|Lynx lynx	C27_dihydroxy	1
1316586|Fusobacterium nucleatum CTI-5	C24_alkamine_trihydroxy	2
1316586|Fusobacterium nucleatum CTI-5	C24_dihydroxy	1
1316587|Fusobacterium nucleatum CTI-6	C24_alkamine_trihydroxy	31
1316587|Fusobacterium nucleatum CTI-6	C24_alkamine_dihydroxy	31
1316587|Fusobacterium nucleatum CTI-6	C24_dihydroxy	2
1316587|Fusobacterium nucleatum CTI-6	C24_trihydroxy	7
1316588|Fusobacterium nucleatum CTI-7	C24_alkamine_trihydroxy	2
1316588|Fusobacterium nucleatum CTI-7	C24_trihydroxy	1
13169|Nematanthus	C24_trihydroxy	1
13169|Nematanthus	C28_alcohol_3OH	0
13180|Nymphicus hollandicus	C24_dihydroxy	5
13180|Nymphicus hollandicus	C24_tetrahydroxy	6
13180|Nymphicus hollandicus	C24_trihydroxy	9
13215|Piper	C23_pentahydroxy	36
13215|Piper	C24_alkamine_monohydroxy	2
13215|Piper	C24_alkamine_pentahydroxy	8
13215|Piper	C24_alkamine_tetrahydroxy	24
13215|Piper	C24_monohydroxy	2
13215|Piper	C26_dihydroxy	2
13215|Piper	C28_alcohol_2OH	0
13215|Piper	C28_alcohol_3OH	0
13216|Piper nigrum	C23_pentahydroxy	2
13216|Piper nigrum	C24_pentahydroxy	1
13216|Piper nigrum	C28_alcohol_2OH	0
13216|Piper nigrum	C28_alcohol_3OH	0
1321778|Clostridiales bacterium oral taxon 876 str. F0540	C24_alkamine_trihydroxy	27
1321778|Clostridiales bacterium oral taxon 876 str. F0540	C24_alkamine_dihydroxy	38
1321778|Clostridiales bacterium oral taxon 876 str. F0540	C24_dihydroxy	3
1321778|Clostridiales bacterium oral taxon 876 str. F0540	C24_trihydroxy	9
132249|Nocardia veterana	C28_alcohol_3OH	0
132459|Pueraria montana	C27_dihydroxy	14
132459|Pueraria montana	C27_monohydroxy	11
132459|Pueraria montana	C27_tetrahydroxy	1
132459|Pueraria montana	C27_trihydroxy	1
132459|Pueraria montana	C28_alcohol_3OH	0
132473|Streptomyces alboniger	C24_alkamine_trihydroxy	4
132473|Streptomyces alboniger	C28_alcohol_3OH	0
132474|Streptomyces rimosus subsp. rimosus	C23_pentahydroxy	14
132474|Streptomyces rimosus subsp. rimosus	C24_alkamine_pentahydroxy	6
132474|Streptomyces rimosus subsp. rimosus	C24_alkamine_tetrahydroxy	4
132474|Streptomyces rimosus subsp. rimosus	C24_pentahydroxy	44
132474|Streptomyces rimosus subsp. rimosus	C24_trihydroxy	2
132474|Streptomyces rimosus subsp. rimosus	C27_pentahydroxy	2
132474|Streptomyces rimosus subsp. rimosus	C28_alcohol_3OH	0
132548|Colobus guereza kikuyuensis	C24_dihydroxy	14
132548|Colobus guereza kikuyuensis	C24_monohydroxy	1
132548|Colobus guereza kikuyuensis	C24_trihydroxy	5
132548|Colobus guereza kikuyuensis	C27_monohydroxy	2
1328037|Thelotornis usambaricus	C24_alkamine_pentahydroxy	2
1328037|Thelotornis usambaricus	C24_dihydroxy	1
1328037|Thelotornis usambaricus	C24_pentahydroxy	1
1328037|Thelotornis usambaricus	C24_tetrahydroxy	10
1328037|Thelotornis usambaricus	C24_trihydroxy	18
133197|Musa basjoo	C24_alkamine_pentahydroxy	2
133197|Musa basjoo	C28_alcohol_3OH	0
13329|Achillea millefolium	C23_trihydroxy	1
13329|Achillea millefolium	C24_trihydroxy	3
13329|Achillea millefolium	C27_pentahydroxy	1
133304|Myoporum montanum	C24_alkamine_pentahydroxy	4
133304|Myoporum montanum	C28_alcohol_2OH	0
13345|Ardisia crenata	C23_pentahydroxy	1
13345|Ardisia crenata	C24_alkamine_pentahydroxy	4
13345|Ardisia crenata	C24_tetrahydroxy	1
13345|Ardisia crenata	C24_trihydroxy	2
13345|Ardisia crenata	C28_alcohol_2OH	0
13345|Ardisia crenata	C28_alcohol_3OH	0
13353|Auxis thazard	C24_alkamine_trihydroxy	1
13353|Auxis thazard	C24_alkamine_pentahydroxy	1
13353|Auxis thazard	C24_dihydroxy	7
13353|Auxis thazard	C24_tetrahydroxy	1
13353|Auxis thazard	C24_trihydroxy	2
133561|Commersonia	C24_alkamine_trihydroxy	4
133561|Commersonia	C24_tetrahydroxy	14
133561|Commersonia	C24_trihydroxy	2
133561|Commersonia	C28_alcohol_2OH	0
133561|Commersonia	C28_alcohol_3OH	0
13362|Borago	C23_tetrahydroxy	2
13362|Borago	C28_alcohol_3OH	0
13422|Chrysanthemum	C24_trihydroxy	1
134262|Streptococcus mitis bv. 2	C24_alkamine_trihydroxy	7
134262|Streptococcus mitis bv. 2	C24_alkamine_dihydroxy	4
134262|Streptococcus mitis bv. 2	C24_dihydroxy	3
134262|Streptococcus mitis bv. 2	C24_trihydroxy	8
13426|Cichorium	C28_alcohol_3OH	0
13429|Cinnamomum camphora	C23_trihydroxy	1
13429|Cinnamomum camphora	C24_dihydroxy	4
13429|Cinnamomum camphora	C24_monohydroxy	9
13429|Cinnamomum camphora	C27_dihydroxy	2
13429|Cinnamomum camphora	C27_tetrahydroxy	2
13429|Cinnamomum camphora	C27_trihydroxy	2
1343485|Coracias benghalensis	C24_dihydroxy	3
1343485|Coracias benghalensis	C24_tetrahydroxy	2
1343485|Coracias benghalensis	C24_trihydroxy	3
1343485|Coracias benghalensis	C27_dihydroxy	1
1343485|Coracias benghalensis	C27_monohydroxy	1
1343485|Coracias benghalensis	C27_pentahydroxy	1
1343485|Coracias benghalensis	C27_tetrahydroxy	2
1343485|Coracias benghalensis	C27_trihydroxy	1
1343486|Dinopium benghalense	C24_alkamine_trihydroxy	12
1343486|Dinopium benghalense	C24_alkamine_tetrahydroxy	3
1343486|Dinopium benghalense	C24_dihydroxy	13
1343486|Dinopium benghalense	C24_tetrahydroxy	5
1343486|Dinopium benghalense	C24_trihydroxy	10
1343486|Dinopium benghalense	C27_monohydroxy	2
13443|Coffea arabica	C23_dihydroxy	3
13443|Coffea arabica	C23_pentahydroxy	1
13443|Coffea arabica	C23_trihydroxy	6
13443|Coffea arabica	C24_alkamine_trihydroxy	23
13443|Coffea arabica	C24_alkamine_pentahydroxy	8
13443|Coffea arabica	C24_alkamine_tetrahydroxy	29
13443|Coffea arabica	C24_dihydroxy	8
13443|Coffea arabica	C24_trihydroxy	8
13443|Coffea arabica	C27_dihydroxy	25
13443|Coffea arabica	C27_pentahydroxy	29
13443|Coffea arabica	C28_alcohol_2OH	0
13443|Coffea arabica	C28_alcohol_3OH	0
13451|Corylus avellana	C24_trihydroxy	2
13451|Corylus avellana	C28_alcohol_2OH	0
134618|Alepocephalus bairdii	C24_alkamine_trihydroxy	4
134618|Alepocephalus bairdii	C24_alkamine_dihydroxy	3
134618|Alepocephalus bairdii	C24_dihydroxy	1
134618|Alepocephalus bairdii	C24_tetrahydroxy	2
134618|Alepocephalus bairdii	C24_trihydroxy	8
134618|Alepocephalus bairdii	C27_dihydroxy	1
134618|Alepocephalus bairdii	C27_monohydroxy	2
134618|Alepocephalus bairdii	C27_tetrahydroxy	1
134618|Alepocephalus bairdii	C27_trihydroxy	1
13489|Dicentrarchus labrax	C23_pentahydroxy	2
13489|Dicentrarchus labrax	C24_alkamine_trihydroxy	8
13489|Dicentrarchus labrax	C24_alkamine_dihydroxy	2
13489|Dicentrarchus labrax	C24_alkamine_pentahydroxy	9
13489|Dicentrarchus labrax	C24_alkamine_tetrahydroxy	4
13489|Dicentrarchus labrax	C24_dihydroxy	18
13489|Dicentrarchus labrax	C24_monohydroxy	6
13489|Dicentrarchus labrax	C24_pentahydroxy	26
13489|Dicentrarchus labrax	C24_tetrahydroxy	28
13489|Dicentrarchus labrax	C24_trihydroxy	70
13489|Dicentrarchus labrax	C27_dihydroxy	10
13489|Dicentrarchus labrax	C27_monohydroxy	2
13489|Dicentrarchus labrax	C27_tetrahydroxy	4
13489|Dicentrarchus labrax	C27_trihydroxy	4
13489|Dicentrarchus labrax	C28_alcohol_2OH	0
13489|Dicentrarchus labrax	C28_alcohol_3OH	0
13514|Eulemur coronatus	C24_alkamine_dihydroxy	3
13514|Eulemur coronatus	C24_alkamine_tetrahydroxy	1
13514|Eulemur coronatus	C24_dihydroxy	7
13514|Eulemur coronatus	C24_monohydroxy	2
13514|Eulemur coronatus	C24_tetrahydroxy	6
13514|Eulemur coronatus	C24_trihydroxy	10
13514|Eulemur coronatus	C27_dihydroxy	6
13514|Eulemur coronatus	C27_monohydroxy	3
13514|Eulemur coronatus	C27_tetrahydroxy	1
13514|Eulemur coronatus	C27_trihydroxy	1
1352|Enterococcus faecium	C23_dihydroxy	3
1352|Enterococcus faecium	C23_monohydroxy	3
1352|Enterococcus faecium	C23_pentahydroxy	3
1352|Enterococcus faecium	C23_tetrahydroxy	3
1352|Enterococcus faecium	C24_alkamine_trihydroxy	4
1352|Enterococcus faecium	C24_alkamine_dihydroxy	4
1352|Enterococcus faecium	C24_alkamine_monohydroxy	1
1352|Enterococcus faecium	C24_alkamine_pentahydroxy	9
1352|Enterococcus faecium	C24_alkamine_tetrahydroxy	6
1352|Enterococcus faecium	C26_dihydroxy	14
1352|Enterococcus faecium	C27_dihydroxy	1
1352|Enterococcus faecium	C27_monohydroxy	10
1352|Enterococcus faecium	C27_pentahydroxy	6
1352|Enterococcus faecium	C27_tetrahydroxy	8
1352|Enterococcus faecium	C27_trihydroxy	8
1352|Enterococcus faecium	C28_alcohol_2OH	0
1352|Enterococcus faecium	C28_alcohol_3OH	0
13557|Hapalemur griseus	C24_alkamine_trihydroxy	1
13557|Hapalemur griseus	C24_alkamine_dihydroxy	1
13557|Hapalemur griseus	C24_dihydroxy	6
13557|Hapalemur griseus	C24_tetrahydroxy	1
13557|Hapalemur griseus	C24_trihydroxy	13
13557|Hapalemur griseus	C27_dihydroxy	1
135627|Columba guinea	C24_dihydroxy	2
135627|Columba guinea	C24_trihydroxy	2
135635|Spilopelia senegalensis	C24_alkamine_trihydroxy	1
135635|Spilopelia senegalensis	C24_dihydroxy	5
135635|Spilopelia senegalensis	C24_trihydroxy	3
135635|Spilopelia senegalensis	C27_dihydroxy	1
1357382|Bifidobacterium angulatum F16_22	C24_alkamine_trihydroxy	28
1357382|Bifidobacterium angulatum F16_22	C24_alkamine_dihydroxy	35
1357382|Bifidobacterium angulatum F16_22	C24_dihydroxy	6
1357382|Bifidobacterium angulatum F16_22	C24_tetrahydroxy	1
1357382|Bifidobacterium angulatum F16_22	C24_trihydroxy	13
1357384|Christensenella hongkongensis AB8_9	C24_alkamine_trihydroxy	44
1357384|Christensenella hongkongensis AB8_9	C24_alkamine_dihydroxy	52
1357384|Christensenella hongkongensis AB8_9	C24_dihydroxy	10
1357384|Christensenella hongkongensis AB8_9	C24_trihydroxy	5
1357716|Batrachochytrium salamandrivorans	C24_alkamine_trihydroxy	28
1357716|Batrachochytrium salamandrivorans	C24_trihydroxy	3
135972|Calyptomena viridis	C24_dihydroxy	4
135972|Calyptomena viridis	C24_trihydroxy	4
136217|Curcuma longa	C23_pentahydroxy	3
136217|Curcuma longa	C28_alcohol_3OH	0
13625|Paeonia	C27_dihydroxy	3
13625|Paeonia	C28_alcohol_2OH	0
13625|Paeonia	C28_alcohol_3OH	0
136416|Nothrotheriops shastensis	C24_alkamine_trihydroxy	1
136416|Nothrotheriops shastensis	C24_alkamine_dihydroxy	2
136416|Nothrotheriops shastensis	C24_dihydroxy	4
136416|Nothrotheriops shastensis	C24_trihydroxy	4
136468|Vibrio lentus	C28_alcohol_3OH	0
13667|Sansevieria	C28_alcohol_2OH	0
13667|Sansevieria	C28_alcohol_3OH	0
1366891|Holacanthus clarionensis	C24_alkamine_dihydroxy	2
1366891|Holacanthus clarionensis	C24_trihydroxy	1
13668|Sansevieria cylindrica	C23_pentahydroxy	3
13668|Sansevieria cylindrica	C24_alkamine_tetrahydroxy	3
13668|Sansevieria cylindrica	C24_pentahydroxy	1
13668|Sansevieria cylindrica	C27_pentahydroxy	2
13668|Sansevieria cylindrica	C28_alcohol_3OH	0
13677|Scomber scombrus	C24_dihydroxy	2
13677|Scomber scombrus	C24_tetrahydroxy	3
13677|Scomber scombrus	C24_trihydroxy	2
13695|Stokesia	C23_pentahydroxy	1
13695|Stokesia	C23_trihydroxy	3
13695|Stokesia	C28_alcohol_3OH	0
13707|Tagetes	C24_trihydroxy	1
13707|Tagetes	C27_monohydroxy	2
13735|Pelodiscus sinensis	C24_dihydroxy	4
13735|Pelodiscus sinensis	C24_trihydroxy	2
137456|Sanguisorba minor	C24_alkamine_pentahydroxy	1
137456|Sanguisorba minor	C24_tetrahydroxy	2
137457|Sanguisorba officinalis	C23_trihydroxy	1
137457|Sanguisorba officinalis	C24_tetrahydroxy	1
137457|Sanguisorba officinalis	C24_trihydroxy	2
137457|Sanguisorba officinalis	C27_pentahydroxy	2
13746|Uria aalge	C24_alkamine_trihydroxy	1
13746|Uria aalge	C24_alkamine_tetrahydroxy	4
13746|Uria aalge	C24_dihydroxy	12
13746|Uria aalge	C24_tetrahydroxy	9
13746|Uria aalge	C24_trihydroxy	9
13746|Uria aalge	C27_dihydroxy	3
13746|Uria aalge	C27_monohydroxy	2
13746|Uria aalge	C27_tetrahydroxy	2
13746|Uria aalge	C27_trihydroxy	2
13749|Vaccinium	C24_dihydroxy	2
13749|Vaccinium	C28_alcohol_3OH	0
13750|Vaccinium macrocarpon	C28_alcohol_3OH	0
137665|Ranunculus repens	C23_trihydroxy	1
137665|Ranunculus repens	C24_trihydroxy	1
137665|Ranunculus repens	C27_pentahydroxy	1
1377|Aerococcus viridans	C24_alkamine_trihydroxy	42
1377|Aerococcus viridans	C24_alkamine_dihydroxy	16
1377|Aerococcus viridans	C24_alkamine_pentahydroxy	1
1377|Aerococcus viridans	C24_alkamine_tetrahydroxy	11
1377|Aerococcus viridans	C24_dihydroxy	6
1377|Aerococcus viridans	C24_monohydroxy	2
1377|Aerococcus viridans	C24_tetrahydroxy	5
1377|Aerococcus viridans	C24_trihydroxy	11
138336|Blastococcus saxobsidens	C24_dihydroxy	6
138336|Blastococcus saxobsidens	C24_trihydroxy	4
1384484|Adlercreutzia equolifaciens DSM 19450	C28_alcohol_2OH	0
1384484|Adlercreutzia equolifaciens DSM 19450	C28_alcohol_3OH	0
1385488|Clitocybe salmonilamella	C24_tetrahydroxy	2
1386|Bacillus	C24_alkamine_trihydroxy	165
1386|Bacillus	C24_alkamine_dihydroxy	85
1386|Bacillus	C24_alkamine_monohydroxy	12
1386|Bacillus	C24_alkamine_pentahydroxy	1
1386|Bacillus	C24_alkamine_tetrahydroxy	53
1386|Bacillus	C24_dihydroxy	64
1386|Bacillus	C24_monohydroxy	3
1386|Bacillus	C24_nonhydroxy	3
1386|Bacillus	C24_tetrahydroxy	25
1386|Bacillus	C24_trihydroxy	72
1386|Bacillus	C27_dihydroxy	2
1387305|Metynnis argenteus	C24_alkamine_trihydroxy	11
1387305|Metynnis argenteus	C24_alkamine_dihydroxy	9
1387305|Metynnis argenteus	C24_alkamine_tetrahydroxy	1
1387305|Metynnis argenteus	C24_dihydroxy	2
1387305|Metynnis argenteus	C24_monohydroxy	1
1387305|Metynnis argenteus	C24_trihydroxy	8
1387305|Metynnis argenteus	C27_dihydroxy	3
1387305|Metynnis argenteus	C27_monohydroxy	3
1387305|Metynnis argenteus	C27_pentahydroxy	1
139014|Acacia paradoxa	C28_alcohol_3OH	0
139037|Myoporum insulare	C28_alcohol_3OH	0
1390561|Ptilinopus coronulatus	C24_dihydroxy	3
1390561|Ptilinopus coronulatus	C24_trihydroxy	2
1390567|Ptilinopus cinctus	C24_alkamine_dihydroxy	2
1390567|Ptilinopus cinctus	C24_dihydroxy	43
1390567|Ptilinopus cinctus	C24_monohydroxy	4
1390567|Ptilinopus cinctus	C24_tetrahydroxy	7
1390567|Ptilinopus cinctus	C24_trihydroxy	35
1390567|Ptilinopus cinctus	C27_dihydroxy	4
1390567|Ptilinopus cinctus	C27_monohydroxy	5
1390574|Ptilinopus iozonus	C24_alkamine_pentahydroxy	1
1390574|Ptilinopus iozonus	C24_dihydroxy	12
1390574|Ptilinopus iozonus	C24_tetrahydroxy	5
1390574|Ptilinopus iozonus	C24_trihydroxy	16
1390575|Ptilinopus jambu	C24_alkamine_dihydroxy	3
1390575|Ptilinopus jambu	C24_alkamine_tetrahydroxy	1
1390575|Ptilinopus jambu	C24_dihydroxy	29
1390575|Ptilinopus jambu	C24_tetrahydroxy	3
1390575|Ptilinopus jambu	C24_trihydroxy	12
1390575|Ptilinopus jambu	C27_monohydroxy	1
1390577|Ptilinopus marchei	C24_dihydroxy	6
1390577|Ptilinopus marchei	C24_trihydroxy	11
1390577|Ptilinopus marchei	C27_monohydroxy	2
1390993|Ptilinopus merrilli	C24_dihydroxy	6
1390993|Ptilinopus merrilli	C24_trihydroxy	8
1390996|Ptilinopus ornatus	C24_alkamine_trihydroxy	2
1390996|Ptilinopus ornatus	C24_dihydroxy	7
1390996|Ptilinopus ornatus	C24_tetrahydroxy	5
1390996|Ptilinopus ornatus	C24_trihydroxy	16
1390996|Ptilinopus ornatus	C27_monohydroxy	1
1390998|Ptilinopus perlatus	C24_dihydroxy	9
1390998|Ptilinopus perlatus	C24_tetrahydroxy	5
1390998|Ptilinopus perlatus	C24_trihydroxy	11
1390998|Ptilinopus perlatus	C27_monohydroxy	1
1390998|Ptilinopus perlatus	C27_tetrahydroxy	1
1390998|Ptilinopus perlatus	C27_trihydroxy	1
1390|Bacillus amyloliquefaciens	C23_monohydroxy	1
1390|Bacillus amyloliquefaciens	C28_alcohol_3OH	0
1391001|Ptilinopus porphyreus	C24_dihydroxy	8
1391001|Ptilinopus porphyreus	C24_tetrahydroxy	1
1391001|Ptilinopus porphyreus	C24_trihydroxy	9
139222|Thunbergia mysorensis	C28_alcohol_3OH	0
1396|Bacillus cereus	C24_alkamine_trihydroxy	50
1396|Bacillus cereus	C24_trihydroxy	19
1396|Bacillus cereus	C28_alcohol_2OH	0
1396|Bacillus cereus	C28_alcohol_3OH	0
1397|Niallia circulans	C24_alkamine_trihydroxy	75
1397|Niallia circulans	C24_alkamine_dihydroxy	33
1397|Niallia circulans	C24_alkamine_tetrahydroxy	17
1397|Niallia circulans	C24_dihydroxy	18
1397|Niallia circulans	C24_monohydroxy	9
1397|Niallia circulans	C24_tetrahydroxy	12
1397|Niallia circulans	C24_trihydroxy	31
140017|Lampropeltis triangulum	C24_dihydroxy	4
140017|Lampropeltis triangulum	C24_trihydroxy	5
1401063|Pseudoglutamicibacter albus DNF00011	C24_alkamine_trihydroxy	1
1401064|Corynebacterium tuscaniense DNF00037	C24_alkamine_trihydroxy	1
1401067|Veillonella montpellierensis DNF00314	C24_alkamine_trihydroxy	24
1401067|Veillonella montpellierensis DNF00314	C24_alkamine_dihydroxy	29
1401067|Veillonella montpellierensis DNF00314	C24_dihydroxy	3
1401067|Veillonella montpellierensis DNF00314	C24_trihydroxy	7
1401070|Peptoniphilus lacrimalis DNF00528	C24_alkamine_trihydroxy	30
1401070|Peptoniphilus lacrimalis DNF00528	C24_alkamine_dihydroxy	40
1401070|Peptoniphilus lacrimalis DNF00528	C24_dihydroxy	3
1401070|Peptoniphilus lacrimalis DNF00528	C24_trihydroxy	7
1401072|Prevotella bivia DNF00650	C24_alkamine_trihydroxy	23
1401072|Prevotella bivia DNF00650	C24_alkamine_dihydroxy	29
1401072|Prevotella bivia DNF00650	C24_dihydroxy	2
1401072|Prevotella bivia DNF00650	C24_trihydroxy	7
1401075|Prevotella disiens DNF00882	C24_alkamine_trihydroxy	20
1401075|Prevotella disiens DNF00882	C24_alkamine_dihydroxy	37
1401075|Prevotella disiens DNF00882	C24_dihydroxy	4
1401075|Prevotella disiens DNF00882	C24_trihydroxy	8
1401076|Megasphaera micronuciformis DNF00954	C24_alkamine_trihydroxy	1
1401076|Megasphaera micronuciformis DNF00954	C24_trihydroxy	1
1401077|Prevotella denticola DNF00960	C24_alkamine_trihydroxy	24
1401077|Prevotella denticola DNF00960	C24_alkamine_dihydroxy	32
1401077|Prevotella denticola DNF00960	C24_dihydroxy	4
1401077|Prevotella denticola DNF00960	C24_trihydroxy	6
14027|Trachycarpus fortunei	C24_alkamine_monohydroxy	2
14027|Trachycarpus fortunei	C27_monohydroxy	2
14027|Trachycarpus fortunei	C28_alcohol_2OH	0
14027|Trachycarpus fortunei	C28_alcohol_3OH	0
140419|Cunonia capensis	C24_alkamine_monohydroxy	1
140419|Cunonia capensis	C28_alcohol_2OH	0
140419|Cunonia capensis	C28_alcohol_3OH	0
140443|Lophura erythrophthalma	C24_alkamine_trihydroxy	1
140443|Lophura erythrophthalma	C24_alkamine_dihydroxy	3
140443|Lophura erythrophthalma	C24_alkamine_tetrahydroxy	2
140443|Lophura erythrophthalma	C24_dihydroxy	20
140443|Lophura erythrophthalma	C24_monohydroxy	3
140443|Lophura erythrophthalma	C24_tetrahydroxy	5
140443|Lophura erythrophthalma	C24_trihydroxy	5
140443|Lophura erythrophthalma	C27_dihydroxy	3
140443|Lophura erythrophthalma	C27_monohydroxy	3
140443|Lophura erythrophthalma	C27_tetrahydroxy	1
140443|Lophura erythrophthalma	C27_trihydroxy	1
140443|Lophura erythrophthalma	C28_alcohol_3OH	0
1406|Paenibacillus polymyxa	C24_alkamine_trihydroxy	2
1406|Paenibacillus polymyxa	C24_dihydroxy	66
1406|Paenibacillus polymyxa	C24_tetrahydroxy	36
1406|Paenibacillus polymyxa	C24_trihydroxy	190
1409|Bacillus sp. (in: firmicutes)	C24_alkamine_trihydroxy	15
1409|Bacillus sp. (in: firmicutes)	C24_alkamine_dihydroxy	5
1409|Bacillus sp. (in: firmicutes)	C24_alkamine_pentahydroxy	1
1409|Bacillus sp. (in: firmicutes)	C24_alkamine_tetrahydroxy	6
1409|Bacillus sp. (in: firmicutes)	C24_dihydroxy	6
1409|Bacillus sp. (in: firmicutes)	C24_tetrahydroxy	4
1409|Bacillus sp. (in: firmicutes)	C24_trihydroxy	3
141330|Rungia	C24_trihydroxy	5
141330|Rungia	C28_alcohol_3OH	0
141331|Rungia klossii	C28_alcohol_3OH	0
141591|Ochrosia elliptica	C23_pentahydroxy	2
141591|Ochrosia elliptica	C24_alkamine_trihydroxy	2
141591|Ochrosia elliptica	C24_alkamine_pentahydroxy	2
141591|Ochrosia elliptica	C24_monohydroxy	12
141591|Ochrosia elliptica	C24_tetrahydroxy	1
141591|Ochrosia elliptica	C24_trihydroxy	2
141591|Ochrosia elliptica	C27_dihydroxy	14
141591|Ochrosia elliptica	C28_alcohol_3OH	0
141614|Strophanthus gratus	C28_alcohol_3OH	0
1417980|Streptomyces odonnellii	C23_pentahydroxy	24
1417980|Streptomyces odonnellii	C24_alkamine_pentahydroxy	2
1417980|Streptomyces odonnellii	C24_alkamine_tetrahydroxy	4
1417980|Streptomyces odonnellii	C24_pentahydroxy	2
1417980|Streptomyces odonnellii	C24_tetrahydroxy	70
1417980|Streptomyces odonnellii	C27_pentahydroxy	16
1417980|Streptomyces odonnellii	C28_alcohol_3OH	0
1420851|Methyloprofundus sedimenti	C24_alkamine_tetrahydroxy	2
1420851|Methyloprofundus sedimenti	C28_alcohol_2OH	0
1420851|Methyloprofundus sedimenti	C28_alcohol_3OH	0
1420889|Micromonospora profundi	C28_alcohol_3OH	0
1421566|Bacillus amyloliquefaciens AB01	C23_monohydroxy	2
1421566|Bacillus amyloliquefaciens AB01	C28_alcohol_3OH	0
1423|Bacillus subtilis	C24_alkamine_trihydroxy	107
1423|Bacillus subtilis	C24_alkamine_dihydroxy	44
1423|Bacillus subtilis	C24_alkamine_monohydroxy	10
1423|Bacillus subtilis	C24_alkamine_pentahydroxy	1
1423|Bacillus subtilis	C24_alkamine_tetrahydroxy	24
1423|Bacillus subtilis	C24_dihydroxy	37
1423|Bacillus subtilis	C24_tetrahydroxy	11
1423|Bacillus subtilis	C24_trihydroxy	44
1423|Bacillus subtilis	C28_alcohol_2OH	0
1423|Bacillus subtilis	C28_alcohol_3OH	0
142467|Baeolophus inornatus	C23_dihydroxy	2
142467|Baeolophus inornatus	C23_trihydroxy	1
142467|Baeolophus inornatus	C24_alkamine_pentahydroxy	1
142467|Baeolophus inornatus	C24_dihydroxy	2
142467|Baeolophus inornatus	C24_tetrahydroxy	2
142467|Baeolophus inornatus	C24_trihydroxy	3
142467|Baeolophus inornatus	C27_dihydroxy	2
142467|Baeolophus inornatus	C27_monohydroxy	2
142472|Vireo huttoni	C24_dihydroxy	2
142472|Vireo huttoni	C24_trihydroxy	1
142659|Polyplectron inopinatum	C24_alkamine_trihydroxy	2
142659|Polyplectron inopinatum	C24_alkamine_dihydroxy	2
142659|Polyplectron inopinatum	C24_dihydroxy	8
142659|Polyplectron inopinatum	C24_monohydroxy	1
142659|Polyplectron inopinatum	C24_tetrahydroxy	6
142659|Polyplectron inopinatum	C24_trihydroxy	9
142659|Polyplectron inopinatum	C27_dihydroxy	4
142659|Polyplectron inopinatum	C27_monohydroxy	2
142860|Euphorbia tirucalli	C23_pentahydroxy	2
142860|Euphorbia tirucalli	C28_alcohol_3OH	0
143288|Cuniculus taczanowskii	C24_alkamine_trihydroxy	1
143288|Cuniculus taczanowskii	C24_alkamine_tetrahydroxy	3
143288|Cuniculus taczanowskii	C24_dihydroxy	14
143288|Cuniculus taczanowskii	C24_tetrahydroxy	26
143288|Cuniculus taczanowskii	C24_trihydroxy	28
143289|Tupaia minor	C24_dihydroxy	7
143289|Tupaia minor	C24_tetrahydroxy	3
143289|Tupaia minor	C24_trihydroxy	10
143289|Tupaia minor	C27_monohydroxy	1
143291|Pteropus medius	C24_alkamine_dihydroxy	1
143291|Pteropus medius	C24_alkamine_tetrahydroxy	1
143291|Pteropus medius	C24_dihydroxy	12
143291|Pteropus medius	C24_monohydroxy	2
143291|Pteropus medius	C24_trihydroxy	10
143291|Pteropus medius	C27_dihydroxy	7
143291|Pteropus medius	C27_monohydroxy	6
143291|Pteropus medius	C27_tetrahydroxy	3
143291|Pteropus medius	C27_trihydroxy	3
143350|Pagrus major	C24_alkamine_trihydroxy	2
143350|Pagrus major	C24_alkamine_pentahydroxy	2
143350|Pagrus major	C24_dihydroxy	7
143350|Pagrus major	C24_pentahydroxy	2
143350|Pagrus major	C24_tetrahydroxy	5
143350|Pagrus major	C24_trihydroxy	13
143350|Pagrus major	C27_dihydroxy	2
143350|Pagrus major	C27_monohydroxy	1
143350|Pagrus major	C27_tetrahydroxy	1
143350|Pagrus major	C27_trihydroxy	1
143419|Hyperolius semidiscus	C24_trihydroxy	2
143419|Hyperolius semidiscus	C27_dihydroxy	8
143419|Hyperolius semidiscus	C27_monohydroxy	3
143419|Hyperolius semidiscus	C27_tetrahydroxy	4
143419|Hyperolius semidiscus	C27_trihydroxy	4
1434255|Streptomyces lushanensis	C28_alcohol_2OH	0
143492|Ptychadena bibroni	C23_dihydroxy	1
143492|Ptychadena bibroni	C24_dihydroxy	5
143492|Ptychadena bibroni	C24_tetrahydroxy	2
143492|Ptychadena bibroni	C24_trihydroxy	6
143492|Ptychadena bibroni	C27_dihydroxy	4
143492|Ptychadena bibroni	C27_monohydroxy	2
143492|Ptychadena bibroni	C27_tetrahydroxy	3
143492|Ptychadena bibroni	C27_trihydroxy	3
143502|Chiromantis rufescens	C27_dihydroxy	5
143502|Chiromantis rufescens	C27_monohydroxy	6
143502|Chiromantis rufescens	C27_tetrahydroxy	2
143502|Chiromantis rufescens	C27_trihydroxy	2
143527|Microhyla pulchra	C23_dihydroxy	2
143527|Microhyla pulchra	C24_alkamine_pentahydroxy	2
143527|Microhyla pulchra	C24_dihydroxy	3
143527|Microhyla pulchra	C24_tetrahydroxy	1
143527|Microhyla pulchra	C24_trihydroxy	2
143527|Microhyla pulchra	C27_dihydroxy	4
143527|Microhyla pulchra	C27_monohydroxy	5
143527|Microhyla pulchra	C27_tetrahydroxy	3
143527|Microhyla pulchra	C27_trihydroxy	3
144055|Cellulomonas humilata	C24_trihydroxy	2
1456794|Aspergillus fumigatus GA-L7	C24_alkamine_tetrahydroxy	1
1456794|Aspergillus fumigatus GA-L7	C24_trihydroxy	3
145694|Licuala grandis	C24_alkamine_tetrahydroxy	1
145694|Licuala grandis	C27_tetrahydroxy	1
145694|Licuala grandis	C27_trihydroxy	1
145745|Althaea officinalis	C23_pentahydroxy	1
145745|Althaea officinalis	C23_tetrahydroxy	1
145745|Althaea officinalis	C24_alkamine_trihydroxy	6
145745|Althaea officinalis	C24_alkamine_pentahydroxy	1
145745|Althaea officinalis	C24_alkamine_tetrahydroxy	4
145745|Althaea officinalis	C24_pentahydroxy	2
145745|Althaea officinalis	C24_tetrahydroxy	3
145745|Althaea officinalis	C24_trihydroxy	2
145745|Althaea officinalis	C27_monohydroxy	4
145745|Althaea officinalis	C27_pentahydroxy	9
145745|Althaea officinalis	C27_tetrahydroxy	2
145745|Althaea officinalis	C27_trihydroxy	2
145745|Althaea officinalis	C28_alcohol_3OH	0
1458430|Dendrelaphis punctulatus	C24_alkamine_pentahydroxy	1
1458430|Dendrelaphis punctulatus	C24_alkamine_tetrahydroxy	1
1458430|Dendrelaphis punctulatus	C24_dihydroxy	5
1458430|Dendrelaphis punctulatus	C24_tetrahydroxy	4
1458430|Dendrelaphis punctulatus	C24_trihydroxy	6
1458430|Dendrelaphis punctulatus	C27_dihydroxy	1
145996|Kibdelosporangium aridum subsp. largum	C23_trihydroxy	2
145996|Kibdelosporangium aridum subsp. largum	C24_alkamine_trihydroxy	4
145996|Kibdelosporangium aridum subsp. largum	C24_alkamine_dihydroxy	22
145996|Kibdelosporangium aridum subsp. largum	C24_alkamine_monohydroxy	2
145996|Kibdelosporangium aridum subsp. largum	C24_monohydroxy	8
145996|Kibdelosporangium aridum subsp. largum	C27_dihydroxy	4
145996|Kibdelosporangium aridum subsp. largum	C28_alcohol_3OH	0
1460665|Paraphaeosphaeria neglecta	C28_alcohol_3OH	0
146142|Decapterus kurroides	C24_alkamine_trihydroxy	2
146142|Decapterus kurroides	C24_alkamine_pentahydroxy	1
146142|Decapterus kurroides	C24_dihydroxy	5
146142|Decapterus kurroides	C24_monohydroxy	2
146142|Decapterus kurroides	C24_tetrahydroxy	1
146142|Decapterus kurroides	C24_trihydroxy	3
146142|Decapterus kurroides	C27_dihydroxy	4
146142|Decapterus kurroides	C27_monohydroxy	5
146142|Decapterus kurroides	C27_tetrahydroxy	1
146142|Decapterus kurroides	C27_trihydroxy	1
1463979|Ampullariella violaceochromogenes	C28_alcohol_3OH	0
1464011|[Kitasatospora] papulosa	C27_monohydroxy	2
1464070|Streptomyces graminilatus	C24_trihydroxy	2
1464070|Streptomyces graminilatus	C28_alcohol_3OH	0
1464079|Streptomyces rimosus subsp. pseudoverticillatus	C24_alkamine_pentahydroxy	2
1464079|Streptomyces rimosus subsp. pseudoverticillatus	C24_pentahydroxy	16
1464079|Streptomyces rimosus subsp. pseudoverticillatus	C28_alcohol_3OH	0
146530|Avena barbata	C27_pentahydroxy	18
146530|Avena barbata	C28_alcohol_3OH	0
146537|Streptomyces azureus	C24_alkamine_trihydroxy	2
146819|Streptomyces europaeiscabiei	C28_alcohol_3OH	0
146922|Streptomyces griseofuscus	C24_pentahydroxy	2
1470144|Leptopelis macrotis	C24_dihydroxy	5
1470144|Leptopelis macrotis	C24_tetrahydroxy	2
1470144|Leptopelis macrotis	C24_trihydroxy	4
1470144|Leptopelis macrotis	C27_dihydroxy	3
1470144|Leptopelis macrotis	C27_monohydroxy	3
1470144|Leptopelis macrotis	C27_pentahydroxy	1
1472305|Byrsonima ligustrifolia	C24_tetrahydroxy	1
147464|Dinornis giganteus	C23_dihydroxy	1
147464|Dinornis giganteus	C24_alkamine_trihydroxy	5
147464|Dinornis giganteus	C24_alkamine_dihydroxy	1
147464|Dinornis giganteus	C24_alkamine_tetrahydroxy	2
147464|Dinornis giganteus	C24_dihydroxy	14
147464|Dinornis giganteus	C24_monohydroxy	4
147464|Dinornis giganteus	C24_tetrahydroxy	4
147464|Dinornis giganteus	C24_trihydroxy	11
147464|Dinornis giganteus	C27_dihydroxy	2
147464|Dinornis giganteus	C27_monohydroxy	13
147464|Dinornis giganteus	C27_tetrahydroxy	2
147464|Dinornis giganteus	C27_trihydroxy	2
147464|Dinornis giganteus	C28_alcohol_3OH	0
1475368|Ctenodon viscidulus	C27_dihydroxy	3
1475368|Ctenodon viscidulus	C27_monohydroxy	4
1475368|Ctenodon viscidulus	C28_alcohol_3OH	0
1475409|Hydrocotyle umbellata	C24_alkamine_tetrahydroxy	7
1475409|Hydrocotyle umbellata	C28_alcohol_3OH	0
1484106|Anemone tomentosa	C23_pentahydroxy	1
1484106|Anemone tomentosa	C23_tetrahydroxy	1
1484106|Anemone tomentosa	C24_alkamine_tetrahydroxy	9
1484106|Anemone tomentosa	C24_pentahydroxy	1
1484106|Anemone tomentosa	C24_tetrahydroxy	31
1484106|Anemone tomentosa	C24_trihydroxy	2
1484106|Anemone tomentosa	C27_pentahydroxy	3
1484106|Anemone tomentosa	C28_alcohol_3OH	0
1496258|Halcyon pileata	C24_alkamine_trihydroxy	2
1496258|Halcyon pileata	C24_alkamine_pentahydroxy	1
1496258|Halcyon pileata	C24_dihydroxy	3
1496258|Halcyon pileata	C24_pentahydroxy	2
1496258|Halcyon pileata	C24_tetrahydroxy	2
1496258|Halcyon pileata	C24_trihydroxy	5
1496258|Halcyon pileata	C27_dihydroxy	2
1496258|Halcyon pileata	C27_monohydroxy	2
1496258|Halcyon pileata	C27_tetrahydroxy	1
1496258|Halcyon pileata	C27_trihydroxy	1
1496258|Halcyon pileata	C28_alcohol_3OH	0
1496311|Malayopython reticulatus	C24_alkamine_trihydroxy	3
1496311|Malayopython reticulatus	C24_alkamine_pentahydroxy	1
1496311|Malayopython reticulatus	C24_dihydroxy	3
1496311|Malayopython reticulatus	C24_tetrahydroxy	6
1496311|Malayopython reticulatus	C24_trihydroxy	23
1496311|Malayopython reticulatus	C27_dihydroxy	4
1496311|Malayopython reticulatus	C27_monohydroxy	2
1497546|Ateles fusciceps rufiventris	C24_alkamine_pentahydroxy	2
1497546|Ateles fusciceps rufiventris	C24_dihydroxy	13
1497546|Ateles fusciceps rufiventris	C24_tetrahydroxy	3
1497546|Ateles fusciceps rufiventris	C24_trihydroxy	13
1497546|Ateles fusciceps rufiventris	C27_monohydroxy	3
1498|Hathewaya histolytica	C24_alkamine_trihydroxy	5
1498|Hathewaya histolytica	C24_alkamine_dihydroxy	4
1498|Hathewaya histolytica	C24_alkamine_tetrahydroxy	1
1498|Hathewaya histolytica	C24_dihydroxy	3
1498|Hathewaya histolytica	C24_tetrahydroxy	1
1498|Hathewaya histolytica	C24_trihydroxy	5
1500262|Methylibium sp. CF468	C28_alcohol_3OH	0
1500264|Rhizobacter sp. OV335	C28_alcohol_3OH	0
1500265|Methylibium sp. YR605	C28_alcohol_3OH	0
1500280|Herbiconiux sp. YR403	C28_alcohol_3OH	0
1500289|Chryseobacterium sp. OV705	C28_alcohol_3OH	0
1500292|Chryseobacterium sp. YR459	C28_alcohol_3OH	0
1500293|Chryseobacterium sp. YR221	C28_alcohol_3OH	0
1500294|Chryseobacterium sp. YR485	C28_alcohol_3OH	0
1500698|Sargassum linearifolium	C24_alkamine_tetrahydroxy	4
1500698|Sargassum linearifolium	C24_tetrahydroxy	2
1500698|Sargassum linearifolium	C28_alcohol_3OH	0
150323|Ptereleotris evides	C24_alkamine_dihydroxy	2
150323|Ptereleotris evides	C24_dihydroxy	4
150323|Ptereleotris evides	C24_trihydroxy	3
150332|Valenciennea strigata	C24_alkamine_trihydroxy	3
150332|Valenciennea strigata	C24_alkamine_dihydroxy	5
150332|Valenciennea strigata	C24_dihydroxy	4
150332|Valenciennea strigata	C24_tetrahydroxy	2
150332|Valenciennea strigata	C24_trihydroxy	5
150332|Valenciennea strigata	C27_dihydroxy	1
150332|Valenciennea strigata	C27_monohydroxy	2
1506|Clostridium sp.	C24_alkamine_trihydroxy	8
1506|Clostridium sp.	C24_dihydroxy	8
1506|Clostridium sp.	C24_trihydroxy	24
1506|Clostridium sp.	C28_alcohol_3OH	0
150808|Bathymodiolus azoricus	C24_dihydroxy	3
150808|Bathymodiolus azoricus	C24_monohydroxy	2
150808|Bathymodiolus azoricus	C27_pentahydroxy	2
150808|Bathymodiolus azoricus	C28_alcohol_3OH	0
151069|Litchi chinensis	C23_pentahydroxy	1
151069|Litchi chinensis	C24_alkamine_tetrahydroxy	2
151069|Litchi chinensis	C28_alcohol_2OH	0
151069|Litchi chinensis	C28_alcohol_3OH	0
151786|Acmanthera latifolia	C23_pentahydroxy	1
151797|Blepharandra heteropetala	C24_monohydroxy	1
151831|Heteropterys	C24_tetrahydroxy	4
151834|Hiptage benghalensis	C24_tetrahydroxy	2
151835|Hiraea	C24_tetrahydroxy	3
151863|Peixotoa glabra	C24_monohydroxy	1
151876|Stigmaphyllon	C24_alkamine_tetrahydroxy	1
151876|Stigmaphyllon	C24_tetrahydroxy	4
151881|Tetrapterys microphylla	C24_tetrahydroxy	2
1519461|Stanieria cyanosphaera SAG 33.87	C28_alcohol_2OH	0
152141|Streptomyces fructofermentans	C28_alcohol_3OH	0
1521527|Tolypothrix tenuis SAG 94.79	C28_alcohol_3OH	0
1522394|Cephalopholis aurantia	C24_alkamine_trihydroxy	2
1522394|Cephalopholis aurantia	C24_dihydroxy	9
1522394|Cephalopholis aurantia	C24_tetrahydroxy	5
1522394|Cephalopholis aurantia	C24_trihydroxy	21
1522394|Cephalopholis aurantia	C27_dihydroxy	4
1522394|Cephalopholis aurantia	C27_monohydroxy	1
1522885|Phalacrocorax lucidus	C24_dihydroxy	2
1522885|Phalacrocorax lucidus	C24_tetrahydroxy	2
1522885|Phalacrocorax lucidus	C24_trihydroxy	1
1522|[Clostridium] innocuum	C24_alkamine_trihydroxy	1
1524257|Limimaricola aestuariicola	C28_alcohol_2OH	0
1524257|Limimaricola aestuariicola	C28_alcohol_3OH	0
1524318|Payena leerii	C24_alkamine_pentahydroxy	2
1524318|Payena leerii	C24_trihydroxy	2
1524318|Payena leerii	C28_alcohol_3OH	0
15304|Alopecurus pratensis	C23_trihydroxy	1
15304|Alopecurus pratensis	C24_trihydroxy	5
1532|Blautia coccoides	C24_alkamine_trihydroxy	12
1532|Blautia coccoides	C24_dihydroxy	10
1532|Blautia coccoides	C24_trihydroxy	24
1532|Blautia coccoides	C28_alcohol_3OH	0
153581|Sarcococca ruscifolia	C24_alkamine_pentahydroxy	3
153581|Sarcococca ruscifolia	C24_alkamine_tetrahydroxy	6
153581|Sarcococca ruscifolia	C24_nonhydroxy	2
153581|Sarcococca ruscifolia	C24_trihydroxy	1
153581|Sarcococca ruscifolia	C27_monohydroxy	1
153581|Sarcococca ruscifolia	C27_pentahydroxy	2
153581|Sarcococca ruscifolia	C27_tetrahydroxy	13
153581|Sarcococca ruscifolia	C27_trihydroxy	18
153581|Sarcococca ruscifolia	C28_alcohol_2OH	0
153581|Sarcococca ruscifolia	C28_alcohol_3OH	0
1543402|Geocapromys brownii	C24_alkamine_trihydroxy	8
1543402|Geocapromys brownii	C24_alkamine_monohydroxy	1
1543402|Geocapromys brownii	C24_alkamine_pentahydroxy	2
1543402|Geocapromys brownii	C24_alkamine_tetrahydroxy	8
1543402|Geocapromys brownii	C24_dihydroxy	11
1543402|Geocapromys brownii	C24_monohydroxy	2
1543402|Geocapromys brownii	C24_pentahydroxy	3
1543402|Geocapromys brownii	C24_tetrahydroxy	25
1543402|Geocapromys brownii	C24_trihydroxy	25
1543402|Geocapromys brownii	C27_monohydroxy	1
1543402|Geocapromys brownii	C27_tetrahydroxy	2
1543402|Geocapromys brownii	C27_trihydroxy	2
1543403|Geocapromys ingrahami	C24_alkamine_trihydroxy	5
1543403|Geocapromys ingrahami	C24_alkamine_pentahydroxy	3
1543403|Geocapromys ingrahami	C24_alkamine_tetrahydroxy	3
1543403|Geocapromys ingrahami	C24_dihydroxy	11
1543403|Geocapromys ingrahami	C24_pentahydroxy	3
1543403|Geocapromys ingrahami	C24_tetrahydroxy	18
1543403|Geocapromys ingrahami	C24_trihydroxy	17
1543403|Geocapromys ingrahami	C27_dihydroxy	1
1543403|Geocapromys ingrahami	C27_monohydroxy	1
154467|Bactris gasipaes	C26_dihydroxy	2
154467|Bactris gasipaes	C28_alcohol_3OH	0
154494|Lathyrus latifolius	C28_alcohol_3OH	0
1545012|Lycodon albofuscus	C24_alkamine_pentahydroxy	1
1545012|Lycodon albofuscus	C24_dihydroxy	3
1545012|Lycodon albofuscus	C24_pentahydroxy	2
1545012|Lycodon albofuscus	C24_tetrahydroxy	7
1545012|Lycodon albofuscus	C24_trihydroxy	16
1545012|Lycodon albofuscus	C27_dihydroxy	1
1545012|Lycodon albofuscus	C27_tetrahydroxy	2
1545012|Lycodon albofuscus	C27_trihydroxy	2
154518|Atheniella aurantiidisca	C24_monohydroxy	2
1546107|Streptomyces lydicamycinicus	C23_dihydroxy	2
1546107|Streptomyces lydicamycinicus	C23_pentahydroxy	6
1546107|Streptomyces lydicamycinicus	C24_alkamine_trihydroxy	10
1546107|Streptomyces lydicamycinicus	C24_alkamine_dihydroxy	4
1546107|Streptomyces lydicamycinicus	C24_alkamine_monohydroxy	8
1546107|Streptomyces lydicamycinicus	C24_alkamine_tetrahydroxy	2
1546107|Streptomyces lydicamycinicus	C24_dihydroxy	2
1546107|Streptomyces lydicamycinicus	C24_monohydroxy	4
1546107|Streptomyces lydicamycinicus	C24_trihydroxy	2
1546107|Streptomyces lydicamycinicus	C26_dihydroxy	4
1546107|Streptomyces lydicamycinicus	C27_dihydroxy	10
1546107|Streptomyces lydicamycinicus	C27_pentahydroxy	2
1546107|Streptomyces lydicamycinicus	C28_alcohol_2OH	0
1546107|Streptomyces lydicamycinicus	C28_alcohol_3OH	0
1547491|Coracias spatulatus	C24_alkamine_trihydroxy	2
1547491|Coracias spatulatus	C24_dihydroxy	1
1547491|Coracias spatulatus	C24_tetrahydroxy	3
1547491|Coracias spatulatus	C24_trihydroxy	1
1547491|Coracias spatulatus	C27_monohydroxy	1
1547491|Coracias spatulatus	C27_pentahydroxy	2
1547491|Coracias spatulatus	C27_tetrahydroxy	2
1547491|Coracias spatulatus	C27_trihydroxy	2
1547|Thomasclavelia ramosa	C24_alkamine_trihydroxy	7
1547|Thomasclavelia ramosa	C24_alkamine_dihydroxy	4
1547|Thomasclavelia ramosa	C24_dihydroxy	2
1547|Thomasclavelia ramosa	C24_trihydroxy	4
1548965|Charmosyna josefinae	C24_dihydroxy	2
1548965|Charmosyna josefinae	C24_tetrahydroxy	1
1548965|Charmosyna josefinae	C24_trihydroxy	2
1548965|Charmosyna josefinae	C27_dihydroxy	2
154990|Euphorbia helioscopia	C23_dihydroxy	4
154990|Euphorbia helioscopia	C24_alkamine_trihydroxy	12
154990|Euphorbia helioscopia	C24_alkamine_dihydroxy	12
154990|Euphorbia helioscopia	C24_alkamine_monohydroxy	2
154990|Euphorbia helioscopia	C24_alkamine_tetrahydroxy	4
154990|Euphorbia helioscopia	C24_nonhydroxy	6
154990|Euphorbia helioscopia	C27_dihydroxy	8
154990|Euphorbia helioscopia	C27_monohydroxy	44
154990|Euphorbia helioscopia	C27_pentahydroxy	6
154990|Euphorbia helioscopia	C27_tetrahydroxy	24
154990|Euphorbia helioscopia	C27_trihydroxy	26
154990|Euphorbia helioscopia	C28_alcohol_2OH	0
154990|Euphorbia helioscopia	C28_alcohol_3OH	0
1550618|Streptomyces olivicoloratus	C24_alkamine_tetrahydroxy	2
1550618|Streptomyces olivicoloratus	C24_monohydroxy	2
1550618|Streptomyces olivicoloratus	C24_trihydroxy	4
1550618|Streptomyces olivicoloratus	C28_alcohol_2OH	0
1550618|Streptomyces olivicoloratus	C28_alcohol_3OH	0
1550619|Streptomyces polymachus	C28_alcohol_3OH	0
155086|Bucorvus leadbeateri	C24_dihydroxy	4
155086|Bucorvus leadbeateri	C24_tetrahydroxy	2
155086|Bucorvus leadbeateri	C24_trihydroxy	6
155086|Bucorvus leadbeateri	C27_dihydroxy	1
155086|Bucorvus leadbeateri	C27_monohydroxy	2
155086|Bucorvus leadbeateri	C27_pentahydroxy	1
155086|Bucorvus leadbeateri	C27_tetrahydroxy	1
155086|Bucorvus leadbeateri	C27_trihydroxy	1
155307|Tiliqua nigrolutea	C24_alkamine_trihydroxy	2
155307|Tiliqua nigrolutea	C24_alkamine_tetrahydroxy	1
155307|Tiliqua nigrolutea	C24_dihydroxy	4
155307|Tiliqua nigrolutea	C24_tetrahydroxy	1
155307|Tiliqua nigrolutea	C24_trihydroxy	6
155307|Tiliqua nigrolutea	C27_dihydroxy	1
155307|Tiliqua nigrolutea	C27_monohydroxy	2
155307|Tiliqua nigrolutea	C27_pentahydroxy	2
155307|Tiliqua nigrolutea	C27_tetrahydroxy	1
155307|Tiliqua nigrolutea	C27_trihydroxy	1
1561394|Alicia	C24_tetrahydroxy	13
1561735|Amorimia septentrionalis	C24_tetrahydroxy	1
1561738|Banisteriopsis anisandra	C24_tetrahydroxy	1
1561740|Banisteriopsis campestris	C24_tetrahydroxy	2
1561743|Banisteriopsis malifolia	C23_pentahydroxy	1
1561743|Banisteriopsis malifolia	C24_tetrahydroxy	2
1561750|Banisteriopsis stellaris	C24_monohydroxy	2
1561750|Banisteriopsis stellaris	C24_tetrahydroxy	2
1561753|Bronwenia megaptera	C24_monohydroxy	1
1561753|Bronwenia megaptera	C24_tetrahydroxy	1
1561762|Bunchosia montana	C24_tetrahydroxy	1
1561795|Janusia schwannioides	C24_monohydroxy	1
1561816|Peixotoa tomentosa	C24_tetrahydroxy	3
156476|Clusia rosea	C23_pentahydroxy	3
156476|Clusia rosea	C24_alkamine_trihydroxy	1
156476|Clusia rosea	C24_alkamine_tetrahydroxy	3
156476|Clusia rosea	C24_dihydroxy	3
156476|Clusia rosea	C24_tetrahydroxy	2
156476|Clusia rosea	C27_dihydroxy	3
156476|Clusia rosea	C27_monohydroxy	2
156476|Clusia rosea	C27_pentahydroxy	4
156476|Clusia rosea	C28_alcohol_3OH	0
1565035|Streptomyces andamanensis	C24_dihydroxy	4
1565035|Streptomyces andamanensis	C24_monohydroxy	2
1565035|Streptomyces andamanensis	C28_alcohol_3OH	0
1567149|Rallus crepitans	C24_alkamine_trihydroxy	4
1567149|Rallus crepitans	C24_alkamine_dihydroxy	2
1567149|Rallus crepitans	C24_dihydroxy	4
1567149|Rallus crepitans	C24_tetrahydroxy	2
1567149|Rallus crepitans	C24_trihydroxy	10
1567149|Rallus crepitans	C27_monohydroxy	2
1567149|Rallus crepitans	C27_pentahydroxy	2
156759|Rallus limicola	C24_dihydroxy	2
156759|Rallus limicola	C24_tetrahydroxy	2
156759|Rallus limicola	C24_trihydroxy	7
156759|Rallus limicola	C27_monohydroxy	1
156759|Rallus limicola	C27_tetrahydroxy	1
156759|Rallus limicola	C27_trihydroxy	1
157001|Lobophora variegata	C24_dihydroxy	8
157001|Lobophora variegata	C24_tetrahydroxy	4
157001|Lobophora variegata	C28_alcohol_3OH	0
157005|Padina crassa	C24_pentahydroxy	4
157005|Padina crassa	C24_tetrahydroxy	12
157005|Padina crassa	C24_trihydroxy	8
157005|Padina crassa	C28_alcohol_3OH	0
157465|Nocardiopsis composta	C28_alcohol_3OH	0
157519|Gaultheria procumbens	C23_dihydroxy	3
157519|Gaultheria procumbens	C28_alcohol_2OH	0
157652|Mucuna pruriens	C24_alkamine_pentahydroxy	1
157652|Mucuna pruriens	C24_alkamine_tetrahydroxy	4
157652|Mucuna pruriens	C24_tetrahydroxy	67
157652|Mucuna pruriens	C27_pentahydroxy	1
157652|Mucuna pruriens	C28_alcohol_3OH	0
1577861|Pristis pristis	C24_alkamine_dihydroxy	1
1577861|Pristis pristis	C24_dihydroxy	5
1577861|Pristis pristis	C24_trihydroxy	2
1577861|Pristis pristis	C27_dihydroxy	4
1577861|Pristis pristis	C27_monohydroxy	4
1579108|Amanita protecta	C24_tetrahydroxy	1
1579530|Cercopithecus sclateri	C24_alkamine_trihydroxy	7
1579530|Cercopithecus sclateri	C24_alkamine_dihydroxy	3
1579530|Cercopithecus sclateri	C24_dihydroxy	16
1579530|Cercopithecus sclateri	C24_tetrahydroxy	4
1579530|Cercopithecus sclateri	C24_trihydroxy	17
1579|Lactobacillus acidophilus	C24_alkamine_trihydroxy	7
1579|Lactobacillus acidophilus	C24_alkamine_dihydroxy	3
1579|Lactobacillus acidophilus	C24_dihydroxy	1
1579|Lactobacillus acidophilus	C24_trihydroxy	3
1583|Weissella confusa	C24_alkamine_trihydroxy	3
1583|Weissella confusa	C24_trihydroxy	5
1585|Lactobacillus delbrueckii subsp. bulgaricus	C24_alkamine_trihydroxy	2
1585|Lactobacillus delbrueckii subsp. bulgaricus	C24_trihydroxy	2
1585|Lactobacillus delbrueckii subsp. bulgaricus	C28_alcohol_3OH	0
159030|Murraya koenigii	C28_alcohol_3OH	0
159033|Citrus x aurantiifolia	C28_alcohol_3OH	0
1590|Lactiplantibacillus plantarum	C24_alkamine_trihydroxy	6
1590|Lactiplantibacillus plantarum	C24_alkamine_dihydroxy	5
1590|Lactiplantibacillus plantarum	C24_dihydroxy	2
1590|Lactiplantibacillus plantarum	C24_trihydroxy	3
1592326|Actinobacteria bacterium OK006	C28_alcohol_3OH	0
1592327|Actinobacteria bacterium OK074	C28_alcohol_2OH	0
1592327|Actinobacteria bacterium OK074	C28_alcohol_3OH	0
1592328|Actinobacteria bacterium OV450	C28_alcohol_3OH	0
1592329|Actinobacteria bacterium OV320	C28_alcohol_3OH	0
1593063|Aloe camperi	C24_alkamine_trihydroxy	3
1593063|Aloe camperi	C24_trihydroxy	2
1593063|Aloe camperi	C28_alcohol_2OH	0
1593063|Aloe camperi	C28_alcohol_3OH	0
159337|Myotis yumanensis	C24_alkamine_trihydroxy	4
159337|Myotis yumanensis	C24_dihydroxy	3
159337|Myotis yumanensis	C24_tetrahydroxy	1
159337|Myotis yumanensis	C24_trihydroxy	5
159337|Myotis yumanensis	C27_dihydroxy	2
159346|Roseicyclus elongatus	C24_alkamine_dihydroxy	2
159346|Roseicyclus elongatus	C24_trihydroxy	10
159346|Roseicyclus elongatus	C28_alcohol_3OH	0
159425|Passiflora incarnata	C24_alkamine_tetrahydroxy	1
159425|Passiflora incarnata	C24_tetrahydroxy	164
159425|Passiflora incarnata	C27_pentahydroxy	2
159425|Passiflora incarnata	C28_alcohol_3OH	0
1594397|Lepidobatrachus asper	C24_alkamine_tetrahydroxy	2
1594397|Lepidobatrachus asper	C24_dihydroxy	2
1594397|Lepidobatrachus asper	C24_tetrahydroxy	4
1594397|Lepidobatrachus asper	C24_trihydroxy	2
1594397|Lepidobatrachus asper	C27_monohydroxy	2
1594397|Lepidobatrachus asper	C28_alcohol_3OH	0
15957|Phleum pratense	C23_trihydroxy	1
15957|Phleum pratense	C24_tetrahydroxy	1
15957|Phleum pratense	C24_trihydroxy	2
15957|Phleum pratense	C27_pentahydroxy	2
159644|Elgaria multicarinata multicarinata	C24_alkamine_trihydroxy	1
159644|Elgaria multicarinata multicarinata	C24_alkamine_tetrahydroxy	2
159644|Elgaria multicarinata multicarinata	C24_dihydroxy	15
159644|Elgaria multicarinata multicarinata	C24_tetrahydroxy	5
159644|Elgaria multicarinata multicarinata	C24_trihydroxy	14
159644|Elgaria multicarinata multicarinata	C27_dihydroxy	4
159644|Elgaria multicarinata multicarinata	C27_monohydroxy	2
159644|Elgaria multicarinata multicarinata	C27_pentahydroxy	6
159644|Elgaria multicarinata multicarinata	C27_tetrahydroxy	5
159644|Elgaria multicarinata multicarinata	C27_trihydroxy	5
159666|Coreopsis lanceolata	C28_alcohol_3OH	0
1596|Lactobacillus gasseri	C24_alkamine_trihydroxy	25
1596|Lactobacillus gasseri	C24_alkamine_dihydroxy	41
1596|Lactobacillus gasseri	C24_alkamine_tetrahydroxy	1
1596|Lactobacillus gasseri	C24_dihydroxy	2
1596|Lactobacillus gasseri	C24_trihydroxy	8
1598|Limosilactobacillus reuteri	C24_alkamine_trihydroxy	1
1598|Limosilactobacillus reuteri	C24_trihydroxy	1
160468|Cortinarius collinitus	C24_tetrahydroxy	3
16049|Clivia miniata	C23_dihydroxy	5
16049|Clivia miniata	C23_pentahydroxy	2
16049|Clivia miniata	C23_trihydroxy	2
16049|Clivia miniata	C24_pentahydroxy	2
16049|Clivia miniata	C28_alcohol_2OH	0
16049|Clivia miniata	C28_alcohol_3OH	0
1605|Ligilactobacillus animalis	C24_alkamine_trihydroxy	2
1605|Ligilactobacillus animalis	C24_trihydroxy	1
160714|Epinephelus analogus	C24_alkamine_trihydroxy	5
160714|Epinephelus analogus	C24_alkamine_dihydroxy	5
160714|Epinephelus analogus	C24_alkamine_monohydroxy	1
160714|Epinephelus analogus	C24_alkamine_tetrahydroxy	1
160714|Epinephelus analogus	C24_dihydroxy	7
160714|Epinephelus analogus	C24_tetrahydroxy	2
160714|Epinephelus analogus	C24_trihydroxy	2
160714|Epinephelus analogus	C27_dihydroxy	1
160714|Epinephelus analogus	C27_monohydroxy	1
160765|Candidia barbata	C23_trihydroxy	2
160765|Candidia barbata	C24_trihydroxy	3
160765|Candidia barbata	C27_dihydroxy	5
160765|Candidia barbata	C27_monohydroxy	3
160765|Candidia barbata	C27_tetrahydroxy	1
160765|Candidia barbata	C27_trihydroxy	1
1608482|Puma yagouaroundi	C24_alkamine_trihydroxy	117
1608482|Puma yagouaroundi	C24_alkamine_dihydroxy	26
1608482|Puma yagouaroundi	C24_alkamine_pentahydroxy	1
1608482|Puma yagouaroundi	C24_alkamine_tetrahydroxy	14
1608482|Puma yagouaroundi	C24_dihydroxy	78
1608482|Puma yagouaroundi	C24_pentahydroxy	2
1608482|Puma yagouaroundi	C24_tetrahydroxy	27
1608482|Puma yagouaroundi	C24_trihydroxy	221
1608482|Puma yagouaroundi	C27_dihydroxy	2
1608482|Puma yagouaroundi	C27_monohydroxy	3
1608482|Puma yagouaroundi	C27_pentahydroxy	2
1608482|Puma yagouaroundi	C27_tetrahydroxy	3
1608482|Puma yagouaroundi	C27_trihydroxy	3
1608482|Puma yagouaroundi	C28_alcohol_2OH	0
1608482|Puma yagouaroundi	C28_alcohol_3OH	0
16107|Hemerocallis	C28_alcohol_3OH	0
161482|Streptomyces thermospinosisporus	C28_alcohol_3OH	0
161934|Beta vulgaris	C24_dihydroxy	2
161934|Beta vulgaris	C27_dihydroxy	2
161934|Beta vulgaris	C27_monohydroxy	2
161934|Beta vulgaris	C28_alcohol_3OH	0
1619497|Myoporum betcheanum	C24_alkamine_pentahydroxy	2
1620053|Erythrina herbacea	C27_monohydroxy	2
1620053|Erythrina herbacea	C28_alcohol_3OH	0
162425|Aspergillus nidulans	C24_alkamine_tetrahydroxy	1
162425|Aspergillus nidulans	C24_trihydroxy	2
1624|Ligilactobacillus salivarius	C24_alkamine_trihydroxy	1
163131|Terapon jarbua	C24_alkamine_dihydroxy	2
163131|Terapon jarbua	C24_dihydroxy	9
163131|Terapon jarbua	C24_trihydroxy	2
163131|Terapon jarbua	C27_dihydroxy	6
163131|Terapon jarbua	C27_monohydroxy	6
1634506|Ficus mexicana	C24_alkamine_tetrahydroxy	7
1634506|Ficus mexicana	C24_dihydroxy	2
1634506|Ficus mexicana	C24_tetrahydroxy	1
1634506|Ficus mexicana	C24_trihydroxy	7
1634506|Ficus mexicana	C28_alcohol_3OH	0
163808|Percina aurantiaca	C28_alcohol_3OH	0
163813|Percina burtoni	C24_dihydroxy	2
163813|Percina burtoni	C24_trihydroxy	3
163847|Crithagra flaviventris	C24_alkamine_trihydroxy	4
163847|Crithagra flaviventris	C24_alkamine_tetrahydroxy	1
163847|Crithagra flaviventris	C24_dihydroxy	9
163847|Crithagra flaviventris	C24_monohydroxy	2
163847|Crithagra flaviventris	C24_tetrahydroxy	6
163847|Crithagra flaviventris	C24_trihydroxy	5
163847|Crithagra flaviventris	C27_dihydroxy	6
163847|Crithagra flaviventris	C27_monohydroxy	5
163847|Crithagra flaviventris	C27_tetrahydroxy	5
163847|Crithagra flaviventris	C27_trihydroxy	5
163852|Serinus pusillus	C24_alkamine_trihydroxy	3
163852|Serinus pusillus	C24_dihydroxy	6
163852|Serinus pusillus	C24_tetrahydroxy	3
163852|Serinus pusillus	C24_trihydroxy	6
163852|Serinus pusillus	C27_dihydroxy	1
163852|Serinus pusillus	C27_monohydroxy	1
163852|Serinus pusillus	C27_pentahydroxy	1
163852|Serinus pusillus	C27_tetrahydroxy	1
163852|Serinus pusillus	C27_trihydroxy	1
163861|Pudu puda	C24_alkamine_trihydroxy	3
163861|Pudu puda	C24_alkamine_tetrahydroxy	2
163861|Pudu puda	C24_dihydroxy	9
163861|Pudu puda	C24_tetrahydroxy	3
163861|Pudu puda	C24_trihydroxy	8
163991|Hypostomus plecostomus	C24_alkamine_trihydroxy	2
163991|Hypostomus plecostomus	C24_dihydroxy	1
163991|Hypostomus plecostomus	C24_trihydroxy	2
163991|Hypostomus plecostomus	C27_tetrahydroxy	1
163991|Hypostomus plecostomus	C27_trihydroxy	1
164405|Melaleuca alternifolia	C24_alkamine_pentahydroxy	5
164405|Melaleuca alternifolia	C24_alkamine_tetrahydroxy	2
164405|Melaleuca alternifolia	C24_tetrahydroxy	56
164405|Melaleuca alternifolia	C27_tetrahydroxy	2
164405|Melaleuca alternifolia	C27_trihydroxy	2
164405|Melaleuca alternifolia	C28_alcohol_3OH	0
164630|Passerina ciris	C24_dihydroxy	3
164630|Passerina ciris	C24_trihydroxy	2
164740|Amnirana galamensis	C24_alkamine_trihydroxy	4
164740|Amnirana galamensis	C24_trihydroxy	4
164740|Amnirana galamensis	C27_dihydroxy	4
164740|Amnirana galamensis	C27_monohydroxy	3
1648207|Xerocomellus mendocinensis	C24_tetrahydroxy	1
164931|Cervus hanglu bactrianus	C24_alkamine_trihydroxy	3
164931|Cervus hanglu bactrianus	C24_alkamine_dihydroxy	1
164931|Cervus hanglu bactrianus	C24_dihydroxy	29
164931|Cervus hanglu bactrianus	C24_tetrahydroxy	7
164931|Cervus hanglu bactrianus	C24_trihydroxy	30
1651205|Corispermum americanum	C27_dihydroxy	6
1651205|Corispermum americanum	C27_monohydroxy	2
1651823|Todiramphus cinnamominus cinnamominus	C24_alkamine_tetrahydroxy	2
1651823|Todiramphus cinnamominus cinnamominus	C24_dihydroxy	2
1651823|Todiramphus cinnamominus cinnamominus	C24_tetrahydroxy	3
1651823|Todiramphus cinnamominus cinnamominus	C24_trihydroxy	7
1651823|Todiramphus cinnamominus cinnamominus	C27_dihydroxy	1
1651823|Todiramphus cinnamominus cinnamominus	C27_monohydroxy	2
165330|Veronica chamaedrys	C24_alkamine_tetrahydroxy	1
165330|Veronica chamaedrys	C24_trihydroxy	1
165330|Veronica chamaedrys	C27_dihydroxy	1
165330|Veronica chamaedrys	C27_pentahydroxy	1
165346|Veronicastrum virginicum	C24_alkamine_pentahydroxy	14
165346|Veronicastrum virginicum	C24_alkamine_tetrahydroxy	10
1655439|Micromonospora craterilacus	C24_alkamine_trihydroxy	16
1655439|Micromonospora craterilacus	C24_alkamine_dihydroxy	9
1655439|Micromonospora craterilacus	C24_alkamine_tetrahydroxy	8
1655439|Micromonospora craterilacus	C24_dihydroxy	7
1655439|Micromonospora craterilacus	C24_tetrahydroxy	3
1655439|Micromonospora craterilacus	C24_trihydroxy	6
165753|Chelonoidis niger galapagoensis	C24_trihydroxy	4
165753|Chelonoidis niger galapagoensis	C27_dihydroxy	14
165753|Chelonoidis niger galapagoensis	C27_monohydroxy	2
165753|Chelonoidis niger galapagoensis	C27_pentahydroxy	1
165753|Chelonoidis niger galapagoensis	C27_tetrahydroxy	8
165753|Chelonoidis niger galapagoensis	C27_trihydroxy	8
166082|Hemorrhois ravergieri	C24_alkamine_trihydroxy	1
166082|Hemorrhois ravergieri	C24_dihydroxy	6
166082|Hemorrhois ravergieri	C24_tetrahydroxy	8
166082|Hemorrhois ravergieri	C24_trihydroxy	20
166082|Hemorrhois ravergieri	C27_tetrahydroxy	1
166082|Hemorrhois ravergieri	C27_trihydroxy	1
166084|Spalerosophis diadema	C24_alkamine_trihydroxy	4
166084|Spalerosophis diadema	C24_alkamine_tetrahydroxy	2
166084|Spalerosophis diadema	C24_dihydroxy	10
166084|Spalerosophis diadema	C24_pentahydroxy	1
166084|Spalerosophis diadema	C24_tetrahydroxy	8
166084|Spalerosophis diadema	C24_trihydroxy	34
166084|Spalerosophis diadema	C27_dihydroxy	3
166084|Spalerosophis diadema	C27_monohydroxy	4
166087|Hierophis gemonensis	C24_alkamine_trihydroxy	6
166087|Hierophis gemonensis	C24_alkamine_pentahydroxy	2
166087|Hierophis gemonensis	C24_alkamine_tetrahydroxy	4
166087|Hierophis gemonensis	C24_dihydroxy	7
166087|Hierophis gemonensis	C24_pentahydroxy	1
166087|Hierophis gemonensis	C24_tetrahydroxy	9
166087|Hierophis gemonensis	C24_trihydroxy	19
166087|Hierophis gemonensis	C27_dihydroxy	4
1661726|Aureoboletus mirabilis	C24_tetrahydroxy	1
1663611|Geranium maculatum	C24_alkamine_pentahydroxy	14
1663611|Geranium maculatum	C24_alkamine_tetrahydroxy	3
1663611|Geranium maculatum	C24_pentahydroxy	2
1663611|Geranium maculatum	C24_tetrahydroxy	239
1663611|Geranium maculatum	C27_dihydroxy	6
1663611|Geranium maculatum	C28_alcohol_3OH	0
166442|Tetragonisca angustula	C23_dihydroxy	18
166442|Tetragonisca angustula	C23_trihydroxy	2
166442|Tetragonisca angustula	C24_alkamine_trihydroxy	4
166442|Tetragonisca angustula	C24_alkamine_dihydroxy	10
166442|Tetragonisca angustula	C24_alkamine_monohydroxy	16
166442|Tetragonisca angustula	C24_alkamine_tetrahydroxy	6
166442|Tetragonisca angustula	C24_dihydroxy	6
166442|Tetragonisca angustula	C24_monohydroxy	6
166442|Tetragonisca angustula	C27_dihydroxy	2
166442|Tetragonisca angustula	C27_monohydroxy	2
166442|Tetragonisca angustula	C27_trihydroxy	2
166442|Tetragonisca angustula	C28_alcohol_2OH	0
166442|Tetragonisca angustula	C28_alcohol_3OH	0
1665|Arthrobacter globiformis	C28_alcohol_2OH	0
1665|Arthrobacter globiformis	C28_alcohol_3OH	0
1670|Arthrobacter citreus	C24_dihydroxy	10
1670|Arthrobacter citreus	C28_alcohol_3OH	0
16718|Juglans	C28_alcohol_3OH	0
1671|Pseudarthrobacter oxydans	C24_alkamine_trihydroxy	20
1671|Pseudarthrobacter oxydans	C24_alkamine_dihydroxy	11
1671|Pseudarthrobacter oxydans	C24_alkamine_tetrahydroxy	3
1671|Pseudarthrobacter oxydans	C24_dihydroxy	3
1671|Pseudarthrobacter oxydans	C24_monohydroxy	3
1671|Pseudarthrobacter oxydans	C24_tetrahydroxy	1
1671|Pseudarthrobacter oxydans	C24_trihydroxy	1
167616|Centrosema	C27_dihydroxy	1
167616|Centrosema	C28_alcohol_3OH	0
167711|Stylosanthes biflora	C27_dihydroxy	3
167711|Stylosanthes biflora	C27_monohydroxy	1
167711|Stylosanthes biflora	C28_alcohol_2OH	0
167711|Stylosanthes biflora	C28_alcohol_3OH	0
1677|Arthrobacter pascens	C24_nonhydroxy	2
1677|Arthrobacter pascens	C28_alcohol_2OH	0
1677|Arthrobacter pascens	C28_alcohol_3OH	0
167804|Aldabrachelys gigantea	C23_dihydroxy	2
167804|Aldabrachelys gigantea	C24_alkamine_tetrahydroxy	2
167804|Aldabrachelys gigantea	C24_tetrahydroxy	2
167804|Aldabrachelys gigantea	C24_trihydroxy	2
167804|Aldabrachelys gigantea	C28_alcohol_2OH	0
167804|Aldabrachelys gigantea	C28_alcohol_3OH	0
168063|Cochliostema odoratissimum	C24_alkamine_pentahydroxy	3
168063|Cochliostema odoratissimum	C24_trihydroxy	3
168063|Cochliostema odoratissimum	C28_alcohol_2OH	0
168063|Cochliostema odoratissimum	C28_alcohol_3OH	0
168083|Siderasis fuscata	C26_dihydroxy	6
168083|Siderasis fuscata	C28_alcohol_2OH	0
168083|Siderasis fuscata	C28_alcohol_3OH	0
1680|Bifidobacterium adolescentis	C24_alkamine_trihydroxy	2
1680|Bifidobacterium adolescentis	C28_alcohol_3OH	0
168159|Cantharellus cascadensis	C24_trihydroxy	1
1684310|Bathymodiolus antarcticus	C23_dihydroxy	1
1684310|Bathymodiolus antarcticus	C24_dihydroxy	1
1684310|Bathymodiolus antarcticus	C24_monohydroxy	2
1684310|Bathymodiolus antarcticus	C28_alcohol_3OH	0
168547|Robinia viscosa	C23_dihydroxy	5
168547|Robinia viscosa	C27_dihydroxy	41
168547|Robinia viscosa	C27_monohydroxy	2
168547|Robinia viscosa	C28_alcohol_3OH	0
1685|Bifidobacterium breve	C24_alkamine_trihydroxy	1
1685|Bifidobacterium breve	C24_trihydroxy	1
168694|Salinispora	C24_alkamine_trihydroxy	100
168694|Salinispora	C24_alkamine_dihydroxy	45
168694|Salinispora	C24_alkamine_monohydroxy	8
168694|Salinispora	C24_alkamine_pentahydroxy	3
168694|Salinispora	C24_alkamine_tetrahydroxy	10
168694|Salinispora	C24_dihydroxy	1
168694|Salinispora	C24_monohydroxy	1
168694|Salinispora	C24_pentahydroxy	2
168694|Salinispora	C24_tetrahydroxy	2
168694|Salinispora	C24_trihydroxy	4
168694|Salinispora	C27_dihydroxy	2
168694|Salinispora	C27_monohydroxy	2
168694|Salinispora	C27_pentahydroxy	3
168694|Salinispora	C27_tetrahydroxy	4
168694|Salinispora	C27_trihydroxy	4
168694|Salinispora	C28_alcohol_1OH	0
168694|Salinispora	C28_alcohol_2OH	0
168694|Salinispora	C28_alcohol_3OH	0
168697|Salinispora arenicola	C24_alkamine_trihydroxy	18
168697|Salinispora arenicola	C24_alkamine_dihydroxy	9
168697|Salinispora arenicola	C24_alkamine_tetrahydroxy	5
168697|Salinispora arenicola	C24_dihydroxy	5
168697|Salinispora arenicola	C24_monohydroxy	1
168697|Salinispora arenicola	C24_tetrahydroxy	1
168697|Salinispora arenicola	C24_trihydroxy	4
16901|Aucuba japonica	C23_pentahydroxy	3
16901|Aucuba japonica	C23_trihydroxy	2
16901|Aucuba japonica	C24_tetrahydroxy	1
16901|Aucuba japonica	C27_dihydroxy	24
16901|Aucuba japonica	C27_pentahydroxy	1
16901|Aucuba japonica	C28_alcohol_2OH	0
16901|Aucuba japonica	C28_alcohol_3OH	0
1695235|Eunicea tayrona	C24_alkamine_dihydroxy	2
1695235|Eunicea tayrona	C28_alcohol_3OH	0
169836|Varanus doreanus	C24_alkamine_trihydroxy	1
169836|Varanus doreanus	C24_dihydroxy	7
169836|Varanus doreanus	C24_tetrahydroxy	2
169836|Varanus doreanus	C24_trihydroxy	7
169836|Varanus doreanus	C27_monohydroxy	2
169836|Varanus doreanus	C27_pentahydroxy	8
169836|Varanus doreanus	C27_tetrahydroxy	5
169836|Varanus doreanus	C27_trihydroxy	5
169846|Varanus melinus	C24_alkamine_trihydroxy	2
169846|Varanus melinus	C24_dihydroxy	6
169846|Varanus melinus	C24_trihydroxy	8
169846|Varanus melinus	C27_pentahydroxy	8
169846|Varanus melinus	C27_tetrahydroxy	2
169846|Varanus melinus	C27_trihydroxy	2
1701|Brevibacterium sp.	C24_alkamine_trihydroxy	4
1701|Brevibacterium sp.	C24_alkamine_dihydroxy	5
1701|Brevibacterium sp.	C24_alkamine_pentahydroxy	2
1701|Brevibacterium sp.	C24_alkamine_tetrahydroxy	3
1701|Brevibacterium sp.	C24_dihydroxy	2
170351|Mitragyna speciosa	C28_alcohol_3OH	0
170817|Dalatias licha	C23_dihydroxy	1
170817|Dalatias licha	C23_trihydroxy	1
170817|Dalatias licha	C24_alkamine_trihydroxy	4
170817|Dalatias licha	C24_dihydroxy	6
170817|Dalatias licha	C24_tetrahydroxy	4
170817|Dalatias licha	C24_trihydroxy	2
170817|Dalatias licha	C27_monohydroxy	2
170817|Dalatias licha	C27_tetrahydroxy	2
170817|Dalatias licha	C27_trihydroxy	2
170820|Hemiscyllium ocellatum	C23_dihydroxy	2
170820|Hemiscyllium ocellatum	C23_trihydroxy	2
170820|Hemiscyllium ocellatum	C24_dihydroxy	6
170820|Hemiscyllium ocellatum	C24_monohydroxy	4
170820|Hemiscyllium ocellatum	C24_trihydroxy	4
170820|Hemiscyllium ocellatum	C27_dihydroxy	8
170820|Hemiscyllium ocellatum	C27_monohydroxy	4
170820|Hemiscyllium ocellatum	C27_pentahydroxy	2
170820|Hemiscyllium ocellatum	C27_tetrahydroxy	2
170820|Hemiscyllium ocellatum	C27_trihydroxy	2
170866|Halcyon malimbica	C24_alkamine_tetrahydroxy	1
170866|Halcyon malimbica	C24_dihydroxy	3
170866|Halcyon malimbica	C24_tetrahydroxy	3
170866|Halcyon malimbica	C24_trihydroxy	2
170866|Halcyon malimbica	C27_monohydroxy	1
170989|Citrus hystrix	C28_alcohol_3OH	0
1712000|Agaricus thiersii	C24_tetrahydroxy	1
171249|Citrus limonia	C24_pentahydroxy	1
171249|Citrus limonia	C28_alcohol_3OH	0
171275|Recurvirostra avosetta	C24_alkamine_trihydroxy	5
171275|Recurvirostra avosetta	C24_alkamine_dihydroxy	1
171275|Recurvirostra avosetta	C24_alkamine_tetrahydroxy	1
171275|Recurvirostra avosetta	C24_dihydroxy	8
171275|Recurvirostra avosetta	C24_pentahydroxy	1
171275|Recurvirostra avosetta	C24_tetrahydroxy	8
171275|Recurvirostra avosetta	C24_trihydroxy	13
171275|Recurvirostra avosetta	C27_dihydroxy	3
171275|Recurvirostra avosetta	C27_monohydroxy	4
171275|Recurvirostra avosetta	C27_tetrahydroxy	1
171275|Recurvirostra avosetta	C27_trihydroxy	1
1713640|Adromischus cristatus	C23_dihydroxy	1
1713640|Adromischus cristatus	C26_dihydroxy	3
1713640|Adromischus cristatus	C28_alcohol_3OH	0
1713|Oerskovia turbata	C24_dihydroxy	24
1713|Oerskovia turbata	C24_tetrahydroxy	2
1713|Oerskovia turbata	C24_trihydroxy	10
171437|Tistrella mobilis	C24_alkamine_trihydroxy	6
171793|Pelochelys cantorii	C24_alkamine_pentahydroxy	4
171793|Pelochelys cantorii	C24_alkamine_tetrahydroxy	2
171793|Pelochelys cantorii	C24_dihydroxy	3
171793|Pelochelys cantorii	C24_tetrahydroxy	5
171793|Pelochelys cantorii	C24_trihydroxy	3
171793|Pelochelys cantorii	C27_dihydroxy	3
171793|Pelochelys cantorii	C27_pentahydroxy	6
171793|Pelochelys cantorii	C27_tetrahydroxy	3
171793|Pelochelys cantorii	C27_trihydroxy	3
171798|Chitra indica	C24_tetrahydroxy	4
171798|Chitra indica	C24_trihydroxy	1
171798|Chitra indica	C27_dihydroxy	4
171798|Chitra indica	C27_monohydroxy	4
171798|Chitra indica	C27_pentahydroxy	4
171798|Chitra indica	C27_tetrahydroxy	3
171798|Chitra indica	C27_trihydroxy	3
171928|Anacardium	C24_dihydroxy	6
171928|Anacardium	C24_trihydroxy	4
171929|Anacardium occidentale	C28_alcohol_2OH	0
171929|Anacardium occidentale	C28_alcohol_3OH	0
171|Leptospira	C24_dihydroxy	4
172131|Trachinocephalus myops	C23_trihydroxy	1
172131|Trachinocephalus myops	C24_dihydroxy	8
172131|Trachinocephalus myops	C24_tetrahydroxy	1
172131|Trachinocephalus myops	C24_trihydroxy	9
172131|Trachinocephalus myops	C27_dihydroxy	5
172131|Trachinocephalus myops	C27_monohydroxy	1
172131|Trachinocephalus myops	C27_tetrahydroxy	4
172131|Trachinocephalus myops	C27_trihydroxy	4
172271|Parahyaena brunnea	C23_dihydroxy	1
172271|Parahyaena brunnea	C24_dihydroxy	12
172271|Parahyaena brunnea	C24_tetrahydroxy	3
172271|Parahyaena brunnea	C24_trihydroxy	8
172271|Parahyaena brunnea	C27_dihydroxy	2
172271|Parahyaena brunnea	C27_monohydroxy	1
172271|Parahyaena brunnea	C27_tetrahydroxy	1
172271|Parahyaena brunnea	C27_trihydroxy	1
172532|Hypselecara temporalis	C24_alkamine_trihydroxy	1
172532|Hypselecara temporalis	C24_alkamine_pentahydroxy	1
172532|Hypselecara temporalis	C24_dihydroxy	6
172532|Hypselecara temporalis	C24_tetrahydroxy	1
172532|Hypselecara temporalis	C24_trihydroxy	4
172532|Hypselecara temporalis	C27_dihydroxy	4
172532|Hypselecara temporalis	C27_tetrahydroxy	1
172532|Hypselecara temporalis	C27_trihydroxy	1
172697|Lophotis gindiana	C24_dihydroxy	13
172697|Lophotis gindiana	C24_monohydroxy	2
172697|Lophotis gindiana	C24_trihydroxy	6
172697|Lophotis gindiana	C27_dihydroxy	4
172697|Lophotis gindiana	C27_monohydroxy	1
172697|Lophotis gindiana	C27_tetrahydroxy	1
172697|Lophotis gindiana	C27_trihydroxy	1
172714|Paralabrax clathratus	C24_dihydroxy	7
172714|Paralabrax clathratus	C24_tetrahydroxy	3
172714|Paralabrax clathratus	C24_trihydroxy	9
172714|Paralabrax clathratus	C27_dihydroxy	1
172714|Paralabrax clathratus	C27_tetrahydroxy	1
172714|Paralabrax clathratus	C27_trihydroxy	1
173341|Scomberoides commersonnianus	C24_alkamine_trihydroxy	1
173341|Scomberoides commersonnianus	C24_alkamine_pentahydroxy	2
173341|Scomberoides commersonnianus	C24_dihydroxy	2
173341|Scomberoides commersonnianus	C24_monohydroxy	1
173341|Scomberoides commersonnianus	C24_tetrahydroxy	3
173341|Scomberoides commersonnianus	C24_trihydroxy	6
173341|Scomberoides commersonnianus	C27_dihydroxy	3
173341|Scomberoides commersonnianus	C27_monohydroxy	1
173365|Methylobacter tundripaludum	C24_dihydroxy	8
173365|Methylobacter tundripaludum	C28_alcohol_2OH	0
173365|Methylobacter tundripaludum	C28_alcohol_3OH	0
173701|Boswellia sacra	C23_pentahydroxy	2
173701|Boswellia sacra	C24_alkamine_pentahydroxy	1
173701|Boswellia sacra	C28_alcohol_2OH	0
173701|Boswellia sacra	C28_alcohol_3OH	0
173776|Streptomyces cinnamoneus subsp. albosporus	C28_alcohol_3OH	0
173777|Streptomyces cinnamoneus subsp. azacoluta	C24_alkamine_trihydroxy	4
173777|Streptomyces cinnamoneus subsp. azacoluta	C27_monohydroxy	2
173777|Streptomyces cinnamoneus subsp. azacoluta	C28_alcohol_2OH	0
173777|Streptomyces cinnamoneus subsp. azacoluta	C28_alcohol_3OH	0
173862|Streptomyces viridiflavus	C24_alkamine_trihydroxy	3
173862|Streptomyces viridiflavus	C24_dihydroxy	4
173862|Streptomyces viridiflavus	C24_trihydroxy	6
173862|Streptomyces viridiflavus	C28_alcohol_3OH	0
174217|Monstera deliciosa	C28_alcohol_2OH	0
174217|Monstera deliciosa	C28_alcohol_3OH	0
174280|Broadleysaurus major	C24_dihydroxy	2
174280|Broadleysaurus major	C24_tetrahydroxy	8
174280|Broadleysaurus major	C24_trihydroxy	14
174280|Broadleysaurus major	C27_dihydroxy	1
174280|Broadleysaurus major	C27_monohydroxy	2
1743270|Geokichla citrina	C24_alkamine_trihydroxy	1
1743270|Geokichla citrina	C24_dihydroxy	6
1743270|Geokichla citrina	C24_tetrahydroxy	8
1743270|Geokichla citrina	C24_trihydroxy	6
1743270|Geokichla citrina	C27_dihydroxy	3
1743270|Geokichla citrina	C27_monohydroxy	4
1743270|Geokichla citrina	C27_tetrahydroxy	2
1743270|Geokichla citrina	C27_trihydroxy	2
1743383|Trochalopteron milnei	C24_dihydroxy	8
1743383|Trochalopteron milnei	C24_monohydroxy	1
1743383|Trochalopteron milnei	C24_tetrahydroxy	4
1743383|Trochalopteron milnei	C24_trihydroxy	7
1743383|Trochalopteron milnei	C27_dihydroxy	2
1743383|Trochalopteron milnei	C27_monohydroxy	1
1744888|Nepenthes ventricosa x Nepenthes alata	C23_monohydroxy	2
1744888|Nepenthes ventricosa x Nepenthes alata	C23_trihydroxy	2
1744888|Nepenthes ventricosa x Nepenthes alata	C24_alkamine_dihydroxy	10
1744888|Nepenthes ventricosa x Nepenthes alata	C24_alkamine_monohydroxy	6
1744888|Nepenthes ventricosa x Nepenthes alata	C24_alkamine_pentahydroxy	6
1744888|Nepenthes ventricosa x Nepenthes alata	C24_alkamine_tetrahydroxy	8
1744888|Nepenthes ventricosa x Nepenthes alata	C24_dihydroxy	18
1744888|Nepenthes ventricosa x Nepenthes alata	C24_monohydroxy	22
1744888|Nepenthes ventricosa x Nepenthes alata	C24_nonhydroxy	72
1744888|Nepenthes ventricosa x Nepenthes alata	C24_pentahydroxy	32
1744888|Nepenthes ventricosa x Nepenthes alata	C24_tetrahydroxy	26
1744888|Nepenthes ventricosa x Nepenthes alata	C24_trihydroxy	18
1744888|Nepenthes ventricosa x Nepenthes alata	C26_dihydroxy	64
1744888|Nepenthes ventricosa x Nepenthes alata	C27_dihydroxy	116
1744888|Nepenthes ventricosa x Nepenthes alata	C27_monohydroxy	224
1744888|Nepenthes ventricosa x Nepenthes alata	C27_pentahydroxy	170
1744888|Nepenthes ventricosa x Nepenthes alata	C27_tetrahydroxy	64
1744888|Nepenthes ventricosa x Nepenthes alata	C27_trihydroxy	64
1744888|Nepenthes ventricosa x Nepenthes alata	C28_alcohol_1OH	0
1744888|Nepenthes ventricosa x Nepenthes alata	C28_alcohol_2OH	0
1744888|Nepenthes ventricosa x Nepenthes alata	C28_alcohol_3OH	0
1750|Arachnia propionica	C24_alkamine_trihydroxy	29
1750|Arachnia propionica	C24_alkamine_dihydroxy	30
1750|Arachnia propionica	C24_dihydroxy	1
1750|Arachnia propionica	C24_trihydroxy	7
175117|Chloropsis cochinchinensis	C24_alkamine_pentahydroxy	1
175117|Chloropsis cochinchinensis	C24_alkamine_tetrahydroxy	3
175117|Chloropsis cochinchinensis	C24_dihydroxy	2
175117|Chloropsis cochinchinensis	C24_tetrahydroxy	4
175117|Chloropsis cochinchinensis	C24_trihydroxy	1
175135|Psarisomus dalhousiae	C23_dihydroxy	2
175135|Psarisomus dalhousiae	C24_alkamine_trihydroxy	1
175135|Psarisomus dalhousiae	C24_alkamine_dihydroxy	1
175135|Psarisomus dalhousiae	C24_alkamine_tetrahydroxy	3
175135|Psarisomus dalhousiae	C24_dihydroxy	7
175135|Psarisomus dalhousiae	C24_tetrahydroxy	4
175135|Psarisomus dalhousiae	C24_trihydroxy	7
175135|Psarisomus dalhousiae	C27_dihydroxy	12
175135|Psarisomus dalhousiae	C27_monohydroxy	5
175135|Psarisomus dalhousiae	C27_tetrahydroxy	3
175135|Psarisomus dalhousiae	C27_trihydroxy	3
175438|Prionurus microlepidotus	C24_dihydroxy	14
175438|Prionurus microlepidotus	C24_tetrahydroxy	8
175438|Prionurus microlepidotus	C24_trihydroxy	18
175810|Spilocuscus maculatus	C24_alkamine_trihydroxy	14
175810|Spilocuscus maculatus	C24_alkamine_dihydroxy	7
175810|Spilocuscus maculatus	C24_alkamine_monohydroxy	7
175810|Spilocuscus maculatus	C24_alkamine_pentahydroxy	1
175810|Spilocuscus maculatus	C24_alkamine_tetrahydroxy	9
175810|Spilocuscus maculatus	C24_dihydroxy	12
175810|Spilocuscus maculatus	C24_tetrahydroxy	5
175810|Spilocuscus maculatus	C24_trihydroxy	7
175830|Buceros bicornis	C24_dihydroxy	2
175830|Buceros bicornis	C24_monohydroxy	1
175830|Buceros bicornis	C24_trihydroxy	3
175830|Buceros bicornis	C27_dihydroxy	1
175830|Buceros bicornis	C27_monohydroxy	1
175830|Buceros bicornis	C27_pentahydroxy	1
175830|Buceros bicornis	C27_tetrahydroxy	2
175830|Buceros bicornis	C27_trihydroxy	2
175832|Ceratogymna atrata	C24_dihydroxy	3
175832|Ceratogymna atrata	C24_monohydroxy	1
175832|Ceratogymna atrata	C24_trihydroxy	6
175832|Ceratogymna atrata	C27_monohydroxy	1
175832|Ceratogymna atrata	C27_tetrahydroxy	1
175832|Ceratogymna atrata	C27_trihydroxy	1
175835|Buceros rhinoceros	C24_alkamine_trihydroxy	1
175835|Buceros rhinoceros	C24_dihydroxy	1
175835|Buceros rhinoceros	C24_tetrahydroxy	1
175835|Buceros rhinoceros	C24_trihydroxy	5
175835|Buceros rhinoceros	C27_dihydroxy	2
175835|Buceros rhinoceros	C27_monohydroxy	3
175835|Buceros rhinoceros	C27_pentahydroxy	1
175835|Buceros rhinoceros	C27_tetrahydroxy	2
175835|Buceros rhinoceros	C27_trihydroxy	2
175844|Bycanistes bucinator	C24_dihydroxy	2
175844|Bycanistes bucinator	C24_trihydroxy	3
175844|Bycanistes bucinator	C27_dihydroxy	1
175844|Bycanistes bucinator	C27_monohydroxy	1
175844|Bycanistes bucinator	C27_tetrahydroxy	3
175844|Bycanistes bucinator	C27_trihydroxy	3
176011|Tricholoma mutabile	C24_alkamine_pentahydroxy	2
176013|Ara chloropterus	C23_dihydroxy	1
176013|Ara chloropterus	C24_dihydroxy	2
176013|Ara chloropterus	C24_tetrahydroxy	3
176013|Ara chloropterus	C24_trihydroxy	3
176051|Vini australis	C24_alkamine_trihydroxy	1
176051|Vini australis	C24_dihydroxy	3
176051|Vini australis	C24_monohydroxy	1
176051|Vini australis	C24_tetrahydroxy	1
176051|Vini australis	C24_trihydroxy	3
1760|Actinomycetes	C24_alkamine_dihydroxy	5
1760|Actinomycetes	C24_dihydroxy	3
1760|Actinomycetes	C24_monohydroxy	32
1760|Actinomycetes	C24_trihydroxy	110
1760|Actinomycetes	C27_monohydroxy	1
1760|Actinomycetes	C28_alcohol_3OH	0
1761758|Bacillus sp. bc15	C24_dihydroxy	2
1761758|Bacillus sp. bc15	C24_trihydroxy	3
1761758|Bacillus sp. bc15	C28_alcohol_3OH	0
1761766|Bacillus sp. ok061	C24_dihydroxy	2
1761766|Bacillus sp. ok061	C28_alcohol_3OH	0
1761771|Bradyrhizobium sp. cf659	C28_alcohol_3OH	0
1761784|Flavobacterium sp. fv08	C24_monohydroxy	2
1761784|Flavobacterium sp. fv08	C28_alcohol_3OH	0
1761785|Flavobacterium sp. ov086	C28_alcohol_3OH	0
1761791|Lysobacter sp. yr284	C28_alcohol_3OH	0
1761879|Paenibacillus sp. ov031	C24_trihydroxy	1
1761879|Paenibacillus sp. ov031	C28_alcohol_3OH	0
1761896|Pseudomonas sp. ok266	C24_trihydroxy	4
1761896|Pseudomonas sp. ok266	C28_alcohol_2OH	0
1761896|Pseudomonas sp. ok266	C28_alcohol_3OH	0
1761903|Streptomyces sp. cf124	C28_alcohol_3OH	0
1761904|Streptomyces sp. cf386	C28_alcohol_3OH	0
1761905|Streptomyces sp. ok210	C28_alcohol_3OH	0
1761906|Streptomyces sp. yr375	C24_trihydroxy	1
1761906|Streptomyces sp. yr375	C28_alcohol_3OH	0
176192|Cuora trifasciata	C24_alkamine_trihydroxy	1
176192|Cuora trifasciata	C24_dihydroxy	1
176192|Cuora trifasciata	C24_pentahydroxy	1
176192|Cuora trifasciata	C24_tetrahydroxy	5
176192|Cuora trifasciata	C24_trihydroxy	2
176192|Cuora trifasciata	C27_dihydroxy	4
176192|Cuora trifasciata	C27_monohydroxy	1
176192|Cuora trifasciata	C27_pentahydroxy	2
176192|Cuora trifasciata	C27_tetrahydroxy	2
176192|Cuora trifasciata	C27_trihydroxy	2
176265|Selenicereus undatus	C28_alcohol_3OH	0
176946|Python bivittatus	C23_dihydroxy	2
176946|Python bivittatus	C24_alkamine_trihydroxy	2
176946|Python bivittatus	C24_alkamine_pentahydroxy	3
176946|Python bivittatus	C24_dihydroxy	1
176946|Python bivittatus	C24_pentahydroxy	1
176946|Python bivittatus	C24_tetrahydroxy	5
176946|Python bivittatus	C24_trihydroxy	17
176946|Python bivittatus	C27_dihydroxy	2
176946|Python bivittatus	C27_monohydroxy	5
177143|Columba pulchricollis	C24_dihydroxy	4
177143|Columba pulchricollis	C24_trihydroxy	5
1771|Mycolicibacterium phlei	C28_alcohol_2OH	0
1776954|Asplenium musifolium	C23_dihydroxy	41
1776954|Asplenium musifolium	C23_pentahydroxy	1
1776954|Asplenium musifolium	C24_monohydroxy	528
1776954|Asplenium musifolium	C24_nonhydroxy	3
1776954|Asplenium musifolium	C26_dihydroxy	2
1776954|Asplenium musifolium	C27_dihydroxy	81
1776954|Asplenium musifolium	C28_alcohol_3OH	0
178174|Syzygium	C28_alcohol_3OH	0
1784714|Arcticibacterium luteifluviistationis	C28_alcohol_2OH	0
1784714|Arcticibacterium luteifluviistationis	C28_alcohol_3OH	0
178566|Streptomyces mexicanus	C28_alcohol_3OH	0
1791|Mycolicibacterium aurum	C28_alcohol_2OH	0
1791|Mycolicibacterium aurum	C28_alcohol_3OH	0
179819|Nocardiopsis metallicus	C28_alcohol_2OH	0
179819|Nocardiopsis metallicus	C28_alcohol_3OH	0
179894|Brookesia perarmata	C24_alkamine_trihydroxy	4
179894|Brookesia perarmata	C24_alkamine_tetrahydroxy	3
179894|Brookesia perarmata	C24_dihydroxy	3
179894|Brookesia perarmata	C24_tetrahydroxy	3
179894|Brookesia perarmata	C24_trihydroxy	14
179894|Brookesia perarmata	C27_monohydroxy	1
179907|Calumma parsonii	C24_alkamine_trihydroxy	2
179907|Calumma parsonii	C24_alkamine_tetrahydroxy	1
179907|Calumma parsonii	C24_dihydroxy	4
179907|Calumma parsonii	C24_tetrahydroxy	3
179907|Calumma parsonii	C24_trihydroxy	7
179907|Calumma parsonii	C27_dihydroxy	1
179907|Calumma parsonii	C27_monohydroxy	1
179908|Chamaeleo calyptratus	C23_trihydroxy	1
179908|Chamaeleo calyptratus	C24_alkamine_trihydroxy	49
179908|Chamaeleo calyptratus	C24_alkamine_dihydroxy	8
179908|Chamaeleo calyptratus	C24_alkamine_tetrahydroxy	15
179908|Chamaeleo calyptratus	C24_dihydroxy	43
179908|Chamaeleo calyptratus	C24_monohydroxy	2
179908|Chamaeleo calyptratus	C24_tetrahydroxy	43
179908|Chamaeleo calyptratus	C24_trihydroxy	92
179908|Chamaeleo calyptratus	C27_dihydroxy	13
179908|Chamaeleo calyptratus	C27_monohydroxy	14
179908|Chamaeleo calyptratus	C27_pentahydroxy	8
179908|Chamaeleo calyptratus	C27_tetrahydroxy	8
179908|Chamaeleo calyptratus	C27_trihydroxy	8
179916|Trioceros montium	C24_dihydroxy	2
179916|Trioceros montium	C24_tetrahydroxy	3
179916|Trioceros montium	C24_trihydroxy	7
179916|Trioceros montium	C27_monohydroxy	1
179927|Furcifer oustaleti	C24_dihydroxy	2
179927|Furcifer oustaleti	C24_tetrahydroxy	2
179927|Furcifer oustaleti	C24_trihydroxy	8
179929|Rhampholeon spectrum	C24_trihydroxy	3
1799599|Medinilla magnifica	C24_pentahydroxy	4
1801599|Byrsonima verbascifolia	C24_tetrahydroxy	1
1801619|Collimonas sp. OK412	C28_alcohol_3OH	0
1804186|Stigmaphyllon angustilobum	C24_tetrahydroxy	2
1804193|Stigmaphyllon cavernulosum	C24_tetrahydroxy	1
1804196|Stigmaphyllon harleyi	C24_monohydroxy	1
1804197|Stigmaphyllon hatschbachii	C24_tetrahydroxy	1
1804199|Stigmaphyllon lalandianum	C24_monohydroxy	1
1804199|Stigmaphyllon lalandianum	C24_tetrahydroxy	10
1804201|Stigmaphyllon puberulum	C24_tetrahydroxy	1
1804203|Stigmaphyllon saxicola	C24_tetrahydroxy	2
1804206|Stigmaphyllon urenifolium	C24_monohydroxy	1
1804207|Stigmaphyllon vitifolium	C24_tetrahydroxy	1
1804|Mycolicibacterium gilvum	C28_alcohol_2OH	0
180562|Morina longifolia	C28_alcohol_2OH	0
180562|Morina longifolia	C28_alcohol_3OH	0
1806640|Eremophila clarkei	C24_pentahydroxy	2
1806641|Eremophila interstans	C28_alcohol_3OH	0
1806642|Eremophila scoparia	C28_alcohol_3OH	0
1807871|Streptomyces xylanilyticus	C24_alkamine_trihydroxy	114
1807871|Streptomyces xylanilyticus	C24_alkamine_dihydroxy	45
1807871|Streptomyces xylanilyticus	C24_alkamine_tetrahydroxy	21
1807871|Streptomyces xylanilyticus	C24_dihydroxy	18
1807871|Streptomyces xylanilyticus	C24_monohydroxy	2
1807871|Streptomyces xylanilyticus	C24_tetrahydroxy	2
1807871|Streptomyces xylanilyticus	C24_trihydroxy	9
1813|Amycolatopsis	C24_alkamine_trihydroxy	1
1813|Amycolatopsis	C24_dihydroxy	2
1813|Amycolatopsis	C24_monohydroxy	50
1813|Amycolatopsis	C24_pentahydroxy	5
1813|Amycolatopsis	C24_tetrahydroxy	1
1813|Amycolatopsis	C24_trihydroxy	2
1813|Amycolatopsis	C28_alcohol_2OH	0
1813|Amycolatopsis	C28_alcohol_3OH	0
181539|Kerodon rupestris	C24_alkamine_trihydroxy	2
181539|Kerodon rupestris	C24_alkamine_dihydroxy	1
181539|Kerodon rupestris	C24_dihydroxy	11
181539|Kerodon rupestris	C24_trihydroxy	15
181539|Kerodon rupestris	C27_monohydroxy	1
1816324|Niedenzuella multiglandulosa	C24_alkamine_tetrahydroxy	1
1816325|Niedenzuella poeppigiana	C24_alkamine_pentahydroxy	2
1816325|Niedenzuella poeppigiana	C24_tetrahydroxy	1
181635|Yuhina brunneiceps	C24_alkamine_pentahydroxy	2
181635|Yuhina brunneiceps	C24_alkamine_tetrahydroxy	1
181635|Yuhina brunneiceps	C24_dihydroxy	7
181635|Yuhina brunneiceps	C24_monohydroxy	1
181635|Yuhina brunneiceps	C24_tetrahydroxy	9
181635|Yuhina brunneiceps	C24_trihydroxy	7
181635|Yuhina brunneiceps	C27_dihydroxy	7
181635|Yuhina brunneiceps	C27_monohydroxy	5
181635|Yuhina brunneiceps	C27_tetrahydroxy	2
181635|Yuhina brunneiceps	C27_trihydroxy	2
1817|Nocardia	C24_monohydroxy	2
1817|Nocardia	C28_alcohol_2OH	0
1817|Nocardia	C28_alcohol_3OH	0
1818|Nocardia globerula	C24_alkamine_trihydroxy	6
1818|Nocardia globerula	C24_alkamine_pentahydroxy	7
1818|Nocardia globerula	C24_alkamine_tetrahydroxy	7
182070|Saxifraga stolonifera	C23_pentahydroxy	1
182070|Saxifraga stolonifera	C28_alcohol_3OH	0
182084|Gynostemma pentaphyllum	C28_alcohol_3OH	0
182112|Ficus elastica	C27_dihydroxy	2
182112|Ficus elastica	C28_alcohol_3OH	0
1821582|Leptopelis viridis	C24_alkamine_trihydroxy	1
1821582|Leptopelis viridis	C24_dihydroxy	2
1821582|Leptopelis viridis	C24_trihydroxy	1
1821582|Leptopelis viridis	C27_dihydroxy	5
1821582|Leptopelis viridis	C27_monohydroxy	5
1821582|Leptopelis viridis	C27_tetrahydroxy	2
1821582|Leptopelis viridis	C27_trihydroxy	2
1821|Nocardia sp.	C28_alcohol_3OH	0
182253|Alouatta pigra	C23_trihydroxy	1
182253|Alouatta pigra	C24_alkamine_trihydroxy	9
182253|Alouatta pigra	C24_alkamine_dihydroxy	4
182253|Alouatta pigra	C24_alkamine_tetrahydroxy	1
182253|Alouatta pigra	C24_dihydroxy	25
182253|Alouatta pigra	C24_tetrahydroxy	1
182253|Alouatta pigra	C24_trihydroxy	17
182253|Alouatta pigra	C27_monohydroxy	1
182387|Monarda punctata	C23_tetrahydroxy	3
182387|Monarda punctata	C23_trihydroxy	1
182387|Monarda punctata	C24_alkamine_trihydroxy	1
182387|Monarda punctata	C24_alkamine_pentahydroxy	2
182387|Monarda punctata	C24_alkamine_tetrahydroxy	4
182387|Monarda punctata	C24_dihydroxy	1
182387|Monarda punctata	C24_monohydroxy	4
182387|Monarda punctata	C24_pentahydroxy	1
182387|Monarda punctata	C24_tetrahydroxy	122
182387|Monarda punctata	C24_trihydroxy	1
182387|Monarda punctata	C27_monohydroxy	1
182387|Monarda punctata	C27_pentahydroxy	9
182387|Monarda punctata	C27_tetrahydroxy	1
182387|Monarda punctata	C27_trihydroxy	1
182387|Monarda punctata	C28_alcohol_3OH	0
182438|Gymnothorax moringa	C24_alkamine_trihydroxy	6
182438|Gymnothorax moringa	C24_dihydroxy	15
182438|Gymnothorax moringa	C24_tetrahydroxy	6
182438|Gymnothorax moringa	C24_trihydroxy	21
182438|Gymnothorax moringa	C27_dihydroxy	4
182438|Gymnothorax moringa	C27_monohydroxy	2
1824555|Furcraea foetida	C28_alcohol_2OH	0
1824555|Furcraea foetida	C28_alcohol_3OH	0
1826628|Squamellaria kajewskii	C28_alcohol_2OH	0
1826628|Squamellaria kajewskii	C28_alcohol_3OH	0
1827075|Hydnophytum simplex	C23_pentahydroxy	1
1827075|Hydnophytum simplex	C24_alkamine_pentahydroxy	3
1827075|Hydnophytum simplex	C27_pentahydroxy	1
1827075|Hydnophytum simplex	C28_alcohol_3OH	0
182865|Lepiota spheniscispora	C24_trihydroxy	2
1828|Rhodococcoides fascians	C24_alkamine_trihydroxy	2
1828|Rhodococcoides fascians	C28_alcohol_3OH	0
182944|Protonotaria citrea	C24_tetrahydroxy	1
1829|Rhodococcus rhodochrous	C24_dihydroxy	4
1829|Rhodococcus rhodochrous	C24_tetrahydroxy	2
1829|Rhodococcus rhodochrous	C24_trihydroxy	4
1829|Rhodococcus rhodochrous	C27_monohydroxy	4
183260|Hibiscus sabdariffa	C24_alkamine_tetrahydroxy	6
183260|Hibiscus sabdariffa	C24_tetrahydroxy	109
183260|Hibiscus sabdariffa	C24_trihydroxy	2
183260|Hibiscus sabdariffa	C27_dihydroxy	1
183260|Hibiscus sabdariffa	C27_pentahydroxy	3
183260|Hibiscus sabdariffa	C27_tetrahydroxy	4
183260|Hibiscus sabdariffa	C27_trihydroxy	4
183260|Hibiscus sabdariffa	C28_alcohol_3OH	0
183267|Talipariti tiliaceum	C28_alcohol_2OH	0
183267|Talipariti tiliaceum	C28_alcohol_3OH	0
183296|Thermopsis montana	C24_alkamine_trihydroxy	2
183296|Thermopsis montana	C27_dihydroxy	7
183296|Thermopsis montana	C27_monohydroxy	1
183296|Thermopsis montana	C28_alcohol_2OH	0
183296|Thermopsis montana	C28_alcohol_3OH	0
1833|Rhodococcus erythropolis	C24_monohydroxy	2
1833|Rhodococcus erythropolis	C28_alcohol_2OH	0
183532|Sayornis saya	C24_alkamine_tetrahydroxy	1
183532|Sayornis saya	C24_dihydroxy	2
183532|Sayornis saya	C24_trihydroxy	2
183532|Sayornis saya	C27_dihydroxy	3
183532|Sayornis saya	C27_monohydroxy	1
183532|Sayornis saya	C27_tetrahydroxy	3
183532|Sayornis saya	C27_trihydroxy	2
183589|Pseudo-nitzschia multistriata	C23_pentahydroxy	49
183589|Pseudo-nitzschia multistriata	C24_alkamine_pentahydroxy	6
183589|Pseudo-nitzschia multistriata	C24_pentahydroxy	10
183589|Pseudo-nitzschia multistriata	C24_tetrahydroxy	36
183589|Pseudo-nitzschia multistriata	C27_pentahydroxy	4
183589|Pseudo-nitzschia multistriata	C28_alcohol_3OH	0
183602|Liodytes alleni	C24_alkamine_pentahydroxy	1
183602|Liodytes alleni	C24_dihydroxy	3
183602|Liodytes alleni	C24_pentahydroxy	2
183602|Liodytes alleni	C24_tetrahydroxy	5
183602|Liodytes alleni	C24_trihydroxy	11
183602|Liodytes alleni	C27_dihydroxy	2
183602|Liodytes alleni	C27_monohydroxy	1
183602|Liodytes alleni	C27_tetrahydroxy	2
183602|Liodytes alleni	C27_trihydroxy	2
183607|Nerodia cyclopion	C24_alkamine_pentahydroxy	1
183607|Nerodia cyclopion	C24_dihydroxy	4
183607|Nerodia cyclopion	C24_tetrahydroxy	4
183607|Nerodia cyclopion	C24_trihydroxy	27
183607|Nerodia cyclopion	C27_pentahydroxy	1
183610|Nerodia rhombifer	C24_alkamine_trihydroxy	3
183610|Nerodia rhombifer	C24_dihydroxy	9
183610|Nerodia rhombifer	C24_pentahydroxy	1
183610|Nerodia rhombifer	C24_tetrahydroxy	7
183610|Nerodia rhombifer	C24_trihydroxy	32
183610|Nerodia rhombifer	C27_dihydroxy	4
183610|Nerodia rhombifer	C27_tetrahydroxy	1
183610|Nerodia rhombifer	C27_trihydroxy	1
183749|Tolypeutes matacus	C23_pentahydroxy	2
183749|Tolypeutes matacus	C24_alkamine_trihydroxy	2
183749|Tolypeutes matacus	C24_alkamine_dihydroxy	2
183749|Tolypeutes matacus	C24_alkamine_pentahydroxy	4
183749|Tolypeutes matacus	C24_alkamine_tetrahydroxy	4
183749|Tolypeutes matacus	C24_dihydroxy	4
183749|Tolypeutes matacus	C24_monohydroxy	4
183749|Tolypeutes matacus	C24_tetrahydroxy	2
183749|Tolypeutes matacus	C24_trihydroxy	4
183749|Tolypeutes matacus	C28_alcohol_3OH	0
184168|Pseudaspis cana	C24_alkamine_trihydroxy	2
184168|Pseudaspis cana	C24_alkamine_tetrahydroxy	1
184168|Pseudaspis cana	C24_dihydroxy	9
184168|Pseudaspis cana	C24_pentahydroxy	2
184168|Pseudaspis cana	C24_tetrahydroxy	9
184168|Pseudaspis cana	C24_trihydroxy	28
184168|Pseudaspis cana	C27_dihydroxy	4
184168|Pseudaspis cana	C27_monohydroxy	2
184168|Pseudaspis cana	C27_pentahydroxy	1
184168|Pseudaspis cana	C27_tetrahydroxy	1
184168|Pseudaspis cana	C27_trihydroxy	1
1841|Nocardioides albus	C27_monohydroxy	2
184238|Crocodylus palustris	C23_dihydroxy	1
184238|Crocodylus palustris	C24_alkamine_trihydroxy	5
184238|Crocodylus palustris	C24_alkamine_tetrahydroxy	2
184238|Crocodylus palustris	C24_dihydroxy	6
184238|Crocodylus palustris	C24_monohydroxy	1
184238|Crocodylus palustris	C24_tetrahydroxy	6
184238|Crocodylus palustris	C24_trihydroxy	13
184238|Crocodylus palustris	C27_dihydroxy	7
184238|Crocodylus palustris	C27_monohydroxy	3
184238|Crocodylus palustris	C27_pentahydroxy	2
184238|Crocodylus palustris	C27_tetrahydroxy	6
184238|Crocodylus palustris	C27_trihydroxy	5
184239|Crocodylus rhombifer	C24_tetrahydroxy	2
184239|Crocodylus rhombifer	C28_alcohol_3OH	0
184240|Crocodylus intermedius	C24_dihydroxy	1
184240|Crocodylus intermedius	C24_trihydroxy	5
184240|Crocodylus intermedius	C27_dihydroxy	3
184240|Crocodylus intermedius	C27_pentahydroxy	2
184240|Crocodylus intermedius	C27_tetrahydroxy	2
184240|Crocodylus intermedius	C27_trihydroxy	2
184242|Osteolaemus tetraspis	C24_dihydroxy	2
184242|Osteolaemus tetraspis	C24_trihydroxy	3
184242|Osteolaemus tetraspis	C27_dihydroxy	7
184242|Osteolaemus tetraspis	C27_monohydroxy	2
184242|Osteolaemus tetraspis	C27_tetrahydroxy	6
184242|Osteolaemus tetraspis	C27_trihydroxy	5
184245|Tomistoma schlegelii	C23_dihydroxy	4
184245|Tomistoma schlegelii	C23_trihydroxy	2
184245|Tomistoma schlegelii	C24_alkamine_dihydroxy	1
184245|Tomistoma schlegelii	C24_alkamine_pentahydroxy	4
184245|Tomistoma schlegelii	C24_dihydroxy	14
184245|Tomistoma schlegelii	C24_monohydroxy	2
184245|Tomistoma schlegelii	C24_nonhydroxy	4
184245|Tomistoma schlegelii	C24_pentahydroxy	4
184245|Tomistoma schlegelii	C24_tetrahydroxy	10
184245|Tomistoma schlegelii	C24_trihydroxy	18
184245|Tomistoma schlegelii	C27_dihydroxy	19
184245|Tomistoma schlegelii	C27_monohydroxy	2
184245|Tomistoma schlegelii	C27_pentahydroxy	9
184245|Tomistoma schlegelii	C27_tetrahydroxy	6
184245|Tomistoma schlegelii	C27_trihydroxy	6
1843784|Apagesoma australe	C24_trihydroxy	2
1843792|Holcomycteronus brucei	C24_dihydroxy	7
1843792|Holcomycteronus brucei	C24_trihydroxy	5
1843792|Holcomycteronus brucei	C27_dihydroxy	1
184449|Stereolepis gigas	C24_dihydroxy	5
184449|Stereolepis gigas	C24_tetrahydroxy	1
184449|Stereolepis gigas	C24_trihydroxy	7
184449|Stereolepis gigas	C27_dihydroxy	3
184449|Stereolepis gigas	C27_monohydroxy	2
184449|Stereolepis gigas	C27_tetrahydroxy	1
184449|Stereolepis gigas	C27_trihydroxy	1
184544|Crotalus unicolor	C24_alkamine_trihydroxy	1
184544|Crotalus unicolor	C24_dihydroxy	2
184544|Crotalus unicolor	C24_pentahydroxy	4
184544|Crotalus unicolor	C24_tetrahydroxy	6
184544|Crotalus unicolor	C24_trihydroxy	14
184544|Crotalus unicolor	C27_dihydroxy	1
184544|Crotalus unicolor	C27_pentahydroxy	2
184544|Crotalus unicolor	C27_tetrahydroxy	1
184544|Crotalus unicolor	C27_trihydroxy	1
184545|Crotalus vegrandis	C24_alkamine_trihydroxy	1
184545|Crotalus vegrandis	C24_alkamine_pentahydroxy	1
184545|Crotalus vegrandis	C24_dihydroxy	5
184545|Crotalus vegrandis	C24_pentahydroxy	2
184545|Crotalus vegrandis	C24_tetrahydroxy	8
184545|Crotalus vegrandis	C24_trihydroxy	26
184545|Crotalus vegrandis	C27_dihydroxy	2
184545|Crotalus vegrandis	C27_monohydroxy	1
184545|Crotalus vegrandis	C27_tetrahydroxy	2
184545|Crotalus vegrandis	C27_trihydroxy	2
184598|Branta canadensis occidentalis	C24_dihydroxy	6
184598|Branta canadensis occidentalis	C24_trihydroxy	8
184598|Branta canadensis occidentalis	C27_dihydroxy	1
184598|Branta canadensis occidentalis	C27_monohydroxy	1
184711|Branta leucopsis	C23_dihydroxy	1
184711|Branta leucopsis	C24_alkamine_pentahydroxy	2
184711|Branta leucopsis	C24_dihydroxy	12
184711|Branta leucopsis	C24_pentahydroxy	2
184711|Branta leucopsis	C24_tetrahydroxy	3
184711|Branta leucopsis	C24_trihydroxy	6
184711|Branta leucopsis	C27_dihydroxy	6
184711|Branta leucopsis	C27_monohydroxy	6
184715|Branta ruficollis	C24_alkamine_trihydroxy	1
184715|Branta ruficollis	C24_alkamine_dihydroxy	3
184715|Branta ruficollis	C24_alkamine_tetrahydroxy	3
184715|Branta ruficollis	C24_dihydroxy	18
184715|Branta ruficollis	C24_tetrahydroxy	4
184715|Branta ruficollis	C24_trihydroxy	7
184715|Branta ruficollis	C27_dihydroxy	6
184715|Branta ruficollis	C27_monohydroxy	7
184715|Branta ruficollis	C27_tetrahydroxy	2
184715|Branta ruficollis	C27_trihydroxy	2
184783|Areca catechu	C26_dihydroxy	1
184783|Areca catechu	C28_alcohol_2OH	0
184783|Areca catechu	C28_alcohol_3OH	0
1847|Pseudonocardia	C23_pentahydroxy	2
1847|Pseudonocardia	C23_tetrahydroxy	1
1847|Pseudonocardia	C23_trihydroxy	2
1847|Pseudonocardia	C24_alkamine_trihydroxy	4
1847|Pseudonocardia	C24_alkamine_dihydroxy	4
1847|Pseudonocardia	C24_alkamine_tetrahydroxy	5
1847|Pseudonocardia	C24_dihydroxy	5
1847|Pseudonocardia	C24_monohydroxy	11
1847|Pseudonocardia	C24_pentahydroxy	8
1847|Pseudonocardia	C24_tetrahydroxy	8
1847|Pseudonocardia	C24_trihydroxy	14
1847|Pseudonocardia	C26_dihydroxy	4
1847|Pseudonocardia	C27_dihydroxy	4
1847|Pseudonocardia	C27_pentahydroxy	2
1847|Pseudonocardia	C27_tetrahydroxy	1
1847|Pseudonocardia	C27_trihydroxy	1
1847|Pseudonocardia	C28_alcohol_3OH	0
185152|Espeletia	C24_pentahydroxy	158
185169|Libanothamnus	C23_tetrahydroxy	1
185169|Libanothamnus	C24_alkamine_tetrahydroxy	25
185169|Libanothamnus	C24_monohydroxy	1
185169|Libanothamnus	C24_pentahydroxy	35
185179|Ruilopezia	C24_pentahydroxy	51
185202|Smallanthus sonchifolius	C24_alkamine_pentahydroxy	2
185202|Smallanthus sonchifolius	C24_alkamine_tetrahydroxy	3
185202|Smallanthus sonchifolius	C24_dihydroxy	4
185202|Smallanthus sonchifolius	C24_tetrahydroxy	6
185202|Smallanthus sonchifolius	C24_trihydroxy	11
185202|Smallanthus sonchifolius	C28_alcohol_2OH	0
185202|Smallanthus sonchifolius	C28_alcohol_3OH	0
1855285|Rhodoferax sp. OV413	C28_alcohol_3OH	0
1855296|Lysinibacillus sp. YR326	C28_alcohol_3OH	0
1855297|Mucilaginibacter sp. OK098	C28_alcohol_3OH	0
1855298|Mucilaginibacter sp. YR332	C28_alcohol_2OH	0
1855298|Mucilaginibacter sp. YR332	C28_alcohol_3OH	0
1855305|Roseateles sp. YR242	C24_dihydroxy	1
1855305|Roseateles sp. YR242	C24_trihydroxy	1
1855305|Roseateles sp. YR242	C28_alcohol_3OH	0
185559|Ilex verticillata	C24_alkamine_pentahydroxy	1
185559|Ilex verticillata	C24_alkamine_tetrahydroxy	2
185559|Ilex verticillata	C24_tetrahydroxy	2
185559|Ilex verticillata	C28_alcohol_3OH	0
1855|Frankia sp.	C27_monohydroxy	2
1855|Frankia sp.	C28_alcohol_3OH	0
185702|Apios americana	C23_dihydroxy	3
185702|Apios americana	C24_alkamine_pentahydroxy	5
185702|Apios americana	C24_monohydroxy	5
185702|Apios americana	C27_dihydroxy	88
185702|Apios americana	C27_monohydroxy	13
185702|Apios americana	C28_alcohol_3OH	0
186578|Cylindrophis ruffus	C24_alkamine_pentahydroxy	3
186578|Cylindrophis ruffus	C24_dihydroxy	1
186578|Cylindrophis ruffus	C24_pentahydroxy	1
186578|Cylindrophis ruffus	C24_tetrahydroxy	9
186578|Cylindrophis ruffus	C24_trihydroxy	5
186578|Cylindrophis ruffus	C27_dihydroxy	1
186585|Duberria lutrix	C23_trihydroxy	1
186585|Duberria lutrix	C24_alkamine_trihydroxy	3
186585|Duberria lutrix	C24_alkamine_pentahydroxy	3
186585|Duberria lutrix	C24_alkamine_tetrahydroxy	2
186585|Duberria lutrix	C24_dihydroxy	6
186585|Duberria lutrix	C24_pentahydroxy	4
186585|Duberria lutrix	C24_tetrahydroxy	13
186585|Duberria lutrix	C24_trihydroxy	18
186585|Duberria lutrix	C27_dihydroxy	3
186585|Duberria lutrix	C27_monohydroxy	2
186585|Duberria lutrix	C27_pentahydroxy	2
186613|Toxicodryas pulverulenta	C24_alkamine_trihydroxy	4
186613|Toxicodryas pulverulenta	C24_alkamine_pentahydroxy	1
186613|Toxicodryas pulverulenta	C24_dihydroxy	20
186613|Toxicodryas pulverulenta	C24_tetrahydroxy	5
186613|Toxicodryas pulverulenta	C24_trihydroxy	28
186613|Toxicodryas pulverulenta	C27_dihydroxy	1
186613|Toxicodryas pulverulenta	C27_monohydroxy	1
1867|Actinoplanes teichomyceticus	C27_monohydroxy	2
1867|Actinoplanes teichomyceticus	C28_alcohol_3OH	0
186803|Lachnospiraceae	C24_alkamine_trihydroxy	23
186803|Lachnospiraceae	C24_alkamine_dihydroxy	38
186803|Lachnospiraceae	C24_dihydroxy	13
186803|Lachnospiraceae	C24_trihydroxy	5
1869190|Roseomonas sp.	C24_alkamine_dihydroxy	1
1869337|Parabacteroides sp.	C24_alkamine_trihydroxy	36
1869337|Parabacteroides sp.	C24_alkamine_dihydroxy	36
1869337|Parabacteroides sp.	C24_dihydroxy	2
1869337|Parabacteroides sp.	C24_trihydroxy	6
1869344|Curtobacterium sp.	C24_alkamine_trihydroxy	2
1871042|Mycetocola sp.	C24_alkamine_trihydroxy	1
187114|Ducula aenea	C24_alkamine_dihydroxy	10
187114|Ducula aenea	C24_alkamine_tetrahydroxy	2
187114|Ducula aenea	C24_dihydroxy	52
187114|Ducula aenea	C24_monohydroxy	1
187114|Ducula aenea	C24_pentahydroxy	2
187114|Ducula aenea	C24_tetrahydroxy	14
187114|Ducula aenea	C24_trihydroxy	39
187114|Ducula aenea	C27_dihydroxy	2
187114|Ducula aenea	C27_monohydroxy	5
187114|Ducula aenea	C27_tetrahydroxy	1
187114|Ducula aenea	C27_trihydroxy	1
187115|Ducula pinon	C24_alkamine_dihydroxy	2
187115|Ducula pinon	C24_dihydroxy	8
187115|Ducula pinon	C24_tetrahydroxy	2
187115|Ducula pinon	C24_trihydroxy	9
187115|Ducula pinon	C27_monohydroxy	1
187116|Ducula zoeae	C24_dihydroxy	11
187116|Ducula zoeae	C24_tetrahydroxy	2
187116|Ducula zoeae	C24_trihydroxy	4
1871188|Kitasatospora sp.	C24_dihydroxy	4
1871188|Kitasatospora sp.	C24_tetrahydroxy	2
1871188|Kitasatospora sp.	C24_trihydroxy	4
187121|Gallicolumba luzonica	C24_dihydroxy	3
187121|Gallicolumba luzonica	C24_trihydroxy	1
187121|Gallicolumba luzonica	C27_tetrahydroxy	1
187121|Gallicolumba luzonica	C27_trihydroxy	1
187122|Gallicolumba tristigmata	C24_dihydroxy	2
187122|Gallicolumba tristigmata	C24_trihydroxy	1
187124|Goura victoria	C24_alkamine_dihydroxy	1
187124|Goura victoria	C24_dihydroxy	7
187124|Goura victoria	C24_monohydroxy	6
187124|Goura victoria	C24_tetrahydroxy	2
187124|Goura victoria	C24_trihydroxy	10
187130|Otidiphaps nobilis	C24_dihydroxy	2
187130|Otidiphaps nobilis	C24_trihydroxy	2
187139|Ptilinopus superbus	C24_dihydroxy	13
187139|Ptilinopus superbus	C24_tetrahydroxy	1
187139|Ptilinopus superbus	C24_trihydroxy	9
187139|Ptilinopus superbus	C27_dihydroxy	1
1871551|Agaricus buckmacadooi	C24_tetrahydroxy	7
1873242|Epicoleosporium ramularioides	C28_alcohol_3OH	0
187327|Acidaminococcus intestini	C24_alkamine_trihydroxy	26
187327|Acidaminococcus intestini	C24_alkamine_dihydroxy	33
187327|Acidaminococcus intestini	C24_dihydroxy	4
187327|Acidaminococcus intestini	C24_trihydroxy	6
1873428|Bondarzewia occidentalis	C24_monohydroxy	3
1873428|Bondarzewia occidentalis	C24_trihydroxy	3
1873460|Saccharothrix sp.	C27_monohydroxy	2
187368|Microsorum musifolium	C27_trihydroxy	1
187368|Microsorum musifolium	C28_alcohol_3OH	0
187374|Pyrrosia lingua	C28_alcohol_3OH	0
1873|Micromonospora	C24_alkamine_trihydroxy	14
1873|Micromonospora	C24_alkamine_dihydroxy	7
1873|Micromonospora	C24_alkamine_tetrahydroxy	4
1873|Micromonospora	C24_dihydroxy	6
1873|Micromonospora	C24_tetrahydroxy	3
1873|Micromonospora	C24_trihydroxy	5
1874132|Bison bonasus caucasicus	C24_alkamine_trihydroxy	1
1874132|Bison bonasus caucasicus	C24_dihydroxy	18
1874132|Bison bonasus caucasicus	C24_tetrahydroxy	5
1874132|Bison bonasus caucasicus	C24_trihydroxy	18
1874132|Bison bonasus caucasicus	C27_dihydroxy	1
1874132|Bison bonasus caucasicus	C27_monohydroxy	1
187426|Estrilda	C24_alkamine_tetrahydroxy	1
187426|Estrilda	C24_dihydroxy	2
187426|Estrilda	C24_tetrahydroxy	2
187426|Estrilda	C24_trihydroxy	3
187433|Hypargos niveoguttatus	C24_alkamine_tetrahydroxy	2
187433|Hypargos niveoguttatus	C24_dihydroxy	2
187433|Hypargos niveoguttatus	C24_tetrahydroxy	4
187433|Hypargos niveoguttatus	C24_trihydroxy	3
1874|Micromonospora chalcea	C24_alkamine_dihydroxy	2
1874|Micromonospora chalcea	C24_dihydroxy	2
1874|Micromonospora chalcea	C24_trihydroxy	2
1874|Micromonospora chalcea	C28_alcohol_2OH	0
1874|Micromonospora chalcea	C28_alcohol_3OH	0
187938|Furcifer bifidus	C24_trihydroxy	3
18794|Senecio	C24_alkamine_trihydroxy	2
18794|Senecio	C28_alcohol_2OH	0
18794|Senecio	C28_alcohol_3OH	0
187985|Coendou prehensilis	C24_alkamine_dihydroxy	1
187985|Coendou prehensilis	C24_alkamine_monohydroxy	3
187985|Coendou prehensilis	C24_dihydroxy	1
187985|Coendou prehensilis	C24_monohydroxy	1
187985|Coendou prehensilis	C24_trihydroxy	2
187985|Coendou prehensilis	C28_alcohol_3OH	0
1881035|Mitsuaria sp. PDC51	C28_alcohol_3OH	0
1881040|Chitinophaga sp. YR573	C24_dihydroxy	4
1881040|Chitinophaga sp. YR573	C28_alcohol_2OH	0
1881040|Chitinophaga sp. YR573	C28_alcohol_3OH	0
1881041|Chitinophaga sp. YR627	C28_alcohol_3OH	0
1881063|Pseudomonas sp. OV546	C28_alcohol_3OH	0
1881|Micromonospora viridifaciens	C27_monohydroxy	2
1882758|Flavobacterium sp. CF108	C28_alcohol_3OH	0
1882762|Bacillus sp. OK838	C24_alkamine_trihydroxy	2
1882762|Bacillus sp. OK838	C24_trihydroxy	3
1882762|Bacillus sp. OK838	C28_alcohol_3OH	0
1882769|Rhodococcus sp. OK302	C28_alcohol_3OH	0
1882770|Streptomyces sp. OK885	C28_alcohol_2OH	0
1882770|Streptomyces sp. OK885	C28_alcohol_3OH	0
1882771|Kitasatospora sp. OK780	C24_trihydroxy	2
1882771|Kitasatospora sp. OK780	C28_alcohol_3OH	0
1882775|Variovorax sp. OK212	C28_alcohol_3OH	0
1882777|Variovorax sp. OV084	C24_dihydroxy	50
1882777|Variovorax sp. OV084	C28_alcohol_3OH	0
1882786|Streptomyces sp. OK228	C28_alcohol_3OH	0
1882787|Streptomyces sp. OV198	C28_alcohol_3OH	0
1882814|Rhodococcus sp. OK270	C28_alcohol_3OH	0
1882826|Variovorax sp. OV700	C28_alcohol_3OH	0
1882827|Variovorax sp. PDC80	C24_dihydroxy	10
1882827|Variovorax sp. PDC80	C28_alcohol_2OH	0
1882827|Variovorax sp. PDC80	C28_alcohol_3OH	0
188338|Coracias garrulus	C24_dihydroxy	1
188338|Coracias garrulus	C24_tetrahydroxy	2
188338|Coracias garrulus	C24_trihydroxy	1
188338|Coracias garrulus	C27_monohydroxy	2
188338|Coracias garrulus	C27_pentahydroxy	1
188338|Coracias garrulus	C27_tetrahydroxy	1
188338|Coracias garrulus	C27_trihydroxy	1
188340|Eurystomus glaucurus	C24_alkamine_tetrahydroxy	1
188340|Eurystomus glaucurus	C24_tetrahydroxy	4
188340|Eurystomus glaucurus	C24_trihydroxy	1
188340|Eurystomus glaucurus	C27_monohydroxy	1
188340|Eurystomus glaucurus	C27_pentahydroxy	1
188340|Eurystomus glaucurus	C27_tetrahydroxy	2
188340|Eurystomus glaucurus	C27_trihydroxy	2
1883|Streptomyces	C23_dihydroxy	2
1883|Streptomyces	C23_pentahydroxy	8
1883|Streptomyces	C23_trihydroxy	4
1883|Streptomyces	C24_alkamine_trihydroxy	281
1883|Streptomyces	C24_alkamine_dihydroxy	102
1883|Streptomyces	C24_alkamine_monohydroxy	4
1883|Streptomyces	C24_alkamine_pentahydroxy	35
1883|Streptomyces	C24_alkamine_tetrahydroxy	133
1883|Streptomyces	C24_dihydroxy	97
1883|Streptomyces	C24_monohydroxy	27
1883|Streptomyces	C24_pentahydroxy	2
1883|Streptomyces	C24_tetrahydroxy	48
1883|Streptomyces	C24_trihydroxy	88
1883|Streptomyces	C26_dihydroxy	7
1883|Streptomyces	C27_dihydroxy	70
1883|Streptomyces	C27_monohydroxy	23
1883|Streptomyces	C27_pentahydroxy	2
1883|Streptomyces	C27_tetrahydroxy	18
1883|Streptomyces	C27_trihydroxy	18
1883|Streptomyces	C28_alcohol_1OH	0
1883|Streptomyces	C28_alcohol_2OH	0
1883|Streptomyces	C28_alcohol_3OH	0
1884311|Variovorax sp. OK202	C28_alcohol_3OH	0
1884360|Viridibacillus sp. OK051	C24_pentahydroxy	2
1884360|Viridibacillus sp. OK051	C28_alcohol_3OH	0
1884364|Novosphingobium sp. CF614	C28_alcohol_3OH	0
1884367|Chitinophaga sp. CF118	C28_alcohol_3OH	0
1884380|Paenibacillus sp. OK003	C28_alcohol_3OH	0
1884383|Variovorax sp. YR752	C24_dihydroxy	77
1884383|Variovorax sp. YR752	C28_alcohol_3OH	0
1884384|Variovorax sp. YR750	C24_dihydroxy	90
1884384|Variovorax sp. YR750	C28_alcohol_2OH	0
1884384|Variovorax sp. YR750	C28_alcohol_3OH	0
1884385|Variovorax sp. YR634	C24_dihydroxy	108
1884385|Variovorax sp. YR634	C28_alcohol_3OH	0
1884386|Variovorax sp. YR266	C24_dihydroxy	88
1884386|Variovorax sp. YR266	C24_monohydroxy	2
1884386|Variovorax sp. YR266	C28_alcohol_3OH	0
1884818|Escherichia sp.	C24_dihydroxy	1
1884876|Winogradskyella flava	C24_alkamine_trihydroxy	4
1884876|Winogradskyella flava	C28_alcohol_3OH	0
1885|Streptomyces actuosus	C28_alcohol_3OH	0
1887|Streptomyces albogriseolus	C24_alkamine_trihydroxy	10
1887|Streptomyces albogriseolus	C24_alkamine_dihydroxy	5
1887|Streptomyces albogriseolus	C24_alkamine_tetrahydroxy	6
1887|Streptomyces albogriseolus	C24_dihydroxy	1
1887|Streptomyces albogriseolus	C24_pentahydroxy	2
1887|Streptomyces albogriseolus	C24_tetrahydroxy	4
1887|Streptomyces albogriseolus	C24_trihydroxy	6
188810|Ruschia maxima	C28_alcohol_3OH	0
1888|Streptomyces albus	C23_dihydroxy	2
1888|Streptomyces albus	C24_alkamine_pentahydroxy	6
1888|Streptomyces albus	C24_dihydroxy	2
1888|Streptomyces albus	C24_monohydroxy	2
1888|Streptomyces albus	C27_dihydroxy	10
1888|Streptomyces albus	C27_tetrahydroxy	18
1888|Streptomyces albus	C27_trihydroxy	20
1888|Streptomyces albus	C28_alcohol_3OH	0
1889|Streptomyces ambofaciens	C24_alkamine_trihydroxy	9
1889|Streptomyces ambofaciens	C24_alkamine_dihydroxy	8
1889|Streptomyces ambofaciens	C24_alkamine_tetrahydroxy	4
1889|Streptomyces ambofaciens	C24_dihydroxy	2
1889|Streptomyces ambofaciens	C24_pentahydroxy	8
1889|Streptomyces ambofaciens	C24_tetrahydroxy	1
1889|Streptomyces ambofaciens	C24_trihydroxy	3
1889|Streptomyces ambofaciens	C28_alcohol_3OH	0
1890|Streptomyces antibioticus	C24_alkamine_trihydroxy	2
1890|Streptomyces antibioticus	C28_alcohol_3OH	0
189196|Psychotria viridis	C27_pentahydroxy	1
189196|Psychotria viridis	C28_alcohol_2OH	0
189196|Psychotria viridis	C28_alcohol_3OH	0
1892170|Crithagra mozambica	C24_dihydroxy	2
1892170|Crithagra mozambica	C24_trihydroxy	1
1892|Streptomyces anulatus	C23_pentahydroxy	2
1892|Streptomyces anulatus	C24_alkamine_trihydroxy	2
1892|Streptomyces anulatus	C24_alkamine_pentahydroxy	2
1892|Streptomyces anulatus	C24_alkamine_tetrahydroxy	12
1892|Streptomyces anulatus	C24_pentahydroxy	2
1892|Streptomyces anulatus	C24_tetrahydroxy	2
1892|Streptomyces anulatus	C27_pentahydroxy	4
1892|Streptomyces anulatus	C27_tetrahydroxy	6
1892|Streptomyces anulatus	C27_trihydroxy	6
1892|Streptomyces anulatus	C28_alcohol_2OH	0
1892|Streptomyces anulatus	C28_alcohol_3OH	0
1893|Streptomyces atratus	C24_pentahydroxy	3
1893|Streptomyces atratus	C28_alcohol_3OH	0
1894|Kitasatospora aureofaciens	C23_pentahydroxy	4
1894|Kitasatospora aureofaciens	C24_alkamine_trihydroxy	8
1894|Kitasatospora aureofaciens	C24_alkamine_pentahydroxy	12
1894|Kitasatospora aureofaciens	C24_pentahydroxy	56
1894|Kitasatospora aureofaciens	C27_monohydroxy	2
1894|Kitasatospora aureofaciens	C28_alcohol_3OH	0
189533|Aythya affinis	C23_dihydroxy	2
189533|Aythya affinis	C24_alkamine_tetrahydroxy	1
189533|Aythya affinis	C24_dihydroxy	4
189533|Aythya affinis	C24_tetrahydroxy	2
189533|Aythya affinis	C24_trihydroxy	7
189533|Aythya affinis	C27_dihydroxy	2
189535|Aythya collaris	C23_dihydroxy	8
189535|Aythya collaris	C24_alkamine_dihydroxy	3
189535|Aythya collaris	C24_dihydroxy	11
189535|Aythya collaris	C24_monohydroxy	2
189535|Aythya collaris	C24_tetrahydroxy	4
189535|Aythya collaris	C24_trihydroxy	6
189535|Aythya collaris	C27_dihydroxy	2
189535|Aythya collaris	C27_monohydroxy	3
1895|Streptomyces avidinii	C23_dihydroxy	4
1895|Streptomyces avidinii	C23_trihydroxy	2
1895|Streptomyces avidinii	C24_alkamine_trihydroxy	8
1895|Streptomyces avidinii	C24_alkamine_tetrahydroxy	2
1895|Streptomyces avidinii	C24_trihydroxy	2
1895|Streptomyces avidinii	C27_dihydroxy	10
1895|Streptomyces avidinii	C27_pentahydroxy	2
1895|Streptomyces avidinii	C28_alcohol_3OH	0
1896|Streptomyces bikiniensis	C28_alcohol_3OH	0
1898207|Clostridiales bacterium	C24_alkamine_trihydroxy	24
1898207|Clostridiales bacterium	C24_alkamine_dihydroxy	31
1898207|Clostridiales bacterium	C24_alkamine_tetrahydroxy	15
1898207|Clostridiales bacterium	C24_trihydroxy	7
1898207|Clostridiales bacterium	C27_monohydroxy	1
1898|Streptomyces cacaoi	C24_alkamine_trihydroxy	4
1898|Streptomyces cacaoi	C24_pentahydroxy	2
1898|Streptomyces cacaoi	C28_alcohol_2OH	0
1898|Streptomyces cacaoi	C28_alcohol_3OH	0
190013|Chlorophyllum brunneum	C24_tetrahydroxy	2
1901|Streptomyces clavuligerus	C24_alkamine_trihydroxy	2
1901|Streptomyces clavuligerus	C24_alkamine_dihydroxy	1
1901|Streptomyces clavuligerus	C24_dihydroxy	1
1901|Streptomyces clavuligerus	C27_dihydroxy	1
1901|Streptomyces clavuligerus	C27_tetrahydroxy	2
1901|Streptomyces clavuligerus	C27_trihydroxy	2
1901|Streptomyces clavuligerus	C28_alcohol_2OH	0
1901|Streptomyces clavuligerus	C28_alcohol_3OH	0
1902|Streptomyces coelicolor	C24_alkamine_trihydroxy	1
1902|Streptomyces coelicolor	C24_alkamine_pentahydroxy	2
1902|Streptomyces coelicolor	C24_alkamine_tetrahydroxy	1
1902|Streptomyces coelicolor	C24_pentahydroxy	2
1902|Streptomyces coelicolor	C24_tetrahydroxy	1
1903203|Artemisia heptapotamica	C24_pentahydroxy	2
1903203|Artemisia heptapotamica	C28_alcohol_2OH	0
1904441|Paracoccaceae bacterium	C24_alkamine_trihydroxy	9
1904441|Paracoccaceae bacterium	C24_alkamine_dihydroxy	4
1904441|Paracoccaceae bacterium	C24_alkamine_tetrahydroxy	3
1904441|Paracoccaceae bacterium	C24_tetrahydroxy	1
1904441|Paracoccaceae bacterium	C24_trihydroxy	1
1904441|Paracoccaceae bacterium	C28_alcohol_3OH	0
190476|Caiman latirostris	C24_trihydroxy	1
190476|Caiman latirostris	C27_dihydroxy	2
190476|Caiman latirostris	C27_tetrahydroxy	3
190476|Caiman latirostris	C27_trihydroxy	3
1906136|Barbonymus schwanefeldii	C24_alkamine_trihydroxy	3
1906136|Barbonymus schwanefeldii	C24_pentahydroxy	2
1906136|Barbonymus schwanefeldii	C24_tetrahydroxy	1
1906136|Barbonymus schwanefeldii	C24_trihydroxy	6
1906136|Barbonymus schwanefeldii	C27_dihydroxy	1
1906136|Barbonymus schwanefeldii	C27_monohydroxy	3
190696|Myiarchus cinerascens	C24_dihydroxy	2
190696|Myiarchus cinerascens	C24_trihydroxy	2
1906|Streptomyces fradiae	C24_alkamine_trihydroxy	15
1906|Streptomyces fradiae	C24_alkamine_tetrahydroxy	4
1906|Streptomyces fradiae	C24_dihydroxy	4
1906|Streptomyces fradiae	C24_pentahydroxy	2
1906|Streptomyces fradiae	C24_tetrahydroxy	2
1906|Streptomyces fradiae	C24_trihydroxy	8
1906|Streptomyces fradiae	C28_alcohol_2OH	0
1906|Streptomyces fradiae	C28_alcohol_3OH	0
190720|Acrobates pygmaeus	C24_trihydroxy	2
1907|Streptomyces glaucescens	C23_pentahydroxy	20
1907|Streptomyces glaucescens	C24_alkamine_tetrahydroxy	6
1907|Streptomyces glaucescens	C24_pentahydroxy	38
1907|Streptomyces glaucescens	C28_alcohol_3OH	0
190824|Crotaphopeltis hotamboeia	C24_alkamine_trihydroxy	7
190824|Crotaphopeltis hotamboeia	C24_alkamine_pentahydroxy	2
190824|Crotaphopeltis hotamboeia	C24_alkamine_tetrahydroxy	1
190824|Crotaphopeltis hotamboeia	C24_dihydroxy	3
190824|Crotaphopeltis hotamboeia	C24_tetrahydroxy	9
190824|Crotaphopeltis hotamboeia	C24_trihydroxy	20
190824|Crotaphopeltis hotamboeia	C27_dihydroxy	2
190824|Crotaphopeltis hotamboeia	C27_pentahydroxy	1
1908|Streptomyces globisporus	C24_pentahydroxy	2
1908|Streptomyces globisporus	C28_alcohol_3OH	0
1909|Streptomyces griseolus	C24_alkamine_dihydroxy	6
1909|Streptomyces griseolus	C24_dihydroxy	2
1909|Streptomyces griseolus	C28_alcohol_2OH	0
1909|Streptomyces griseolus	C28_alcohol_3OH	0
1910|Streptomyces griseosporeus	C23_pentahydroxy	242
1910|Streptomyces griseosporeus	C24_alkamine_monohydroxy	2
1910|Streptomyces griseosporeus	C24_alkamine_pentahydroxy	4
1910|Streptomyces griseosporeus	C24_alkamine_tetrahydroxy	12
1910|Streptomyces griseosporeus	C24_nonhydroxy	2
1910|Streptomyces griseosporeus	C24_pentahydroxy	26
1910|Streptomyces griseosporeus	C24_tetrahydroxy	22
1910|Streptomyces griseosporeus	C24_trihydroxy	4
1910|Streptomyces griseosporeus	C28_alcohol_2OH	0
1910|Streptomyces griseosporeus	C28_alcohol_3OH	0
1911|Streptomyces griseus	C23_pentahydroxy	18
1911|Streptomyces griseus	C24_alkamine_trihydroxy	74
1911|Streptomyces griseus	C24_alkamine_dihydroxy	2
1911|Streptomyces griseus	C24_alkamine_pentahydroxy	6
1911|Streptomyces griseus	C24_alkamine_tetrahydroxy	22
1911|Streptomyces griseus	C24_pentahydroxy	2
1911|Streptomyces griseus	C27_pentahydroxy	6
1911|Streptomyces griseus	C27_tetrahydroxy	14
1911|Streptomyces griseus	C27_trihydroxy	14
1911|Streptomyces griseus	C28_alcohol_2OH	0
1911|Streptomyces griseus	C28_alcohol_3OH	0
1913978|Glycomyces sp.	C28_alcohol_3OH	0
19151|Eruca	C23_tetrahydroxy	2
19151|Eruca	C24_alkamine_tetrahydroxy	4
19151|Eruca	C24_dihydroxy	1
19151|Eruca	C27_pentahydroxy	2
19151|Eruca	C28_alcohol_3OH	0
1915|Streptomyces lincolnensis	C24_alkamine_monohydroxy	2
1915|Streptomyces lincolnensis	C24_alkamine_pentahydroxy	2
1915|Streptomyces lincolnensis	C28_alcohol_2OH	0
1915|Streptomyces lincolnensis	C28_alcohol_3OH	0
191607|Ovis vignei arkal	C24_dihydroxy	8
191607|Ovis vignei arkal	C24_monohydroxy	4
191607|Ovis vignei arkal	C24_pentahydroxy	1
191607|Ovis vignei arkal	C24_tetrahydroxy	3
191607|Ovis vignei arkal	C24_trihydroxy	13
191607|Ovis vignei arkal	C27_dihydroxy	2
191607|Ovis vignei arkal	C27_monohydroxy	2
191652|Ruscus hypoglossum	C27_dihydroxy	21
191652|Ruscus hypoglossum	C28_alcohol_3OH	0
1916|Streptomyces lividans	C23_pentahydroxy	59
1916|Streptomyces lividans	C24_alkamine_tetrahydroxy	4
1916|Streptomyces lividans	C24_pentahydroxy	14
1916|Streptomyces lividans	C24_tetrahydroxy	3
1916|Streptomyces lividans	C28_alcohol_3OH	0
1917|Streptomyces macromomyceticus	C24_alkamine_dihydroxy	2
1917|Streptomyces macromomyceticus	C28_alcohol_3OH	0
191904|Tara spinosa	C28_alcohol_3OH	0
191925|Hoffmannseggia drepanocarpa	C23_pentahydroxy	1
191925|Hoffmannseggia drepanocarpa	C24_pentahydroxy	1
191925|Hoffmannseggia drepanocarpa	C28_alcohol_3OH	0
1919|Streptomyces microflavus	C23_pentahydroxy	8
1919|Streptomyces microflavus	C24_alkamine_trihydroxy	152
1919|Streptomyces microflavus	C24_alkamine_dihydroxy	2
1919|Streptomyces microflavus	C24_alkamine_pentahydroxy	2
1919|Streptomyces microflavus	C24_alkamine_tetrahydroxy	36
1919|Streptomyces microflavus	C24_pentahydroxy	2
1919|Streptomyces microflavus	C27_pentahydroxy	2
1919|Streptomyces microflavus	C27_tetrahydroxy	2
1919|Streptomyces microflavus	C27_trihydroxy	2
1919|Streptomyces microflavus	C28_alcohol_2OH	0
1919|Streptomyces microflavus	C28_alcohol_3OH	0
1920929|Leptodontidium sp.	C28_alcohol_3OH	0
192421|Planococcus maritimus	C28_alcohol_2OH	0
192421|Planococcus maritimus	C28_alcohol_3OH	0
1924944|Porphyromonas sp.	C24_alkamine_trihydroxy	24
1924944|Porphyromonas sp.	C24_alkamine_dihydroxy	33
1924944|Porphyromonas sp.	C24_dihydroxy	4
1924944|Porphyromonas sp.	C24_trihydroxy	7
1924|Streptomyces purpurascens	C28_alcohol_3OH	0
192599|Homalopsis buccata	C24_dihydroxy	4
192599|Homalopsis buccata	C24_tetrahydroxy	9
192599|Homalopsis buccata	C24_trihydroxy	9
1926307|Veillonella sp.	C24_alkamine_trihydroxy	4
1926307|Veillonella sp.	C24_trihydroxy	3
1927884|Rhinochimaera atlantica	C24_trihydroxy	1
1927884|Rhinochimaera atlantica	C27_dihydroxy	3
1927884|Rhinochimaera atlantica	C27_monohydroxy	1
192857|Cercopithecus ascanius schmidti	C24_alkamine_trihydroxy	4
192857|Cercopithecus ascanius schmidti	C24_alkamine_dihydroxy	2
192857|Cercopithecus ascanius schmidti	C24_alkamine_pentahydroxy	3
192857|Cercopithecus ascanius schmidti	C24_dihydroxy	9
192857|Cercopithecus ascanius schmidti	C24_monohydroxy	4
192857|Cercopithecus ascanius schmidti	C24_tetrahydroxy	8
192857|Cercopithecus ascanius schmidti	C24_trihydroxy	13
192857|Cercopithecus ascanius schmidti	C27_monohydroxy	2
192857|Cercopithecus ascanius schmidti	C27_tetrahydroxy	1
192857|Cercopithecus ascanius schmidti	C27_trihydroxy	1
193059|Cyanopica cyanus	C24_alkamine_tetrahydroxy	1
193059|Cyanopica cyanus	C24_dihydroxy	9
193059|Cyanopica cyanus	C24_tetrahydroxy	4
193059|Cyanopica cyanus	C24_trihydroxy	3
193059|Cyanopica cyanus	C27_dihydroxy	5
193059|Cyanopica cyanus	C27_monohydroxy	1
1931066|Melipotes gymnops	C24_dihydroxy	2
1931066|Melipotes gymnops	C24_tetrahydroxy	1
1931066|Melipotes gymnops	C24_trihydroxy	3
1931|Streptomyces sp.	C23_dihydroxy	32
1931|Streptomyces sp.	C23_pentahydroxy	158
1931|Streptomyces sp.	C23_trihydroxy	6
1931|Streptomyces sp.	C24_alkamine_trihydroxy	331
1931|Streptomyces sp.	C24_alkamine_dihydroxy	97
1931|Streptomyces sp.	C24_alkamine_monohydroxy	21
1931|Streptomyces sp.	C24_alkamine_pentahydroxy	88
1931|Streptomyces sp.	C24_alkamine_tetrahydroxy	136
1931|Streptomyces sp.	C24_dihydroxy	140
1931|Streptomyces sp.	C24_monohydroxy	76
1931|Streptomyces sp.	C24_nonhydroxy	20
1931|Streptomyces sp.	C24_pentahydroxy	108
1931|Streptomyces sp.	C24_tetrahydroxy	123
1931|Streptomyces sp.	C24_trihydroxy	457
1931|Streptomyces sp.	C26_dihydroxy	5
1931|Streptomyces sp.	C27_dihydroxy	34
1931|Streptomyces sp.	C27_monohydroxy	45
1931|Streptomyces sp.	C27_pentahydroxy	28
1931|Streptomyces sp.	C27_tetrahydroxy	18
1931|Streptomyces sp.	C27_trihydroxy	22
1931|Streptomyces sp.	C28_alcohol_2OH	0
1931|Streptomyces sp.	C28_alcohol_3OH	0
1932|Streptomyces tendae	C28_alcohol_2OH	0
1932|Streptomyces tendae	C28_alcohol_3OH	0
1933508|Espeletia annemariana	C23_tetrahydroxy	1
1933508|Espeletia annemariana	C24_alkamine_tetrahydroxy	25
1933508|Espeletia annemariana	C24_monohydroxy	1
1933508|Espeletia annemariana	C24_pentahydroxy	288
1933509|Espeletia arbelaezii	C24_pentahydroxy	1
1933510|Espeletia argentea	C24_pentahydroxy	8
1933511|Espeletia ariana	C24_pentahydroxy	2
1933513|Espeletia azucarina	C24_pentahydroxy	1
1933519|Espeletia cayetana	C24_pentahydroxy	2
1933529|Espeletia estanislana	C24_pentahydroxy	5
1933530|Espeletia formosa	C24_pentahydroxy	1
1933531|Espeletia frontinoensis	C24_pentahydroxy	10
1933535|Espeletia jaramilloi	C24_pentahydroxy	8
1933540|Espeletia occidentalis	C24_pentahydroxy	10
1933549|Espeletia schultesiana	C24_pentahydroxy	1
1933|Streptoalloteichus tenebrarius	C24_trihydroxy	5
1933|Streptoalloteichus tenebrarius	C28_alcohol_3OH	0
193462|Streptomyces niveus	C24_alkamine_tetrahydroxy	1
193462|Streptomyces niveus	C24_trihydroxy	2
193462|Streptomyces niveus	C28_alcohol_2OH	0
1934|Streptomyces thermovulgaris	C24_dihydroxy	2
1934|Streptomyces thermovulgaris	C24_monohydroxy	2
1934|Streptomyces thermovulgaris	C28_alcohol_3OH	0
1935|Streptomyces violaceoruber	C24_trihydroxy	2
1935|Streptomyces violaceoruber	C28_alcohol_2OH	0
1935|Streptomyces violaceoruber	C28_alcohol_3OH	0
1936|Streptomyces violaceus	C23_pentahydroxy	2
1936|Streptomyces violaceus	C24_alkamine_pentahydroxy	2
1936|Streptomyces violaceus	C24_alkamine_tetrahydroxy	4
1936|Streptomyces violaceus	C24_pentahydroxy	8
1936|Streptomyces violaceus	C24_tetrahydroxy	8
1936|Streptomyces violaceus	C27_monohydroxy	2
1938360|Lycodon rufozonatus rufozonatus	C24_alkamine_pentahydroxy	1
1938360|Lycodon rufozonatus rufozonatus	C24_dihydroxy	5
1938360|Lycodon rufozonatus rufozonatus	C24_tetrahydroxy	6
1938360|Lycodon rufozonatus rufozonatus	C24_trihydroxy	4
1938377|Hypsiscopus plumbea	C23_trihydroxy	1
1938377|Hypsiscopus plumbea	C24_dihydroxy	2
1938377|Hypsiscopus plumbea	C24_tetrahydroxy	2
1938377|Hypsiscopus plumbea	C24_trihydroxy	5
1938|Streptomyces viridochromogenes	C24_alkamine_trihydroxy	2
1938|Streptomyces viridochromogenes	C24_monohydroxy	18
1938|Streptomyces viridochromogenes	C24_pentahydroxy	4
1938|Streptomyces viridochromogenes	C24_trihydroxy	2
1938|Streptomyces viridochromogenes	C27_dihydroxy	22
1938|Streptomyces viridochromogenes	C27_monohydroxy	10
1938|Streptomyces viridochromogenes	C28_alcohol_2OH	0
1938|Streptomyces viridochromogenes	C28_alcohol_3OH	0
1940281|Hoeflea sp.	C28_alcohol_2OH	0
1940281|Hoeflea sp.	C28_alcohol_3OH	0
194253|Brosimum alicastrum	C28_alcohol_3OH	0
1942|Streptomyces goshikiensis	C28_alcohol_3OH	0
1943|Streptomyces griseoruber	C28_alcohol_3OH	0
194401|Uraeotyphlus	C24_dihydroxy	3
194401|Uraeotyphlus	C24_tetrahydroxy	1
194401|Uraeotyphlus	C24_trihydroxy	4
194401|Uraeotyphlus	C27_monohydroxy	2
194402|Uraeotyphlus narayani	C24_dihydroxy	1
194408|Rhinatrema bivittatum	C24_tetrahydroxy	1
194408|Rhinatrema bivittatum	C24_trihydroxy	7
194414|Ichthyophis orthoplicatus	C24_alkamine_trihydroxy	1
194414|Ichthyophis orthoplicatus	C24_alkamine_tetrahydroxy	1
194414|Ichthyophis orthoplicatus	C24_dihydroxy	3
194414|Ichthyophis orthoplicatus	C24_tetrahydroxy	1
194414|Ichthyophis orthoplicatus	C24_trihydroxy	5
194415|Ichthyophis glutinosus	C24_dihydroxy	1
194415|Ichthyophis glutinosus	C24_trihydroxy	1
1944660|Parvimonas sp.	C24_alkamine_trihydroxy	32
1944660|Parvimonas sp.	C24_alkamine_dihydroxy	35
1944660|Parvimonas sp.	C24_dihydroxy	7
1944660|Parvimonas sp.	C24_trihydroxy	7
194526|Gegeneophis ramaswamii	C24_dihydroxy	14
194526|Gegeneophis ramaswamii	C24_tetrahydroxy	5
194526|Gegeneophis ramaswamii	C24_trihydroxy	17
194526|Gegeneophis ramaswamii	C27_dihydroxy	2
194526|Gegeneophis ramaswamii	C27_monohydroxy	4
194526|Gegeneophis ramaswamii	C27_tetrahydroxy	2
194526|Gegeneophis ramaswamii	C27_trihydroxy	2
194527|Ichthyophis tricolor	C24_alkamine_trihydroxy	3
194527|Ichthyophis tricolor	C24_alkamine_tetrahydroxy	1
194527|Ichthyophis tricolor	C24_tetrahydroxy	1
194527|Ichthyophis tricolor	C27_dihydroxy	9
194527|Ichthyophis tricolor	C27_monohydroxy	2
194527|Ichthyophis tricolor	C27_tetrahydroxy	5
194527|Ichthyophis tricolor	C27_trihydroxy	5
1946|Streptomyces kasugaensis	C23_pentahydroxy	2
1946|Streptomyces kasugaensis	C28_alcohol_2OH	0
1946|Streptomyces kasugaensis	C28_alcohol_3OH	0
1948888|Copsychus malabaricus	C24_alkamine_trihydroxy	2
1948888|Copsychus malabaricus	C24_alkamine_pentahydroxy	1
1948888|Copsychus malabaricus	C24_alkamine_tetrahydroxy	4
1948888|Copsychus malabaricus	C24_dihydroxy	10
1948888|Copsychus malabaricus	C24_monohydroxy	1
1948888|Copsychus malabaricus	C24_pentahydroxy	1
1948888|Copsychus malabaricus	C24_tetrahydroxy	9
1948888|Copsychus malabaricus	C24_trihydroxy	5
1948888|Copsychus malabaricus	C27_dihydroxy	8
1948888|Copsychus malabaricus	C27_monohydroxy	7
194944|Erythrura prasina	C24_dihydroxy	2
194944|Erythrura prasina	C24_trihydroxy	3
194947|Tangara mexicana	C24_dihydroxy	6
194947|Tangara mexicana	C24_monohydroxy	1
194947|Tangara mexicana	C24_tetrahydroxy	5
194947|Tangara mexicana	C24_trihydroxy	3
1950|Streptomyces peucetius	C23_pentahydroxy	2
1950|Streptomyces peucetius	C24_alkamine_trihydroxy	2
1950|Streptomyces peucetius	C24_alkamine_dihydroxy	2
1950|Streptomyces peucetius	C24_alkamine_pentahydroxy	2
1950|Streptomyces peucetius	C24_pentahydroxy	20
1950|Streptomyces peucetius	C27_monohydroxy	2
1950|Streptomyces peucetius	C28_alcohol_2OH	0
1950|Streptomyces peucetius	C28_alcohol_3OH	0
195103|Clostridium perfringens ATCC 13124	C24_alkamine_trihydroxy	6
195103|Clostridium perfringens ATCC 13124	C24_alkamine_dihydroxy	5
195103|Clostridium perfringens ATCC 13124	C24_dihydroxy	5
195103|Clostridium perfringens ATCC 13124	C24_trihydroxy	7
1954|Streptomyces brasiliensis	C24_dihydroxy	2
195635|Pleuronichthys verticalis	C24_dihydroxy	10
195635|Pleuronichthys verticalis	C24_monohydroxy	4
195635|Pleuronichthys verticalis	C24_tetrahydroxy	2
195635|Pleuronichthys verticalis	C24_trihydroxy	8
195635|Pleuronichthys verticalis	C27_monohydroxy	3
1956|Streptomyces diastaticus	C24_alkamine_trihydroxy	1
1957|Streptomyces sclerotialus	C24_alkamine_monohydroxy	6
1957|Streptomyces sclerotialus	C24_nonhydroxy	24
1957|Streptomyces sclerotialus	C24_pentahydroxy	4
1957|Streptomyces sclerotialus	C26_dihydroxy	2
1957|Streptomyces sclerotialus	C27_monohydroxy	4
1957|Streptomyces sclerotialus	C28_alcohol_3OH	0
195801|Streptomyces speibonae	C24_alkamine_tetrahydroxy	12
195801|Streptomyces speibonae	C28_alcohol_3OH	0
195913|Loktanella salsilacus	C24_alkamine_trihydroxy	19
195913|Loktanella salsilacus	C24_alkamine_dihydroxy	17
195913|Loktanella salsilacus	C24_alkamine_tetrahydroxy	3
195913|Loktanella salsilacus	C24_dihydroxy	8
195913|Loktanella salsilacus	C24_monohydroxy	1
195913|Loktanella salsilacus	C24_tetrahydroxy	1
195913|Loktanella salsilacus	C24_trihydroxy	2
196037|Manacus manacus	C24_dihydroxy	2
1960|Streptomyces vinaceus	C28_alcohol_3OH	0
1961834|Ceuthmochares aereus	C24_dihydroxy	4
1961834|Ceuthmochares aereus	C24_tetrahydroxy	1
1961834|Ceuthmochares aereus	C24_trihydroxy	5
1961834|Ceuthmochares aereus	C27_dihydroxy	6
1961834|Ceuthmochares aereus	C27_monohydroxy	1
1961834|Ceuthmochares aereus	C27_tetrahydroxy	5
1961834|Ceuthmochares aereus	C27_trihydroxy	5
1963|Streptomyces olivochromogenes	C28_alcohol_3OH	0
1965262|Ducula forsteni	C24_alkamine_dihydroxy	3
1965262|Ducula forsteni	C24_dihydroxy	11
1965262|Ducula forsteni	C24_monohydroxy	2
1965262|Ducula forsteni	C24_tetrahydroxy	7
1965262|Ducula forsteni	C24_trihydroxy	15
1965262|Ducula forsteni	C27_monohydroxy	1
1965264|Ducula mullerii	C24_alkamine_dihydroxy	5
1965264|Ducula mullerii	C24_dihydroxy	10
1965264|Ducula mullerii	C24_tetrahydroxy	2
1965264|Ducula mullerii	C24_trihydroxy	11
1965264|Ducula mullerii	C27_monohydroxy	2
196673|Neptunia lutea	C28_alcohol_3OH	0
196734|Cirsium pitcheri	C24_alkamine_pentahydroxy	1
1967|Streptomyces kanamyceticus	C23_pentahydroxy	8
1967|Streptomyces kanamyceticus	C24_alkamine_pentahydroxy	4
1967|Streptomyces kanamyceticus	C24_alkamine_tetrahydroxy	118
1967|Streptomyces kanamyceticus	C27_tetrahydroxy	8
1967|Streptomyces kanamyceticus	C27_trihydroxy	8
1967|Streptomyces kanamyceticus	C28_alcohol_2OH	0
1967|Streptomyces kanamyceticus	C28_alcohol_3OH	0
1968|Streptomyces cellulosae	C23_pentahydroxy	2
1968|Streptomyces cellulosae	C24_alkamine_trihydroxy	2
1968|Streptomyces cellulosae	C24_alkamine_pentahydroxy	8
1968|Streptomyces cellulosae	C24_alkamine_tetrahydroxy	38
1968|Streptomyces cellulosae	C27_tetrahydroxy	2
1968|Streptomyces cellulosae	C27_trihydroxy	2
1968|Streptomyces cellulosae	C28_alcohol_2OH	0
1968|Streptomyces cellulosae	C28_alcohol_3OH	0
1969|Streptomyces chartreusis	C23_pentahydroxy	20
1969|Streptomyces chartreusis	C24_alkamine_pentahydroxy	4
1969|Streptomyces chartreusis	C24_alkamine_tetrahydroxy	8
1969|Streptomyces chartreusis	C27_tetrahydroxy	18
1969|Streptomyces chartreusis	C27_trihydroxy	18
1969|Streptomyces chartreusis	C28_alcohol_3OH	0
197030|Pericharax heteroraphis	C23_trihydroxy	2
197030|Pericharax heteroraphis	C28_alcohol_2OH	0
197030|Pericharax heteroraphis	C28_alcohol_3OH	0
1970|Streptomyces morookaense	C28_alcohol_3OH	0
1971214|Peptoniphilus sp.	C24_alkamine_trihydroxy	22
1971214|Peptoniphilus sp.	C24_alkamine_dihydroxy	31
1971214|Peptoniphilus sp.	C24_dihydroxy	1
1971214|Peptoniphilus sp.	C24_trihydroxy	2
1971|Streptomyces noursei	C23_pentahydroxy	6
1971|Streptomyces noursei	C24_alkamine_trihydroxy	2
1971|Streptomyces noursei	C24_alkamine_dihydroxy	4
1971|Streptomyces noursei	C24_pentahydroxy	6
1971|Streptomyces noursei	C24_tetrahydroxy	6
1971|Streptomyces noursei	C27_pentahydroxy	6
1971|Streptomyces noursei	C28_alcohol_2OH	0
1971|Streptomyces noursei	C28_alcohol_3OH	0
1972512|Yoonia acticola	C28_alcohol_3OH	0
1977160|Antigone canadensis	C24_alkamine_tetrahydroxy	1
1977160|Antigone canadensis	C24_dihydroxy	4
1977160|Antigone canadensis	C24_tetrahydroxy	2
1977160|Antigone canadensis	C24_trihydroxy	4
1977160|Antigone canadensis	C27_monohydroxy	1
1977604|Crotalaria sagittalis	C23_dihydroxy	1
1977604|Crotalaria sagittalis	C27_dihydroxy	15
1977604|Crotalaria sagittalis	C27_monohydroxy	2
1977604|Crotalaria sagittalis	C27_tetrahydroxy	1
1977604|Crotalaria sagittalis	C27_trihydroxy	1
1977604|Crotalaria sagittalis	C28_alcohol_3OH	0
1978138|Sclerophrys latifrons	C24_alkamine_trihydroxy	1
1978138|Sclerophrys latifrons	C24_alkamine_pentahydroxy	2
1978138|Sclerophrys latifrons	C24_dihydroxy	2
1978138|Sclerophrys latifrons	C24_trihydroxy	1
1978138|Sclerophrys latifrons	C27_dihydroxy	5
1978138|Sclerophrys latifrons	C27_monohydroxy	3
1978138|Sclerophrys latifrons	C27_tetrahydroxy	2
1978138|Sclerophrys latifrons	C27_trihydroxy	2
1979206|Salinispora sp.	C24_alkamine_trihydroxy	23
1979206|Salinispora sp.	C24_alkamine_pentahydroxy	2
1979206|Salinispora sp.	C24_alkamine_tetrahydroxy	10
1979206|Salinispora sp.	C24_dihydroxy	5
1979206|Salinispora sp.	C24_tetrahydroxy	2
1979206|Salinispora sp.	C24_trihydroxy	2
197|Campylobacter jejuni	C24_alkamine_trihydroxy	5
197|Campylobacter jejuni	C24_alkamine_dihydroxy	4
197|Campylobacter jejuni	C24_dihydroxy	3
197|Campylobacter jejuni	C24_trihydroxy	4
1983724|Capra hircus cretica	C24_alkamine_trihydroxy	1
1983724|Capra hircus cretica	C24_alkamine_pentahydroxy	2
1983724|Capra hircus cretica	C24_dihydroxy	6
1983724|Capra hircus cretica	C24_tetrahydroxy	5
1983724|Capra hircus cretica	C24_trihydroxy	9
1983724|Capra hircus cretica	C27_dihydroxy	3
1983724|Capra hircus cretica	C27_monohydroxy	3
1983725|Ovis nivicola nivicola	C24_alkamine_pentahydroxy	1
1983725|Ovis nivicola nivicola	C24_dihydroxy	13
1983725|Ovis nivicola nivicola	C24_pentahydroxy	1
1983725|Ovis nivicola nivicola	C24_tetrahydroxy	4
1983725|Ovis nivicola nivicola	C24_trihydroxy	12
1983725|Ovis nivicola nivicola	C27_dihydroxy	1
1983725|Ovis nivicola nivicola	C27_monohydroxy	1
198471|Crypturellus parvirostris	C24_alkamine_dihydroxy	1
198471|Crypturellus parvirostris	C24_dihydroxy	3
198471|Crypturellus parvirostris	C24_trihydroxy	4
198471|Crypturellus parvirostris	C27_tetrahydroxy	1
198471|Crypturellus parvirostris	C27_trihydroxy	1
198618|Pseudomonas umsongensis	C24_monohydroxy	1
198826|Iris sibirica	C23_dihydroxy	1
198826|Iris sibirica	C28_alcohol_2OH	0
198826|Iris sibirica	C28_alcohol_3OH	0
198914|Indigofera tinctoria	C24_dihydroxy	2
1989|Actinomadura sp.	C24_alkamine_trihydroxy	2
1989|Actinomadura sp.	C24_dihydroxy	10
1989|Actinomadura sp.	C24_tetrahydroxy	4
1989|Actinomadura sp.	C24_trihydroxy	8
199151|Senegalia roemeriana	C28_alcohol_3OH	0
1993|Actinomadura madurae	C23_pentahydroxy	6
1993|Actinomadura madurae	C24_alkamine_trihydroxy	182
1993|Actinomadura madurae	C24_alkamine_pentahydroxy	4
1993|Actinomadura madurae	C24_alkamine_tetrahydroxy	78
1993|Actinomadura madurae	C24_tetrahydroxy	4
1993|Actinomadura madurae	C27_monohydroxy	4
1993|Actinomadura madurae	C27_pentahydroxy	2
1993|Actinomadura madurae	C27_tetrahydroxy	2
1993|Actinomadura madurae	C27_trihydroxy	2
1993|Actinomadura madurae	C28_alcohol_3OH	0
19953|Valeriana officinalis	C28_alcohol_2OH	0
19953|Valeriana officinalis	C28_alcohol_3OH	0
199592|Microbacterium paraoxydans	C24_alkamine_trihydroxy	22
199592|Microbacterium paraoxydans	C24_alkamine_dihydroxy	10
199592|Microbacterium paraoxydans	C24_alkamine_pentahydroxy	2
199592|Microbacterium paraoxydans	C24_alkamine_tetrahydroxy	24
199592|Microbacterium paraoxydans	C24_tetrahydroxy	1
199623|Alpinia officinarum	C24_alkamine_pentahydroxy	2
199623|Alpinia officinarum	C24_dihydroxy	34
199623|Alpinia officinarum	C24_monohydroxy	48
199623|Alpinia officinarum	C24_nonhydroxy	3
199623|Alpinia officinarum	C24_pentahydroxy	1
199623|Alpinia officinarum	C24_trihydroxy	1
199623|Alpinia officinarum	C28_alcohol_1OH	0
199623|Alpinia officinarum	C28_alcohol_3OH	0
1996|Microtetraspora glauca	C23_monohydroxy	20
1996|Microtetraspora glauca	C24_dihydroxy	2
1996|Microtetraspora glauca	C24_monohydroxy	44
1996|Microtetraspora glauca	C24_tetrahydroxy	8
2001|Streptosporangium roseum	C23_pentahydroxy	16
2001|Streptosporangium roseum	C24_alkamine_trihydroxy	2
2001|Streptosporangium roseum	C24_alkamine_pentahydroxy	4
2001|Streptosporangium roseum	C24_pentahydroxy	10
2001|Streptosporangium roseum	C24_tetrahydroxy	6
2001|Streptosporangium roseum	C24_trihydroxy	2
2001|Streptosporangium roseum	C27_monohydroxy	2
2001|Streptosporangium roseum	C28_alcohol_2OH	0
2001|Streptosporangium roseum	C28_alcohol_3OH	0
2002|Streptosporangium amethystogenes	C23_pentahydroxy	26
2002|Streptosporangium amethystogenes	C24_alkamine_trihydroxy	2
2002|Streptosporangium amethystogenes	C24_alkamine_dihydroxy	6
2002|Streptosporangium amethystogenes	C24_alkamine_monohydroxy	4
2002|Streptosporangium amethystogenes	C24_nonhydroxy	4
2002|Streptosporangium amethystogenes	C24_pentahydroxy	14
2002|Streptosporangium amethystogenes	C24_tetrahydroxy	4
2002|Streptosporangium amethystogenes	C26_dihydroxy	10
2002|Streptosporangium amethystogenes	C27_dihydroxy	8
2002|Streptosporangium amethystogenes	C27_monohydroxy	10
2002|Streptosporangium amethystogenes	C28_alcohol_2OH	0
2002|Streptosporangium amethystogenes	C28_alcohol_3OH	0
201174|Actinomycetota	C24_alkamine_trihydroxy	9
201174|Actinomycetota	C24_alkamine_dihydroxy	6
201174|Actinomycetota	C24_alkamine_tetrahydroxy	2
201174|Actinomycetota	C24_dihydroxy	411
201174|Actinomycetota	C24_monohydroxy	46
201174|Actinomycetota	C24_tetrahydroxy	27
201174|Actinomycetota	C24_trihydroxy	3766
201174|Actinomycetota	C28_alcohol_3OH	0
201299|Lioparus chrysotis	C24_dihydroxy	2
201299|Lioparus chrysotis	C24_tetrahydroxy	2
201299|Lioparus chrysotis	C24_trihydroxy	2
201299|Lioparus chrysotis	C27_dihydroxy	1
201311|Ianthocincla ocellata	C23_dihydroxy	3
201311|Ianthocincla ocellata	C24_alkamine_tetrahydroxy	5
201311|Ianthocincla ocellata	C24_dihydroxy	26
201311|Ianthocincla ocellata	C24_monohydroxy	6
201311|Ianthocincla ocellata	C24_tetrahydroxy	5
201311|Ianthocincla ocellata	C24_trihydroxy	10
201311|Ianthocincla ocellata	C27_dihydroxy	3
201311|Ianthocincla ocellata	C27_monohydroxy	4
201338|Liocichla phoenicea	C24_alkamine_trihydroxy	1
201338|Liocichla phoenicea	C24_dihydroxy	2
201338|Liocichla phoenicea	C24_tetrahydroxy	1
201338|Liocichla phoenicea	C24_trihydroxy	1
201348|Minla ignotincta	C24_dihydroxy	2
201348|Minla ignotincta	C24_tetrahydroxy	1
201348|Minla ignotincta	C24_trihydroxy	2
201383|Masticophis taeniatus	C24_dihydroxy	2
201383|Masticophis taeniatus	C24_pentahydroxy	1
201383|Masticophis taeniatus	C24_tetrahydroxy	5
201383|Masticophis taeniatus	C24_trihydroxy	11
201439|Zamenis longissimus	C24_alkamine_trihydroxy	1
201439|Zamenis longissimus	C24_alkamine_pentahydroxy	1
201439|Zamenis longissimus	C24_alkamine_tetrahydroxy	1
201439|Zamenis longissimus	C24_dihydroxy	12
201439|Zamenis longissimus	C24_pentahydroxy	1
201439|Zamenis longissimus	C24_tetrahydroxy	9
201439|Zamenis longissimus	C24_trihydroxy	27
201439|Zamenis longissimus	C27_dihydroxy	1
201439|Zamenis longissimus	C27_monohydroxy	2
201439|Zamenis longissimus	C27_tetrahydroxy	1
201439|Zamenis longissimus	C27_trihydroxy	1
2015|Nocardiopsis prasina	C24_alkamine_trihydroxy	23
2015|Nocardiopsis prasina	C24_alkamine_dihydroxy	17
2015|Nocardiopsis prasina	C24_alkamine_tetrahydroxy	7
2015|Nocardiopsis prasina	C24_dihydroxy	4
2015|Nocardiopsis prasina	C24_monohydroxy	1
2015|Nocardiopsis prasina	C24_tetrahydroxy	1
2015|Nocardiopsis prasina	C24_trihydroxy	3
2020714|Olleya algicola	C24_alkamine_dihydroxy	2
2020714|Olleya algicola	C24_monohydroxy	12
2020714|Olleya algicola	C28_alcohol_3OH	0
2021205|Brahea edulis	C24_alkamine_pentahydroxy	2
2021205|Brahea edulis	C28_alcohol_3OH	0
202280|Harpia harpyja	C24_alkamine_tetrahydroxy	1
202280|Harpia harpyja	C24_dihydroxy	12
202280|Harpia harpyja	C24_tetrahydroxy	10
202280|Harpia harpyja	C24_trihydroxy	15
202280|Harpia harpyja	C27_dihydroxy	4
202280|Harpia harpyja	C27_monohydroxy	1
202280|Harpia harpyja	C27_pentahydroxy	3
202280|Harpia harpyja	C27_tetrahydroxy	5
202280|Harpia harpyja	C27_trihydroxy	5
202718|Pycnoporellus fulgens	C24_alkamine_trihydroxy	2
202862|Streptomyces drozdowiczii	C24_alkamine_trihydroxy	8
202862|Streptomyces drozdowiczii	C28_alcohol_3OH	0
202946|Apteryx mantelli mantelli	C24_dihydroxy	28
202946|Apteryx mantelli mantelli	C24_monohydroxy	8
202946|Apteryx mantelli mantelli	C24_tetrahydroxy	8
202946|Apteryx mantelli mantelli	C24_trihydroxy	21
202946|Apteryx mantelli mantelli	C27_dihydroxy	8
202946|Apteryx mantelli mantelli	C27_monohydroxy	6
202946|Apteryx mantelli mantelli	C27_tetrahydroxy	3
202946|Apteryx mantelli mantelli	C27_trihydroxy	3
202946|Apteryx mantelli mantelli	C28_alcohol_2OH	0
202991|Phedimus spurius	C28_alcohol_2OH	0
203270|Berberis aquifolium	C24_alkamine_tetrahydroxy	3
203270|Berberis aquifolium	C24_tetrahydroxy	42
203270|Berberis aquifolium	C24_trihydroxy	1
203270|Berberis aquifolium	C27_pentahydroxy	2
203270|Berberis aquifolium	C28_alcohol_3OH	0
20408|Astragalus canadensis	C23_dihydroxy	1
20408|Astragalus canadensis	C24_alkamine_tetrahydroxy	3
20408|Astragalus canadensis	C24_dihydroxy	14
20408|Astragalus canadensis	C27_dihydroxy	14
20408|Astragalus canadensis	C28_alcohol_2OH	0
20408|Astragalus canadensis	C28_alcohol_3OH	0
204180|Coleus amboinicus	C28_alcohol_3OH	0
204263|Eira barbara	C24_alkamine_trihydroxy	7
204263|Eira barbara	C24_alkamine_dihydroxy	4
204263|Eira barbara	C24_alkamine_tetrahydroxy	1
204263|Eira barbara	C24_dihydroxy	6
204263|Eira barbara	C24_tetrahydroxy	5
204263|Eira barbara	C24_trihydroxy	12
204263|Eira barbara	C27_dihydroxy	5
204263|Eira barbara	C27_monohydroxy	6
204263|Eira barbara	C27_tetrahydroxy	2
204263|Eira barbara	C27_trihydroxy	2
2042683|Olsenella sp.	C24_alkamine_trihydroxy	31
2042683|Olsenella sp.	C24_alkamine_dihydroxy	32
2042683|Olsenella sp.	C24_dihydroxy	3
2042683|Olsenella sp.	C24_trihydroxy	7
204327|Eunicea fusca	C28_alcohol_3OH	0
204332|Plexaurella	C28_alcohol_3OH	0
204335|Plexaurella nutans	C28_alcohol_3OH	0
204516|Phocaeicola massiliensis	C24_alkamine_trihydroxy	182
204516|Phocaeicola massiliensis	C24_alkamine_dihydroxy	95
204516|Phocaeicola massiliensis	C24_alkamine_tetrahydroxy	2
204516|Phocaeicola massiliensis	C27_pentahydroxy	1
204516|Phocaeicola massiliensis	C28_alcohol_2OH	0
204516|Phocaeicola massiliensis	C28_alcohol_3OH	0
204518|Bauhinia tomentosa	C23_trihydroxy	1
204518|Bauhinia tomentosa	C24_alkamine_trihydroxy	2
204518|Bauhinia tomentosa	C28_alcohol_2OH	0
204518|Bauhinia tomentosa	C28_alcohol_3OH	0
2045|Pimelobacter simplex	C24_dihydroxy	2
204814|Lagocephalus lunaris	C24_dihydroxy	3
204814|Lagocephalus lunaris	C24_tetrahydroxy	3
204814|Lagocephalus lunaris	C24_trihydroxy	18
204814|Lagocephalus lunaris	C27_dihydroxy	1
204814|Lagocephalus lunaris	C27_monohydroxy	1
204814|Lagocephalus lunaris	C27_tetrahydroxy	1
204814|Lagocephalus lunaris	C27_trihydroxy	1
204968|Cuora galbinifrons	C24_dihydroxy	5
204968|Cuora galbinifrons	C24_monohydroxy	1
204968|Cuora galbinifrons	C24_tetrahydroxy	1
204968|Cuora galbinifrons	C24_trihydroxy	4
205097|Sarcophyton trocheliophorum	C23_pentahydroxy	1
205097|Sarcophyton trocheliophorum	C24_pentahydroxy	2
205097|Sarcophyton trocheliophorum	C24_tetrahydroxy	2
205130|Mastacembelus armatus	C24_dihydroxy	4
205130|Mastacembelus armatus	C24_trihydroxy	2
2052|Mobiluncus mulieris	C24_alkamine_trihydroxy	27
2052|Mobiluncus mulieris	C24_alkamine_dihydroxy	31
2052|Mobiluncus mulieris	C24_dihydroxy	3
2052|Mobiluncus mulieris	C24_trihydroxy	6
2054641|Bacillus stercoris	C24_alkamine_trihydroxy	150
2054641|Bacillus stercoris	C24_alkamine_dihydroxy	43
2054641|Bacillus stercoris	C24_alkamine_pentahydroxy	2
2054641|Bacillus stercoris	C24_alkamine_tetrahydroxy	4
2054641|Bacillus stercoris	C28_alcohol_2OH	0
2054641|Bacillus stercoris	C28_alcohol_3OH	0
206108|Ceratias holboelli	C23_dihydroxy	1
206108|Ceratias holboelli	C24_alkamine_trihydroxy	12
206108|Ceratias holboelli	C24_alkamine_dihydroxy	1
206108|Ceratias holboelli	C24_dihydroxy	4
206108|Ceratias holboelli	C24_pentahydroxy	1
206108|Ceratias holboelli	C24_tetrahydroxy	6
206108|Ceratias holboelli	C24_trihydroxy	16
206108|Ceratias holboelli	C27_dihydroxy	6
206108|Ceratias holboelli	C27_monohydroxy	2
206108|Ceratias holboelli	C27_pentahydroxy	2
206108|Ceratias holboelli	C27_tetrahydroxy	3
206108|Ceratias holboelli	C27_trihydroxy	3
206145|Mene maculata	C24_alkamine_pentahydroxy	1
206145|Mene maculata	C24_dihydroxy	3
206145|Mene maculata	C24_tetrahydroxy	1
206145|Mene maculata	C24_trihydroxy	3
206145|Mene maculata	C27_dihydroxy	1
206145|Mene maculata	C27_monohydroxy	1
206145|Mene maculata	C27_tetrahydroxy	1
206145|Mene maculata	C27_trihydroxy	1
2061|Tsukamurella paurometabola	C24_alkamine_trihydroxy	4
2061|Tsukamurella paurometabola	C24_alkamine_monohydroxy	2
2061|Tsukamurella paurometabola	C24_alkamine_tetrahydroxy	2
2061|Tsukamurella paurometabola	C26_dihydroxy	4
2061|Tsukamurella paurometabola	C28_alcohol_2OH	0
2061|Tsukamurella paurometabola	C28_alcohol_3OH	0
206348|Bathymodiolus brooksi	C24_dihydroxy	2
206348|Bathymodiolus brooksi	C24_monohydroxy	3
206348|Bathymodiolus brooksi	C24_trihydroxy	1
206348|Bathymodiolus brooksi	C28_alcohol_2OH	0
206348|Bathymodiolus brooksi	C28_alcohol_3OH	0
2064|Kitasatospora griseola	C28_alcohol_3OH	0
2065961|Tetraneuris herbacea	C28_alcohol_2OH	0
2065961|Tetraneuris herbacea	C28_alcohol_3OH	0
2066993|Rhodofomes cajanderi	C24_monohydroxy	21
2066993|Rhodofomes cajanderi	C24_trihydroxy	2
2066|Kitasatospora setae	C24_alkamine_pentahydroxy	2
2066|Kitasatospora setae	C28_alcohol_3OH	0
2067842|Cortinarius athabascus	C24_monohydroxy	6
2067842|Cortinarius athabascus	C24_tetrahydroxy	1
207920|Moorena bouillonii	C24_alkamine_pentahydroxy	2
208199|Guptibacillus hwajinpoensis	C28_alcohol_2OH	0
208199|Guptibacillus hwajinpoensis	C28_alcohol_3OH	0
208364|Rucervus eldii thamin	C24_dihydroxy	4
208364|Rucervus eldii thamin	C24_trihydroxy	3
208364|Rucervus eldii thamin	C27_tetrahydroxy	1
208364|Rucervus eldii thamin	C27_trihydroxy	1
208441|Amycolatopsis decaplanina	C24_dihydroxy	8
208441|Amycolatopsis decaplanina	C28_alcohol_2OH	0
208442|Amycolatopsis keratiniphila subsp. nogabecina	C24_dihydroxy	2
208442|Amycolatopsis keratiniphila subsp. nogabecina	C28_alcohol_2OH	0
208442|Amycolatopsis keratiniphila subsp. nogabecina	C28_alcohol_3OH	0
208443|Amycolatopsis balhimycina	C24_alkamine_dihydroxy	4
208443|Amycolatopsis balhimycina	C24_dihydroxy	104
208443|Amycolatopsis balhimycina	C24_monohydroxy	2
208443|Amycolatopsis balhimycina	C24_tetrahydroxy	8
208443|Amycolatopsis balhimycina	C24_trihydroxy	34
208443|Amycolatopsis balhimycina	C28_alcohol_3OH	0
208444|Amycolatopsis vancoresmycina	C24_alkamine_monohydroxy	6
208444|Amycolatopsis vancoresmycina	C24_dihydroxy	24
208444|Amycolatopsis vancoresmycina	C24_monohydroxy	2
208444|Amycolatopsis vancoresmycina	C24_nonhydroxy	26
208444|Amycolatopsis vancoresmycina	C24_trihydroxy	8
208444|Amycolatopsis vancoresmycina	C28_alcohol_2OH	0
208444|Amycolatopsis vancoresmycina	C28_alcohol_3OH	0
208445|Amycolatopsis tolypomycina	C24_dihydroxy	2
210139|Eleutheronema tetradactylum	C24_dihydroxy	4
210139|Eleutheronema tetradactylum	C24_tetrahydroxy	2
210139|Eleutheronema tetradactylum	C24_trihydroxy	4
210139|Eleutheronema tetradactylum	C27_dihydroxy	2
210139|Eleutheronema tetradactylum	C27_tetrahydroxy	1
210139|Eleutheronema tetradactylum	C27_trihydroxy	1
210162|Asplenium platyneuron	C28_alcohol_2OH	0
210162|Asplenium platyneuron	C28_alcohol_3OH	0
210336|Ptelea trifoliata	C24_alkamine_tetrahydroxy	3
210336|Ptelea trifoliata	C24_dihydroxy	3
210336|Ptelea trifoliata	C28_alcohol_3OH	0
210647|Helogale parvula	C24_alkamine_trihydroxy	6
210647|Helogale parvula	C24_alkamine_dihydroxy	2
210647|Helogale parvula	C24_alkamine_pentahydroxy	1
210647|Helogale parvula	C24_alkamine_tetrahydroxy	2
210647|Helogale parvula	C24_dihydroxy	9
210647|Helogale parvula	C24_pentahydroxy	2
210647|Helogale parvula	C24_tetrahydroxy	12
210647|Helogale parvula	C24_trihydroxy	24
210647|Helogale parvula	C27_dihydroxy	1
210647|Helogale parvula	C27_monohydroxy	1
210647|Helogale parvula	C27_pentahydroxy	1
210647|Helogale parvula	C27_tetrahydroxy	1
210647|Helogale parvula	C27_trihydroxy	1
210647|Helogale parvula	C28_alcohol_3OH	0
210652|Mungos mungo	C24_alkamine_trihydroxy	4
210652|Mungos mungo	C24_alkamine_dihydroxy	4
210652|Mungos mungo	C24_alkamine_tetrahydroxy	2
210652|Mungos mungo	C24_dihydroxy	19
210652|Mungos mungo	C24_tetrahydroxy	2
210652|Mungos mungo	C24_trihydroxy	20
210652|Mungos mungo	C27_monohydroxy	5
210652|Mungos mungo	C28_alcohol_3OH	0
211165|Chlorogloeopsis fritschii PCC 6912	C28_alcohol_3OH	0
211815|Rubus fruticosus	C23_dihydroxy	2
211815|Rubus fruticosus	C23_tetrahydroxy	2
211815|Rubus fruticosus	C24_alkamine_tetrahydroxy	6
211815|Rubus fruticosus	C24_trihydroxy	1
211815|Rubus fruticosus	C28_alcohol_3OH	0
212292|Codiaeum peltatum	C24_alkamine_dihydroxy	1
212844|Euphorbia acanthothamnos	C24_alkamine_trihydroxy	8
212844|Euphorbia acanthothamnos	C24_alkamine_dihydroxy	8
212844|Euphorbia acanthothamnos	C24_alkamine_tetrahydroxy	4
212844|Euphorbia acanthothamnos	C24_nonhydroxy	22
212844|Euphorbia acanthothamnos	C27_monohydroxy	14
212844|Euphorbia acanthothamnos	C27_pentahydroxy	2
212844|Euphorbia acanthothamnos	C27_tetrahydroxy	10
212844|Euphorbia acanthothamnos	C27_trihydroxy	10
212844|Euphorbia acanthothamnos	C28_alcohol_1OH	0
212844|Euphorbia acanthothamnos	C28_alcohol_3OH	0
212925|Euphorbia lathyris	C23_monohydroxy	2
212925|Euphorbia lathyris	C24_alkamine_pentahydroxy	4
212925|Euphorbia lathyris	C24_alkamine_tetrahydroxy	2
212925|Euphorbia lathyris	C24_nonhydroxy	10
212925|Euphorbia lathyris	C27_dihydroxy	22
212925|Euphorbia lathyris	C27_monohydroxy	24
212925|Euphorbia lathyris	C27_pentahydroxy	10
212925|Euphorbia lathyris	C27_tetrahydroxy	2
212925|Euphorbia lathyris	C27_trihydroxy	2
212925|Euphorbia lathyris	C28_alcohol_3OH	0
2135469|Filimonas sp. YR581	C28_alcohol_3OH	0
2135501|Variovorax sp. GV004	C28_alcohol_3OH	0
2135503|Variovorax sp. GV035	C28_alcohol_3OH	0
2135576|Pseudomonas sp. GV034	C28_alcohol_3OH	0
2135577|Pseudomonas sp. GV062	C28_alcohol_3OH	0
2135578|Pseudomonas sp. GV082	C28_alcohol_3OH	0
2135579|Pseudomonas sp. GV086	C28_alcohol_3OH	0
2135581|Pseudomonas sp. GV101	C28_alcohol_3OH	0
2135582|Pseudomonas sp. NP10-3	C28_alcohol_3OH	0
2135583|Pseudomonas sp. NP28-5	C24_dihydroxy	2
2135583|Pseudomonas sp. NP28-5	C28_alcohol_3OH	0
2135586|Pseudomonas sp. OV184	C28_alcohol_3OH	0
2135587|Pseudomonas sp. OV221	C28_alcohol_3OH	0
2135589|Pseudomonas sp. OV286	C28_alcohol_3OH	0
2135590|Pseudomonas sp. OV341	C28_alcohol_3OH	0
2135591|Pseudomonas sp. OV397	C28_alcohol_3OH	0
2135593|Pseudomonas sp. OV508	C28_alcohol_3OH	0
2135594|Pseudomonas sp. OV529	C28_alcohol_3OH	0
2135596|Pseudomonas sp. OV657	C28_alcohol_3OH	0
2135605|Chitinophaga sp. OK723	C28_alcohol_3OH	0
2135684|Niastella sp. CF465	C28_alcohol_3OH	0
2135695|Paraburkholderia sp. GV052	C28_alcohol_3OH	0
2135697|Paraburkholderia sp. GV068	C28_alcohol_3OH	0
2135698|Paraburkholderia sp. GV072	C28_alcohol_3OH	0
2135699|Paraburkholderia sp. GV073	C28_alcohol_3OH	0
2135714|Pedobacter sp. CF074	C24_alkamine_pentahydroxy	2
2135714|Pedobacter sp. CF074	C24_pentahydroxy	1
2135714|Pedobacter sp. CF074	C28_alcohol_3OH	0
2135722|Pleomorphomonas sp. CF100	C28_alcohol_3OH	0
2135728|Rhodococcus sp. OK269	C28_alcohol_3OH	0
2135729|Rhodococcus sp. OK519	C28_alcohol_3OH	0
2135730|Rhodococcus sp. OK551	C28_alcohol_3OH	0
2135731|Rhodococcus sp. OK611	C28_alcohol_3OH	0
2135735|Variovorax sp. GV051	C28_alcohol_3OH	0
2135739|Bacillus sp. OK077	C24_dihydroxy	2
2135739|Bacillus sp. OK077	C28_alcohol_3OH	0
2135742|Bacillus sp. OV752	C24_pentahydroxy	2
2135742|Bacillus sp. OV752	C28_alcohol_3OH	0
2135743|Bacillus sp. YR335	C28_alcohol_3OH	0
2135744|Mycobacterium sp. OK887	C28_alcohol_3OH	0
2135745|Mycobacterium sp. OK889	C28_alcohol_3OH	0
2135746|Mycobacterium sp. YR708	C28_alcohol_3OH	0
2135747|Mycobacterium sp. YR782	C28_alcohol_3OH	0
2135748|Pseudomonas sp. GV012	C28_alcohol_3OH	0
2135749|Pseudomonas sp. GV021	C28_alcohol_3OH	0
2135752|Pseudomonas sp. GV054	C28_alcohol_3OH	0
2135753|Pseudomonas sp. GV058	C28_alcohol_3OH	0
2135754|Pseudomonas sp. GV071	C28_alcohol_2OH	0
2135754|Pseudomonas sp. GV071	C28_alcohol_3OH	0
2135755|Pseudomonas sp. GV077	C28_alcohol_3OH	0
2135756|Pseudomonas sp. GV085	C28_alcohol_3OH	0
2135758|Pseudomonas sp. GV091	C28_alcohol_3OH	0
2135761|Flavobacterium sp. GV030	C24_monohydroxy	6
2135761|Flavobacterium sp. GV030	C28_alcohol_3OH	0
2135762|Flavobacterium sp. GV063	C28_alcohol_3OH	0
2135763|Flavobacterium sp. GV069	C24_monohydroxy	2
2135763|Flavobacterium sp. GV069	C28_alcohol_3OH	0
2136174|Sulfitobacter sp. CB-A	C28_alcohol_3OH	0
2137881|Coprobacillus sp.	C24_alkamine_trihydroxy	24
2137881|Coprobacillus sp.	C24_alkamine_dihydroxy	34
2137881|Coprobacillus sp.	C24_dihydroxy	4
2137881|Coprobacillus sp.	C24_trihydroxy	6
214657|Girella nigricans	C23_dihydroxy	6
214657|Girella nigricans	C23_trihydroxy	4
214657|Girella nigricans	C24_alkamine_trihydroxy	10
214657|Girella nigricans	C24_dihydroxy	52
214657|Girella nigricans	C24_monohydroxy	2
214657|Girella nigricans	C24_tetrahydroxy	14
214657|Girella nigricans	C24_trihydroxy	102
214657|Girella nigricans	C27_dihydroxy	12
214657|Girella nigricans	C27_monohydroxy	8
214657|Girella nigricans	C28_alcohol_3OH	0
214663|Colibri coruscans	C24_alkamine_tetrahydroxy	1
214663|Colibri coruscans	C24_dihydroxy	4
214663|Colibri coruscans	C24_monohydroxy	1
214663|Colibri coruscans	C24_tetrahydroxy	1
214663|Colibri coruscans	C24_trihydroxy	3
214663|Colibri coruscans	C27_dihydroxy	1
214663|Colibri coruscans	C27_tetrahydroxy	2
214663|Colibri coruscans	C27_trihydroxy	2
2160|Methanobacterium	C28_alcohol_3OH	0
216591|Burkholderia cenocepacia J2315	C28_alcohol_3OH	0
216816|Bifidobacterium longum	C24_alkamine_trihydroxy	238
216816|Bifidobacterium longum	C24_alkamine_dihydroxy	62
216816|Bifidobacterium longum	C24_dihydroxy	74
216816|Bifidobacterium longum	C24_trihydroxy	236
216980|Coryphaenoides filifer	C24_alkamine_pentahydroxy	1
216980|Coryphaenoides filifer	C24_dihydroxy	2
216980|Coryphaenoides filifer	C24_tetrahydroxy	2
216980|Coryphaenoides filifer	C24_trihydroxy	4
216989|Betula populifolia	C23_dihydroxy	10
216989|Betula populifolia	C23_tetrahydroxy	1
216989|Betula populifolia	C23_trihydroxy	2
216989|Betula populifolia	C24_alkamine_trihydroxy	47
216989|Betula populifolia	C24_alkamine_monohydroxy	2
216989|Betula populifolia	C24_alkamine_pentahydroxy	25
216989|Betula populifolia	C24_alkamine_tetrahydroxy	15
216989|Betula populifolia	C24_dihydroxy	7
216989|Betula populifolia	C24_monohydroxy	10
216989|Betula populifolia	C24_pentahydroxy	1
216989|Betula populifolia	C24_tetrahydroxy	5
216989|Betula populifolia	C27_dihydroxy	38
216989|Betula populifolia	C27_pentahydroxy	6
216989|Betula populifolia	C27_tetrahydroxy	40
216989|Betula populifolia	C27_trihydroxy	43
216989|Betula populifolia	C28_alcohol_2OH	0
216989|Betula populifolia	C28_alcohol_3OH	0
216998|Euphorbia jansenvillensis	C28_alcohol_2OH	0
216998|Euphorbia jansenvillensis	C28_alcohol_3OH	0
216999|Euphorbia horrida	C23_monohydroxy	6
216999|Euphorbia horrida	C24_alkamine_pentahydroxy	2
216999|Euphorbia horrida	C24_alkamine_tetrahydroxy	4
216999|Euphorbia horrida	C24_nonhydroxy	12
216999|Euphorbia horrida	C26_dihydroxy	2
216999|Euphorbia horrida	C27_dihydroxy	2
216999|Euphorbia horrida	C27_monohydroxy	32
216999|Euphorbia horrida	C27_tetrahydroxy	2
216999|Euphorbia horrida	C27_trihydroxy	2
217524|Alternanthera flavescens	C24_alkamine_pentahydroxy	3
217524|Alternanthera flavescens	C28_alcohol_3OH	0
2182384|Erythrobacter aureus	C24_alkamine_trihydroxy	18
2182384|Erythrobacter aureus	C24_alkamine_dihydroxy	22
2182384|Erythrobacter aureus	C27_monohydroxy	2
2182384|Erythrobacter aureus	C28_alcohol_2OH	0
2182384|Erythrobacter aureus	C28_alcohol_3OH	0
2183843|Trochalopteron formosum	C24_alkamine_trihydroxy	5
2183843|Trochalopteron formosum	C24_alkamine_dihydroxy	2
2183843|Trochalopteron formosum	C24_dihydroxy	16
2183843|Trochalopteron formosum	C24_monohydroxy	3
2183843|Trochalopteron formosum	C24_tetrahydroxy	8
2183843|Trochalopteron formosum	C24_trihydroxy	5
2183843|Trochalopteron formosum	C27_dihydroxy	2
2183843|Trochalopteron formosum	C27_monohydroxy	2
2183843|Trochalopteron formosum	C27_tetrahydroxy	3
2183843|Trochalopteron formosum	C27_trihydroxy	3
21880|Salvia	C24_dihydroxy	4
21880|Salvia	C28_alcohol_3OH	0
219594|Aythya fuligula	C23_dihydroxy	3
219594|Aythya fuligula	C24_alkamine_tetrahydroxy	2
219594|Aythya fuligula	C24_dihydroxy	11
219594|Aythya fuligula	C24_monohydroxy	1
219594|Aythya fuligula	C24_tetrahydroxy	2
219594|Aythya fuligula	C24_trihydroxy	4
219594|Aythya fuligula	C27_dihydroxy	4
219594|Aythya fuligula	C27_monohydroxy	1
219594|Aythya fuligula	C27_tetrahydroxy	1
219594|Aythya fuligula	C27_trihydroxy	1
2200751|Stegonotus modestus	C24_alkamine_trihydroxy	2
2200751|Stegonotus modestus	C24_alkamine_pentahydroxy	1
2200751|Stegonotus modestus	C24_dihydroxy	6
2200751|Stegonotus modestus	C24_pentahydroxy	3
2200751|Stegonotus modestus	C24_tetrahydroxy	17
2200751|Stegonotus modestus	C24_trihydroxy	17
2200751|Stegonotus modestus	C27_pentahydroxy	1
2200751|Stegonotus modestus	C28_alcohol_2OH	0
220101|Genetta tigrina	C24_dihydroxy	4
220101|Genetta tigrina	C24_tetrahydroxy	3
220101|Genetta tigrina	C24_trihydroxy	8
220378|Nocardiopsis aegyptia	C24_alkamine_trihydroxy	2
220378|Nocardiopsis aegyptia	C24_alkamine_pentahydroxy	2
220378|Nocardiopsis aegyptia	C24_dihydroxy	34
220378|Nocardiopsis aegyptia	C24_monohydroxy	2
220378|Nocardiopsis aegyptia	C24_tetrahydroxy	8
220378|Nocardiopsis aegyptia	C24_trihydroxy	24
220711|Chondrilla australiensis	C27_dihydroxy	2
220711|Chondrilla australiensis	C28_alcohol_3OH	0
220770|Tribolonotus gracilis	C24_alkamine_trihydroxy	1
220770|Tribolonotus gracilis	C24_dihydroxy	14
220770|Tribolonotus gracilis	C24_tetrahydroxy	2
220770|Tribolonotus gracilis	C24_trihydroxy	12
220770|Tribolonotus gracilis	C27_dihydroxy	9
220770|Tribolonotus gracilis	C27_monohydroxy	1
220770|Tribolonotus gracilis	C27_pentahydroxy	7
220770|Tribolonotus gracilis	C27_tetrahydroxy	6
220770|Tribolonotus gracilis	C27_trihydroxy	6
220798|Cortinarius flexipes	C24_tetrahydroxy	4
221126|Algibacter lectus	C24_alkamine_trihydroxy	12
221126|Algibacter lectus	C24_alkamine_dihydroxy	2
221126|Algibacter lectus	C27_monohydroxy	2
221126|Algibacter lectus	C28_alcohol_2OH	0
221126|Algibacter lectus	C28_alcohol_3OH	0
221981|Equus hemionus onager	C24_dihydroxy	3
221981|Equus hemionus onager	C24_tetrahydroxy	1
221981|Equus hemionus onager	C24_trihydroxy	3
222879|Harpagophytum procumbens	C23_tetrahydroxy	3
222879|Harpagophytum procumbens	C24_alkamine_trihydroxy	5
222879|Harpagophytum procumbens	C24_alkamine_dihydroxy	2
222879|Harpagophytum procumbens	C24_alkamine_tetrahydroxy	1
222879|Harpagophytum procumbens	C24_dihydroxy	15
222879|Harpagophytum procumbens	C24_monohydroxy	4
222879|Harpagophytum procumbens	C24_tetrahydroxy	231
222879|Harpagophytum procumbens	C24_trihydroxy	6
222879|Harpagophytum procumbens	C26_dihydroxy	3
222879|Harpagophytum procumbens	C27_pentahydroxy	10
222879|Harpagophytum procumbens	C27_tetrahydroxy	29
222879|Harpagophytum procumbens	C27_trihydroxy	32
222879|Harpagophytum procumbens	C28_alcohol_3OH	0
222892|Streptomyces nodosus subsp. asukaensis	C28_alcohol_3OH	0
2231447|Halcyon albiventris	C24_dihydroxy	2
2231447|Halcyon albiventris	C24_tetrahydroxy	1
2231447|Halcyon albiventris	C24_trihydroxy	1
2231447|Halcyon albiventris	C27_dihydroxy	1
2231447|Halcyon albiventris	C27_tetrahydroxy	1
2231447|Halcyon albiventris	C27_trihydroxy	1
223475|Buteo lineatus	C24_alkamine_trihydroxy	1
223475|Buteo lineatus	C24_dihydroxy	15
223475|Buteo lineatus	C24_tetrahydroxy	7
223475|Buteo lineatus	C24_trihydroxy	14
223475|Buteo lineatus	C27_dihydroxy	8
223475|Buteo lineatus	C27_monohydroxy	3
223475|Buteo lineatus	C27_pentahydroxy	1
223475|Buteo lineatus	C27_tetrahydroxy	2
223475|Buteo lineatus	C27_trihydroxy	2
223492|Parabuteo unicinctus	C24_dihydroxy	3
223492|Parabuteo unicinctus	C24_tetrahydroxy	5
223492|Parabuteo unicinctus	C24_trihydroxy	2
223492|Parabuteo unicinctus	C27_monohydroxy	1
223958|Exiguobacterium oxidotolerans	C28_alcohol_2OH	0
223958|Exiguobacterium oxidotolerans	C28_alcohol_3OH	0
224554|Langaha madagascariensis	C24_pentahydroxy	1
224554|Langaha madagascariensis	C24_tetrahydroxy	4
224554|Langaha madagascariensis	C24_trihydroxy	6
224554|Langaha madagascariensis	C27_dihydroxy	1
225042|Dendrolagus goodfellowi buergersi	C24_alkamine_trihydroxy	10
225042|Dendrolagus goodfellowi buergersi	C24_alkamine_dihydroxy	9
225042|Dendrolagus goodfellowi buergersi	C24_alkamine_tetrahydroxy	2
225042|Dendrolagus goodfellowi buergersi	C24_dihydroxy	9
225042|Dendrolagus goodfellowi buergersi	C24_tetrahydroxy	2
225042|Dendrolagus goodfellowi buergersi	C24_trihydroxy	10
225042|Dendrolagus goodfellowi buergersi	C27_dihydroxy	1
225042|Dendrolagus goodfellowi buergersi	C27_monohydroxy	2
225430|Amanita constricta	C24_tetrahydroxy	1
225757|Siganus fuscescens	C24_alkamine_trihydroxy	2
225757|Siganus fuscescens	C24_alkamine_pentahydroxy	1
225757|Siganus fuscescens	C24_dihydroxy	12
225757|Siganus fuscescens	C24_pentahydroxy	1
225757|Siganus fuscescens	C24_tetrahydroxy	2
225757|Siganus fuscescens	C24_trihydroxy	9
225757|Siganus fuscescens	C27_dihydroxy	4
225757|Siganus fuscescens	C27_monohydroxy	1
225759|Siganus virgatus	C23_dihydroxy	4
225759|Siganus virgatus	C24_dihydroxy	4
226185|Enterococcus faecalis V583	C24_alkamine_trihydroxy	7
226185|Enterococcus faecalis V583	C24_alkamine_dihydroxy	4
226185|Enterococcus faecalis V583	C24_dihydroxy	3
226185|Enterococcus faecalis V583	C24_trihydroxy	7
22662|Punica	C28_alcohol_3OH	0
22663|Punica granatum	C28_alcohol_3OH	0
226677|Anthurium andraeanum	C28_alcohol_3OH	0
226|Alteromonas	C23_trihydroxy	1
226|Alteromonas	C24_alkamine_trihydroxy	64
226|Alteromonas	C24_alkamine_pentahydroxy	32
226|Alteromonas	C24_alkamine_tetrahydroxy	52
226|Alteromonas	C24_dihydroxy	248
226|Alteromonas	C24_pentahydroxy	15
226|Alteromonas	C24_tetrahydroxy	385
226|Alteromonas	C24_trihydroxy	979
226|Alteromonas	C28_alcohol_3OH	0
227231|Himantopus mexicanus	C24_alkamine_trihydroxy	2
227231|Himantopus mexicanus	C24_alkamine_dihydroxy	2
227231|Himantopus mexicanus	C24_dihydroxy	8
227231|Himantopus mexicanus	C24_monohydroxy	4
227231|Himantopus mexicanus	C24_tetrahydroxy	6
227231|Himantopus mexicanus	C24_trihydroxy	18
227231|Himantopus mexicanus	C27_dihydroxy	4
227231|Himantopus mexicanus	C27_monohydroxy	4
227231|Himantopus mexicanus	C27_pentahydroxy	2
227236|Recurvirostra americana	C24_alkamine_trihydroxy	2
227236|Recurvirostra americana	C24_alkamine_tetrahydroxy	3
227236|Recurvirostra americana	C24_dihydroxy	7
227236|Recurvirostra americana	C24_tetrahydroxy	7
227236|Recurvirostra americana	C24_trihydroxy	19
227321|Aspergillus nidulans FGSC A4	C23_trihydroxy	26
227321|Aspergillus nidulans FGSC A4	C24_alkamine_trihydroxy	2
227321|Aspergillus nidulans FGSC A4	C27_dihydroxy	45
227321|Aspergillus nidulans FGSC A4	C27_monohydroxy	18
227321|Aspergillus nidulans FGSC A4	C28_alcohol_2OH	0
227321|Aspergillus nidulans FGSC A4	C28_alcohol_3OH	0
227866|Bacillus tequilensis	C24_alkamine_trihydroxy	99
227866|Bacillus tequilensis	C24_alkamine_dihydroxy	40
227866|Bacillus tequilensis	C24_alkamine_monohydroxy	12
227866|Bacillus tequilensis	C24_alkamine_pentahydroxy	1
227866|Bacillus tequilensis	C24_alkamine_tetrahydroxy	38
227866|Bacillus tequilensis	C24_dihydroxy	44
227866|Bacillus tequilensis	C24_nonhydroxy	3
227866|Bacillus tequilensis	C24_tetrahydroxy	12
227866|Bacillus tequilensis	C24_trihydroxy	39
227866|Bacillus tequilensis	C27_dihydroxy	1
228215|Pleurotus eryngii var. ferulae	C23_dihydroxy	1
228215|Pleurotus eryngii var. ferulae	C27_dihydroxy	19
228215|Pleurotus eryngii var. ferulae	C27_monohydroxy	42
228215|Pleurotus eryngii var. ferulae	C28_alcohol_2OH	0
228215|Pleurotus eryngii var. ferulae	C28_alcohol_3OH	0
228248|Lophophorus lhuysii	C24_dihydroxy	12
228248|Lophophorus lhuysii	C24_monohydroxy	2
228248|Lophophorus lhuysii	C24_tetrahydroxy	2
228248|Lophophorus lhuysii	C24_trihydroxy	10
228248|Lophophorus lhuysii	C27_dihydroxy	3
228248|Lophophorus lhuysii	C27_monohydroxy	3
2283001|Echeveria pulvinata var. leucotricha	C26_dihydroxy	9
2283001|Echeveria pulvinata var. leucotricha	C28_alcohol_3OH	0
228307|Phoenicurus frontalis	C24_dihydroxy	4
228307|Phoenicurus frontalis	C24_tetrahydroxy	5
228307|Phoenicurus frontalis	C24_trihydroxy	1
228587|Celtis occidentalis	C27_dihydroxy	1
228587|Celtis occidentalis	C28_alcohol_3OH	0
22868|Anemonastrum	C28_alcohol_3OH	0
229058|Ostracion cubicum	C24_alkamine_trihydroxy	4
229058|Ostracion cubicum	C24_alkamine_dihydroxy	4
229058|Ostracion cubicum	C24_dihydroxy	5
229058|Ostracion cubicum	C24_tetrahydroxy	5
229058|Ostracion cubicum	C24_trihydroxy	10
229058|Ostracion cubicum	C27_dihydroxy	2
229058|Ostracion cubicum	C27_monohydroxy	2
2291733|Amanita pantherinoides	C24_tetrahydroxy	1
2291932|Kassina cassinoides	C23_dihydroxy	2
2291932|Kassina cassinoides	C24_alkamine_trihydroxy	1
2291932|Kassina cassinoides	C24_dihydroxy	1
2291932|Kassina cassinoides	C24_trihydroxy	6
2291932|Kassina cassinoides	C27_dihydroxy	1
2291932|Kassina cassinoides	C27_monohydroxy	1
2291932|Kassina cassinoides	C27_pentahydroxy	1
2291932|Kassina cassinoides	C27_tetrahydroxy	2
2291932|Kassina cassinoides	C27_trihydroxy	2
229204|Flavobacterium frigoris	C28_alcohol_2OH	0
229204|Flavobacterium frigoris	C28_alcohol_3OH	0
2292167|Pseudobatos planiceps	C23_dihydroxy	1
2292167|Pseudobatos planiceps	C23_trihydroxy	1
2292167|Pseudobatos planiceps	C24_alkamine_trihydroxy	2
2292167|Pseudobatos planiceps	C24_dihydroxy	1
2292167|Pseudobatos planiceps	C24_trihydroxy	1
2292167|Pseudobatos planiceps	C27_dihydroxy	1
2292167|Pseudobatos planiceps	C27_monohydroxy	1
229486|Streptomyces hebeiensis	C28_alcohol_3OH	0
22994|Aeonium	C24_trihydroxy	2
22994|Aeonium	C26_dihydroxy	1
22994|Aeonium	C28_alcohol_3OH	0
230091|Micromonospora endolithica	C28_alcohol_2OH	0
2307129|Streptomyces moroccanus	C28_alcohol_2OH	0
230766|Clitocybe fragrans	C24_tetrahydroxy	1
2315346|Eremophila sturtii	C28_alcohol_3OH	0
231578|Pholidoscelis taeniurus	C24_alkamine_trihydroxy	3
231578|Pholidoscelis taeniurus	C24_dihydroxy	6
231578|Pholidoscelis taeniurus	C24_monohydroxy	3
231578|Pholidoscelis taeniurus	C24_tetrahydroxy	4
231578|Pholidoscelis taeniurus	C24_trihydroxy	8
2316026|Vanellus albiceps	C24_alkamine_trihydroxy	4
2316026|Vanellus albiceps	C24_alkamine_dihydroxy	2
2316026|Vanellus albiceps	C24_dihydroxy	6
2316026|Vanellus albiceps	C24_tetrahydroxy	6
2316026|Vanellus albiceps	C24_trihydroxy	12
23211|Pyrus communis	C28_alcohol_3OH	0
23216|Rubus	C24_trihydroxy	4
23216|Rubus	C27_dihydroxy	12
23461|Mangifera	C24_alkamine_tetrahydroxy	2
23461|Mangifera	C24_dihydroxy	1
23461|Mangifera	C28_alcohol_3OH	0
234690|Xerus inauris	C24_alkamine_trihydroxy	3
234690|Xerus inauris	C24_alkamine_pentahydroxy	2
234690|Xerus inauris	C24_dihydroxy	2
234690|Xerus inauris	C24_tetrahydroxy	3
234690|Xerus inauris	C24_trihydroxy	8
235986|Actinacidiphila glaucinigra	C23_pentahydroxy	8
235986|Actinacidiphila glaucinigra	C28_alcohol_3OH	0
236510|Streptantibioticus ferralitis	C28_alcohol_3OH	0
236590|Noturus baileyi	C24_dihydroxy	1
236590|Noturus baileyi	C24_trihydroxy	2
236735|Uromastyx aegyptia aegyptia	C24_alkamine_trihydroxy	3
236735|Uromastyx aegyptia aegyptia	C24_dihydroxy	16
236735|Uromastyx aegyptia aegyptia	C24_monohydroxy	4
236735|Uromastyx aegyptia aegyptia	C24_tetrahydroxy	3
236735|Uromastyx aegyptia aegyptia	C24_trihydroxy	22
236735|Uromastyx aegyptia aegyptia	C27_dihydroxy	4
236735|Uromastyx aegyptia aegyptia	C27_monohydroxy	7
236735|Uromastyx aegyptia aegyptia	C27_tetrahydroxy	1
236735|Uromastyx aegyptia aegyptia	C27_trihydroxy	1
236742|Uromastyx benti	C24_alkamine_trihydroxy	2
236742|Uromastyx benti	C24_dihydroxy	6
236742|Uromastyx benti	C24_monohydroxy	2
236742|Uromastyx benti	C24_pentahydroxy	1
236742|Uromastyx benti	C24_tetrahydroxy	4
236742|Uromastyx benti	C24_trihydroxy	11
236742|Uromastyx benti	C27_dihydroxy	2
236742|Uromastyx benti	C27_monohydroxy	1
236742|Uromastyx benti	C27_tetrahydroxy	1
236742|Uromastyx benti	C27_trihydroxy	1
237019|Algoriphagus chordae	C24_alkamine_dihydroxy	2
237019|Algoriphagus chordae	C28_alcohol_2OH	0
237019|Algoriphagus chordae	C28_alcohol_3OH	0
237128|Stylissa flabelliformis	C28_alcohol_3OH	0
237439|Stelgidopteryx serripennis	C24_dihydroxy	2
237439|Stelgidopteryx serripennis	C24_tetrahydroxy	1
237439|Stelgidopteryx serripennis	C27_dihydroxy	2
238051|Acanthurus dussumieri	C24_dihydroxy	13
238051|Acanthurus dussumieri	C24_tetrahydroxy	1
238051|Acanthurus dussumieri	C24_trihydroxy	9
238051|Acanthurus dussumieri	C27_dihydroxy	2
238051|Acanthurus dussumieri	C27_monohydroxy	1
238833|Schoenoplectus pungens	C28_alcohol_2OH	0
238833|Schoenoplectus pungens	C28_alcohol_3OH	0
239117|Cortinarius croceus	C24_tetrahydroxy	1
239293|Trichostigma peruvianum	C28_alcohol_3OH	0
239368|Engraulis mordax	C24_alkamine_trihydroxy	3
239368|Engraulis mordax	C24_alkamine_dihydroxy	2
239368|Engraulis mordax	C24_dihydroxy	2
239368|Engraulis mordax	C24_tetrahydroxy	2
239368|Engraulis mordax	C24_trihydroxy	3
239368|Engraulis mordax	C27_dihydroxy	1
239368|Engraulis mordax	C27_monohydroxy	1
239368|Engraulis mordax	C27_tetrahydroxy	2
239368|Engraulis mordax	C27_trihydroxy	2
239378|Eurylaimus ochromalus	C24_alkamine_tetrahydroxy	1
239378|Eurylaimus ochromalus	C24_dihydroxy	3
239378|Eurylaimus ochromalus	C24_tetrahydroxy	2
239378|Eurylaimus ochromalus	C24_trihydroxy	3
239378|Eurylaimus ochromalus	C27_dihydroxy	2
239378|Eurylaimus ochromalus	C27_monohydroxy	3
239378|Eurylaimus ochromalus	C27_tetrahydroxy	2
239378|Eurylaimus ochromalus	C27_trihydroxy	2
239754|Pseudechis colletti	C23_trihydroxy	1
239754|Pseudechis colletti	C24_alkamine_trihydroxy	3
239754|Pseudechis colletti	C24_alkamine_tetrahydroxy	2
239754|Pseudechis colletti	C24_dihydroxy	3
239754|Pseudechis colletti	C24_tetrahydroxy	5
239754|Pseudechis colletti	C24_trihydroxy	22
239754|Pseudechis colletti	C27_dihydroxy	3
239754|Pseudechis colletti	C27_monohydroxy	3
239754|Pseudechis colletti	C27_pentahydroxy	2
239935|Akkermansia muciniphila	C24_alkamine_trihydroxy	166
239935|Akkermansia muciniphila	C24_alkamine_dihydroxy	4
239935|Akkermansia muciniphila	C24_dihydroxy	182
239935|Akkermansia muciniphila	C24_trihydroxy	256
240013|Blitum nuttallianum	C27_dihydroxy	4
240203|Chionis albus	C24_alkamine_trihydroxy	1
240203|Chionis albus	C24_dihydroxy	4
240203|Chionis albus	C24_tetrahydroxy	2
240203|Chionis albus	C24_trihydroxy	5
240203|Chionis albus	C27_monohydroxy	2
240203|Chionis albus	C27_tetrahydroxy	1
240203|Chionis albus	C27_trihydroxy	1
240209|Rhinoptilus africanus	C24_dihydroxy	3
240209|Rhinoptilus africanus	C24_tetrahydroxy	4
240209|Rhinoptilus africanus	C24_trihydroxy	10
240209|Rhinoptilus africanus	C27_dihydroxy	1
240292|Trichormus variabilis ATCC 29413	C28_alcohol_3OH	0
240722|Pogoniulus chrysoconus	C24_dihydroxy	2
240722|Pogoniulus chrysoconus	C24_monohydroxy	1
240722|Pogoniulus chrysoconus	C24_tetrahydroxy	1
240722|Pogoniulus chrysoconus	C24_trihydroxy	2
240734|Lybius dubius	C24_alkamine_tetrahydroxy	1
240734|Lybius dubius	C24_dihydroxy	4
240734|Lybius dubius	C24_tetrahydroxy	1
240734|Lybius dubius	C24_trihydroxy	2
240734|Lybius dubius	C27_dihydroxy	2
240734|Lybius dubius	C27_tetrahydroxy	3
240734|Lybius dubius	C27_trihydroxy	2
240734|Lybius dubius	C28_alcohol_3OH	0
240840|Actinomadura meyerae	C24_dihydroxy	4
241271|Cheilinus undulatus	C23_trihydroxy	1
241271|Cheilinus undulatus	C24_dihydroxy	2
241271|Cheilinus undulatus	C24_tetrahydroxy	3
241271|Cheilinus undulatus	C24_trihydroxy	5
241271|Cheilinus undulatus	C27_dihydroxy	1
241271|Cheilinus undulatus	C27_monohydroxy	3
241562|Amazona leucocephala	C23_dihydroxy	2
241562|Amazona leucocephala	C23_trihydroxy	2
241562|Amazona leucocephala	C24_dihydroxy	20
241562|Amazona leucocephala	C24_monohydroxy	1
241562|Amazona leucocephala	C24_tetrahydroxy	6
241562|Amazona leucocephala	C24_trihydroxy	30
241562|Amazona leucocephala	C27_monohydroxy	2
241562|Amazona leucocephala	C27_tetrahydroxy	2
241562|Amazona leucocephala	C27_trihydroxy	2
241745|Scissirostrum dubium	C24_alkamine_dihydroxy	4
241745|Scissirostrum dubium	C24_alkamine_tetrahydroxy	7
241745|Scissirostrum dubium	C24_dihydroxy	25
241745|Scissirostrum dubium	C24_monohydroxy	4
241745|Scissirostrum dubium	C24_tetrahydroxy	8
241745|Scissirostrum dubium	C24_trihydroxy	14
241745|Scissirostrum dubium	C27_dihydroxy	4
241745|Scissirostrum dubium	C27_monohydroxy	3
241745|Scissirostrum dubium	C27_tetrahydroxy	2
241745|Scissirostrum dubium	C27_trihydroxy	2
241750|Arremon aurantiirostris	C24_dihydroxy	6
241750|Arremon aurantiirostris	C24_tetrahydroxy	2
241750|Arremon aurantiirostris	C24_trihydroxy	5
241750|Arremon aurantiirostris	C27_monohydroxy	2
241750|Arremon aurantiirostris	C27_tetrahydroxy	1
241750|Arremon aurantiirostris	C27_trihydroxy	1
241763|Dinemellia dinemelli	C24_alkamine_tetrahydroxy	1
241763|Dinemellia dinemelli	C24_dihydroxy	2
241763|Dinemellia dinemelli	C24_tetrahydroxy	2
241763|Dinemellia dinemelli	C24_trihydroxy	1
241768|Pycnonotus melanicterus dispar	C24_dihydroxy	3
241768|Pycnonotus melanicterus dispar	C24_tetrahydroxy	1
241768|Pycnonotus melanicterus dispar	C24_trihydroxy	2
241768|Pycnonotus melanicterus dispar	C27_dihydroxy	1
241774|Lamprotornis iris	C24_alkamine_trihydroxy	1
241774|Lamprotornis iris	C24_alkamine_dihydroxy	1
241774|Lamprotornis iris	C24_dihydroxy	2
241774|Lamprotornis iris	C24_tetrahydroxy	2
241774|Lamprotornis iris	C24_trihydroxy	2
241774|Lamprotornis iris	C27_dihydroxy	1
241776|Creatophora cinerea	C24_alkamine_trihydroxy	2
241776|Creatophora cinerea	C24_alkamine_pentahydroxy	2
241776|Creatophora cinerea	C24_alkamine_tetrahydroxy	1
241776|Creatophora cinerea	C24_dihydroxy	19
241776|Creatophora cinerea	C24_monohydroxy	1
241776|Creatophora cinerea	C24_tetrahydroxy	12
241776|Creatophora cinerea	C24_trihydroxy	9
241776|Creatophora cinerea	C27_dihydroxy	2
241776|Creatophora cinerea	C27_monohydroxy	2
241776|Creatophora cinerea	C27_tetrahydroxy	1
241776|Creatophora cinerea	C27_trihydroxy	1
241820|Antennarius striatus	C23_dihydroxy	1
241820|Antennarius striatus	C23_trihydroxy	1
241820|Antennarius striatus	C24_alkamine_trihydroxy	2
241820|Antennarius striatus	C24_dihydroxy	3
241820|Antennarius striatus	C24_pentahydroxy	1
241820|Antennarius striatus	C24_tetrahydroxy	4
241820|Antennarius striatus	C24_trihydroxy	15
241820|Antennarius striatus	C27_dihydroxy	5
241820|Antennarius striatus	C27_monohydroxy	8
241820|Antennarius striatus	C27_pentahydroxy	1
242287|Triphoturus mexicanus	C24_dihydroxy	1
242287|Triphoturus mexicanus	C24_trihydroxy	2
242528|Rumex scutatus	C28_alcohol_2OH	0
242528|Rumex scutatus	C28_alcohol_3OH	0
242958|Gigantactis vanhoeffeni	C24_trihydroxy	5
243556|Trimeresurus mcgregori	C24_alkamine_trihydroxy	2
243556|Trimeresurus mcgregori	C24_alkamine_pentahydroxy	1
243556|Trimeresurus mcgregori	C24_dihydroxy	4
243556|Trimeresurus mcgregori	C24_pentahydroxy	4
243556|Trimeresurus mcgregori	C24_tetrahydroxy	4
243556|Trimeresurus mcgregori	C24_trihydroxy	19
243556|Trimeresurus mcgregori	C27_dihydroxy	2
243556|Trimeresurus mcgregori	C27_monohydroxy	1
243556|Trimeresurus mcgregori	C27_pentahydroxy	3
243556|Trimeresurus mcgregori	C27_tetrahydroxy	1
243556|Trimeresurus mcgregori	C27_trihydroxy	1
244030|Hechtia texensis	C24_alkamine_tetrahydroxy	2
244030|Hechtia texensis	C24_dihydroxy	22
244030|Hechtia texensis	C24_monohydroxy	4
244030|Hechtia texensis	C24_trihydroxy	4
244030|Hechtia texensis	C27_pentahydroxy	2
244030|Hechtia texensis	C28_alcohol_3OH	0
244446|Fregata ariel	C24_dihydroxy	6
244446|Fregata ariel	C24_tetrahydroxy	1
244446|Fregata ariel	C24_trihydroxy	3
244446|Fregata ariel	C27_dihydroxy	1
244446|Fregata ariel	C27_monohydroxy	1
2448647|Coracias naevius	C24_tetrahydroxy	2
2448647|Coracias naevius	C24_trihydroxy	1
2448647|Coracias naevius	C27_dihydroxy	2
2448647|Coracias naevius	C27_monohydroxy	1
2448647|Coracias naevius	C27_pentahydroxy	2
245040|Mino anais	C23_dihydroxy	1
245040|Mino anais	C24_alkamine_dihydroxy	3
245040|Mino anais	C24_alkamine_pentahydroxy	3
245040|Mino anais	C24_alkamine_tetrahydroxy	2
245040|Mino anais	C24_dihydroxy	13
245040|Mino anais	C24_monohydroxy	3
245040|Mino anais	C24_tetrahydroxy	5
245040|Mino anais	C24_trihydroxy	3
245040|Mino anais	C27_dihydroxy	2
245040|Mino anais	C27_monohydroxy	1
245042|Lamprotornis superbus	C24_alkamine_trihydroxy	3
245042|Lamprotornis superbus	C24_alkamine_dihydroxy	1
245042|Lamprotornis superbus	C24_alkamine_pentahydroxy	4
245042|Lamprotornis superbus	C24_alkamine_tetrahydroxy	2
245042|Lamprotornis superbus	C24_dihydroxy	9
245042|Lamprotornis superbus	C24_tetrahydroxy	12
245042|Lamprotornis superbus	C24_trihydroxy	3
245042|Lamprotornis superbus	C27_dihydroxy	2
245042|Lamprotornis superbus	C27_monohydroxy	1
245042|Lamprotornis superbus	C27_tetrahydroxy	2
245042|Lamprotornis superbus	C27_trihydroxy	2
245044|Ampeliceps coronatus	C24_alkamine_dihydroxy	1
245044|Ampeliceps coronatus	C24_alkamine_tetrahydroxy	1
245044|Ampeliceps coronatus	C24_dihydroxy	8
245044|Ampeliceps coronatus	C24_monohydroxy	1
245044|Ampeliceps coronatus	C24_tetrahydroxy	3
245044|Ampeliceps coronatus	C24_trihydroxy	9
245044|Ampeliceps coronatus	C27_dihydroxy	1
245067|Sarcops calvus	C24_alkamine_dihydroxy	4
245067|Sarcops calvus	C24_alkamine_pentahydroxy	1
245067|Sarcops calvus	C24_alkamine_tetrahydroxy	1
245067|Sarcops calvus	C24_dihydroxy	14
245067|Sarcops calvus	C24_monohydroxy	3
245067|Sarcops calvus	C24_tetrahydroxy	6
245067|Sarcops calvus	C24_trihydroxy	11
245067|Sarcops calvus	C27_dihydroxy	1
245067|Sarcops calvus	C27_monohydroxy	3
245067|Sarcops calvus	C27_pentahydroxy	1
246196|Mycolicibacterium smegmatis MC2 155	C28_alcohol_2OH	0
246196|Mycolicibacterium smegmatis MC2 155	C28_alcohol_3OH	0
246613|Microbacterium halotolerans	C28_alcohol_3OH	0
24663|Physalis	C24_alkamine_tetrahydroxy	2
24663|Physalis	C24_pentahydroxy	2
24663|Physalis	C24_tetrahydroxy	2
24663|Physalis	C27_dihydroxy	4
24663|Physalis	C28_alcohol_2OH	0
24663|Physalis	C28_alcohol_3OH	0
246787|Bacteroides cellulosilyticus	C24_alkamine_trihydroxy	192
246787|Bacteroides cellulosilyticus	C24_alkamine_dihydroxy	119
246787|Bacteroides cellulosilyticus	C24_alkamine_pentahydroxy	1
246787|Bacteroides cellulosilyticus	C24_alkamine_tetrahydroxy	6
246787|Bacteroides cellulosilyticus	C24_dihydroxy	8
246787|Bacteroides cellulosilyticus	C24_trihydroxy	18
246787|Bacteroides cellulosilyticus	C27_pentahydroxy	1
246787|Bacteroides cellulosilyticus	C28_alcohol_2OH	0
246787|Bacteroides cellulosilyticus	C28_alcohol_3OH	0
246881|Canis lupus chanco	C24_alkamine_pentahydroxy	1
246881|Canis lupus chanco	C24_dihydroxy	6
246881|Canis lupus chanco	C24_tetrahydroxy	4
246881|Canis lupus chanco	C24_trihydroxy	8
247089|Haworthia cooperi	C28_alcohol_2OH	0
247089|Haworthia cooperi	C28_alcohol_3OH	0
247113|Haworthiopsis reinwardtii	C28_alcohol_2OH	0
247113|Haworthiopsis reinwardtii	C28_alcohol_3OH	0
247516|Lagonosticta virata	C24_dihydroxy	3
247516|Lagonosticta virata	C24_trihydroxy	4
2478757|Chalcophaps indica indica	C24_dihydroxy	3
2478757|Chalcophaps indica indica	C24_tetrahydroxy	2
2478757|Chalcophaps indica indica	C24_trihydroxy	4
2478757|Chalcophaps indica indica	C28_alcohol_2OH	0
248315|Veillonella rodentium	C24_alkamine_trihydroxy	1
248315|Veillonella rodentium	C24_trihydroxy	2
2483457|Azemiops kharini	C24_alkamine_trihydroxy	1
2483457|Azemiops kharini	C24_dihydroxy	3
2483457|Azemiops kharini	C24_pentahydroxy	1
2483457|Azemiops kharini	C24_tetrahydroxy	4
2483457|Azemiops kharini	C24_trihydroxy	8
2483457|Azemiops kharini	C27_dihydroxy	2
2483457|Azemiops kharini	C27_tetrahydroxy	1
2483457|Azemiops kharini	C27_trihydroxy	1
248507|Dalea mollis	C27_dihydroxy	26
248507|Dalea mollis	C27_tetrahydroxy	1
248507|Dalea mollis	C27_trihydroxy	1
248507|Dalea mollis	C28_alcohol_3OH	0
248525|Parryella filifolia	C27_dihydroxy	9
248525|Parryella filifolia	C27_monohydroxy	1
248525|Parryella filifolia	C28_alcohol_3OH	0
2485371|Plectranthus bipinnatus	C23_pentahydroxy	1
2485371|Plectranthus bipinnatus	C24_monohydroxy	2
2485371|Plectranthus bipinnatus	C27_monohydroxy	6
2485371|Plectranthus bipinnatus	C28_alcohol_3OH	0
248539|Psorothamnus spinosus	C27_dihydroxy	43
248539|Psorothamnus spinosus	C28_alcohol_3OH	0
248779|Ceratophrys cornuta	C24_alkamine_trihydroxy	1
248779|Ceratophrys cornuta	C24_tetrahydroxy	1
248779|Ceratophrys cornuta	C24_trihydroxy	2
248779|Ceratophrys cornuta	C27_dihydroxy	2
2488690|Facciolella equatorialis	C24_dihydroxy	3
2488690|Facciolella equatorialis	C24_tetrahydroxy	2
2488690|Facciolella equatorialis	C24_trihydroxy	6
249567|Streptomyces decoyicus	C24_monohydroxy	6
249567|Streptomyces decoyicus	C28_alcohol_2OH	0
249586|Streptomyces asoensis	C24_alkamine_pentahydroxy	56
249586|Streptomyces asoensis	C24_alkamine_tetrahydroxy	2
249586|Streptomyces asoensis	C27_pentahydroxy	2
249586|Streptomyces asoensis	C28_alcohol_2OH	0
249586|Streptomyces asoensis	C28_alcohol_3OH	0
2499217|Oneirodes eschrichtii	C24_dihydroxy	2
2499217|Oneirodes eschrichtii	C24_tetrahydroxy	2
2499217|Oneirodes eschrichtii	C24_trihydroxy	5
2499217|Oneirodes eschrichtii	C27_dihydroxy	2
2499217|Oneirodes eschrichtii	C27_tetrahydroxy	1
2499217|Oneirodes eschrichtii	C27_trihydroxy	1
2506257|Pyrenopeziza sp.	C24_alkamine_monohydroxy	1
2506257|Pyrenopeziza sp.	C24_monohydroxy	1
2512123|Streptomyces sp. BK022	C24_dihydroxy	6
2512123|Streptomyces sp. BK022	C28_alcohol_3OH	0
2512127|Streptomyces sp. BK215	C28_alcohol_3OH	0
2512128|Streptomyces sp. BK387	C24_dihydroxy	4
2512128|Streptomyces sp. BK387	C28_alcohol_3OH	0
2512134|Paenibacillus sp. BK673	C24_dihydroxy	2
2512134|Paenibacillus sp. BK673	C28_alcohol_3OH	0
2512137|Streptomyces sp. BK042	C28_alcohol_3OH	0
2512150|Streptomyces sp. BK208	C24_trihydroxy	1
2512150|Streptomyces sp. BK208	C28_alcohol_3OH	0
2512151|Streptomyces sp. BK438	C28_alcohol_3OH	0
2512152|Variovorax sp. BK460	C24_dihydroxy	27
2512152|Variovorax sp. BK460	C28_alcohol_3OH	0
2512153|Streptomyces sp. BK674	C28_alcohol_3OH	0
2512156|Streptomyces sp. BK038	C24_dihydroxy	15
2512156|Streptomyces sp. BK038	C24_trihydroxy	5
2512156|Streptomyces sp. BK038	C28_alcohol_3OH	0
2512159|Streptomyces sp. BK447	C24_pentahydroxy	3
2512159|Streptomyces sp. BK447	C28_alcohol_3OH	0
2512161|Lysinibacillus sp. BK089	C24_dihydroxy	21
2512161|Lysinibacillus sp. BK089	C28_alcohol_3OH	0
2512163|Streptomyces sp. BK329	C28_alcohol_3OH	0
2512165|Mycobacterium sp. BK086	C28_alcohol_3OH	0
2512167|Streptomyces sp. BK561	C28_alcohol_3OH	0
2512169|Tumebacillus sp. BK434	C24_dihydroxy	2
2512169|Tumebacillus sp. BK434	C28_alcohol_3OH	0
2512172|Mycobacterium sp. BK558	C28_alcohol_3OH	0
2512181|Bacillus sp. BK100	C24_alkamine_trihydroxy	4
2512181|Bacillus sp. BK100	C24_dihydroxy	4
2512181|Bacillus sp. BK100	C24_trihydroxy	4
2512181|Bacillus sp. BK100	C28_alcohol_3OH	0
2512182|Bacillus sp. BK450	C24_alkamine_trihydroxy	2
2512182|Bacillus sp. BK450	C24_dihydroxy	4
2512182|Bacillus sp. BK450	C24_trihydroxy	2
2512182|Bacillus sp. BK450	C28_alcohol_2OH	0
2512182|Bacillus sp. BK450	C28_alcohol_3OH	0
2517241|Bacillus velezensis A3	C28_alcohol_3OH	0
251750|Pipa pipa	C24_alkamine_trihydroxy	3
251750|Pipa pipa	C24_tetrahydroxy	2
251750|Pipa pipa	C24_trihydroxy	4
251750|Pipa pipa	C27_dihydroxy	12
251750|Pipa pipa	C27_monohydroxy	2
251750|Pipa pipa	C27_tetrahydroxy	4
251750|Pipa pipa	C27_trihydroxy	4
252782|Aquila verreauxii	C23_trihydroxy	1
252782|Aquila verreauxii	C24_dihydroxy	7
252782|Aquila verreauxii	C24_monohydroxy	2
252782|Aquila verreauxii	C24_tetrahydroxy	7
252782|Aquila verreauxii	C24_trihydroxy	12
252782|Aquila verreauxii	C27_dihydroxy	5
252782|Aquila verreauxii	C27_monohydroxy	1
252782|Aquila verreauxii	C27_pentahydroxy	1
252782|Aquila verreauxii	C27_tetrahydroxy	2
252782|Aquila verreauxii	C27_trihydroxy	2
252794|Polemaetus bellicosus	C24_alkamine_tetrahydroxy	1
252794|Polemaetus bellicosus	C24_dihydroxy	7
252794|Polemaetus bellicosus	C24_tetrahydroxy	3
252794|Polemaetus bellicosus	C24_trihydroxy	5
252794|Polemaetus bellicosus	C27_dihydroxy	2
252794|Polemaetus bellicosus	C27_monohydroxy	2
252794|Polemaetus bellicosus	C27_pentahydroxy	2
252794|Polemaetus bellicosus	C27_tetrahydroxy	3
252794|Polemaetus bellicosus	C27_trihydroxy	3
2528942|Eremophila cuneifolia	C24_alkamine_trihydroxy	2
2528942|Eremophila cuneifolia	C24_pentahydroxy	6
2528943|Eremophila forrestii	C24_dihydroxy	2
2528943|Eremophila forrestii	C28_alcohol_3OH	0
2528947|Eremophila longifolia	C28_alcohol_3OH	0
2528951|Eremophila platycalyx	C24_alkamine_trihydroxy	2
2528951|Eremophila platycalyx	C24_pentahydroxy	2
2528951|Eremophila platycalyx	C24_trihydroxy	2
2528951|Eremophila platycalyx	C27_dihydroxy	2
2528951|Eremophila platycalyx	C27_pentahydroxy	2
2528951|Eremophila platycalyx	C28_alcohol_2OH	0
2528951|Eremophila platycalyx	C28_alcohol_3OH	0
2528955|Eremophila youngii	C28_alcohol_3OH	0
25384|Pentas	C23_pentahydroxy	1
25384|Pentas	C24_alkamine_pentahydroxy	6
25384|Pentas	C24_alkamine_tetrahydroxy	6
25384|Pentas	C24_tetrahydroxy	2
25384|Pentas	C27_pentahydroxy	1
25384|Pentas	C28_alcohol_2OH	0
25384|Pentas	C28_alcohol_3OH	0
254645|Prionops plumatus	C24_alkamine_trihydroxy	6
254645|Prionops plumatus	C24_alkamine_pentahydroxy	2
254645|Prionops plumatus	C24_alkamine_tetrahydroxy	2
254645|Prionops plumatus	C24_dihydroxy	6
254645|Prionops plumatus	C24_tetrahydroxy	6
254645|Prionops plumatus	C24_trihydroxy	4
254645|Prionops plumatus	C27_dihydroxy	4
254645|Prionops plumatus	C27_pentahydroxy	1
254645|Prionops plumatus	C27_tetrahydroxy	2
254645|Prionops plumatus	C27_trihydroxy	2
254652|Promerops cafer	C24_dihydroxy	2
254652|Promerops cafer	C24_tetrahydroxy	2
254652|Promerops cafer	C24_trihydroxy	1
254777|Galium mollugo	C23_trihydroxy	5
254777|Galium mollugo	C24_tetrahydroxy	5
254777|Galium mollugo	C24_trihydroxy	15
254777|Galium mollugo	C27_pentahydroxy	5
254779|Lathyrus pratensis	C23_tetrahydroxy	1
254779|Lathyrus pratensis	C23_trihydroxy	9
254779|Lathyrus pratensis	C24_alkamine_dihydroxy	1
254779|Lathyrus pratensis	C24_alkamine_tetrahydroxy	1
254779|Lathyrus pratensis	C24_nonhydroxy	2
254779|Lathyrus pratensis	C24_tetrahydroxy	20
254779|Lathyrus pratensis	C24_trihydroxy	29
254779|Lathyrus pratensis	C27_dihydroxy	2
254779|Lathyrus pratensis	C27_pentahydroxy	22
255189|Nephrurus levis	C24_dihydroxy	3
255189|Nephrurus levis	C24_tetrahydroxy	1
255189|Nephrurus levis	C24_trihydroxy	2
255387|Procnias nudicollis	C24_dihydroxy	1
255387|Procnias nudicollis	C24_trihydroxy	1
255387|Procnias nudicollis	C27_dihydroxy	4
255387|Procnias nudicollis	C27_monohydroxy	8
255387|Procnias nudicollis	C27_tetrahydroxy	1
255387|Procnias nudicollis	C27_trihydroxy	1
255893|Eremophila	C28_alcohol_3OH	0
255984|Qipengyuania aquimaris	C24_alkamine_dihydroxy	2
255984|Qipengyuania aquimaris	C27_monohydroxy	2
255984|Qipengyuania aquimaris	C28_alcohol_2OH	0
255984|Qipengyuania aquimaris	C28_alcohol_3OH	0
25628|Taxus	C28_alcohol_3OH	0
2564098|Streptomyces rhizosphaericola	C24_alkamine_pentahydroxy	2
2564098|Streptomyces rhizosphaericola	C28_alcohol_3OH	0
256439|Tangara dowii	C24_alkamine_dihydroxy	2
256439|Tangara dowii	C24_dihydroxy	3
256439|Tangara dowii	C24_trihydroxy	2
2572147|Homoroselaps dorsalis	C23_trihydroxy	2
2572147|Homoroselaps dorsalis	C24_tetrahydroxy	6
2572147|Homoroselaps dorsalis	C24_trihydroxy	4
2572903|Streptomyces sp. BK340	C28_alcohol_3OH	0
257313|Bordetella pertussis Tohama I	C24_monohydroxy	35
257313|Bordetella pertussis Tohama I	C28_alcohol_3OH	0
2578135|Phormidesmis molle SAG 26.99	C24_dihydroxy	4
2578135|Phormidesmis molle SAG 26.99	C24_trihydroxy	4
2578135|Phormidesmis molle SAG 26.99	C28_alcohol_2OH	0
2578135|Phormidesmis molle SAG 26.99	C28_alcohol_3OH	0
257867|Platalea leucorodia	C24_alkamine_tetrahydroxy	2
257867|Platalea leucorodia	C24_dihydroxy	3
257867|Platalea leucorodia	C24_monohydroxy	2
257867|Platalea leucorodia	C24_tetrahydroxy	3
257867|Platalea leucorodia	C24_trihydroxy	5
257867|Platalea leucorodia	C27_dihydroxy	2
257867|Platalea leucorodia	C27_monohydroxy	1
258505|Mycolicibacterium fluoranthenivorans	C24_monohydroxy	1
2587097|Mycolicibacterium sp. BK598	C28_alcohol_3OH	0
2587098|Mycolicibacterium sp. BK607	C28_alcohol_3OH	0
2587099|Mycolicibacterium sp. BK634	C28_alcohol_3OH	0
2587122|Mitsuaria sp. BK037	C28_alcohol_3OH	0
2587123|Mitsuaria sp. BK041	C28_alcohol_3OH	0
2587124|Mitsuaria sp. BK045	C28_alcohol_3OH	0
2587125|Mycolicibacterium sp. BK556	C24_trihydroxy	1
2587125|Mycolicibacterium sp. BK556	C28_alcohol_3OH	0
2587126|Mycolicibacterium sp. BK557	C28_alcohol_3OH	0
258776|Pareas margaritophorus	C24_alkamine_trihydroxy	2
258776|Pareas margaritophorus	C24_alkamine_dihydroxy	2
258776|Pareas margaritophorus	C24_alkamine_pentahydroxy	2
258776|Pareas margaritophorus	C24_alkamine_tetrahydroxy	1
258776|Pareas margaritophorus	C24_dihydroxy	5
258776|Pareas margaritophorus	C24_pentahydroxy	5
258776|Pareas margaritophorus	C24_tetrahydroxy	12
258776|Pareas margaritophorus	C24_trihydroxy	11
258776|Pareas margaritophorus	C27_dihydroxy	1
259381|Blighia sapida	C28_alcohol_3OH	0
259665|Heteropterys pauciflora	C24_tetrahydroxy	1
259893|Artemisia argyi	C24_alkamine_trihydroxy	2
2599082|Xylaria ellisii	C24_trihydroxy	2
2599082|Xylaria ellisii	C28_alcohol_3OH	0
2602419|x Rhyncholaeliocattleya	C28_alcohol_2OH	0
2602419|x Rhyncholaeliocattleya	C28_alcohol_3OH	0
260554|Bacillus halotolerans	C24_alkamine_trihydroxy	18
260554|Bacillus halotolerans	C24_alkamine_dihydroxy	1
260554|Bacillus halotolerans	C24_alkamine_tetrahydroxy	5
260554|Bacillus halotolerans	C24_dihydroxy	10
260554|Bacillus halotolerans	C24_tetrahydroxy	5
260554|Bacillus halotolerans	C24_trihydroxy	15
2605637|Strophanthus hispidus	C28_alcohol_3OH	0
260592|Calamintha	C23_tetrahydroxy	3
260592|Calamintha	C24_alkamine_trihydroxy	7
260592|Calamintha	C24_alkamine_pentahydroxy	8
260592|Calamintha	C24_alkamine_tetrahydroxy	8
260592|Calamintha	C24_pentahydroxy	7
260592|Calamintha	C24_tetrahydroxy	2
260592|Calamintha	C27_pentahydroxy	8
260592|Calamintha	C28_alcohol_3OH	0
260615|Mauremys reevesii	C24_alkamine_trihydroxy	1
260615|Mauremys reevesii	C24_alkamine_tetrahydroxy	1
260615|Mauremys reevesii	C24_dihydroxy	2
260615|Mauremys reevesii	C24_tetrahydroxy	2
260615|Mauremys reevesii	C24_trihydroxy	3
2608428|Dichotomyctere nigroviridis	C24_alkamine_trihydroxy	2
2608428|Dichotomyctere nigroviridis	C24_dihydroxy	3
2608428|Dichotomyctere nigroviridis	C24_tetrahydroxy	3
2608428|Dichotomyctere nigroviridis	C24_trihydroxy	20
2608428|Dichotomyctere nigroviridis	C27_monohydroxy	2
2608428|Dichotomyctere nigroviridis	C28_alcohol_3OH	0
261001|Scolecomorphus vittatus	C24_dihydroxy	1
261001|Scolecomorphus vittatus	C24_tetrahydroxy	1
261001|Scolecomorphus vittatus	C24_trihydroxy	3
261198|Accipiter cooperii	C24_alkamine_trihydroxy	3
261198|Accipiter cooperii	C24_alkamine_pentahydroxy	1
261198|Accipiter cooperii	C24_dihydroxy	12
261198|Accipiter cooperii	C24_tetrahydroxy	5
261198|Accipiter cooperii	C24_trihydroxy	11
261198|Accipiter cooperii	C27_dihydroxy	8
261198|Accipiter cooperii	C27_monohydroxy	3
261198|Accipiter cooperii	C27_pentahydroxy	2
261198|Accipiter cooperii	C27_tetrahydroxy	4
261198|Accipiter cooperii	C27_trihydroxy	4
261669|Ptychadena aequiplicata	C24_alkamine_trihydroxy	2
261669|Ptychadena aequiplicata	C24_trihydroxy	2
261669|Ptychadena aequiplicata	C27_dihydroxy	5
261669|Ptychadena aequiplicata	C27_monohydroxy	7
261670|Ptychadena longirostris	C24_dihydroxy	3
261670|Ptychadena longirostris	C24_trihydroxy	2
261670|Ptychadena longirostris	C27_dihydroxy	4
261670|Ptychadena longirostris	C27_monohydroxy	3
261670|Ptychadena longirostris	C27_tetrahydroxy	3
261670|Ptychadena longirostris	C27_trihydroxy	3
261672|Ptychadena tellinii	C23_dihydroxy	2
261672|Ptychadena tellinii	C24_alkamine_trihydroxy	5
261672|Ptychadena tellinii	C24_dihydroxy	1
261672|Ptychadena tellinii	C24_trihydroxy	3
261672|Ptychadena tellinii	C27_dihydroxy	9
261672|Ptychadena tellinii	C27_monohydroxy	3
261672|Ptychadena tellinii	C27_tetrahydroxy	2
261672|Ptychadena tellinii	C27_trihydroxy	2
261741|Nycticebus bengalensis	C24_alkamine_dihydroxy	3
261741|Nycticebus bengalensis	C24_dihydroxy	3
261741|Nycticebus bengalensis	C24_monohydroxy	4
261741|Nycticebus bengalensis	C24_trihydroxy	3
261741|Nycticebus bengalensis	C27_dihydroxy	1
261741|Nycticebus bengalensis	C27_monohydroxy	4
262121|Gymnophaps albertisii	C24_alkamine_dihydroxy	2
262121|Gymnophaps albertisii	C24_dihydroxy	11
262121|Gymnophaps albertisii	C24_tetrahydroxy	7
262121|Gymnophaps albertisii	C24_trihydroxy	17
262121|Gymnophaps albertisii	C27_dihydroxy	3
262121|Gymnophaps albertisii	C27_monohydroxy	4
262130|Treron calvus	C24_dihydroxy	2
262130|Treron calvus	C24_trihydroxy	2
263686|Carcharhinus melanopterus	C24_dihydroxy	1
263686|Carcharhinus melanopterus	C24_trihydroxy	1
263686|Carcharhinus melanopterus	C27_dihydroxy	2
264957|Agaricus albolutescens	C24_monohydroxy	10
2650157|Bacteroides zhangwenhongii	C24_alkamine_trihydroxy	29
2650157|Bacteroides zhangwenhongii	C24_alkamine_dihydroxy	84
2650157|Bacteroides zhangwenhongii	C24_alkamine_pentahydroxy	1
2650157|Bacteroides zhangwenhongii	C24_alkamine_tetrahydroxy	33
2650157|Bacteroides zhangwenhongii	C28_alcohol_2OH	0
2650157|Bacteroides zhangwenhongii	C28_alcohol_3OH	0
265143|Penstemon hirsutus	C23_pentahydroxy	1
265143|Penstemon hirsutus	C23_tetrahydroxy	1
265143|Penstemon hirsutus	C24_alkamine_tetrahydroxy	3
265143|Penstemon hirsutus	C24_pentahydroxy	1
265143|Penstemon hirsutus	C24_tetrahydroxy	167
265143|Penstemon hirsutus	C27_pentahydroxy	1
265143|Penstemon hirsutus	C28_alcohol_2OH	0
265143|Penstemon hirsutus	C28_alcohol_3OH	0
2651908|Eremophila bowmanii	C28_alcohol_3OH	0
2651909|Eremophila dalyana	C28_alcohol_2OH	0
2651909|Eremophila dalyana	C28_alcohol_3OH	0
2651910|Eremophila polyclada	C27_pentahydroxy	2
2651911|Eremophila willsii	C27_pentahydroxy	2
2651911|Eremophila willsii	C28_alcohol_3OH	0
2652452|Calamphoreus inflatus	C24_alkamine_trihydroxy	14
2652452|Calamphoreus inflatus	C24_alkamine_pentahydroxy	4
2652452|Calamphoreus inflatus	C24_alkamine_tetrahydroxy	4
2652452|Calamphoreus inflatus	C24_dihydroxy	12
2652452|Calamphoreus inflatus	C28_alcohol_2OH	0
2652454|Diocirea microphylla	C24_pentahydroxy	2
2652454|Diocirea microphylla	C28_alcohol_3OH	0
2652455|Diocirea violacea	C28_alcohol_3OH	0
2652465|Glycocystis beckeri	C28_alcohol_2OH	0
2652465|Glycocystis beckeri	C28_alcohol_3OH	0
2652466|Myoporum bateae	C28_alcohol_3OH	0
2652467|Myoporum boninense	C28_alcohol_3OH	0
2652469|Myoporum caprarioides	C28_alcohol_3OH	0
2652470|Myoporum tetrandrum	C28_alcohol_3OH	0
2652471|Eremophila abietina	C24_pentahydroxy	6
2652471|Eremophila abietina	C24_trihydroxy	16
2652471|Eremophila abietina	C28_alcohol_2OH	0
2652471|Eremophila abietina	C28_alcohol_3OH	0
2652473|Eremophila acrida	C28_alcohol_3OH	0
2652474|Eremophila adenotricha	C24_alkamine_pentahydroxy	2
2652474|Eremophila adenotricha	C24_trihydroxy	4
2652474|Eremophila adenotricha	C28_alcohol_3OH	0
2652475|Eremophila alternifolia	C27_tetrahydroxy	2
2652475|Eremophila alternifolia	C27_trihydroxy	2
2652475|Eremophila alternifolia	C28_alcohol_2OH	0
2652475|Eremophila alternifolia	C28_alcohol_3OH	0
2652478|Eremophila appressa	C24_pentahydroxy	2
2652478|Eremophila appressa	C28_alcohol_3OH	0
2652479|Eremophila arachnoides	C28_alcohol_1OH	0
2652479|Eremophila arachnoides	C28_alcohol_3OH	0
2652482|Eremophila arenaria	C27_pentahydroxy	2
2652482|Eremophila arenaria	C28_alcohol_3OH	0
2652483|Eremophila aureivisca	C28_alcohol_3OH	0
2652484|Eremophila battii	C24_trihydroxy	2
2652484|Eremophila battii	C28_alcohol_3OH	0
2652485|Eremophila behriana	C28_alcohol_3OH	0
2652491|Eremophila caespitosa	C28_alcohol_3OH	0
2652492|Eremophila calcicola	C27_pentahydroxy	2
2652492|Eremophila calcicola	C28_alcohol_3OH	0
2652493|Eremophila calorhabdos	C28_alcohol_2OH	0
2652494|Eremophila campanulata	C28_alcohol_3OH	0
2652495|Eremophila canaliculata	C24_pentahydroxy	2
2652495|Eremophila canaliculata	C28_alcohol_3OH	0
2652496|Eremophila caperata	C28_alcohol_3OH	0
2652498|Eremophila ciliata	C28_alcohol_3OH	0
2652500|Eremophila clavata	C27_pentahydroxy	2
2652500|Eremophila clavata	C28_alcohol_3OH	0
2652503|Eremophila complanata	C23_tetrahydroxy	2
2652503|Eremophila complanata	C24_dihydroxy	2
2652503|Eremophila complanata	C24_pentahydroxy	4
2652503|Eremophila complanata	C27_tetrahydroxy	2
2652503|Eremophila complanata	C27_trihydroxy	2
2652503|Eremophila complanata	C28_alcohol_3OH	0
2652507|Eremophila conglomerata	C28_alcohol_3OH	0
2652509|Eremophila cryptothrix	C24_pentahydroxy	2
2652509|Eremophila cryptothrix	C28_alcohol_3OH	0
2652511|Eremophila decussata	C28_alcohol_3OH	0
2652512|Eremophila delisseri	C28_alcohol_3OH	0
2652513|Eremophila demissa	C28_alcohol_3OH	0
2652514|Eremophila dempsteri	C27_tetrahydroxy	2
2652514|Eremophila dempsteri	C27_trihydroxy	2
2652514|Eremophila dempsteri	C28_alcohol_2OH	0
2652514|Eremophila dempsteri	C28_alcohol_3OH	0
2652515|Eremophila dendritica	C28_alcohol_3OH	0
2652516|Eremophila densifolia	C28_alcohol_3OH	0
2652519|Eremophila denticulata	C24_pentahydroxy	2
2652519|Eremophila denticulata	C28_alcohol_3OH	0
2652521|Eremophila deserti	C24_dihydroxy	2
2652521|Eremophila deserti	C28_alcohol_2OH	0
2652521|Eremophila deserti	C28_alcohol_3OH	0
2652522|Eremophila dichroantha	C28_alcohol_3OH	0
2652524|Eremophila duttonii	C24_pentahydroxy	2
2652524|Eremophila duttonii	C27_pentahydroxy	2
2652524|Eremophila duttonii	C28_alcohol_3OH	0
2652525|Eremophila enata	C24_dihydroxy	2
2652525|Eremophila enata	C24_trihydroxy	2
2652525|Eremophila enata	C27_trihydroxy	2
2652525|Eremophila enata	C28_alcohol_2OH	0
2652525|Eremophila enata	C28_alcohol_3OH	0
2652527|Eremophila exilifolia	C24_pentahydroxy	2
2652527|Eremophila exilifolia	C28_alcohol_3OH	0
2652528|Eremophila falcata	C27_dihydroxy	4
2652528|Eremophila falcata	C28_alcohol_3OH	0
2652529|Eremophila fallax	C28_alcohol_3OH	0
2652531|Eremophila flabellata	C23_dihydroxy	2
2652531|Eremophila flabellata	C24_nonhydroxy	6
2652531|Eremophila flabellata	C27_dihydroxy	16
2652531|Eremophila flabellata	C27_monohydroxy	2
2652531|Eremophila flabellata	C27_tetrahydroxy	12
2652531|Eremophila flabellata	C27_trihydroxy	14
2652531|Eremophila flabellata	C28_alcohol_3OH	0
2652532|Eremophila flaccida	C28_alcohol_3OH	0
2652534|Eremophila foliosissima	C28_alcohol_3OH	0
2652535|Eremophila fraseri	C24_trihydroxy	4
2652535|Eremophila fraseri	C28_alcohol_3OH	0
2652537|Eremophila freelingii	C24_trihydroxy	2
2652537|Eremophila freelingii	C27_pentahydroxy	2
2652537|Eremophila freelingii	C28_alcohol_3OH	0
2652538|Eremophila galeata	C24_trihydroxy	2
2652538|Eremophila galeata	C28_alcohol_2OH	0
2652538|Eremophila galeata	C28_alcohol_3OH	0
2652539|Eremophila georgei	C24_pentahydroxy	2
2652539|Eremophila georgei	C24_trihydroxy	8
2652539|Eremophila georgei	C28_alcohol_3OH	0
2652541|Eremophila gibbosa	C28_alcohol_3OH	0
2652544|Eremophila glutinosa	C24_pentahydroxy	4
2652544|Eremophila glutinosa	C28_alcohol_3OH	0
2652545|Eremophila goodwinii	C28_alcohol_3OH	0
2652547|Eremophila grandiflora	C24_pentahydroxy	2
2652547|Eremophila grandiflora	C28_alcohol_2OH	0
2652547|Eremophila grandiflora	C28_alcohol_3OH	0
2652548|Eremophila granitica	C24_pentahydroxy	2
2652548|Eremophila granitica	C24_tetrahydroxy	2
2652548|Eremophila granitica	C24_trihydroxy	2
2652548|Eremophila granitica	C28_alcohol_2OH	0
2652548|Eremophila granitica	C28_alcohol_3OH	0
2652553|Eremophila incisa	C24_alkamine_trihydroxy	6
2652553|Eremophila incisa	C24_tetrahydroxy	4
2652554|Eremophila ionantha	C28_alcohol_3OH	0
2652555|Eremophila jucunda	C28_alcohol_3OH	0
2652557|Eremophila koobabbiensis	C28_alcohol_3OH	0
2652559|Eremophila lachnocalyx	C28_alcohol_2OH	0
2652559|Eremophila lachnocalyx	C28_alcohol_3OH	0
2652561|Eremophila lehmanniana	C28_alcohol_2OH	0
2652561|Eremophila lehmanniana	C28_alcohol_3OH	0
2652562|Eremophila linearis	C28_alcohol_3OH	0
2652563|Eremophila linsmithii	C28_alcohol_3OH	0
2652564|Eremophila lucida	C24_alkamine_trihydroxy	2
2652564|Eremophila lucida	C28_alcohol_2OH	0
2652564|Eremophila lucida	C28_alcohol_3OH	0
2652565|Eremophila mackinlayi	C28_alcohol_3OH	0
2652569|Eremophila malacoides	C28_alcohol_3OH	0
2652570|Eremophila margarethae	C24_trihydroxy	6
2652570|Eremophila margarethae	C27_monohydroxy	2
2652570|Eremophila margarethae	C28_alcohol_3OH	0
2652571|Eremophila metallicorum	C28_alcohol_3OH	0
2652572|Eremophila micrantha	C28_alcohol_2OH	0
2652573|Eremophila microtheca	C27_pentahydroxy	2
2652573|Eremophila microtheca	C28_alcohol_2OH	0
2652573|Eremophila microtheca	C28_alcohol_3OH	0
2652574|Eremophila miniata	C28_alcohol_3OH	0
2652575|Eremophila mirabilis	C28_alcohol_2OH	0
2652575|Eremophila mirabilis	C28_alcohol_3OH	0
2652576|Eremophila mitchellii	C24_pentahydroxy	4
2652576|Eremophila mitchellii	C28_alcohol_3OH	0
2652578|Eremophila neglecta	C24_pentahydroxy	2
2652579|Eremophila obliquisepala	C24_trihydroxy	6
2652580|Eremophila oblonga	C28_alcohol_3OH	0
2652581|Eremophila obovata	C24_trihydroxy	2
2652581|Eremophila obovata	C28_alcohol_3OH	0
2652584|Eremophila oldfieldii	C27_pentahydroxy	2
2652586|Eremophila oppositifolia	C24_alkamine_monohydroxy	2
2652586|Eremophila oppositifolia	C24_pentahydroxy	2
2652586|Eremophila oppositifolia	C26_dihydroxy	2
2652586|Eremophila oppositifolia	C27_dihydroxy	2
2652586|Eremophila oppositifolia	C27_tetrahydroxy	2
2652586|Eremophila oppositifolia	C27_trihydroxy	2
2652586|Eremophila oppositifolia	C28_alcohol_3OH	0
2652589|Eremophila ovata	C28_alcohol_3OH	0
2652590|Eremophila paisleyi	C27_pentahydroxy	2
2652590|Eremophila paisleyi	C28_alcohol_3OH	0
2652592|Eremophila pallida	C28_alcohol_3OH	0
2652593|Eremophila pantonii	C28_alcohol_3OH	0
2652594|Eremophila papillata	C28_alcohol_2OH	0
2652594|Eremophila papillata	C28_alcohol_3OH	0
2652595|Eremophila parvifolia	C27_pentahydroxy	2
2652595|Eremophila parvifolia	C28_alcohol_3OH	0
2652597|Eremophila pentaptera	C24_trihydroxy	4
2652601|Eremophila phillipsii	C28_alcohol_3OH	0
2652602|Eremophila physocalyx	C28_alcohol_3OH	0
2652603|Eremophila platythamnos	C28_alcohol_2OH	0
2652603|Eremophila platythamnos	C28_alcohol_3OH	0
2652605|Eremophila praecox	C28_alcohol_3OH	0
2652606|Eremophila prolata	C28_alcohol_3OH	0
2652611|Eremophila punicea	C28_alcohol_3OH	0
2652612|Eremophila purpurascens	C28_alcohol_3OH	0
2652613|Eremophila pustulata	C28_alcohol_3OH	0
2652614|Eremophila racemosa	C28_alcohol_3OH	0
2652615|Eremophila ramiflora	C24_trihydroxy	4
2652615|Eremophila ramiflora	C28_alcohol_2OH	0
2652615|Eremophila ramiflora	C28_alcohol_3OH	0
2652616|Eremophila recurva	C28_alcohol_3OH	0
2652617|Eremophila reticulata	C24_tetrahydroxy	2
2652617|Eremophila reticulata	C27_pentahydroxy	2
2652620|Eremophila rhegos	C27_pentahydroxy	2
2652621|Eremophila rigens	C28_alcohol_3OH	0
2652622|Eremophila rigida	C28_alcohol_3OH	0
2652623|Eremophila rostrata	C28_alcohol_3OH	0
2652625|Eremophila rugosa	C24_dihydroxy	2
2652625|Eremophila rugosa	C24_pentahydroxy	2
2652625|Eremophila rugosa	C27_pentahydroxy	2
2652625|Eremophila rugosa	C28_alcohol_3OH	0
2652627|Eremophila sargentii	C28_alcohol_3OH	0
2652628|Eremophila scaberula	C28_alcohol_2OH	0
2652628|Eremophila scaberula	C28_alcohol_3OH	0
2652630|Eremophila shonae	C24_pentahydroxy	2
2652632|Eremophila simulans	C24_pentahydroxy	8
2652634|Eremophila spathulata	C28_alcohol_3OH	0
2652635|Eremophila spectabilis	C24_pentahydroxy	2
2652635|Eremophila spectabilis	C28_alcohol_3OH	0
2652637|Eremophila splendens	C27_pentahydroxy	2
2652637|Eremophila splendens	C28_alcohol_3OH	0
2652638|Eremophila spuria	C28_alcohol_2OH	0
2652638|Eremophila spuria	C28_alcohol_3OH	0
2652639|Eremophila stenophylla	C28_alcohol_3OH	0
2652640|Eremophila strongylophylla	C28_alcohol_3OH	0
2652641|Eremophila subfloccosa	C24_pentahydroxy	2
2652641|Eremophila subfloccosa	C28_alcohol_3OH	0
2652644|Eremophila subteretifolia	C28_alcohol_3OH	0
2652645|Eremophila succinea	C28_alcohol_2OH	0
2652645|Eremophila succinea	C28_alcohol_3OH	0
2652647|Eremophila ternifolia	C28_alcohol_3OH	0
2652648|Eremophila tetraptera	C28_alcohol_3OH	0
2652649|Eremophila tietkensii	C24_alkamine_tetrahydroxy	2
2652649|Eremophila tietkensii	C28_alcohol_3OH	0
2652650|Eremophila undulata	C24_dihydroxy	2
2652650|Eremophila undulata	C24_pentahydroxy	2
2652650|Eremophila undulata	C27_pentahydroxy	4
2652652|Eremophila veronica	C28_alcohol_3OH	0
2652654|Eremophila verticillata	C24_trihydroxy	4
2652655|Eremophila virens	C27_pentahydroxy	2
2652655|Eremophila virens	C28_alcohol_3OH	0
2652658|Eremophila warnesii	C28_alcohol_3OH	0
2652659|Eremophila weldii	C27_dihydroxy	2
2652659|Eremophila weldii	C27_monohydroxy	2
2652659|Eremophila weldii	C28_alcohol_3OH	0
2652670|Eremophila decipiens	C24_pentahydroxy	4
2652670|Eremophila decipiens	C28_alcohol_2OH	0
2652670|Eremophila decipiens	C28_alcohol_3OH	0
2652677|Eremophila gilesii	C24_alkamine_dihydroxy	2
2652677|Eremophila gilesii	C24_dihydroxy	2
2652677|Eremophila gilesii	C24_pentahydroxy	4
2652677|Eremophila gilesii	C24_tetrahydroxy	4
2652677|Eremophila gilesii	C24_trihydroxy	14
2652677|Eremophila gilesii	C27_dihydroxy	2
2652677|Eremophila gilesii	C27_tetrahydroxy	2
2652677|Eremophila gilesii	C27_trihydroxy	2
2652677|Eremophila gilesii	C28_alcohol_2OH	0
2652677|Eremophila gilesii	C28_alcohol_3OH	0
2652679|Eremophila hughesii	C24_pentahydroxy	2
2652679|Eremophila hughesii	C27_dihydroxy	8
2652679|Eremophila hughesii	C28_alcohol_2OH	0
2652679|Eremophila hughesii	C28_alcohol_3OH	0
2652691|Eremophila phyllopoda	C28_alcohol_2OH	0
2652691|Eremophila phyllopoda	C28_alcohol_3OH	0
2652695|Eremophila pterocarpa	C28_alcohol_3OH	0
2662167|Stigmaphyllon palmatum	C24_tetrahydroxy	1
266327|Philemon buceroides	C24_dihydroxy	2
266327|Philemon buceroides	C24_tetrahydroxy	4
266327|Philemon buceroides	C24_trihydroxy	5
266349|Entomyzon cyanotis	C24_alkamine_trihydroxy	3
266349|Entomyzon cyanotis	C24_dihydroxy	5
266349|Entomyzon cyanotis	C24_monohydroxy	1
266349|Entomyzon cyanotis	C24_tetrahydroxy	5
266349|Entomyzon cyanotis	C24_trihydroxy	7
266349|Entomyzon cyanotis	C27_dihydroxy	3
266349|Entomyzon cyanotis	C27_monohydroxy	1
266349|Entomyzon cyanotis	C27_tetrahydroxy	1
266349|Entomyzon cyanotis	C27_trihydroxy	1
2665689|Crassula argentea	C24_alkamine_tetrahydroxy	1
2665689|Crassula argentea	C28_alcohol_2OH	0
2665689|Crassula argentea	C28_alcohol_3OH	0
2684640|Dischidia major	C28_alcohol_2OH	0
2684640|Dischidia major	C28_alcohol_3OH	0
2690248|Streptomyces sp. SID1034	C24_alkamine_trihydroxy	1
2690248|Streptomyces sp. SID1034	C24_dihydroxy	1
2690248|Streptomyces sp. SID1034	C24_trihydroxy	4
2690249|Streptomyces sp. SID1046	C24_dihydroxy	2
2690249|Streptomyces sp. SID1046	C24_tetrahydroxy	1
2690249|Streptomyces sp. SID1046	C24_trihydroxy	7
2690250|Streptomyces sp. SID1328	C24_alkamine_trihydroxy	1
2690250|Streptomyces sp. SID1328	C24_dihydroxy	1
2690250|Streptomyces sp. SID1328	C24_trihydroxy	5
2690251|Streptomyces sp. SID161	C24_trihydroxy	4
2690252|Streptomyces sp. SID1	C24_tetrahydroxy	1
2690252|Streptomyces sp. SID1	C24_trihydroxy	7
2690253|Streptomyces sp. SID2119	C24_alkamine_trihydroxy	1
2690253|Streptomyces sp. SID2119	C24_dihydroxy	1
2690253|Streptomyces sp. SID2119	C24_trihydroxy	4
2690254|Streptomyces sp. SID2131	C24_dihydroxy	2
2690254|Streptomyces sp. SID2131	C24_trihydroxy	4
2690255|Streptomyces sp. SID2563	C24_dihydroxy	1
2690255|Streptomyces sp. SID2563	C24_trihydroxy	4
2690256|Streptomyces sp. SID2888	C24_trihydroxy	5
2690257|Streptomyces sp. SID2955	C24_alkamine_trihydroxy	1
2690257|Streptomyces sp. SID2955	C24_dihydroxy	4
2690257|Streptomyces sp. SID2955	C24_tetrahydroxy	1
2690257|Streptomyces sp. SID2955	C24_trihydroxy	5
2690258|Streptomyces sp. SID2999	C24_dihydroxy	1
2690258|Streptomyces sp. SID2999	C24_trihydroxy	4
2690260|Streptomyces sp. SID3343	C24_tetrahydroxy	1
2690260|Streptomyces sp. SID3343	C24_trihydroxy	5
2690261|Streptomyces sp. SID335	C24_trihydroxy	5
2690262|Streptomyces sp. SID337	C24_alkamine_trihydroxy	2
2690262|Streptomyces sp. SID337	C24_trihydroxy	5
2690263|Streptomyces sp. SID3915	C24_trihydroxy	2
2690264|Streptomyces sp. SID486	C24_pentahydroxy	2
2690264|Streptomyces sp. SID486	C24_tetrahydroxy	5
2690264|Streptomyces sp. SID486	C24_trihydroxy	7
2690290|Streptomyces sp. SID4956	C24_alkamine_trihydroxy	1
2690290|Streptomyces sp. SID4956	C24_dihydroxy	3
2690290|Streptomyces sp. SID4956	C24_tetrahydroxy	1
2690290|Streptomyces sp. SID4956	C24_trihydroxy	6
2690291|Streptomyces sp. SID4982	C24_dihydroxy	3
2690291|Streptomyces sp. SID4982	C24_trihydroxy	5
2690292|Streptomyces sp. SID4985	C24_alkamine_trihydroxy	1
2690292|Streptomyces sp. SID4985	C24_dihydroxy	1
2690292|Streptomyces sp. SID4985	C24_trihydroxy	5
2690305|Streptomyces sp. SID5606	C24_dihydroxy	1
2690305|Streptomyces sp. SID5606	C24_trihydroxy	4
2690306|Streptomyces sp. SID5614	C24_alkamine_trihydroxy	1
2690306|Streptomyces sp. SID5614	C24_dihydroxy	1
2690306|Streptomyces sp. SID5614	C24_trihydroxy	5
2690307|Streptomyces sp. SID5643	C24_dihydroxy	1
2690307|Streptomyces sp. SID5643	C24_trihydroxy	5
2690308|Streptomyces sp. SID5770	C24_alkamine_trihydroxy	1
2690308|Streptomyces sp. SID5770	C24_dihydroxy	1
2690308|Streptomyces sp. SID5770	C24_trihydroxy	7
2690309|Streptomyces sp. SID5785	C24_dihydroxy	1
2690309|Streptomyces sp. SID5785	C24_trihydroxy	5
2690310|Streptomyces sp. SID5789	C24_alkamine_trihydroxy	1
2690310|Streptomyces sp. SID5789	C24_dihydroxy	1
2690310|Streptomyces sp. SID5789	C24_trihydroxy	7
2690311|Streptomyces sp. SID5840	C24_alkamine_trihydroxy	1
2690311|Streptomyces sp. SID5840	C24_dihydroxy	2
2690311|Streptomyces sp. SID5840	C24_trihydroxy	6
2690312|Streptomyces sp. SID5910	C24_alkamine_trihydroxy	1
2690312|Streptomyces sp. SID5910	C24_dihydroxy	1
2690312|Streptomyces sp. SID5910	C24_trihydroxy	6
2690313|Streptomyces sp. SID5914	C24_dihydroxy	1
2690313|Streptomyces sp. SID5914	C24_trihydroxy	5
2690314|Streptomyces sp. SID5926	C24_alkamine_trihydroxy	1
2690314|Streptomyces sp. SID5926	C24_dihydroxy	1
2690314|Streptomyces sp. SID5926	C24_trihydroxy	2
2690316|Streptomyces sp. SID5998	C24_alkamine_trihydroxy	1
2690316|Streptomyces sp. SID5998	C24_dihydroxy	1
2690316|Streptomyces sp. SID5998	C24_trihydroxy	4
2690317|Streptomyces sp. SID6013	C24_dihydroxy	1
2690317|Streptomyces sp. SID6013	C24_trihydroxy	5
2690318|Streptomyces sp. SID6041	C24_alkamine_trihydroxy	1
2690318|Streptomyces sp. SID6041	C24_dihydroxy	1
2690318|Streptomyces sp. SID6041	C24_tetrahydroxy	1
2690318|Streptomyces sp. SID6041	C24_trihydroxy	7
2690319|Streptomyces sp. SID6137	C24_tetrahydroxy	1
2690319|Streptomyces sp. SID6137	C24_trihydroxy	5
2690320|Streptomyces sp. SID6139	C24_trihydroxy	5
2690321|Streptomyces sp. SID625	C24_dihydroxy	1
2690321|Streptomyces sp. SID625	C24_trihydroxy	4
2690322|Streptomyces sp. SID685	C24_dihydroxy	1
2690322|Streptomyces sp. SID685	C24_trihydroxy	6
2690323|Streptomyces sp. SID69	C24_trihydroxy	4
2690324|Streptomyces sp. SID724	C24_trihydroxy	5
2690325|Streptomyces sp. SID7760	C24_alkamine_trihydroxy	1
2690325|Streptomyces sp. SID7760	C24_dihydroxy	2
2690325|Streptomyces sp. SID7760	C24_trihydroxy	6
2690336|Streptomyces sp. SID7834	C24_alkamine_trihydroxy	1
2690336|Streptomyces sp. SID7834	C24_dihydroxy	1
2690336|Streptomyces sp. SID7834	C24_tetrahydroxy	1
2690336|Streptomyces sp. SID7834	C24_trihydroxy	7
2690366|Streptomyces sp. SID89	C24_alkamine_trihydroxy	4
2690366|Streptomyces sp. SID89	C24_trihydroxy	13
269065|Godronia cassandrae	C28_alcohol_3OH	0
269084|Synechococcus elongatus PCC 6301	C28_alcohol_2OH	0
269084|Synechococcus elongatus PCC 6301	C28_alcohol_3OH	0
2696508|Anastomus lamelligerus	C24_alkamine_trihydroxy	1
2696508|Anastomus lamelligerus	C24_alkamine_dihydroxy	2
2696508|Anastomus lamelligerus	C24_dihydroxy	3
2696508|Anastomus lamelligerus	C24_tetrahydroxy	4
2696508|Anastomus lamelligerus	C24_trihydroxy	5
2696508|Anastomus lamelligerus	C27_dihydroxy	1
2696508|Anastomus lamelligerus	C27_monohydroxy	2
2696577|Vanellus coronatus	C24_dihydroxy	3
2696577|Vanellus coronatus	C24_tetrahydroxy	1
2696577|Vanellus coronatus	C24_trihydroxy	2
2696577|Vanellus coronatus	C27_monohydroxy	1
2696672|Apteryx mantelli	C24_dihydroxy	2
2696672|Apteryx mantelli	C24_trihydroxy	2
2696672|Apteryx mantelli	C27_dihydroxy	2
2696672|Apteryx mantelli	C27_monohydroxy	2
2696672|Apteryx mantelli	C27_tetrahydroxy	3
2696672|Apteryx mantelli	C27_trihydroxy	1
270252|Pseudemys concinna	C24_alkamine_trihydroxy	2
270252|Pseudemys concinna	C24_trihydroxy	3
270252|Pseudemys concinna	C27_dihydroxy	1
270252|Pseudemys concinna	C27_monohydroxy	1
270252|Pseudemys concinna	C27_tetrahydroxy	2
270252|Pseudemys concinna	C27_trihydroxy	2
270330|Lepomis megalotis	C24_alkamine_trihydroxy	1
270330|Lepomis megalotis	C24_dihydroxy	4
270330|Lepomis megalotis	C24_tetrahydroxy	2
270330|Lepomis megalotis	C24_trihydroxy	3
270330|Lepomis megalotis	C27_dihydroxy	1
270330|Lepomis megalotis	C27_tetrahydroxy	1
270330|Lepomis megalotis	C27_trihydroxy	1
2704054|Cleistocactus winteri	C23_dihydroxy	2
2704054|Cleistocactus winteri	C24_alkamine_trihydroxy	1
2704054|Cleistocactus winteri	C28_alcohol_2OH	0
2704054|Cleistocactus winteri	C28_alcohol_3OH	0
2706565|Mollisia cf. nigrescens	C28_alcohol_3OH	0
270689|Streptomyces aculeolatus	C24_alkamine_tetrahydroxy	2
270689|Streptomyces aculeolatus	C24_monohydroxy	4
270689|Streptomyces aculeolatus	C28_alcohol_3OH	0
2706|Citrus	C24_alkamine_pentahydroxy	4
2706|Citrus	C28_alcohol_3OH	0
2708174|Canistrum seidelianum	C28_alcohol_3OH	0
2708|Citrus x limon	C28_alcohol_3OH	0
2711|Citrus sinensis	C23_dihydroxy	1
2711|Citrus sinensis	C23_monohydroxy	1
2711|Citrus sinensis	C23_pentahydroxy	18
2711|Citrus sinensis	C23_tetrahydroxy	1
2711|Citrus sinensis	C23_trihydroxy	4
2711|Citrus sinensis	C24_alkamine_trihydroxy	5
2711|Citrus sinensis	C24_alkamine_dihydroxy	2
2711|Citrus sinensis	C24_alkamine_pentahydroxy	30
2711|Citrus sinensis	C24_alkamine_tetrahydroxy	44
2711|Citrus sinensis	C24_dihydroxy	9
2711|Citrus sinensis	C24_nonhydroxy	12
2711|Citrus sinensis	C24_pentahydroxy	13
2711|Citrus sinensis	C24_tetrahydroxy	13
2711|Citrus sinensis	C24_trihydroxy	212
2711|Citrus sinensis	C26_dihydroxy	15
2711|Citrus sinensis	C27_dihydroxy	20
2711|Citrus sinensis	C27_monohydroxy	16
2711|Citrus sinensis	C27_pentahydroxy	75
2711|Citrus sinensis	C27_tetrahydroxy	24
2711|Citrus sinensis	C27_trihydroxy	31
2711|Citrus sinensis	C28_alcohol_2OH	0
2711|Citrus sinensis	C28_alcohol_3OH	0
2713144|Thamnophis sirtalis tetrataenia	C24_dihydroxy	4
2713144|Thamnophis sirtalis tetrataenia	C24_tetrahydroxy	4
2713144|Thamnophis sirtalis tetrataenia	C24_trihydroxy	11
2713144|Thamnophis sirtalis tetrataenia	C27_dihydroxy	3
2715406|Atheniella adonis	C24_monohydroxy	8
2715624|Erythrura pealii	C24_alkamine_tetrahydroxy	1
2715624|Erythrura pealii	C24_dihydroxy	3
2715624|Erythrura pealii	C24_tetrahydroxy	2
2715624|Erythrura pealii	C24_trihydroxy	2
2717088|Antigone vipio	C23_dihydroxy	1
2717088|Antigone vipio	C24_alkamine_tetrahydroxy	3
2717088|Antigone vipio	C24_dihydroxy	15
2717088|Antigone vipio	C24_monohydroxy	4
2717088|Antigone vipio	C24_pentahydroxy	1
2717088|Antigone vipio	C24_tetrahydroxy	8
2717088|Antigone vipio	C24_trihydroxy	14
2717088|Antigone vipio	C27_dihydroxy	5
2717088|Antigone vipio	C27_monohydroxy	2
2717088|Antigone vipio	C27_tetrahydroxy	3
2717088|Antigone vipio	C27_trihydroxy	3
271848|Burkholderia thailandensis E264	C28_alcohol_3OH	0
272134|Leptolyngbya boryana PCC 6306	C24_alkamine_monohydroxy	4
272134|Leptolyngbya boryana PCC 6306	C28_alcohol_3OH	0
272164|Olleya marilimosa	C24_monohydroxy	12
272164|Olleya marilimosa	C28_alcohol_2OH	0
272164|Olleya marilimosa	C28_alcohol_3OH	0
2724786|Eremophila crenulata	C24_pentahydroxy	8
2724786|Eremophila crenulata	C28_alcohol_3OH	0
2724787|Eremophila elderi	C27_pentahydroxy	2
2724787|Eremophila elderi	C28_alcohol_3OH	0
272559|Bacteroides fragilis NCTC 9343	C24_alkamine_trihydroxy	6
272559|Bacteroides fragilis NCTC 9343	C24_alkamine_dihydroxy	4
272559|Bacteroides fragilis NCTC 9343	C24_dihydroxy	3
272559|Bacteroides fragilis NCTC 9343	C24_trihydroxy	3
272785|Chaetodontoplus mesoleucus	C23_dihydroxy	1
272785|Chaetodontoplus mesoleucus	C24_alkamine_trihydroxy	2
272785|Chaetodontoplus mesoleucus	C24_alkamine_dihydroxy	2
272785|Chaetodontoplus mesoleucus	C24_dihydroxy	2
272785|Chaetodontoplus mesoleucus	C24_trihydroxy	6
272785|Chaetodontoplus mesoleucus	C27_dihydroxy	1
272785|Chaetodontoplus mesoleucus	C27_monohydroxy	1
272785|Chaetodontoplus mesoleucus	C27_tetrahydroxy	1
272785|Chaetodontoplus mesoleucus	C27_trihydroxy	1
272787|Pomacanthus asfur	C24_alkamine_trihydroxy	6
272787|Pomacanthus asfur	C24_alkamine_dihydroxy	3
272787|Pomacanthus asfur	C24_dihydroxy	5
272787|Pomacanthus asfur	C24_tetrahydroxy	1
272787|Pomacanthus asfur	C24_trihydroxy	6
272787|Pomacanthus asfur	C27_dihydroxy	2
272787|Pomacanthus asfur	C27_monohydroxy	2
272787|Pomacanthus asfur	C27_tetrahydroxy	1
272787|Pomacanthus asfur	C27_trihydroxy	1
272788|Holacanthus passer	C24_dihydroxy	2
272788|Holacanthus passer	C24_trihydroxy	2
272797|Holacanthus tricolor	C24_alkamine_trihydroxy	7
272797|Holacanthus tricolor	C24_alkamine_dihydroxy	2
272797|Holacanthus tricolor	C24_alkamine_pentahydroxy	1
272797|Holacanthus tricolor	C24_dihydroxy	7
272797|Holacanthus tricolor	C24_tetrahydroxy	6
272797|Holacanthus tricolor	C24_trihydroxy	9
272797|Holacanthus tricolor	C27_dihydroxy	1
272797|Holacanthus tricolor	C27_monohydroxy	1
273655|Eumeces schneiderii	C24_dihydroxy	6
273655|Eumeces schneiderii	C24_tetrahydroxy	2
273655|Eumeces schneiderii	C24_trihydroxy	5
273655|Eumeces schneiderii	C27_dihydroxy	1
273655|Eumeces schneiderii	C27_monohydroxy	1
273655|Eumeces schneiderii	C27_pentahydroxy	3
273655|Eumeces schneiderii	C27_tetrahydroxy	4
273655|Eumeces schneiderii	C27_trihydroxy	4
273759|Gigantidas gladius	C24_alkamine_trihydroxy	4
273759|Gigantidas gladius	C24_monohydroxy	2
273759|Gigantidas gladius	C24_nonhydroxy	1
273759|Gigantidas gladius	C26_dihydroxy	3
273759|Gigantidas gladius	C27_monohydroxy	1
273759|Gigantidas gladius	C28_alcohol_2OH	0
273759|Gigantidas gladius	C28_alcohol_3OH	0
273791|Potamochoerus porcus	C24_alkamine_trihydroxy	1
273791|Potamochoerus porcus	C24_dihydroxy	22
273791|Potamochoerus porcus	C24_tetrahydroxy	4
273791|Potamochoerus porcus	C24_trihydroxy	16
273791|Potamochoerus porcus	C27_monohydroxy	3
2740664|Giraffa tippelskirchi tippelskirchi	C24_dihydroxy	2
2740664|Giraffa tippelskirchi tippelskirchi	C24_tetrahydroxy	2
2740664|Giraffa tippelskirchi tippelskirchi	C24_trihydroxy	4
2742|Marinobacter	C28_alcohol_3OH	0
2746968|Solanum umbelliferum	C24_alkamine_trihydroxy	1
2746968|Solanum umbelliferum	C24_trihydroxy	116
2746968|Solanum umbelliferum	C27_monohydroxy	1
2746|Halomonas elongata	C24_monohydroxy	2
274781|Cottunculus thomsonii	C24_alkamine_trihydroxy	1
274781|Cottunculus thomsonii	C24_dihydroxy	7
274781|Cottunculus thomsonii	C24_monohydroxy	1
274781|Cottunculus thomsonii	C24_tetrahydroxy	2
274781|Cottunculus thomsonii	C24_trihydroxy	22
274781|Cottunculus thomsonii	C27_dihydroxy	5
274781|Cottunculus thomsonii	C27_monohydroxy	6
274781|Cottunculus thomsonii	C27_pentahydroxy	1
274781|Cottunculus thomsonii	C27_tetrahydroxy	3
274781|Cottunculus thomsonii	C27_trihydroxy	3
2756165|Varanus albigularis microstictus	C24_alkamine_trihydroxy	2
2756165|Varanus albigularis microstictus	C24_dihydroxy	9
2756165|Varanus albigularis microstictus	C24_tetrahydroxy	4
2756165|Varanus albigularis microstictus	C24_trihydroxy	16
2756165|Varanus albigularis microstictus	C27_dihydroxy	1
2756165|Varanus albigularis microstictus	C27_pentahydroxy	1
2756165|Varanus albigularis microstictus	C27_tetrahydroxy	2
2756165|Varanus albigularis microstictus	C27_trihydroxy	2
27591|Nanger granti	C24_alkamine_trihydroxy	2
27591|Nanger granti	C24_alkamine_dihydroxy	2
27591|Nanger granti	C24_dihydroxy	8
27591|Nanger granti	C24_pentahydroxy	1
27591|Nanger granti	C24_tetrahydroxy	3
27591|Nanger granti	C24_trihydroxy	5
27591|Nanger granti	C27_dihydroxy	1
27591|Nanger granti	C27_monohydroxy	1
27596|Bubalus depressicornis	C24_alkamine_trihydroxy	5
27596|Bubalus depressicornis	C24_alkamine_dihydroxy	4
27596|Bubalus depressicornis	C24_alkamine_pentahydroxy	1
27596|Bubalus depressicornis	C24_dihydroxy	11
27596|Bubalus depressicornis	C24_tetrahydroxy	7
27596|Bubalus depressicornis	C24_trihydroxy	27
27596|Bubalus depressicornis	C27_dihydroxy	3
27596|Bubalus depressicornis	C27_monohydroxy	2
27606|Eubalaena glacialis	C23_dihydroxy	2
27606|Eubalaena glacialis	C23_trihydroxy	4
27606|Eubalaena glacialis	C24_alkamine_trihydroxy	82
27606|Eubalaena glacialis	C24_alkamine_dihydroxy	50
27606|Eubalaena glacialis	C24_alkamine_monohydroxy	4
27606|Eubalaena glacialis	C24_alkamine_tetrahydroxy	22
27606|Eubalaena glacialis	C24_dihydroxy	96
27606|Eubalaena glacialis	C24_monohydroxy	12
27606|Eubalaena glacialis	C24_tetrahydroxy	16
27606|Eubalaena glacialis	C24_trihydroxy	118
27606|Eubalaena glacialis	C27_dihydroxy	18
27606|Eubalaena glacialis	C27_monohydroxy	14
27606|Eubalaena glacialis	C28_alcohol_3OH	0
27615|Kogia breviceps	C24_dihydroxy	12
27615|Kogia breviceps	C24_tetrahydroxy	6
27615|Kogia breviceps	C24_trihydroxy	12
27615|Kogia breviceps	C27_tetrahydroxy	1
27615|Kogia breviceps	C27_trihydroxy	1
2767355|Ardea goliath	C24_dihydroxy	9
2767355|Ardea goliath	C24_tetrahydroxy	7
2767355|Ardea goliath	C24_trihydroxy	9
2767355|Ardea goliath	C27_dihydroxy	2
2767355|Ardea goliath	C27_monohydroxy	1
2768408|Xerocomellus atropurpureus	C24_tetrahydroxy	3
27706|Micropterus salmoides	C24_alkamine_trihydroxy	6
27706|Micropterus salmoides	C24_alkamine_pentahydroxy	1
27706|Micropterus salmoides	C24_dihydroxy	4
27706|Micropterus salmoides	C24_monohydroxy	2
27706|Micropterus salmoides	C24_pentahydroxy	1
27706|Micropterus salmoides	C24_tetrahydroxy	4
27706|Micropterus salmoides	C24_trihydroxy	7
27706|Micropterus salmoides	C27_dihydroxy	2
27706|Micropterus salmoides	C27_monohydroxy	4
2772652|Vischeria vischeri	C23_dihydroxy	3
2772652|Vischeria vischeri	C24_alkamine_trihydroxy	124
2772652|Vischeria vischeri	C24_alkamine_monohydroxy	3
2772652|Vischeria vischeri	C24_monohydroxy	2
2772652|Vischeria vischeri	C24_trihydroxy	1
2772652|Vischeria vischeri	C27_dihydroxy	1
2772652|Vischeria vischeri	C27_trihydroxy	21
2772652|Vischeria vischeri	C28_alcohol_2OH	0
2772652|Vischeria vischeri	C28_alcohol_3OH	0
27788|Lepidochelys olivacea	C24_tetrahydroxy	1
27788|Lepidochelys olivacea	C24_trihydroxy	1
27794|Dermochelys coriacea	C24_tetrahydroxy	2
27794|Dermochelys coriacea	C24_trihydroxy	3
27794|Dermochelys coriacea	C27_dihydroxy	15
27794|Dermochelys coriacea	C27_monohydroxy	8
27794|Dermochelys coriacea	C27_pentahydroxy	6
27794|Dermochelys coriacea	C27_tetrahydroxy	11
27794|Dermochelys coriacea	C27_trihydroxy	11
277990|Amaranthus tuberculatus	C23_pentahydroxy	1
277990|Amaranthus tuberculatus	C24_alkamine_pentahydroxy	2
277990|Amaranthus tuberculatus	C24_alkamine_tetrahydroxy	10
277990|Amaranthus tuberculatus	C27_dihydroxy	17
277990|Amaranthus tuberculatus	C27_monohydroxy	248
277990|Amaranthus tuberculatus	C27_tetrahydroxy	711
277990|Amaranthus tuberculatus	C27_trihydroxy	712
277990|Amaranthus tuberculatus	C28_alcohol_3OH	0
278165|Alosa fallax	C24_alkamine_trihydroxy	1
278165|Alosa fallax	C24_alkamine_pentahydroxy	1
278165|Alosa fallax	C24_dihydroxy	7
278165|Alosa fallax	C24_pentahydroxy	6
278165|Alosa fallax	C24_tetrahydroxy	4
278165|Alosa fallax	C24_trihydroxy	11
278165|Alosa fallax	C27_dihydroxy	6
278165|Alosa fallax	C27_monohydroxy	5
278165|Alosa fallax	C27_tetrahydroxy	1
278165|Alosa fallax	C27_trihydroxy	1
278209|Rhodococcoides yunnanense	C24_alkamine_trihydroxy	1
278209|Rhodococcoides yunnanense	C24_dihydroxy	1
278672|Symphytum officinale	C24_alkamine_pentahydroxy	1
278672|Symphytum officinale	C24_trihydroxy	1
278672|Symphytum officinale	C28_alcohol_3OH	0
278673|Petasites hybridus	C24_alkamine_trihydroxy	2
278673|Petasites hybridus	C24_alkamine_tetrahydroxy	3
278673|Petasites hybridus	C24_tetrahydroxy	87
278673|Petasites hybridus	C24_trihydroxy	4
278673|Petasites hybridus	C28_alcohol_3OH	0
2789654|Plexaura kukenthali	C27_tetrahydroxy	2
2789654|Plexaura kukenthali	C27_trihydroxy	2
2792|Porphyridium aerugineum	C23_dihydroxy	1
2792|Porphyridium aerugineum	C24_alkamine_trihydroxy	36
2792|Porphyridium aerugineum	C24_monohydroxy	18
2792|Porphyridium aerugineum	C27_dihydroxy	4
2792|Porphyridium aerugineum	C27_monohydroxy	7
2792|Porphyridium aerugineum	C27_trihydroxy	85
2792|Porphyridium aerugineum	C28_alcohol_2OH	0
2792|Porphyridium aerugineum	C28_alcohol_3OH	0
279934|Bucephala albeola	C23_dihydroxy	1
279934|Bucephala albeola	C24_alkamine_trihydroxy	5
279934|Bucephala albeola	C24_alkamine_dihydroxy	2
279934|Bucephala albeola	C24_alkamine_tetrahydroxy	2
279934|Bucephala albeola	C24_dihydroxy	21
279934|Bucephala albeola	C24_tetrahydroxy	3
279934|Bucephala albeola	C24_trihydroxy	6
279934|Bucephala albeola	C27_dihydroxy	4
28042|Saccharopolyspora rectivirgula	C27_monohydroxy	2
28090|Acinetobacter lwoffii	C24_alkamine_trihydroxy	6
28090|Acinetobacter lwoffii	C24_alkamine_dihydroxy	4
28090|Acinetobacter lwoffii	C24_dihydroxy	3
28090|Acinetobacter lwoffii	C24_trihydroxy	5
281041|Ircinia ramosa	C27_dihydroxy	2
281041|Ircinia ramosa	C28_alcohol_2OH	0
281041|Ircinia ramosa	C28_alcohol_3OH	0
28116|Bacteroides ovatus	C24_alkamine_trihydroxy	18
28116|Bacteroides ovatus	C24_alkamine_dihydroxy	78
28116|Bacteroides ovatus	C24_alkamine_pentahydroxy	3
28116|Bacteroides ovatus	C24_alkamine_tetrahydroxy	24
28116|Bacteroides ovatus	C28_alcohol_2OH	0
28116|Bacteroides ovatus	C28_alcohol_3OH	0
28125|Prevotella bivia	C24_alkamine_trihydroxy	6
28125|Prevotella bivia	C24_alkamine_dihydroxy	4
28125|Prevotella bivia	C24_dihydroxy	2
28125|Prevotella bivia	C24_trihydroxy	4
28126|Segatella buccae	C24_alkamine_trihydroxy	7
28126|Segatella buccae	C24_alkamine_dihydroxy	4
28126|Segatella buccae	C24_dihydroxy	2
28126|Segatella buccae	C24_trihydroxy	4
28130|Prevotella disiens	C24_alkamine_trihydroxy	6
28130|Prevotella disiens	C24_alkamine_dihydroxy	4
28130|Prevotella disiens	C24_dihydroxy	2
28130|Prevotella disiens	C24_trihydroxy	4
281731|Cliona orientalis	C23_pentahydroxy	12
281731|Cliona orientalis	C24_alkamine_trihydroxy	2
281731|Cliona orientalis	C27_monohydroxy	2
281731|Cliona orientalis	C28_alcohol_2OH	0
281731|Cliona orientalis	C28_alcohol_3OH	0
283160|Pteroglossus bitorquatus	C24_dihydroxy	3
283160|Pteroglossus bitorquatus	C24_monohydroxy	2
283160|Pteroglossus bitorquatus	C24_tetrahydroxy	2
283160|Pteroglossus bitorquatus	C24_trihydroxy	3
283160|Pteroglossus bitorquatus	C27_dihydroxy	1
283210|Malus pumila	C28_alcohol_3OH	0
283736|Leeuwenhoekiella aequorea	C24_alkamine_trihydroxy	12
283736|Leeuwenhoekiella aequorea	C24_trihydroxy	44
283736|Leeuwenhoekiella aequorea	C28_alcohol_3OH	0
28377|Anolis carolinensis	C24_dihydroxy	2
28377|Anolis carolinensis	C24_trihydroxy	3
28377|Anolis carolinensis	C27_dihydroxy	1
28381|Sardinops sagax	C24_alkamine_trihydroxy	5
28381|Sardinops sagax	C24_alkamine_dihydroxy	10
28381|Sardinops sagax	C24_dihydroxy	4
28381|Sardinops sagax	C24_tetrahydroxy	5
28381|Sardinops sagax	C24_trihydroxy	6
28381|Sardinops sagax	C27_dihydroxy	2
28381|Sardinops sagax	C27_monohydroxy	1
284028|Streptomyces fulvorobeus	C23_pentahydroxy	2
284028|Streptomyces fulvorobeus	C24_tetrahydroxy	6
284028|Streptomyces fulvorobeus	C27_monohydroxy	2
284028|Streptomyces fulvorobeus	C27_pentahydroxy	6
284028|Streptomyces fulvorobeus	C28_alcohol_3OH	0
284031|Streptomyces flavovariabilis	C23_pentahydroxy	34
284031|Streptomyces flavovariabilis	C24_alkamine_trihydroxy	32
284031|Streptomyces flavovariabilis	C24_alkamine_pentahydroxy	6
284031|Streptomyces flavovariabilis	C24_alkamine_tetrahydroxy	12
284031|Streptomyces flavovariabilis	C24_dihydroxy	106
284031|Streptomyces flavovariabilis	C24_pentahydroxy	4
284031|Streptomyces flavovariabilis	C24_tetrahydroxy	6
284031|Streptomyces flavovariabilis	C24_trihydroxy	22
284031|Streptomyces flavovariabilis	C27_pentahydroxy	20
284031|Streptomyces flavovariabilis	C27_tetrahydroxy	4
284031|Streptomyces flavovariabilis	C27_trihydroxy	4
284031|Streptomyces flavovariabilis	C28_alcohol_3OH	0
284035|Streptomyces lienomycini	C28_alcohol_3OH	0
284040|Streptomyces variegatus	C23_pentahydroxy	2
284040|Streptomyces variegatus	C24_alkamine_trihydroxy	70
284040|Streptomyces variegatus	C24_alkamine_tetrahydroxy	8
284040|Streptomyces variegatus	C28_alcohol_3OH	0
284042|Streptomyces violaceorubidus	C24_dihydroxy	22
284042|Streptomyces violaceorubidus	C24_tetrahydroxy	6
284671|Dipodomys deserti	C24_dihydroxy	8
284671|Dipodomys deserti	C24_trihydroxy	5
2849586|Anethum foeniculum	C28_alcohol_3OH	0
28502|Amaranthus hypochondriacus	C24_alkamine_trihydroxy	1
28502|Amaranthus hypochondriacus	C24_alkamine_dihydroxy	2
28502|Amaranthus hypochondriacus	C24_alkamine_tetrahydroxy	2
28502|Amaranthus hypochondriacus	C27_monohydroxy	2
28502|Amaranthus hypochondriacus	C27_tetrahydroxy	13
28502|Amaranthus hypochondriacus	C27_trihydroxy	13
28502|Amaranthus hypochondriacus	C28_alcohol_3OH	0
28509|Glechoma hederacea	C23_trihydroxy	2
28509|Glechoma hederacea	C24_tetrahydroxy	2
28509|Glechoma hederacea	C24_trihydroxy	8
28509|Glechoma hederacea	C27_pentahydroxy	1
28511|Pogostemon cablin	C24_alkamine_pentahydroxy	4
28511|Pogostemon cablin	C24_monohydroxy	4
28511|Pogostemon cablin	C28_alcohol_3OH	0
28513|Salvia divinorum	C28_alcohol_3OH	0
28516|Verbena bonariensis	C27_dihydroxy	1
28516|Verbena bonariensis	C28_alcohol_3OH	0
285279|Pseudovibrio ascidiaceicola	C24_monohydroxy	44
285279|Pseudovibrio ascidiaceicola	C28_alcohol_2OH	0
285279|Pseudovibrio ascidiaceicola	C28_alcohol_3OH	0
285446|Streptomyces gelaticus	C23_pentahydroxy	4
285446|Streptomyces gelaticus	C24_trihydroxy	2
285446|Streptomyces gelaticus	C28_alcohol_3OH	0
285453|Streptomyces canarius	C24_alkamine_trihydroxy	2
285453|Streptomyces canarius	C28_alcohol_3OH	0
285480|Streptomyces purpureofuscus subsp. acoagulans	C28_alcohol_3OH	0
285483|Streptomyces miharaensis	C24_alkamine_pentahydroxy	2
285483|Streptomyces miharaensis	C28_alcohol_3OH	0
285493|Streptomyces adephospholyticus	C24_alkamine_trihydroxy	4
285493|Streptomyces adephospholyticus	C24_alkamine_dihydroxy	2
285493|Streptomyces adephospholyticus	C24_dihydroxy	12
285493|Streptomyces adephospholyticus	C28_alcohol_3OH	0
285494|Streptomyces diastatochromogenes subsp. luteus	C28_alcohol_3OH	0
285499|Streptomyces humidus subsp. antitumoris	C28_alcohol_3OH	0
285507|Streptomyces shiodaensis	C24_monohydroxy	4
285507|Streptomyces shiodaensis	C28_alcohol_3OH	0
285508|Streptomyces piomogenus	C26_dihydroxy	2
285508|Streptomyces piomogenus	C28_alcohol_3OH	0
285515|Streptomyces albospinus	C28_alcohol_3OH	0
285522|Streptomyces lividoclavatus	C28_alcohol_3OH	0
285527|Streptomyces hygroscopicus subsp. duamyceticus	C24_monohydroxy	8
285527|Streptomyces hygroscopicus subsp. duamyceticus	C28_alcohol_3OH	0
285555|Streptomyces albosporeus subsp. labilomyceticus	C24_trihydroxy	2
285555|Streptomyces albosporeus subsp. labilomyceticus	C28_alcohol_3OH	0
285556|Streptomyces atrovirens	C24_alkamine_trihydroxy	50
285556|Streptomyces atrovirens	C24_alkamine_dihydroxy	19
285556|Streptomyces atrovirens	C24_alkamine_tetrahydroxy	10
285556|Streptomyces atrovirens	C24_dihydroxy	8
285556|Streptomyces atrovirens	C24_tetrahydroxy	5
285556|Streptomyces atrovirens	C24_trihydroxy	11
285563|Streptomyces coeruleoprunus	C28_alcohol_3OH	0
285566|Streptomyces levis	C24_dihydroxy	2
285566|Streptomyces levis	C28_alcohol_3OH	0
285568|Streptomyces bungoensis	C27_monohydroxy	2
285568|Streptomyces bungoensis	C28_alcohol_3OH	0
285569|Streptomyces labedae	C24_alkamine_trihydroxy	3
285569|Streptomyces labedae	C24_alkamine_dihydroxy	1
285569|Streptomyces labedae	C24_alkamine_tetrahydroxy	1
285569|Streptomyces labedae	C24_dihydroxy	1
285569|Streptomyces labedae	C24_trihydroxy	5
285578|Streptomyces angustmyceticus	C28_alcohol_3OH	0
286011|Manouria emys emys	C24_dihydroxy	1
286011|Manouria emys emys	C27_dihydroxy	2
286011|Manouria emys emys	C27_pentahydroxy	1
286011|Manouria emys emys	C27_tetrahydroxy	1
286011|Manouria emys emys	C27_trihydroxy	1
2861788|Aramides cajaneus	C23_dihydroxy	1
2861788|Aramides cajaneus	C24_alkamine_trihydroxy	5
2861788|Aramides cajaneus	C24_alkamine_pentahydroxy	1
2861788|Aramides cajaneus	C24_alkamine_tetrahydroxy	3
2861788|Aramides cajaneus	C24_dihydroxy	3
2861788|Aramides cajaneus	C24_pentahydroxy	1
2861788|Aramides cajaneus	C24_tetrahydroxy	9
2861788|Aramides cajaneus	C24_trihydroxy	24
2861788|Aramides cajaneus	C27_dihydroxy	4
2861788|Aramides cajaneus	C27_monohydroxy	3
2861788|Aramides cajaneus	C27_pentahydroxy	3
2861788|Aramides cajaneus	C27_tetrahydroxy	9
2861788|Aramides cajaneus	C27_trihydroxy	9
28680|Anas acuta	C23_dihydroxy	1
28680|Anas acuta	C24_dihydroxy	10
28680|Anas acuta	C24_tetrahydroxy	4
28680|Anas acuta	C24_trihydroxy	9
286|Pseudomonas	C24_alkamine_trihydroxy	9
286|Pseudomonas	C24_alkamine_dihydroxy	4
286|Pseudomonas	C24_alkamine_pentahydroxy	6
286|Pseudomonas	C24_dihydroxy	8
286|Pseudomonas	C24_monohydroxy	2
286|Pseudomonas	C24_pentahydroxy	4
286|Pseudomonas	C24_trihydroxy	7213
286|Pseudomonas	C28_alcohol_2OH	0
286|Pseudomonas	C28_alcohol_3OH	0
28701|Fratercula arctica	C24_alkamine_tetrahydroxy	3
28701|Fratercula arctica	C24_dihydroxy	7
28701|Fratercula arctica	C24_pentahydroxy	3
28701|Fratercula arctica	C24_tetrahydroxy	4
28701|Fratercula arctica	C24_trihydroxy	7
28701|Fratercula arctica	C27_dihydroxy	7
28701|Fratercula arctica	C27_monohydroxy	3
28701|Fratercula arctica	C27_tetrahydroxy	2
28701|Fratercula arctica	C27_trihydroxy	2
28713|Lanius ludovicianus	C24_alkamine_dihydroxy	2
28713|Lanius ludovicianus	C24_alkamine_monohydroxy	12
28713|Lanius ludovicianus	C24_dihydroxy	13
28713|Lanius ludovicianus	C24_monohydroxy	12
28713|Lanius ludovicianus	C24_tetrahydroxy	1
28713|Lanius ludovicianus	C24_trihydroxy	14
28713|Lanius ludovicianus	C27_dihydroxy	2
28724|Ptilonorhynchus violaceus	C24_dihydroxy	1
28724|Ptilonorhynchus violaceus	C24_tetrahydroxy	1
28724|Ptilonorhynchus violaceus	C24_trihydroxy	2
28724|Ptilonorhynchus violaceus	C27_dihydroxy	2
28724|Ptilonorhynchus violaceus	C27_tetrahydroxy	2
28724|Ptilonorhynchus violaceus	C27_trihydroxy	2
28735|Macroscelididae	C23_trihydroxy	1
28735|Macroscelididae	C24_alkamine_pentahydroxy	1
28735|Macroscelididae	C24_dihydroxy	9
28735|Macroscelididae	C24_tetrahydroxy	4
28735|Macroscelididae	C24_trihydroxy	15
28735|Macroscelididae	C27_dihydroxy	2
28735|Macroscelididae	C27_monohydroxy	1
2878564|Tragelaphus eurycerus isaaci	C24_alkamine_trihydroxy	1
2878564|Tragelaphus eurycerus isaaci	C24_dihydroxy	8
2878564|Tragelaphus eurycerus isaaci	C24_tetrahydroxy	3
2878564|Tragelaphus eurycerus isaaci	C24_trihydroxy	7
2878564|Tragelaphus eurycerus isaaci	C27_dihydroxy	3
2878564|Tragelaphus eurycerus isaaci	C27_monohydroxy	1
287901|Eunicea clavigera	C24_monohydroxy	2
287901|Eunicea clavigera	C24_pentahydroxy	2
287901|Eunicea clavigera	C28_alcohol_3OH	0
2879218|Cursorius cursor	C24_alkamine_trihydroxy	3
2879218|Cursorius cursor	C24_alkamine_pentahydroxy	2
2879218|Cursorius cursor	C24_dihydroxy	2
2879218|Cursorius cursor	C24_tetrahydroxy	3
2879218|Cursorius cursor	C24_trihydroxy	6
2879218|Cursorius cursor	C27_monohydroxy	1
287|Pseudomonas aeruginosa	C23_dihydroxy	1
287|Pseudomonas aeruginosa	C24_alkamine_trihydroxy	2
287|Pseudomonas aeruginosa	C24_alkamine_monohydroxy	11
287|Pseudomonas aeruginosa	C24_alkamine_pentahydroxy	2
287|Pseudomonas aeruginosa	C24_alkamine_tetrahydroxy	5
287|Pseudomonas aeruginosa	C24_monohydroxy	8
287|Pseudomonas aeruginosa	C24_tetrahydroxy	22
287|Pseudomonas aeruginosa	C24_trihydroxy	317
287|Pseudomonas aeruginosa	C26_dihydroxy	25
287|Pseudomonas aeruginosa	C27_dihydroxy	2
287|Pseudomonas aeruginosa	C27_monohydroxy	17
287|Pseudomonas aeruginosa	C27_pentahydroxy	7
287|Pseudomonas aeruginosa	C27_tetrahydroxy	7
287|Pseudomonas aeruginosa	C27_trihydroxy	7
287|Pseudomonas aeruginosa	C28_alcohol_2OH	0
287|Pseudomonas aeruginosa	C28_alcohol_3OH	0
288723|Turbinellus floccosus	C24_alkamine_pentahydroxy	1
28893|Streptomyces pilosus	C24_pentahydroxy	2
28894|Streptomyces nitrosporeus	C24_dihydroxy	12
28894|Streptomyces nitrosporeus	C24_monohydroxy	36
28894|Streptomyces nitrosporeus	C28_alcohol_3OH	0
2896651|Ianthocincla pectoralis	C24_alkamine_trihydroxy	1
2896651|Ianthocincla pectoralis	C24_alkamine_tetrahydroxy	1
2896651|Ianthocincla pectoralis	C24_dihydroxy	3
2896651|Ianthocincla pectoralis	C24_tetrahydroxy	4
2896651|Ianthocincla pectoralis	C24_trihydroxy	6
2896651|Ianthocincla pectoralis	C27_dihydroxy	1
2896651|Ianthocincla pectoralis	C27_monohydroxy	2
2896651|Ianthocincla pectoralis	C27_tetrahydroxy	1
2896651|Ianthocincla pectoralis	C27_trihydroxy	1
289731|Operculicarya decaryi	C24_tetrahydroxy	1
289731|Operculicarya decaryi	C28_alcohol_3OH	0
28974|Averrhoa carambola	C28_alcohol_2OH	0
28974|Averrhoa carambola	C28_alcohol_3OH	0
289751|Rhus aromatica	C27_dihydroxy	4
289751|Rhus aromatica	C28_alcohol_2OH	0
289751|Rhus aromatica	C28_alcohol_3OH	0
29064|Panthera uncia	C24_alkamine_trihydroxy	123
29064|Panthera uncia	C24_alkamine_dihydroxy	65
29064|Panthera uncia	C24_alkamine_tetrahydroxy	1
29064|Panthera uncia	C24_dihydroxy	126
29064|Panthera uncia	C24_tetrahydroxy	43
29064|Panthera uncia	C24_trihydroxy	196
29067|Potos flavus	C24_alkamine_dihydroxy	1
29067|Potos flavus	C24_dihydroxy	3
29067|Potos flavus	C24_tetrahydroxy	1
29067|Potos flavus	C24_trihydroxy	3
29073|Ursus maritimus	C23_dihydroxy	3
29073|Ursus maritimus	C23_trihydroxy	1
29073|Ursus maritimus	C24_dihydroxy	9
29073|Ursus maritimus	C24_tetrahydroxy	4
29073|Ursus maritimus	C24_trihydroxy	9
29073|Ursus maritimus	C27_dihydroxy	3
29073|Ursus maritimus	C27_monohydroxy	2
29091|Dolichotis patagonum	C24_alkamine_trihydroxy	3
29091|Dolichotis patagonum	C24_alkamine_dihydroxy	2
29091|Dolichotis patagonum	C24_dihydroxy	25
29091|Dolichotis patagonum	C24_tetrahydroxy	5
29091|Dolichotis patagonum	C24_trihydroxy	30
29091|Dolichotis patagonum	C27_monohydroxy	2
2909989|Citrus sp.	C24_alkamine_pentahydroxy	28
2909989|Citrus sp.	C24_dihydroxy	1
2909989|Citrus sp.	C27_pentahydroxy	2
2909989|Citrus sp.	C28_alcohol_2OH	0
2909989|Citrus sp.	C28_alcohol_3OH	0
2909991|Allium sp.	C27_dihydroxy	8
2909991|Allium sp.	C27_monohydroxy	4
2909991|Allium sp.	C27_tetrahydroxy	2
2909991|Allium sp.	C27_trihydroxy	2
2909991|Allium sp.	C28_alcohol_2OH	0
2909991|Allium sp.	C28_alcohol_3OH	0
29139|Vombatus ursinus	C24_alkamine_dihydroxy	2
29139|Vombatus ursinus	C24_alkamine_tetrahydroxy	1
29139|Vombatus ursinus	C24_dihydroxy	15
29139|Vombatus ursinus	C24_tetrahydroxy	1
29139|Vombatus ursinus	C24_trihydroxy	12
29139|Vombatus ursinus	C27_dihydroxy	1
29139|Vombatus ursinus	C27_tetrahydroxy	2
29139|Vombatus ursinus	C27_trihydroxy	2
29139|Vombatus ursinus	C28_alcohol_3OH	0
29144|Chanos chanos	C24_alkamine_trihydroxy	2
29144|Chanos chanos	C24_alkamine_dihydroxy	1
29144|Chanos chanos	C24_dihydroxy	7
29144|Chanos chanos	C24_tetrahydroxy	2
29144|Chanos chanos	C24_trihydroxy	2
29144|Chanos chanos	C27_dihydroxy	1
29144|Chanos chanos	C27_monohydroxy	1
29150|Scomber australasicus	C24_alkamine_pentahydroxy	2
29150|Scomber australasicus	C24_dihydroxy	6
29150|Scomber australasicus	C24_tetrahydroxy	3
29150|Scomber australasicus	C24_trihydroxy	6
29150|Scomber australasicus	C27_dihydroxy	3
29150|Scomber australasicus	C27_monohydroxy	1
29150|Scomber australasicus	C27_tetrahydroxy	1
29150|Scomber australasicus	C27_trihydroxy	1
29151|Osmerus eperlanus	C24_alkamine_pentahydroxy	1
29151|Osmerus eperlanus	C24_alkamine_tetrahydroxy	1
29151|Osmerus eperlanus	C24_dihydroxy	4
29151|Osmerus eperlanus	C24_pentahydroxy	1
29151|Osmerus eperlanus	C24_tetrahydroxy	7
29151|Osmerus eperlanus	C24_trihydroxy	7
29151|Osmerus eperlanus	C27_dihydroxy	1
29151|Osmerus eperlanus	C27_monohydroxy	3
29151|Osmerus eperlanus	C27_tetrahydroxy	1
29151|Osmerus eperlanus	C27_trihydroxy	1
291985|Qipengyuania vulgaris	C24_alkamine_dihydroxy	6
291985|Qipengyuania vulgaris	C24_alkamine_pentahydroxy	4
291985|Qipengyuania vulgaris	C28_alcohol_2OH	0
291985|Qipengyuania vulgaris	C28_alcohol_3OH	0
292133|Turnix suscitator	C24_alkamine_trihydroxy	4
292133|Turnix suscitator	C24_alkamine_dihydroxy	4
292133|Turnix suscitator	C24_alkamine_pentahydroxy	1
292133|Turnix suscitator	C24_alkamine_tetrahydroxy	1
292133|Turnix suscitator	C24_dihydroxy	8
292133|Turnix suscitator	C24_monohydroxy	2
292133|Turnix suscitator	C24_tetrahydroxy	7
292133|Turnix suscitator	C24_trihydroxy	9
292133|Turnix suscitator	C27_dihydroxy	6
292133|Turnix suscitator	C27_monohydroxy	2
292133|Turnix suscitator	C27_pentahydroxy	1
292133|Turnix suscitator	C27_tetrahydroxy	3
292133|Turnix suscitator	C27_trihydroxy	3
292895|Telescopus semiannulatus	C24_tetrahydroxy	2
292895|Telescopus semiannulatus	C24_trihydroxy	4
292895|Telescopus semiannulatus	C27_tetrahydroxy	1
292895|Telescopus semiannulatus	C27_trihydroxy	1
2930568|Synechocystis sp. PCC 6803 substr. GT-T	C28_alcohol_3OH	0
29306|Streptomyces griseoluteus	C23_pentahydroxy	2
29306|Streptomyces griseoluteus	C24_alkamine_dihydroxy	6
29306|Streptomyces griseoluteus	C24_nonhydroxy	4
29306|Streptomyces griseoluteus	C24_pentahydroxy	2
29306|Streptomyces griseoluteus	C27_monohydroxy	2
29306|Streptomyces griseoluteus	C27_pentahydroxy	2
29306|Streptomyces griseoluteus	C28_alcohol_2OH	0
29306|Streptomyces griseoluteus	C28_alcohol_3OH	0
29314|Mycolicibacter hiberniae	C28_alcohol_2OH	0
2933609|Streptomyces thermocastaneus	C28_alcohol_3OH	0
29387|Staphylococcus sp.	C24_alkamine_trihydroxy	7
29387|Staphylococcus sp.	C24_alkamine_dihydroxy	1
29387|Staphylococcus sp.	C24_alkamine_tetrahydroxy	1
29387|Staphylococcus sp.	C24_trihydroxy	1
29387|Staphylococcus sp.	C27_monohydroxy	3
294000|Aechmea nudicaulis	C23_pentahydroxy	2
294000|Aechmea nudicaulis	C28_alcohol_3OH	0
29466|Veillonella parvula	C24_trihydroxy	1
295237|Spheciospongia vesparium	C24_alkamine_trihydroxy	1
29523|Bacteroides sp.	C24_alkamine_trihydroxy	48
29523|Bacteroides sp.	C24_alkamine_dihydroxy	69
29523|Bacteroides sp.	C24_alkamine_tetrahydroxy	22
29523|Bacteroides sp.	C24_dihydroxy	4
29523|Bacteroides sp.	C24_trihydroxy	8
29523|Bacteroides sp.	C27_monohydroxy	2
2953382|Ducula carola	C24_alkamine_dihydroxy	4
2953382|Ducula carola	C24_dihydroxy	6
2953382|Ducula carola	C24_tetrahydroxy	6
2953382|Ducula carola	C24_trihydroxy	12
2953382|Ducula carola	C27_monohydroxy	2
2953390|Ducula pickeringii	C24_alkamine_trihydroxy	4
2953390|Ducula pickeringii	C24_alkamine_dihydroxy	2
2953390|Ducula pickeringii	C24_dihydroxy	22
2953390|Ducula pickeringii	C24_tetrahydroxy	5
2953390|Ducula pickeringii	C24_trihydroxy	13
2953390|Ducula pickeringii	C27_dihydroxy	3
2953390|Ducula pickeringii	C27_monohydroxy	1
2953394|Ducula spilorrhoa	C24_alkamine_dihydroxy	3
2953394|Ducula spilorrhoa	C24_dihydroxy	6
2953394|Ducula spilorrhoa	C24_trihydroxy	3
295352|Streptomyces bangladeshensis	C28_alcohol_3OH	0
29661|Anthoxanthum odoratum	C23_dihydroxy	2
29661|Anthoxanthum odoratum	C23_trihydroxy	2
29661|Anthoxanthum odoratum	C24_trihydroxy	3
29661|Anthoxanthum odoratum	C27_pentahydroxy	1
29666|Bromus erectus	C23_trihydroxy	3
29666|Bromus erectus	C24_alkamine_tetrahydroxy	3
29666|Bromus erectus	C24_tetrahydroxy	2
29666|Bromus erectus	C24_trihydroxy	13
29666|Bromus erectus	C27_pentahydroxy	3
29679|Holcus lanatus	C23_trihydroxy	4
29679|Holcus lanatus	C24_pentahydroxy	1
29679|Holcus lanatus	C24_tetrahydroxy	1
29679|Holcus lanatus	C24_trihydroxy	6
29679|Holcus lanatus	C27_pentahydroxy	3
296|Pseudomonas fragi	C24_alkamine_trihydroxy	68
296|Pseudomonas fragi	C24_alkamine_dihydroxy	16
296|Pseudomonas fragi	C24_dihydroxy	126
296|Pseudomonas fragi	C24_tetrahydroxy	6
296|Pseudomonas fragi	C24_trihydroxy	184
29729|Gossypium arboreum	C24_alkamine_pentahydroxy	2
29729|Gossypium arboreum	C28_alcohol_3OH	0
297802|Anous stolidus	C24_alkamine_trihydroxy	3
297802|Anous stolidus	C24_dihydroxy	7
297802|Anous stolidus	C24_tetrahydroxy	4
297802|Anous stolidus	C24_trihydroxy	3
29780|Mangifera indica	C28_alcohol_3OH	0
297811|Larosterna inca	C24_alkamine_trihydroxy	5
297811|Larosterna inca	C24_alkamine_tetrahydroxy	1
297811|Larosterna inca	C24_dihydroxy	3
297811|Larosterna inca	C24_tetrahydroxy	4
297811|Larosterna inca	C24_trihydroxy	3
297819|Sterna forsteri	C24_alkamine_trihydroxy	2
297819|Sterna forsteri	C24_dihydroxy	2
297819|Sterna forsteri	C24_tetrahydroxy	1
297819|Sterna forsteri	C24_trihydroxy	2
29800|Psychotria bacteriophila	C24_alkamine_pentahydroxy	4
29800|Psychotria bacteriophila	C24_alkamine_tetrahydroxy	2
29800|Psychotria bacteriophila	C24_pentahydroxy	2
29800|Psychotria bacteriophila	C28_alcohol_3OH	0
29909|Tolypocladium	C23_dihydroxy	2
29909|Tolypocladium	C23_trihydroxy	2
29909|Tolypocladium	C24_alkamine_dihydroxy	2
29909|Tolypocladium	C24_alkamine_monohydroxy	56
29909|Tolypocladium	C24_alkamine_tetrahydroxy	2
29909|Tolypocladium	C24_dihydroxy	2
29909|Tolypocladium	C26_dihydroxy	2
29909|Tolypocladium	C27_dihydroxy	8
29909|Tolypocladium	C27_monohydroxy	4
29909|Tolypocladium	C27_tetrahydroxy	4
29909|Tolypocladium	C27_trihydroxy	4
29909|Tolypocladium	C28_alcohol_2OH	0
29909|Tolypocladium	C28_alcohol_3OH	0
29910|Tolypocladium inflatum	C24_alkamine_dihydroxy	2
29910|Tolypocladium inflatum	C24_dihydroxy	2
29910|Tolypocladium inflatum	C24_pentahydroxy	2
29910|Tolypocladium inflatum	C28_alcohol_2OH	0
29910|Tolypocladium inflatum	C28_alcohol_3OH	0
29|Myxococcales	C23_dihydroxy	10
29|Myxococcales	C23_monohydroxy	48
29|Myxococcales	C24_alkamine_dihydroxy	8
29|Myxococcales	C24_dihydroxy	110
29|Myxococcales	C24_monohydroxy	1134
29|Myxococcales	C26_dihydroxy	50
29|Myxococcales	C27_dihydroxy	30
29|Myxococcales	C27_monohydroxy	12
29|Myxococcales	C28_alcohol_3OH	0
2|Bacteria	C23_dihydroxy	8
2|Bacteria	C23_monohydroxy	6
2|Bacteria	C23_pentahydroxy	4
2|Bacteria	C23_tetrahydroxy	2
2|Bacteria	C23_trihydroxy	85
2|Bacteria	C24_alkamine_trihydroxy	5000
2|Bacteria	C24_alkamine_dihydroxy	1234
2|Bacteria	C24_alkamine_monohydroxy	26
2|Bacteria	C24_alkamine_pentahydroxy	486
2|Bacteria	C24_alkamine_tetrahydroxy	1225
2|Bacteria	C24_dihydroxy	5362
2|Bacteria	C24_monohydroxy	1022
2|Bacteria	C24_nonhydroxy	4
2|Bacteria	C24_pentahydroxy	123
2|Bacteria	C24_tetrahydroxy	1527
2|Bacteria	C24_trihydroxy	7604
2|Bacteria	C26_dihydroxy	8
2|Bacteria	C27_dihydroxy	111
2|Bacteria	C27_monohydroxy	94
2|Bacteria	C27_pentahydroxy	13
2|Bacteria	C28_alcohol_2OH	0
2|Bacteria	C28_alcohol_3OH	0
3001649|Phalloceros buckupi	C24_dihydroxy	2
3001649|Phalloceros buckupi	C24_tetrahydroxy	1
3001649|Phalloceros buckupi	C24_trihydroxy	1
3001649|Phalloceros buckupi	C27_dihydroxy	6
3001649|Phalloceros buckupi	C27_pentahydroxy	1
3001649|Phalloceros buckupi	C27_tetrahydroxy	6
3001649|Phalloceros buckupi	C27_trihydroxy	5
301346|Myoporum sandwicense	C28_alcohol_3OH	0
3015646|Phyla scaberrima	C23_pentahydroxy	2
3015646|Phyla scaberrima	C24_dihydroxy	14
3015646|Phyla scaberrima	C24_monohydroxy	4
3015646|Phyla scaberrima	C24_pentahydroxy	1
3015646|Phyla scaberrima	C24_trihydroxy	1
3015646|Phyla scaberrima	C27_pentahydroxy	1
3015646|Phyla scaberrima	C28_alcohol_3OH	0
302047|Seriola lalandi	C24_dihydroxy	6
302047|Seriola lalandi	C24_monohydroxy	1
302047|Seriola lalandi	C24_tetrahydroxy	1
302047|Seriola lalandi	C24_trihydroxy	13
302047|Seriola lalandi	C27_dihydroxy	3
302047|Seriola lalandi	C27_monohydroxy	2
302047|Seriola lalandi	C27_tetrahydroxy	2
302047|Seriola lalandi	C27_trihydroxy	2
3023830|Spongosorites calcicola	C28_alcohol_3OH	0
302529|Zanda funerea	C24_alkamine_pentahydroxy	1
302529|Zanda funerea	C24_dihydroxy	2
302529|Zanda funerea	C24_monohydroxy	1
302529|Zanda funerea	C24_tetrahydroxy	3
302529|Zanda funerea	C24_trihydroxy	4
302529|Zanda funerea	C27_dihydroxy	1
302531|Pluvianus aegyptius	C24_alkamine_trihydroxy	1
302531|Pluvianus aegyptius	C24_dihydroxy	3
302531|Pluvianus aegyptius	C24_tetrahydroxy	4
302531|Pluvianus aegyptius	C24_trihydroxy	3
302541|Anaxyrus californicus	C23_dihydroxy	3
302541|Anaxyrus californicus	C23_trihydroxy	1
302541|Anaxyrus californicus	C24_alkamine_trihydroxy	2
302541|Anaxyrus californicus	C24_dihydroxy	5
302541|Anaxyrus californicus	C24_tetrahydroxy	1
302541|Anaxyrus californicus	C24_trihydroxy	3
302541|Anaxyrus californicus	C27_dihydroxy	4
302541|Anaxyrus californicus	C27_monohydroxy	2
302541|Anaxyrus californicus	C27_tetrahydroxy	1
302541|Anaxyrus californicus	C27_trihydroxy	1
302932|Cylindrophis maculatus	C24_alkamine_trihydroxy	1
302932|Cylindrophis maculatus	C24_alkamine_pentahydroxy	2
302932|Cylindrophis maculatus	C24_dihydroxy	2
302932|Cylindrophis maculatus	C24_pentahydroxy	3
302932|Cylindrophis maculatus	C24_tetrahydroxy	4
302932|Cylindrophis maculatus	C24_trihydroxy	9
302932|Cylindrophis maculatus	C27_dihydroxy	1
302932|Cylindrophis maculatus	C27_tetrahydroxy	2
302932|Cylindrophis maculatus	C27_trihydroxy	2
303022|Puntius dorsalis	C24_alkamine_trihydroxy	1
303022|Puntius dorsalis	C24_dihydroxy	3
303022|Puntius dorsalis	C24_trihydroxy	2
303022|Puntius dorsalis	C27_dihydroxy	1
303022|Puntius dorsalis	C27_monohydroxy	1
303022|Puntius dorsalis	C27_tetrahydroxy	1
303022|Puntius dorsalis	C27_trihydroxy	1
30325|Anaxyrus boreas	C23_dihydroxy	1
30325|Anaxyrus boreas	C24_alkamine_trihydroxy	4
30325|Anaxyrus boreas	C24_dihydroxy	1
30325|Anaxyrus boreas	C24_trihydroxy	2
30325|Anaxyrus boreas	C27_dihydroxy	6
30325|Anaxyrus boreas	C27_monohydroxy	3
30357|Pyxicephalus adspersus	C24_alkamine_trihydroxy	1
30357|Pyxicephalus adspersus	C24_dihydroxy	3
30357|Pyxicephalus adspersus	C24_pentahydroxy	1
30357|Pyxicephalus adspersus	C24_tetrahydroxy	2
30357|Pyxicephalus adspersus	C24_trihydroxy	2
30357|Pyxicephalus adspersus	C27_dihydroxy	3
30357|Pyxicephalus adspersus	C27_tetrahydroxy	2
30357|Pyxicephalus adspersus	C27_trihydroxy	2
303588|Cercopithecus campbelli	C23_dihydroxy	1
303588|Cercopithecus campbelli	C24_alkamine_trihydroxy	8
303588|Cercopithecus campbelli	C24_alkamine_dihydroxy	4
303588|Cercopithecus campbelli	C24_alkamine_monohydroxy	2
303588|Cercopithecus campbelli	C24_dihydroxy	29
303588|Cercopithecus campbelli	C24_tetrahydroxy	6
303588|Cercopithecus campbelli	C24_trihydroxy	26
303588|Cercopithecus campbelli	C27_dihydroxy	2
303588|Cercopithecus campbelli	C27_monohydroxy	2
303710|Aluterus scriptus	C24_dihydroxy	23
303710|Aluterus scriptus	C24_monohydroxy	2
303710|Aluterus scriptus	C24_tetrahydroxy	2
303710|Aluterus scriptus	C24_trihydroxy	12
303710|Aluterus scriptus	C27_dihydroxy	9
303710|Aluterus scriptus	C27_monohydroxy	3
303710|Aluterus scriptus	C27_tetrahydroxy	2
303710|Aluterus scriptus	C27_trihydroxy	2
303739|Aracana ornata	C24_alkamine_trihydroxy	10
303739|Aracana ornata	C24_alkamine_dihydroxy	1
303739|Aracana ornata	C24_dihydroxy	4
303739|Aracana ornata	C24_tetrahydroxy	2
303739|Aracana ornata	C24_trihydroxy	9
303739|Aracana ornata	C27_dihydroxy	3
303739|Aracana ornata	C27_monohydroxy	1
30378|Scolecomorphidae	C24_dihydroxy	5
30378|Scolecomorphidae	C24_tetrahydroxy	2
30378|Scolecomorphidae	C24_trihydroxy	4
30378|Scolecomorphidae	C27_dihydroxy	1
30385|Aythya americana	C24_dihydroxy	6
30385|Aythya americana	C24_monohydroxy	1
30385|Aythya americana	C24_pentahydroxy	2
30385|Aythya americana	C24_tetrahydroxy	5
30385|Aythya americana	C24_trihydroxy	7
30385|Aythya americana	C27_dihydroxy	1
30385|Aythya americana	C27_monohydroxy	2
30385|Aythya americana	C27_tetrahydroxy	1
30385|Aythya americana	C27_trihydroxy	1
30387|Netta rufina	C23_dihydroxy	1
30387|Netta rufina	C24_alkamine_dihydroxy	1
30387|Netta rufina	C24_alkamine_tetrahydroxy	1
30387|Netta rufina	C24_dihydroxy	5
30387|Netta rufina	C24_tetrahydroxy	3
30387|Netta rufina	C24_trihydroxy	3
30387|Netta rufina	C27_monohydroxy	3
30388|Chauna torquata	C24_dihydroxy	7
30388|Chauna torquata	C24_monohydroxy	2
30388|Chauna torquata	C24_tetrahydroxy	1
30388|Chauna torquata	C24_trihydroxy	4
303930|Taurotragus derbianus	C24_alkamine_trihydroxy	7
303930|Taurotragus derbianus	C24_alkamine_pentahydroxy	2
303930|Taurotragus derbianus	C24_dihydroxy	24
303930|Taurotragus derbianus	C24_monohydroxy	1
303930|Taurotragus derbianus	C24_pentahydroxy	2
303930|Taurotragus derbianus	C24_tetrahydroxy	22
303930|Taurotragus derbianus	C24_trihydroxy	58
303930|Taurotragus derbianus	C27_dihydroxy	4
303930|Taurotragus derbianus	C27_monohydroxy	3
30399|Necrosyrtes monachus	C24_dihydroxy	6
30399|Necrosyrtes monachus	C24_tetrahydroxy	4
30399|Necrosyrtes monachus	C24_trihydroxy	12
30399|Necrosyrtes monachus	C27_dihydroxy	1
30399|Necrosyrtes monachus	C27_monohydroxy	2
30399|Necrosyrtes monachus	C27_pentahydroxy	2
30399|Necrosyrtes monachus	C27_tetrahydroxy	1
30399|Necrosyrtes monachus	C27_trihydroxy	1
30403|Polyplectron napoleonis	C24_alkamine_trihydroxy	2
30403|Polyplectron napoleonis	C24_alkamine_dihydroxy	1
30403|Polyplectron napoleonis	C24_dihydroxy	12
30403|Polyplectron napoleonis	C24_monohydroxy	1
30403|Polyplectron napoleonis	C24_tetrahydroxy	6
30403|Polyplectron napoleonis	C24_trihydroxy	10
30403|Polyplectron napoleonis	C27_dihydroxy	4
30403|Polyplectron napoleonis	C27_monohydroxy	2
30403|Polyplectron napoleonis	C27_tetrahydroxy	1
30403|Polyplectron napoleonis	C27_trihydroxy	1
30405|Rollulus rouloul	C23_dihydroxy	4
30405|Rollulus rouloul	C24_alkamine_dihydroxy	2
30405|Rollulus rouloul	C24_dihydroxy	10
30405|Rollulus rouloul	C24_monohydroxy	3
30405|Rollulus rouloul	C24_tetrahydroxy	3
30405|Rollulus rouloul	C24_trihydroxy	8
30405|Rollulus rouloul	C27_monohydroxy	1
30406|Tragopan blythii	C23_dihydroxy	1
30406|Tragopan blythii	C24_alkamine_trihydroxy	5
30406|Tragopan blythii	C24_alkamine_dihydroxy	14
30406|Tragopan blythii	C24_alkamine_monohydroxy	8
30406|Tragopan blythii	C24_alkamine_tetrahydroxy	4
30406|Tragopan blythii	C24_dihydroxy	31
30406|Tragopan blythii	C24_monohydroxy	16
30406|Tragopan blythii	C24_tetrahydroxy	11
30406|Tragopan blythii	C24_trihydroxy	28
30406|Tragopan blythii	C27_dihydroxy	6
30406|Tragopan blythii	C27_monohydroxy	9
30406|Tragopan blythii	C27_pentahydroxy	1
30406|Tragopan blythii	C28_alcohol_3OH	0
30407|Tragopan caboti	C24_alkamine_trihydroxy	1
30407|Tragopan caboti	C24_alkamine_dihydroxy	2
30407|Tragopan caboti	C24_dihydroxy	15
30407|Tragopan caboti	C24_monohydroxy	3
30407|Tragopan caboti	C24_tetrahydroxy	2
30407|Tragopan caboti	C24_trihydroxy	8
30407|Tragopan caboti	C27_dihydroxy	5
30407|Tragopan caboti	C27_monohydroxy	3
30407|Tragopan caboti	C27_tetrahydroxy	1
30407|Tragopan caboti	C27_trihydroxy	1
30415|Grus japonensis	C24_alkamine_pentahydroxy	2
30415|Grus japonensis	C24_alkamine_tetrahydroxy	3
30415|Grus japonensis	C24_dihydroxy	14
30415|Grus japonensis	C24_monohydroxy	2
30415|Grus japonensis	C24_tetrahydroxy	9
30415|Grus japonensis	C24_trihydroxy	19
30415|Grus japonensis	C27_dihydroxy	2
30415|Grus japonensis	C27_monohydroxy	2
30415|Grus japonensis	C27_tetrahydroxy	2
30415|Grus japonensis	C27_trihydroxy	2
30427|Haemorhous mexicanus	C24_alkamine_trihydroxy	2
30427|Haemorhous mexicanus	C24_alkamine_tetrahydroxy	1
30427|Haemorhous mexicanus	C24_dihydroxy	3
30427|Haemorhous mexicanus	C24_monohydroxy	2
30427|Haemorhous mexicanus	C24_tetrahydroxy	7
30427|Haemorhous mexicanus	C24_trihydroxy	7
30427|Haemorhous mexicanus	C27_monohydroxy	2
30427|Haemorhous mexicanus	C27_tetrahydroxy	2
30427|Haemorhous mexicanus	C27_trihydroxy	2
30457|Pygoscelis papua	C24_alkamine_trihydroxy	1
30457|Pygoscelis papua	C24_alkamine_pentahydroxy	1
30457|Pygoscelis papua	C24_alkamine_tetrahydroxy	3
30457|Pygoscelis papua	C24_dihydroxy	6
30457|Pygoscelis papua	C24_monohydroxy	3
30457|Pygoscelis papua	C24_tetrahydroxy	5
30457|Pygoscelis papua	C24_trihydroxy	9
30457|Pygoscelis papua	C27_dihydroxy	1
30457|Pygoscelis papua	C27_monohydroxy	2
30457|Pygoscelis papua	C27_tetrahydroxy	1
30457|Pygoscelis papua	C27_trihydroxy	1
30461|Bubo bubo	C23_dihydroxy	2
30461|Bubo bubo	C24_alkamine_tetrahydroxy	6
30461|Bubo bubo	C24_dihydroxy	32
30461|Bubo bubo	C24_monohydroxy	2
30461|Bubo bubo	C24_tetrahydroxy	10
30461|Bubo bubo	C24_trihydroxy	34
30461|Bubo bubo	C27_dihydroxy	6
30461|Bubo bubo	C27_monohydroxy	8
30461|Bubo bubo	C27_tetrahydroxy	4
30461|Bubo bubo	C27_trihydroxy	4
30466|Rhynchotus rufescens	C24_alkamine_tetrahydroxy	2
30466|Rhynchotus rufescens	C24_dihydroxy	3
30466|Rhynchotus rufescens	C24_tetrahydroxy	2
30466|Rhynchotus rufescens	C24_trihydroxy	3
30466|Rhynchotus rufescens	C27_dihydroxy	1
30466|Rhynchotus rufescens	C27_tetrahydroxy	2
30466|Rhynchotus rufescens	C27_trihydroxy	2
304899|Actinospica acidiphila	C24_trihydroxy	2
30493|Triakis semifasciata	C23_trihydroxy	1
30493|Triakis semifasciata	C24_dihydroxy	4
30493|Triakis semifasciata	C24_trihydroxy	4
30493|Triakis semifasciata	C27_dihydroxy	3
30493|Triakis semifasciata	C27_monohydroxy	1
30501|Carcharias taurus	C23_dihydroxy	1
30501|Carcharias taurus	C24_alkamine_trihydroxy	3
30501|Carcharias taurus	C24_tetrahydroxy	1
30501|Carcharias taurus	C24_trihydroxy	2
30501|Carcharias taurus	C27_dihydroxy	1
30501|Carcharias taurus	C27_monohydroxy	2
30501|Carcharias taurus	C27_tetrahydroxy	1
30501|Carcharias taurus	C27_trihydroxy	1
3053191|Stegostoma tigrinum	C23_dihydroxy	1
3053191|Stegostoma tigrinum	C24_alkamine_trihydroxy	4
3053191|Stegostoma tigrinum	C24_dihydroxy	2
3053191|Stegostoma tigrinum	C24_trihydroxy	1
3053191|Stegostoma tigrinum	C27_dihydroxy	6
3053191|Stegostoma tigrinum	C27_monohydroxy	2
3053191|Stegostoma tigrinum	C27_tetrahydroxy	4
3053191|Stegostoma tigrinum	C27_trihydroxy	4
30531|Axis axis	C24_dihydroxy	2
30531|Axis axis	C24_trihydroxy	2
30532|Dama dama	C24_alkamine_trihydroxy	1
30532|Dama dama	C24_dihydroxy	9
30532|Dama dama	C24_trihydroxy	7
3054343|Zanclostomus javanicus	C24_alkamine_trihydroxy	1
3054343|Zanclostomus javanicus	C24_alkamine_tetrahydroxy	1
3054343|Zanclostomus javanicus	C24_dihydroxy	2
3054343|Zanclostomus javanicus	C24_monohydroxy	1
3054343|Zanclostomus javanicus	C24_tetrahydroxy	2
3054343|Zanclostomus javanicus	C24_trihydroxy	2
3054343|Zanclostomus javanicus	C27_dihydroxy	4
3054343|Zanclostomus javanicus	C27_tetrahydroxy	7
3054343|Zanclostomus javanicus	C27_trihydroxy	7
3055|Chlamydomonas reinhardtii	C23_dihydroxy	40
3055|Chlamydomonas reinhardtii	C23_trihydroxy	5
3055|Chlamydomonas reinhardtii	C24_alkamine_trihydroxy	587
3055|Chlamydomonas reinhardtii	C24_alkamine_dihydroxy	30
3055|Chlamydomonas reinhardtii	C24_alkamine_monohydroxy	1
3055|Chlamydomonas reinhardtii	C24_alkamine_pentahydroxy	1
3055|Chlamydomonas reinhardtii	C24_alkamine_tetrahydroxy	4
3055|Chlamydomonas reinhardtii	C24_dihydroxy	8
3055|Chlamydomonas reinhardtii	C24_monohydroxy	1
3055|Chlamydomonas reinhardtii	C24_pentahydroxy	1
3055|Chlamydomonas reinhardtii	C24_tetrahydroxy	12
3055|Chlamydomonas reinhardtii	C24_trihydroxy	52
3055|Chlamydomonas reinhardtii	C27_dihydroxy	2
3055|Chlamydomonas reinhardtii	C27_monohydroxy	3
3055|Chlamydomonas reinhardtii	C27_tetrahydroxy	14
3055|Chlamydomonas reinhardtii	C27_trihydroxy	14
3055|Chlamydomonas reinhardtii	C28_alcohol_2OH	0
3055|Chlamydomonas reinhardtii	C28_alcohol_3OH	0
30577|Erinaceinae	C24_alkamine_trihydroxy	3
30577|Erinaceinae	C24_dihydroxy	7
30577|Erinaceinae	C24_tetrahydroxy	3
30577|Erinaceinae	C24_trihydroxy	11
30577|Erinaceinae	C27_dihydroxy	6
30577|Erinaceinae	C27_monohydroxy	4
30582|Tapirus pinchaque	C24_dihydroxy	2
30582|Tapirus pinchaque	C24_trihydroxy	4
30588|Leontopithecus rosalia	C24_alkamine_trihydroxy	4
30588|Leontopithecus rosalia	C24_alkamine_dihydroxy	1
30588|Leontopithecus rosalia	C24_alkamine_pentahydroxy	1
30588|Leontopithecus rosalia	C24_dihydroxy	10
30588|Leontopithecus rosalia	C24_tetrahydroxy	2
30588|Leontopithecus rosalia	C24_trihydroxy	14
30588|Leontopithecus rosalia	C27_dihydroxy	1
30602|Eulemur macaco	C24_alkamine_trihydroxy	2
30602|Eulemur macaco	C24_alkamine_dihydroxy	3
30602|Eulemur macaco	C24_alkamine_tetrahydroxy	1
30602|Eulemur macaco	C24_dihydroxy	5
30602|Eulemur macaco	C24_tetrahydroxy	3
30602|Eulemur macaco	C24_trihydroxy	11
30602|Eulemur macaco	C27_dihydroxy	2
30602|Eulemur macaco	C27_monohydroxy	3
30611|Otolemur garnettii	C24_dihydroxy	3
30611|Otolemur garnettii	C24_tetrahydroxy	1
30611|Otolemur garnettii	C24_trihydroxy	5
30611|Otolemur garnettii	C27_dihydroxy	2
30637|Nannospalax ehrenbergi	C24_dihydroxy	3
30637|Nannospalax ehrenbergi	C24_tetrahydroxy	2
30637|Nannospalax ehrenbergi	C24_trihydroxy	4
30640|Sciurus carolinensis	C24_alkamine_pentahydroxy	1
30640|Sciurus carolinensis	C24_dihydroxy	9
30640|Sciurus carolinensis	C24_tetrahydroxy	11
30640|Sciurus carolinensis	C24_trihydroxy	19
307165|Selaginella uncinata	C23_trihydroxy	2
307165|Selaginella uncinata	C27_dihydroxy	4
307165|Selaginella uncinata	C27_tetrahydroxy	2
307165|Selaginella uncinata	C27_trihydroxy	2
307165|Selaginella uncinata	C28_alcohol_3OH	0
3076|Chlorella sorokiniana	C23_dihydroxy	17
3076|Chlorella sorokiniana	C23_trihydroxy	4
3076|Chlorella sorokiniana	C24_alkamine_trihydroxy	254
3076|Chlorella sorokiniana	C24_alkamine_pentahydroxy	1
3076|Chlorella sorokiniana	C24_alkamine_tetrahydroxy	2
3076|Chlorella sorokiniana	C24_dihydroxy	5
3076|Chlorella sorokiniana	C24_pentahydroxy	2
3076|Chlorella sorokiniana	C24_tetrahydroxy	5
3076|Chlorella sorokiniana	C24_trihydroxy	34
3076|Chlorella sorokiniana	C27_dihydroxy	2
3076|Chlorella sorokiniana	C27_monohydroxy	8
3076|Chlorella sorokiniana	C27_tetrahydroxy	3
3076|Chlorella sorokiniana	C27_trihydroxy	1
3076|Chlorella sorokiniana	C28_alcohol_2OH	0
3076|Chlorella sorokiniana	C28_alcohol_3OH	0
307724|Pereskia grandifolia	C23_dihydroxy	1
307724|Pereskia grandifolia	C23_pentahydroxy	2
307724|Pereskia grandifolia	C24_trihydroxy	2
307724|Pereskia grandifolia	C28_alcohol_2OH	0
307724|Pereskia grandifolia	C28_alcohol_3OH	0
3077|Chlorella vulgaris	C23_dihydroxy	23
3077|Chlorella vulgaris	C23_trihydroxy	2
3077|Chlorella vulgaris	C24_alkamine_trihydroxy	133
3077|Chlorella vulgaris	C24_monohydroxy	3
3077|Chlorella vulgaris	C24_trihydroxy	1
3077|Chlorella vulgaris	C27_dihydroxy	2
3077|Chlorella vulgaris	C27_monohydroxy	6
3077|Chlorella vulgaris	C27_tetrahydroxy	2
3077|Chlorella vulgaris	C27_trihydroxy	2
3077|Chlorella vulgaris	C28_alcohol_2OH	0
3077|Chlorella vulgaris	C28_alcohol_3OH	0
309271|Ficus benghalensis	C24_alkamine_trihydroxy	34
309271|Ficus benghalensis	C24_alkamine_pentahydroxy	3
309271|Ficus benghalensis	C24_alkamine_tetrahydroxy	18
309271|Ficus benghalensis	C24_pentahydroxy	1
309271|Ficus benghalensis	C24_tetrahydroxy	4
309271|Ficus benghalensis	C24_trihydroxy	1
309271|Ficus benghalensis	C27_monohydroxy	2
310350|Nocardiopsis sp.	C24_alkamine_trihydroxy	14
310350|Nocardiopsis sp.	C24_alkamine_dihydroxy	25
310350|Nocardiopsis sp.	C24_alkamine_tetrahydroxy	1
310350|Nocardiopsis sp.	C24_dihydroxy	2
310377|Nothonotus vulneratus	C24_tetrahydroxy	2
310377|Nothonotus vulneratus	C24_trihydroxy	2
310377|Nothonotus vulneratus	C27_dihydroxy	2
310377|Nothonotus vulneratus	C27_monohydroxy	1
310377|Nothonotus vulneratus	C27_tetrahydroxy	3
310377|Nothonotus vulneratus	C27_trihydroxy	3
310713|Ceratotherium simum cottoni	C24_trihydroxy	1
310713|Ceratotherium simum cottoni	C27_monohydroxy	1
310714|Diceros bicornis michaeli	C24_monohydroxy	2
310714|Diceros bicornis michaeli	C24_pentahydroxy	2
310714|Diceros bicornis michaeli	C27_dihydroxy	6
310714|Diceros bicornis michaeli	C27_monohydroxy	2
310714|Diceros bicornis michaeli	C28_alcohol_3OH	0
310781|Actinacidiphila guanduensis	C28_alcohol_2OH	0
310781|Actinacidiphila guanduensis	C28_alcohol_3OH	0
311359|Cochoa	C23_dihydroxy	1
311359|Cochoa	C24_alkamine_trihydroxy	5
311359|Cochoa	C24_alkamine_dihydroxy	6
311359|Cochoa	C24_alkamine_tetrahydroxy	4
311359|Cochoa	C24_dihydroxy	28
311359|Cochoa	C24_monohydroxy	1
311359|Cochoa	C24_pentahydroxy	2
311359|Cochoa	C24_tetrahydroxy	14
311359|Cochoa	C24_trihydroxy	31
311359|Cochoa	C27_dihydroxy	9
311359|Cochoa	C27_monohydroxy	13
311359|Cochoa	C27_tetrahydroxy	6
311359|Cochoa	C27_trihydroxy	6
31138|Trachemys scripta elegans	C24_alkamine_trihydroxy	2
31138|Trachemys scripta elegans	C24_dihydroxy	1
31138|Trachemys scripta elegans	C24_trihydroxy	2
31138|Trachemys scripta elegans	C27_dihydroxy	3
31138|Trachemys scripta elegans	C27_monohydroxy	1
31138|Trachemys scripta elegans	C27_pentahydroxy	4
31138|Trachemys scripta elegans	C27_tetrahydroxy	2
31138|Trachemys scripta elegans	C27_trihydroxy	2
31142|Ptyas mucosa	C24_alkamine_trihydroxy	2
31142|Ptyas mucosa	C24_alkamine_pentahydroxy	1
31142|Ptyas mucosa	C24_alkamine_tetrahydroxy	1
31142|Ptyas mucosa	C24_dihydroxy	6
31142|Ptyas mucosa	C24_pentahydroxy	2
31142|Ptyas mucosa	C24_tetrahydroxy	9
31142|Ptyas mucosa	C24_trihydroxy	22
31142|Ptyas mucosa	C27_dihydroxy	2
31142|Ptyas mucosa	C27_monohydroxy	1
3137121|Anemone	C24_alkamine_tetrahydroxy	13
3137121|Anemone	C24_tetrahydroxy	30
3137121|Anemone	C28_alcohol_3OH	0
31397|Jania	C28_alcohol_3OH	0
314243|Medialuna californiensis	C24_alkamine_trihydroxy	6
314243|Medialuna californiensis	C24_alkamine_dihydroxy	9
314243|Medialuna californiensis	C24_alkamine_monohydroxy	1
314243|Medialuna californiensis	C24_dihydroxy	7
314243|Medialuna californiensis	C24_monohydroxy	5
314243|Medialuna californiensis	C24_tetrahydroxy	2
314243|Medialuna californiensis	C24_trihydroxy	3
314243|Medialuna californiensis	C27_dihydroxy	2
314243|Medialuna californiensis	C27_monohydroxy	3
3148579|Rhabdophis rhodomelas	C24_alkamine_trihydroxy	1
3148579|Rhabdophis rhodomelas	C24_alkamine_pentahydroxy	1
3148579|Rhabdophis rhodomelas	C24_dihydroxy	6
3148579|Rhabdophis rhodomelas	C24_tetrahydroxy	7
3148579|Rhabdophis rhodomelas	C24_trihydroxy	9
3150086|Tockus nasutus	C24_dihydroxy	2
3150086|Tockus nasutus	C24_trihydroxy	3
3150086|Tockus nasutus	C27_pentahydroxy	3
3150086|Tockus nasutus	C27_tetrahydroxy	1
3150086|Tockus nasutus	C27_trihydroxy	1
3150656|Phyllanthus atripennis	C24_dihydroxy	2
3150656|Phyllanthus atripennis	C24_tetrahydroxy	1
3150656|Phyllanthus atripennis	C24_trihydroxy	4
3150656|Phyllanthus atripennis	C27_monohydroxy	2
3151019|Pterorhinus chinensis	C24_alkamine_trihydroxy	3
3151019|Pterorhinus chinensis	C24_alkamine_pentahydroxy	2
3151019|Pterorhinus chinensis	C24_dihydroxy	17
3151019|Pterorhinus chinensis	C24_monohydroxy	3
3151019|Pterorhinus chinensis	C24_tetrahydroxy	6
3151019|Pterorhinus chinensis	C24_trihydroxy	11
3151019|Pterorhinus chinensis	C27_dihydroxy	4
3151019|Pterorhinus chinensis	C27_monohydroxy	7
3151041|Radjah radjah	C23_dihydroxy	1
3151041|Radjah radjah	C24_alkamine_trihydroxy	2
3151041|Radjah radjah	C24_alkamine_dihydroxy	3
3151041|Radjah radjah	C24_alkamine_pentahydroxy	1
3151041|Radjah radjah	C24_alkamine_tetrahydroxy	2
3151041|Radjah radjah	C24_dihydroxy	2
3151041|Radjah radjah	C24_tetrahydroxy	9
3151041|Radjah radjah	C24_trihydroxy	13
3151041|Radjah radjah	C27_dihydroxy	6
3151041|Radjah radjah	C27_monohydroxy	3
3151041|Radjah radjah	C27_tetrahydroxy	1
3151041|Radjah radjah	C27_trihydroxy	1
3151046|Penelopides exarhatus	C24_dihydroxy	4
3151046|Penelopides exarhatus	C24_monohydroxy	2
3151046|Penelopides exarhatus	C24_tetrahydroxy	1
3151046|Penelopides exarhatus	C24_trihydroxy	3
3151046|Penelopides exarhatus	C27_dihydroxy	1
3151046|Penelopides exarhatus	C27_monohydroxy	3
3151046|Penelopides exarhatus	C27_tetrahydroxy	2
3151046|Penelopides exarhatus	C27_trihydroxy	2
3151046|Penelopides exarhatus	C28_alcohol_3OH	0
315377|Sus cebifrons	C24_alkamine_trihydroxy	4
315377|Sus cebifrons	C24_alkamine_dihydroxy	1
315377|Sus cebifrons	C24_dihydroxy	20
315377|Sus cebifrons	C24_monohydroxy	4
315377|Sus cebifrons	C24_tetrahydroxy	6
315377|Sus cebifrons	C24_trihydroxy	16
316130|Centrolophus niger	C24_alkamine_dihydroxy	1
316130|Centrolophus niger	C24_dihydroxy	8
316130|Centrolophus niger	C24_tetrahydroxy	4
316130|Centrolophus niger	C24_trihydroxy	5
316130|Centrolophus niger	C27_dihydroxy	2
316130|Centrolophus niger	C27_monohydroxy	2
316385|Escherichia coli str. K-12 substr. DH10B	C24_alkamine_trihydroxy	10
316385|Escherichia coli str. K-12 substr. DH10B	C24_dihydroxy	8
316385|Escherichia coli str. K-12 substr. DH10B	C24_trihydroxy	18
316435|Escherichia coli Nissle 1917	C23_dihydroxy	4
316435|Escherichia coli Nissle 1917	C23_pentahydroxy	3
316435|Escherichia coli Nissle 1917	C23_trihydroxy	8
316435|Escherichia coli Nissle 1917	C24_alkamine_trihydroxy	176
316435|Escherichia coli Nissle 1917	C24_alkamine_dihydroxy	56
316435|Escherichia coli Nissle 1917	C24_alkamine_monohydroxy	4
316435|Escherichia coli Nissle 1917	C24_alkamine_tetrahydroxy	12
316435|Escherichia coli Nissle 1917	C24_dihydroxy	54
316435|Escherichia coli Nissle 1917	C24_monohydroxy	5
316435|Escherichia coli Nissle 1917	C24_pentahydroxy	2
316435|Escherichia coli Nissle 1917	C24_tetrahydroxy	22
316435|Escherichia coli Nissle 1917	C24_trihydroxy	156
316435|Escherichia coli Nissle 1917	C27_pentahydroxy	2
316435|Escherichia coli Nissle 1917	C28_alcohol_2OH	0
316435|Escherichia coli Nissle 1917	C28_alcohol_3OH	0
316729|Sandwithia guyanensis	C26_dihydroxy	2
316729|Sandwithia guyanensis	C27_dihydroxy	1
316729|Sandwithia guyanensis	C27_monohydroxy	2
316729|Sandwithia guyanensis	C28_alcohol_3OH	0
316|Stutzerimonas stutzeri	C24_alkamine_trihydroxy	12
316|Stutzerimonas stutzeri	C24_alkamine_dihydroxy	12
316|Stutzerimonas stutzeri	C24_alkamine_monohydroxy	2
316|Stutzerimonas stutzeri	C24_alkamine_tetrahydroxy	5
316|Stutzerimonas stutzeri	C24_dihydroxy	5
316|Stutzerimonas stutzeri	C24_trihydroxy	3
317373|Osteopilus septentrionalis	C24_trihydroxy	1
317373|Osteopilus septentrionalis	C27_dihydroxy	1
317373|Osteopilus septentrionalis	C28_alcohol_3OH	0
317477|Halichoeres pictus	C24_alkamine_trihydroxy	1
317477|Halichoeres pictus	C24_alkamine_dihydroxy	2
317477|Halichoeres pictus	C24_dihydroxy	3
317477|Halichoeres pictus	C24_tetrahydroxy	1
317477|Halichoeres pictus	C24_trihydroxy	2
317477|Halichoeres pictus	C27_dihydroxy	1
317792|Anhinga rufa	C24_alkamine_pentahydroxy	1
317792|Anhinga rufa	C24_dihydroxy	5
317792|Anhinga rufa	C24_pentahydroxy	1
317792|Anhinga rufa	C24_tetrahydroxy	5
317792|Anhinga rufa	C24_trihydroxy	6
317792|Anhinga rufa	C27_monohydroxy	4
318062|Euphorbia hirta	C23_monohydroxy	8
318062|Euphorbia hirta	C24_alkamine_monohydroxy	2
318062|Euphorbia hirta	C24_alkamine_pentahydroxy	8
318062|Euphorbia hirta	C24_nonhydroxy	4
318062|Euphorbia hirta	C27_dihydroxy	12
318062|Euphorbia hirta	C27_monohydroxy	32
318062|Euphorbia hirta	C27_pentahydroxy	4
318062|Euphorbia hirta	C27_tetrahydroxy	4
318062|Euphorbia hirta	C27_trihydroxy	6
318322|Dryophytes gratiosus	C24_alkamine_trihydroxy	1
318322|Dryophytes gratiosus	C24_dihydroxy	1
318322|Dryophytes gratiosus	C24_trihydroxy	2
318322|Dryophytes gratiosus	C27_dihydroxy	2
318322|Dryophytes gratiosus	C27_monohydroxy	3
318322|Dryophytes gratiosus	C27_tetrahydroxy	1
318322|Dryophytes gratiosus	C27_trihydroxy	1
318376|Trachycephalus resinifictrix	C24_dihydroxy	1
318376|Trachycephalus resinifictrix	C24_tetrahydroxy	2
318376|Trachycephalus resinifictrix	C24_trihydroxy	2
318376|Trachycephalus resinifictrix	C27_dihydroxy	2
318376|Trachycephalus resinifictrix	C27_monohydroxy	2
318376|Trachycephalus resinifictrix	C27_tetrahydroxy	1
318376|Trachycephalus resinifictrix	C27_trihydroxy	1
318376|Trachycephalus resinifictrix	C28_alcohol_3OH	0
318425|Mycolicibacterium aromaticivorans	C28_alcohol_2OH	0
318425|Mycolicibacterium aromaticivorans	C28_alcohol_3OH	0
319437|Caulolatilus princeps	C24_dihydroxy	3
319437|Caulolatilus princeps	C24_tetrahydroxy	2
319437|Caulolatilus princeps	C24_trihydroxy	3
319437|Caulolatilus princeps	C27_dihydroxy	1
31943|Brevibacterium iodinum	C23_pentahydroxy	4
31943|Brevibacterium iodinum	C24_alkamine_trihydroxy	4
31943|Brevibacterium iodinum	C24_alkamine_dihydroxy	2
31943|Brevibacterium iodinum	C24_alkamine_pentahydroxy	2
31943|Brevibacterium iodinum	C24_pentahydroxy	14
31943|Brevibacterium iodinum	C27_monohydroxy	2
31943|Brevibacterium iodinum	C28_alcohol_2OH	0
31943|Brevibacterium iodinum	C28_alcohol_3OH	0
319541|Nannobrachium ritteri	C24_alkamine_trihydroxy	1
319541|Nannobrachium ritteri	C24_alkamine_dihydroxy	1
319541|Nannobrachium ritteri	C24_dihydroxy	1
319541|Nannobrachium ritteri	C24_trihydroxy	3
31961|Actinomadura cremea subsp. cremea	C28_alcohol_3OH	0
319813|Hemicentetes semispinosus	C24_dihydroxy	7
319813|Hemicentetes semispinosus	C24_tetrahydroxy	1
319813|Hemicentetes semispinosus	C24_trihydroxy	10
319819|Setifer setosus	C24_dihydroxy	9
319819|Setifer setosus	C24_tetrahydroxy	2
319819|Setifer setosus	C24_trihydroxy	7
32008|Burkholderia	C24_alkamine_trihydroxy	1
32008|Burkholderia	C24_alkamine_tetrahydroxy	4
32008|Burkholderia	C24_trihydroxy	2
32008|Burkholderia	C28_alcohol_2OH	0
32008|Burkholderia	C28_alcohol_3OH	0
3202|Jungermannia	C24_alkamine_trihydroxy	2
3202|Jungermannia	C28_alcohol_3OH	0
320411|Stomias atriventer	C24_alkamine_trihydroxy	2
320411|Stomias atriventer	C24_tetrahydroxy	1
320411|Stomias atriventer	C28_alcohol_3OH	0
320419|Mustelus californicus	C24_alkamine_trihydroxy	2
320419|Mustelus californicus	C24_dihydroxy	1
320419|Mustelus californicus	C24_tetrahydroxy	1
320419|Mustelus californicus	C24_trihydroxy	2
320419|Mustelus californicus	C27_dihydroxy	1
320419|Mustelus californicus	C27_monohydroxy	3
320419|Mustelus californicus	C27_tetrahydroxy	1
320419|Mustelus californicus	C27_trihydroxy	1
32072|Neoblechnum brasiliense	C28_alcohol_2OH	0
32072|Neoblechnum brasiliense	C28_alcohol_3OH	0
320912|Maribacter dokdonensis	C28_alcohol_2OH	0
320912|Maribacter dokdonensis	C28_alcohol_3OH	0
321074|Gypohierax angolensis	C24_alkamine_trihydroxy	2
321074|Gypohierax angolensis	C24_dihydroxy	14
321074|Gypohierax angolensis	C24_tetrahydroxy	5
321074|Gypohierax angolensis	C24_trihydroxy	14
321074|Gypohierax angolensis	C27_dihydroxy	3
321074|Gypohierax angolensis	C27_monohydroxy	1
321074|Gypohierax angolensis	C27_tetrahydroxy	1
321074|Gypohierax angolensis	C27_trihydroxy	1
32239|Dasiphora fruticosa	C28_alcohol_3OH	0
32247|Rubus idaeus	C24_trihydroxy	4
32247|Rubus idaeus	C27_dihydroxy	2
32247|Rubus idaeus	C28_alcohol_3OH	0
322580|Ramphastos dicolorus	C24_alkamine_tetrahydroxy	1
322580|Ramphastos dicolorus	C24_dihydroxy	5
322580|Ramphastos dicolorus	C24_monohydroxy	1
322580|Ramphastos dicolorus	C24_trihydroxy	6
322580|Ramphastos dicolorus	C27_dihydroxy	3
322580|Ramphastos dicolorus	C27_monohydroxy	1
322580|Ramphastos dicolorus	C27_pentahydroxy	1
322580|Ramphastos dicolorus	C27_tetrahydroxy	1
322580|Ramphastos dicolorus	C27_trihydroxy	1
32258|Rhus copallinum	C24_alkamine_trihydroxy	6
32258|Rhus copallinum	C24_alkamine_pentahydroxy	14
32258|Rhus copallinum	C24_alkamine_tetrahydroxy	8
32258|Rhus copallinum	C24_dihydroxy	2
32258|Rhus copallinum	C24_tetrahydroxy	160
32258|Rhus copallinum	C24_trihydroxy	4
32258|Rhus copallinum	C28_alcohol_2OH	0
32258|Rhus copallinum	C28_alcohol_3OH	0
324058|Mycobacterium alsense	C28_alcohol_2OH	0
3240|Psilotum nudum	C24_trihydroxy	1
3240|Psilotum nudum	C28_alcohol_3OH	0
32458|Glossolepis incisus	C24_dihydroxy	2
32458|Glossolepis incisus	C24_trihydroxy	3
324831|Lactobacillus gasseri ATCC 33323 = JCM 1131	C24_alkamine_trihydroxy	6
324831|Lactobacillus gasseri ATCC 33323 = JCM 1131	C24_alkamine_dihydroxy	4
324831|Lactobacillus gasseri ATCC 33323 = JCM 1131	C24_dihydroxy	5
324831|Lactobacillus gasseri ATCC 33323 = JCM 1131	C24_trihydroxy	3
325332|Halcyon leucocephala	C24_alkamine_pentahydroxy	1
325332|Halcyon leucocephala	C24_dihydroxy	4
325332|Halcyon leucocephala	C24_pentahydroxy	1
325332|Halcyon leucocephala	C24_tetrahydroxy	2
325332|Halcyon leucocephala	C24_trihydroxy	1
325332|Halcyon leucocephala	C27_dihydroxy	1
325332|Halcyon leucocephala	C27_monohydroxy	2
325332|Halcyon leucocephala	C27_tetrahydroxy	2
325332|Halcyon leucocephala	C27_trihydroxy	2
325335|Ceryle rudis	C24_alkamine_pentahydroxy	1
325335|Ceryle rudis	C24_dihydroxy	3
325335|Ceryle rudis	C24_tetrahydroxy	2
325335|Ceryle rudis	C24_trihydroxy	2
325335|Ceryle rudis	C27_dihydroxy	2
325340|Merops bulocki	C24_dihydroxy	4
325340|Merops bulocki	C24_trihydroxy	2
325340|Merops bulocki	C27_dihydroxy	4
325340|Merops bulocki	C27_tetrahydroxy	4
325340|Merops bulocki	C27_trihydroxy	4
32536|Acinonyx jubatus	C23_trihydroxy	1
32536|Acinonyx jubatus	C24_alkamine_trihydroxy	75
32536|Acinonyx jubatus	C24_alkamine_dihydroxy	46
32536|Acinonyx jubatus	C24_alkamine_tetrahydroxy	17
32536|Acinonyx jubatus	C24_dihydroxy	116
32536|Acinonyx jubatus	C24_tetrahydroxy	54
32536|Acinonyx jubatus	C24_trihydroxy	160
32536|Acinonyx jubatus	C27_dihydroxy	1
32536|Acinonyx jubatus	C27_monohydroxy	1
32536|Acinonyx jubatus	C27_tetrahydroxy	1
32536|Acinonyx jubatus	C27_trihydroxy	1
32544|Dasyuroides byrnei	C24_alkamine_pentahydroxy	1
32544|Dasyuroides byrnei	C24_dihydroxy	5
32544|Dasyuroides byrnei	C24_tetrahydroxy	1
32544|Dasyuroides byrnei	C24_trihydroxy	4
32544|Dasyuroides byrnei	C27_dihydroxy	2
32544|Dasyuroides byrnei	C27_monohydroxy	2
326329|Polaribacter dokdonensis	C24_dihydroxy	4
326329|Polaribacter dokdonensis	C24_monohydroxy	10
326329|Polaribacter dokdonensis	C28_alcohol_3OH	0
326423|Bacillus velezensis FZB42	C28_alcohol_3OH	0
3271|Dicksonia antarctica	C24_tetrahydroxy	1
3271|Dicksonia antarctica	C27_dihydroxy	2
3271|Dicksonia antarctica	C27_monohydroxy	1
3271|Dicksonia antarctica	C27_trihydroxy	1
3271|Dicksonia antarctica	C28_alcohol_2OH	0
3271|Dicksonia antarctica	C28_alcohol_3OH	0
327777|Epinephelus ongus	C24_dihydroxy	7
327777|Epinephelus ongus	C24_trihydroxy	11
327777|Epinephelus ongus	C27_dihydroxy	4
327777|Epinephelus ongus	C27_monohydroxy	3
328752|Costus afer	C24_alkamine_pentahydroxy	2
328752|Costus afer	C24_nonhydroxy	2
328752|Costus afer	C28_alcohol_2OH	0
328752|Costus afer	C28_alcohol_3OH	0
3287|Dryopteris	C24_trihydroxy	3
3287|Dryopteris	C28_alcohol_3OH	0
329523|Streptomyces albiaxialis	C24_dihydroxy	1
329523|Streptomyces albiaxialis	C27_dihydroxy	1
329523|Streptomyces albiaxialis	C28_alcohol_3OH	0
329524|Streptomyces albidochromogenes	C24_alkamine_tetrahydroxy	2
329524|Streptomyces albidochromogenes	C24_nonhydroxy	2
329524|Streptomyces albidochromogenes	C24_trihydroxy	14
329524|Streptomyces albidochromogenes	C28_alcohol_2OH	0
329524|Streptomyces albidochromogenes	C28_alcohol_3OH	0
33008|Rhodococcus globerulus	C24_alkamine_tetrahydroxy	2
3300|Encephalartos altensteinii	C23_pentahydroxy	1
3300|Encephalartos altensteinii	C24_alkamine_tetrahydroxy	1
3300|Encephalartos altensteinii	C24_pentahydroxy	1
3304|Zamia pumila	C23_pentahydroxy	1
3304|Zamia pumila	C28_alcohol_3OH	0
3311|Ginkgo biloba	C28_alcohol_3OH	0
33178|Aspergillus terreus	C24_alkamine_pentahydroxy	3
33178|Aspergillus terreus	C24_trihydroxy	3
3317|Thuja occidentalis	C28_alcohol_2OH	0
3317|Thuja occidentalis	C28_alcohol_3OH	0
332591|Streptomyces rectiviolaceus	C24_alkamine_trihydroxy	2
332591|Streptomyces rectiviolaceus	C24_trihydroxy	4
332648|Botrytis cinerea B05.10	C24_alkamine_monohydroxy	9
332648|Botrytis cinerea B05.10	C24_monohydroxy	6
332648|Botrytis cinerea B05.10	C28_alcohol_2OH	0
332648|Botrytis cinerea B05.10	C28_alcohol_3OH	0
3326|Larix laricina	C24_trihydroxy	2
3326|Larix laricina	C28_alcohol_3OH	0
3330|Picea glauca	C24_alkamine_pentahydroxy	5
3330|Picea glauca	C24_pentahydroxy	5
3330|Picea glauca	C24_tetrahydroxy	68
3330|Picea glauca	C28_alcohol_3OH	0
333676|Hylarana albolabris	C24_alkamine_trihydroxy	1
333676|Hylarana albolabris	C24_trihydroxy	3
333676|Hylarana albolabris	C27_dihydroxy	8
333676|Hylarana albolabris	C27_monohydroxy	4
333676|Hylarana albolabris	C27_tetrahydroxy	1
333676|Hylarana albolabris	C27_trihydroxy	1
3337|Pinus	C27_dihydroxy	2
3337|Pinus	C28_alcohol_2OH	0
3337|Pinus	C28_alcohol_3OH	0
334483|Syzygium jambos	C28_alcohol_3OH	0
334663|Euphorbia aeruginosa	C23_dihydroxy	2
334663|Euphorbia aeruginosa	C23_monohydroxy	2
334663|Euphorbia aeruginosa	C24_alkamine_dihydroxy	28
334663|Euphorbia aeruginosa	C24_nonhydroxy	70
334663|Euphorbia aeruginosa	C26_dihydroxy	4
334663|Euphorbia aeruginosa	C27_dihydroxy	12
334663|Euphorbia aeruginosa	C27_monohydroxy	18
334663|Euphorbia aeruginosa	C27_tetrahydroxy	10
334663|Euphorbia aeruginosa	C27_trihydroxy	10
334663|Euphorbia aeruginosa	C28_alcohol_2OH	0
334663|Euphorbia aeruginosa	C28_alcohol_3OH	0
334858|Goodfellowiella coeruleoviolacea	C24_alkamine_trihydroxy	2
334858|Goodfellowiella coeruleoviolacea	C24_alkamine_monohydroxy	4
334858|Goodfellowiella coeruleoviolacea	C26_dihydroxy	2
334858|Goodfellowiella coeruleoviolacea	C28_alcohol_3OH	0
3348|Pinus strobus	C28_alcohol_3OH	0
3349691|Nilgiritragus hylocrius	C24_alkamine_trihydroxy	4
3349691|Nilgiritragus hylocrius	C24_alkamine_dihydroxy	1
3349691|Nilgiritragus hylocrius	C24_alkamine_pentahydroxy	3
3349691|Nilgiritragus hylocrius	C24_dihydroxy	15
3349691|Nilgiritragus hylocrius	C24_tetrahydroxy	4
3349691|Nilgiritragus hylocrius	C24_trihydroxy	15
3349691|Nilgiritragus hylocrius	C27_dihydroxy	4
3349691|Nilgiritragus hylocrius	C27_monohydroxy	5
3353|Pinus banksiana	C24_alkamine_pentahydroxy	2
3353|Pinus banksiana	C24_pentahydroxy	30
3353|Pinus banksiana	C24_tetrahydroxy	125
3353|Pinus banksiana	C27_dihydroxy	5
3353|Pinus banksiana	C27_monohydroxy	3
3353|Pinus banksiana	C27_tetrahydroxy	2
3353|Pinus banksiana	C27_trihydroxy	2
3353|Pinus banksiana	C28_alcohol_3OH	0
335483|Eudocimus ruber	C24_alkamine_trihydroxy	2
335483|Eudocimus ruber	C24_dihydroxy	14
335483|Eudocimus ruber	C24_monohydroxy	1
335483|Eudocimus ruber	C24_tetrahydroxy	2
335483|Eudocimus ruber	C24_trihydroxy	12
335483|Eudocimus ruber	C27_dihydroxy	3
335483|Eudocimus ruber	C27_monohydroxy	2
335483|Eudocimus ruber	C27_tetrahydroxy	4
335483|Eudocimus ruber	C27_trihydroxy	4
33576|Plegadis ridgwayi	C24_alkamine_tetrahydroxy	2
33576|Plegadis ridgwayi	C24_dihydroxy	12
33576|Plegadis ridgwayi	C24_monohydroxy	3
33576|Plegadis ridgwayi	C24_tetrahydroxy	8
33576|Plegadis ridgwayi	C24_trihydroxy	8
33576|Plegadis ridgwayi	C27_dihydroxy	5
33576|Plegadis ridgwayi	C27_monohydroxy	3
33576|Plegadis ridgwayi	C27_tetrahydroxy	2
33576|Plegadis ridgwayi	C27_trihydroxy	2
33578|Platalea alba	C24_alkamine_trihydroxy	1
33578|Platalea alba	C24_alkamine_tetrahydroxy	1
33578|Platalea alba	C24_dihydroxy	4
33578|Platalea alba	C24_tetrahydroxy	4
33578|Platalea alba	C24_trihydroxy	17
33578|Platalea alba	C27_dihydroxy	4
33578|Platalea alba	C27_tetrahydroxy	1
33578|Platalea alba	C27_trihydroxy	1
33581|Scopus umbretta	C24_alkamine_tetrahydroxy	2
33581|Scopus umbretta	C24_dihydroxy	12
33581|Scopus umbretta	C24_tetrahydroxy	4
33581|Scopus umbretta	C24_trihydroxy	6
33581|Scopus umbretta	C27_monohydroxy	1
33584|Balaeniceps rex	C24_alkamine_pentahydroxy	1
33584|Balaeniceps rex	C24_alkamine_tetrahydroxy	1
33584|Balaeniceps rex	C24_dihydroxy	4
33584|Balaeniceps rex	C24_tetrahydroxy	6
33584|Balaeniceps rex	C24_trihydroxy	4
33603|Coccyzus americanus	C24_dihydroxy	1
33603|Coccyzus americanus	C24_tetrahydroxy	1
33603|Coccyzus americanus	C24_trihydroxy	4
33603|Coccyzus americanus	C27_dihydroxy	2
33603|Coccyzus americanus	C27_tetrahydroxy	2
33603|Coccyzus americanus	C27_trihydroxy	2
33605|Torgos	C24_alkamine_trihydroxy	14
33605|Torgos	C24_alkamine_dihydroxy	6
33605|Torgos	C24_alkamine_tetrahydroxy	4
33605|Torgos	C24_dihydroxy	10
33605|Torgos	C24_tetrahydroxy	6
33605|Torgos	C24_trihydroxy	12
33605|Torgos	C27_monohydroxy	4
33605|Torgos	C28_alcohol_3OH	0
33614|Coragyps atratus	C24_alkamine_pentahydroxy	1
33614|Coragyps atratus	C24_alkamine_tetrahydroxy	5
33614|Coragyps atratus	C24_dihydroxy	14
33614|Coragyps atratus	C24_tetrahydroxy	7
33614|Coragyps atratus	C24_trihydroxy	8
33614|Coragyps atratus	C27_dihydroxy	5
33614|Coragyps atratus	C27_monohydroxy	1
33614|Coragyps atratus	C27_tetrahydroxy	2
33614|Coragyps atratus	C27_trihydroxy	2
33616|Gymnogyps californianus	C23_dihydroxy	4
33616|Gymnogyps californianus	C23_trihydroxy	1
33616|Gymnogyps californianus	C24_alkamine_trihydroxy	1
33616|Gymnogyps californianus	C24_alkamine_pentahydroxy	1
33616|Gymnogyps californianus	C24_alkamine_tetrahydroxy	2
33616|Gymnogyps californianus	C24_dihydroxy	62
33616|Gymnogyps californianus	C24_monohydroxy	6
33616|Gymnogyps californianus	C24_pentahydroxy	1
33616|Gymnogyps californianus	C24_tetrahydroxy	28
33616|Gymnogyps californianus	C24_trihydroxy	48
33616|Gymnogyps californianus	C27_dihydroxy	22
33616|Gymnogyps californianus	C27_monohydroxy	11
33616|Gymnogyps californianus	C27_pentahydroxy	2
33616|Gymnogyps californianus	C27_tetrahydroxy	7
33616|Gymnogyps californianus	C27_trihydroxy	7
33618|Pelecanus erythrorhynchos	C24_alkamine_trihydroxy	1
33618|Pelecanus erythrorhynchos	C24_dihydroxy	10
33618|Pelecanus erythrorhynchos	C24_monohydroxy	2
33618|Pelecanus erythrorhynchos	C24_tetrahydroxy	3
33618|Pelecanus erythrorhynchos	C24_trihydroxy	4
33618|Pelecanus erythrorhynchos	C27_dihydroxy	3
33618|Pelecanus erythrorhynchos	C27_monohydroxy	3
33618|Pelecanus erythrorhynchos	C27_tetrahydroxy	3
33618|Pelecanus erythrorhynchos	C27_trihydroxy	3
337066|Streptomyces albus subsp. chlorinus	C24_alkamine_trihydroxy	4
337066|Streptomyces albus subsp. chlorinus	C24_monohydroxy	4
337066|Streptomyces albus subsp. chlorinus	C28_alcohol_3OH	0
3377|Welwitschia mirabilis	C24_monohydroxy	3
3377|Welwitschia mirabilis	C24_trihydroxy	2
3377|Welwitschia mirabilis	C27_tetrahydroxy	2
3377|Welwitschia mirabilis	C28_alcohol_2OH	0
3377|Welwitschia mirabilis	C28_alcohol_3OH	0
338188|Bacteroides finegoldii	C24_alkamine_trihydroxy	22
338188|Bacteroides finegoldii	C24_alkamine_dihydroxy	79
338188|Bacteroides finegoldii	C24_alkamine_monohydroxy	1
338188|Bacteroides finegoldii	C24_alkamine_pentahydroxy	1
338188|Bacteroides finegoldii	C24_alkamine_tetrahydroxy	23
338188|Bacteroides finegoldii	C28_alcohol_2OH	0
338188|Bacteroides finegoldii	C28_alcohol_3OH	0
338444|Arses telescopthalmus	C24_dihydroxy	3
338444|Arses telescopthalmus	C24_tetrahydroxy	2
338444|Arses telescopthalmus	C24_trihydroxy	1
33882|Microbacterium	C24_alkamine_trihydroxy	2
33882|Microbacterium	C24_tetrahydroxy	2
33882|Microbacterium	C24_trihydroxy	1
33897|Streptomyces bluensis	C24_alkamine_dihydroxy	2
33897|Streptomyces bluensis	C24_monohydroxy	2
33899|Streptomyces galilaeus	C28_alcohol_3OH	0
33900|Streptomyces murinus	C23_pentahydroxy	2
33900|Streptomyces murinus	C24_alkamine_dihydroxy	2
33900|Streptomyces murinus	C27_dihydroxy	2
33900|Streptomyces murinus	C28_alcohol_3OH	0
3390747|Geophaps scripta scripta	C24_dihydroxy	2
3390747|Geophaps scripta scripta	C24_trihydroxy	1
339321|Rubia cordifolia	C28_alcohol_3OH	0
33959|Lactobacillus johnsonii	C24_alkamine_trihydroxy	6
33959|Lactobacillus johnsonii	C24_alkamine_dihydroxy	4
33959|Lactobacillus johnsonii	C24_dihydroxy	2
33959|Lactobacillus johnsonii	C24_trihydroxy	5
3397|Cycas circinalis	C28_alcohol_3OH	0
340148|Streptomyces polyantibioticus	C28_alcohol_2OH	0
340148|Streptomyces polyantibioticus	C28_alcohol_3OH	0
34199|Aloe vera	C28_alcohol_3OH	0
34203|Maranta leuconeura	C27_monohydroxy	4
34203|Maranta leuconeura	C28_alcohol_3OH	0
34205|Iris germanica	C28_alcohol_2OH	0
34205|Iris germanica	C28_alcohol_3OH	0
342380|Todiramphus sanctus	C24_dihydroxy	2
342380|Todiramphus sanctus	C24_tetrahydroxy	1
342380|Todiramphus sanctus	C24_trihydroxy	1
342381|Halcyon senegalensis	C24_dihydroxy	2
342381|Halcyon senegalensis	C24_tetrahydroxy	3
342381|Halcyon senegalensis	C24_trihydroxy	4
342381|Halcyon senegalensis	C27_monohydroxy	1
342381|Halcyon senegalensis	C27_tetrahydroxy	1
342381|Halcyon senegalensis	C27_trihydroxy	1
342387|Tanysiptera galatea	C24_trihydroxy	2
342437|Arothron meleagris	C24_alkamine_trihydroxy	3
342437|Arothron meleagris	C24_alkamine_dihydroxy	1
342437|Arothron meleagris	C24_alkamine_tetrahydroxy	1
342437|Arothron meleagris	C24_dihydroxy	4
342437|Arothron meleagris	C24_trihydroxy	3
342437|Arothron meleagris	C27_dihydroxy	2
342441|Heteropriacanthus cruentatus	C24_alkamine_pentahydroxy	2
342441|Heteropriacanthus cruentatus	C24_dihydroxy	3
342441|Heteropriacanthus cruentatus	C24_tetrahydroxy	4
342441|Heteropriacanthus cruentatus	C24_trihydroxy	10
342441|Heteropriacanthus cruentatus	C27_dihydroxy	1
34256|Mentha x piperita	C23_pentahydroxy	3
34256|Mentha x piperita	C24_alkamine_trihydroxy	2
34256|Mentha x piperita	C24_alkamine_tetrahydroxy	6
34256|Mentha x piperita	C24_dihydroxy	1
34256|Mentha x piperita	C24_pentahydroxy	3
34256|Mentha x piperita	C24_tetrahydroxy	33
34256|Mentha x piperita	C24_trihydroxy	1
34256|Mentha x piperita	C27_monohydroxy	1
34256|Mentha x piperita	C27_pentahydroxy	6
34256|Mentha x piperita	C27_tetrahydroxy	1
34256|Mentha x piperita	C27_trihydroxy	1
34256|Mentha x piperita	C28_alcohol_3OH	0
34268|Hemigraphis	C23_pentahydroxy	1
34268|Hemigraphis	C24_alkamine_tetrahydroxy	2
34268|Hemigraphis	C24_tetrahydroxy	1
34268|Hemigraphis	C26_dihydroxy	5
34268|Hemigraphis	C28_alcohol_3OH	0
3434|Persea	C24_alkamine_tetrahydroxy	2
3434|Persea	C24_monohydroxy	2
3434|Persea	C28_alcohol_3OH	0
3435|Persea americana	C26_dihydroxy	1
3435|Persea americana	C27_monohydroxy	1
3435|Persea americana	C28_alcohol_2OH	0
3435|Persea americana	C28_alcohol_3OH	0
34433|Leucoagaricus	C23_dihydroxy	25
34433|Leucoagaricus	C23_tetrahydroxy	2
34433|Leucoagaricus	C23_trihydroxy	19
34433|Leucoagaricus	C24_alkamine_trihydroxy	11
34433|Leucoagaricus	C24_alkamine_dihydroxy	9
34433|Leucoagaricus	C24_alkamine_monohydroxy	3
34433|Leucoagaricus	C24_alkamine_tetrahydroxy	13
34433|Leucoagaricus	C24_dihydroxy	4
34433|Leucoagaricus	C24_trihydroxy	22
34433|Leucoagaricus	C26_dihydroxy	33
34433|Leucoagaricus	C27_dihydroxy	131
34433|Leucoagaricus	C27_monohydroxy	43
34433|Leucoagaricus	C27_tetrahydroxy	4
34433|Leucoagaricus	C27_trihydroxy	4
34433|Leucoagaricus	C28_alcohol_2OH	0
34433|Leucoagaricus	C28_alcohol_3OH	0
34436|Chlorophyllum rhacodes	C24_tetrahydroxy	2
344753|Oryx beisa	C24_alkamine_trihydroxy	1
344753|Oryx beisa	C24_dihydroxy	18
344753|Oryx beisa	C24_monohydroxy	4
344753|Oryx beisa	C24_pentahydroxy	2
344753|Oryx beisa	C24_tetrahydroxy	12
344753|Oryx beisa	C24_trihydroxy	22
344753|Oryx beisa	C27_dihydroxy	1
344753|Oryx beisa	C27_monohydroxy	5
344753|Oryx beisa	C27_tetrahydroxy	1
344753|Oryx beisa	C27_trihydroxy	1
344753|Oryx beisa	C28_alcohol_3OH	0
3447|Ranunculus acris	C23_trihydroxy	2
3447|Ranunculus acris	C24_alkamine_pentahydroxy	3
3447|Ranunculus acris	C24_alkamine_tetrahydroxy	1
3447|Ranunculus acris	C24_nonhydroxy	1
3447|Ranunculus acris	C24_tetrahydroxy	3
3447|Ranunculus acris	C24_trihydroxy	18
3447|Ranunculus acris	C27_pentahydroxy	3
3468|Papaver	C27_monohydroxy	2
3468|Papaver	C28_alcohol_3OH	0
34720|Trachymyrmex septentrionalis	C23_trihydroxy	1
34720|Trachymyrmex septentrionalis	C24_trihydroxy	93
34720|Trachymyrmex septentrionalis	C27_dihydroxy	1
34720|Trachymyrmex septentrionalis	C27_monohydroxy	3
347388|Thymus praecox	C24_alkamine_trihydroxy	1
347388|Thymus praecox	C24_alkamine_tetrahydroxy	2
347388|Thymus praecox	C24_monohydroxy	1
347388|Thymus praecox	C28_alcohol_3OH	0
34785|Callionymus lyra	C23_dihydroxy	1
34785|Callionymus lyra	C24_alkamine_trihydroxy	1
34785|Callionymus lyra	C24_dihydroxy	8
34785|Callionymus lyra	C24_tetrahydroxy	4
34785|Callionymus lyra	C24_trihydroxy	17
34785|Callionymus lyra	C27_dihydroxy	4
34785|Callionymus lyra	C27_monohydroxy	3
34825|Propithecus verreauxi	C24_alkamine_trihydroxy	3
34825|Propithecus verreauxi	C24_alkamine_pentahydroxy	1
34825|Propithecus verreauxi	C24_dihydroxy	6
34825|Propithecus verreauxi	C24_pentahydroxy	2
34825|Propithecus verreauxi	C24_tetrahydroxy	8
34825|Propithecus verreauxi	C24_trihydroxy	45
34828|Eulemur mongoz	C24_dihydroxy	4
34828|Eulemur mongoz	C24_tetrahydroxy	4
34828|Eulemur mongoz	C24_trihydroxy	5
34828|Eulemur mongoz	C27_dihydroxy	1
34828|Eulemur mongoz	C27_monohydroxy	1
348295|Cervus canadensis sibiricus	C24_dihydroxy	4
348295|Cervus canadensis sibiricus	C24_tetrahydroxy	1
348295|Cervus canadensis sibiricus	C24_trihydroxy	3
3482|Cannabis	C28_alcohol_3OH	0
3483|Cannabis sativa	C27_monohydroxy	6
3483|Cannabis sativa	C28_alcohol_3OH	0
34842|Capromys pilorides	C24_alkamine_trihydroxy	1
34842|Capromys pilorides	C24_alkamine_pentahydroxy	3
34842|Capromys pilorides	C24_alkamine_tetrahydroxy	2
34842|Capromys pilorides	C24_dihydroxy	12
34842|Capromys pilorides	C24_pentahydroxy	3
34842|Capromys pilorides	C24_tetrahydroxy	39
34842|Capromys pilorides	C24_trihydroxy	26
34842|Capromys pilorides	C27_dihydroxy	1
34842|Capromys pilorides	C27_monohydroxy	3
34846|Dasyprocta punctata	C24_dihydroxy	31
34846|Dasyprocta punctata	C24_tetrahydroxy	7
34846|Dasyprocta punctata	C24_trihydroxy	28
34846|Dasyprocta punctata	C27_monohydroxy	1
348477|Chamaedorea metallica	C23_pentahydroxy	1
348477|Chamaedorea metallica	C24_pentahydroxy	1
348477|Chamaedorea metallica	C24_trihydroxy	1
348477|Chamaedorea metallica	C28_alcohol_2OH	0
348477|Chamaedorea metallica	C28_alcohol_3OH	0
34861|Sciurus niger	C24_dihydroxy	2
34861|Sciurus niger	C24_tetrahydroxy	2
34861|Sciurus niger	C24_trihydroxy	4
3486|Humulus lupulus	C24_alkamine_trihydroxy	12
3486|Humulus lupulus	C24_alkamine_pentahydroxy	6
3486|Humulus lupulus	C28_alcohol_3OH	0
34873|Oreamnos americanus	C23_dihydroxy	1
34873|Oreamnos americanus	C23_trihydroxy	1
34873|Oreamnos americanus	C24_alkamine_trihydroxy	1
34873|Oreamnos americanus	C24_dihydroxy	11
34873|Oreamnos americanus	C24_tetrahydroxy	4
34873|Oreamnos americanus	C24_trihydroxy	21
34873|Oreamnos americanus	C27_dihydroxy	5
34873|Oreamnos americanus	C27_monohydroxy	2
34875|Saiga tatarica	C24_alkamine_trihydroxy	1
34875|Saiga tatarica	C24_alkamine_pentahydroxy	1
34875|Saiga tatarica	C24_dihydroxy	18
34875|Saiga tatarica	C24_tetrahydroxy	7
34875|Saiga tatarica	C24_trihydroxy	26
34875|Saiga tatarica	C27_dihydroxy	1
34875|Saiga tatarica	C27_monohydroxy	6
34880|Nyctereutes procyonoides	C24_alkamine_trihydroxy	2
34880|Nyctereutes procyonoides	C24_alkamine_dihydroxy	2
34880|Nyctereutes procyonoides	C24_alkamine_tetrahydroxy	2
34880|Nyctereutes procyonoides	C24_dihydroxy	6
34880|Nyctereutes procyonoides	C24_monohydroxy	2
34880|Nyctereutes procyonoides	C24_trihydroxy	6
34880|Nyctereutes procyonoides	C28_alcohol_2OH	0
34880|Nyctereutes procyonoides	C28_alcohol_3OH	0
34882|Enhydra lutris	C23_trihydroxy	1
34882|Enhydra lutris	C24_alkamine_trihydroxy	4
34882|Enhydra lutris	C24_alkamine_pentahydroxy	2
34882|Enhydra lutris	C24_alkamine_tetrahydroxy	3
34882|Enhydra lutris	C24_dihydroxy	8
34882|Enhydra lutris	C24_tetrahydroxy	7
34882|Enhydra lutris	C24_trihydroxy	19
34882|Enhydra lutris	C27_dihydroxy	9
34882|Enhydra lutris	C27_monohydroxy	7
34882|Enhydra lutris	C27_tetrahydroxy	3
34882|Enhydra lutris	C27_trihydroxy	3
34886|Eumetopias jubatus	C23_dihydroxy	2
34886|Eumetopias jubatus	C24_alkamine_trihydroxy	4
34886|Eumetopias jubatus	C24_dihydroxy	2
34886|Eumetopias jubatus	C24_tetrahydroxy	3
34886|Eumetopias jubatus	C24_trihydroxy	7
34899|Petaurus breviceps	C24_alkamine_trihydroxy	1
34899|Petaurus breviceps	C24_alkamine_dihydroxy	2
34899|Petaurus breviceps	C24_alkamine_tetrahydroxy	1
34899|Petaurus breviceps	C24_dihydroxy	2
34899|Petaurus breviceps	C24_tetrahydroxy	4
34899|Petaurus breviceps	C24_trihydroxy	6
34932|Chlamydera nuchalis	C24_dihydroxy	2
34932|Chlamydera nuchalis	C24_monohydroxy	1
34932|Chlamydera nuchalis	C24_tetrahydroxy	2
34932|Chlamydera nuchalis	C24_trihydroxy	4
34932|Chlamydera nuchalis	C27_dihydroxy	5
34932|Chlamydera nuchalis	C27_monohydroxy	1
34932|Chlamydera nuchalis	C27_tetrahydroxy	6
34932|Chlamydera nuchalis	C27_trihydroxy	6
3493|Ficus	C24_monohydroxy	3
3493|Ficus	C24_nonhydroxy	4
3493|Ficus	C27_dihydroxy	2
3493|Ficus	C27_pentahydroxy	2
3493|Ficus	C28_alcohol_3OH	0
3494|Ficus carica	C23_pentahydroxy	1
3494|Ficus carica	C24_alkamine_trihydroxy	2
3494|Ficus carica	C24_alkamine_monohydroxy	2
3494|Ficus carica	C24_monohydroxy	2
3494|Ficus carica	C24_tetrahydroxy	1
3494|Ficus carica	C26_dihydroxy	4
3494|Ficus carica	C27_pentahydroxy	1
3494|Ficus carica	C28_alcohol_2OH	0
3494|Ficus carica	C28_alcohol_3OH	0
349741|Akkermansia muciniphila ATCC BAA-835	C24_alkamine_trihydroxy	12
349741|Akkermansia muciniphila ATCC BAA-835	C24_alkamine_dihydroxy	4
349741|Akkermansia muciniphila ATCC BAA-835	C24_dihydroxy	9
349741|Akkermansia muciniphila ATCC BAA-835	C24_trihydroxy	14
349741|Akkermansia muciniphila ATCC BAA-835	C28_alcohol_2OH	0
34997|Nerodia erythrogaster	C24_alkamine_trihydroxy	4
34997|Nerodia erythrogaster	C24_alkamine_tetrahydroxy	1
34997|Nerodia erythrogaster	C24_dihydroxy	8
34997|Nerodia erythrogaster	C24_pentahydroxy	5
34997|Nerodia erythrogaster	C24_tetrahydroxy	14
34997|Nerodia erythrogaster	C24_trihydroxy	30
34997|Nerodia erythrogaster	C27_dihydroxy	2
34997|Nerodia erythrogaster	C27_monohydroxy	1
34997|Nerodia erythrogaster	C27_pentahydroxy	2
34998|Nerodia fasciata	C24_dihydroxy	8
34998|Nerodia fasciata	C24_tetrahydroxy	6
34998|Nerodia fasciata	C24_trihydroxy	13
35017|Thamnophis saurita	C24_alkamine_pentahydroxy	1
35017|Thamnophis saurita	C24_dihydroxy	10
35017|Thamnophis saurita	C24_pentahydroxy	2
35017|Thamnophis saurita	C24_tetrahydroxy	8
35017|Thamnophis saurita	C24_trihydroxy	17
35019|Thamnophis sirtalis	C24_alkamine_trihydroxy	2
35019|Thamnophis sirtalis	C24_alkamine_pentahydroxy	1
35019|Thamnophis sirtalis	C24_dihydroxy	14
35019|Thamnophis sirtalis	C24_monohydroxy	2
35019|Thamnophis sirtalis	C24_pentahydroxy	1
35019|Thamnophis sirtalis	C24_tetrahydroxy	2
35019|Thamnophis sirtalis	C24_trihydroxy	21
35019|Thamnophis sirtalis	C27_dihydroxy	5
35019|Thamnophis sirtalis	C27_monohydroxy	2
35019|Thamnophis sirtalis	C27_tetrahydroxy	1
35019|Thamnophis sirtalis	C27_trihydroxy	1
350701|Burkholderia dolosa AU0158	C24_trihydroxy	1
350701|Burkholderia dolosa AU0158	C28_alcohol_3OH	0
3507|Betula papyrifera	C23_dihydroxy	8
3507|Betula papyrifera	C23_pentahydroxy	1
3507|Betula papyrifera	C23_trihydroxy	3
3507|Betula papyrifera	C24_alkamine_trihydroxy	9
3507|Betula papyrifera	C24_alkamine_dihydroxy	6
3507|Betula papyrifera	C24_alkamine_pentahydroxy	22
3507|Betula papyrifera	C24_alkamine_tetrahydroxy	10
3507|Betula papyrifera	C24_dihydroxy	22
3507|Betula papyrifera	C24_monohydroxy	14
3507|Betula papyrifera	C24_pentahydroxy	3
3507|Betula papyrifera	C27_dihydroxy	7
3507|Betula papyrifera	C27_pentahydroxy	4
3507|Betula papyrifera	C27_tetrahydroxy	27
3507|Betula papyrifera	C27_trihydroxy	34
3507|Betula papyrifera	C28_alcohol_2OH	0
3507|Betula papyrifera	C28_alcohol_3OH	0
3512|Quercus rubra	C24_alkamine_trihydroxy	3
3512|Quercus rubra	C24_alkamine_pentahydroxy	13
3512|Quercus rubra	C24_alkamine_tetrahydroxy	2
3512|Quercus rubra	C28_alcohol_3OH	0
351340|Centaurea jacea	C23_trihydroxy	1
351340|Centaurea jacea	C24_trihydroxy	2
3527|Phytolacca americana	C28_alcohol_3OH	0
352869|Nocardia gamkensis	C24_dihydroxy	2
3533|Rivina humilis	C28_alcohol_3OH	0
35525|Daphnia magna	C23_dihydroxy	2
35525|Daphnia magna	C24_alkamine_trihydroxy	6
35525|Daphnia magna	C24_alkamine_dihydroxy	2
35525|Daphnia magna	C26_dihydroxy	18
35525|Daphnia magna	C27_dihydroxy	15
35525|Daphnia magna	C27_monohydroxy	32
35525|Daphnia magna	C27_pentahydroxy	10
35525|Daphnia magna	C27_tetrahydroxy	28
35525|Daphnia magna	C27_trihydroxy	28
35525|Daphnia magna	C28_alcohol_2OH	0
35525|Daphnia magna	C28_alcohol_3OH	0
3554|Beta	C24_alkamine_tetrahydroxy	10
3554|Beta	C24_dihydroxy	1
3554|Beta	C28_alcohol_3OH	0
35552|Calyptorhynchus banksii graptogyne	C24_dihydroxy	3
35552|Calyptorhynchus banksii graptogyne	C24_tetrahydroxy	1
35552|Calyptorhynchus banksii graptogyne	C24_trihydroxy	1
3555|Beta vulgaris subsp. vulgaris	C28_alcohol_3OH	0
3558|Chenopodium	C24_alkamine_pentahydroxy	4
3558|Chenopodium	C28_alcohol_3OH	0
356198|Caecilia tentaculata	C24_alkamine_trihydroxy	2
356198|Caecilia tentaculata	C24_trihydroxy	3
3561|Spinacia	C24_alkamine_tetrahydroxy	6
3561|Spinacia	C24_pentahydroxy	1
3561|Spinacia	C24_tetrahydroxy	1
3561|Spinacia	C27_pentahydroxy	2
3561|Spinacia	C28_alcohol_3OH	0
35620|Streptomyces hirsutus	C24_alkamine_tetrahydroxy	2
35620|Streptomyces hirsutus	C24_monohydroxy	6
35620|Streptomyces hirsutus	C24_trihydroxy	6
35620|Streptomyces hirsutus	C28_alcohol_2OH	0
35620|Streptomyces hirsutus	C28_alcohol_3OH	0
35621|Streptomyces mobaraensis	C24_alkamine_trihydroxy	2
35621|Streptomyces mobaraensis	C28_alcohol_3OH	0
356236|Phrynobatrachus calcaratus	C24_trihydroxy	2
356236|Phrynobatrachus calcaratus	C27_dihydroxy	1
356236|Phrynobatrachus calcaratus	C27_monohydroxy	4
356254|Tylototriton shanjing	C23_dihydroxy	1
356254|Tylototriton shanjing	C24_alkamine_trihydroxy	2
356254|Tylototriton shanjing	C24_dihydroxy	4
356254|Tylototriton shanjing	C24_tetrahydroxy	2
356254|Tylototriton shanjing	C24_trihydroxy	5
356254|Tylototriton shanjing	C27_dihydroxy	1
356254|Tylototriton shanjing	C27_pentahydroxy	2
356254|Tylototriton shanjing	C27_tetrahydroxy	1
356254|Tylototriton shanjing	C27_trihydroxy	1
3562|Spinacia oleracea	C24_alkamine_pentahydroxy	2
3562|Spinacia oleracea	C24_dihydroxy	1
3562|Spinacia oleracea	C28_alcohol_3OH	0
35669|Larus argentatus	C23_trihydroxy	1
35669|Larus argentatus	C24_alkamine_trihydroxy	1
35669|Larus argentatus	C24_alkamine_pentahydroxy	3
35669|Larus argentatus	C24_alkamine_tetrahydroxy	1
35669|Larus argentatus	C24_dihydroxy	5
35669|Larus argentatus	C24_pentahydroxy	3
35669|Larus argentatus	C24_tetrahydroxy	9
35669|Larus argentatus	C24_trihydroxy	5
35669|Larus argentatus	C27_dihydroxy	2
35669|Larus argentatus	C27_monohydroxy	1
35669|Larus argentatus	C27_tetrahydroxy	1
35669|Larus argentatus	C27_trihydroxy	1
356851|Micromonospora chokoriensis	C24_monohydroxy	10
356851|Micromonospora chokoriensis	C28_alcohol_3OH	0
357276|Phocaeicola dorei	C24_alkamine_trihydroxy	176
357276|Phocaeicola dorei	C24_alkamine_dihydroxy	110
357276|Phocaeicola dorei	C24_alkamine_monohydroxy	2
357276|Phocaeicola dorei	C24_alkamine_tetrahydroxy	4
357276|Phocaeicola dorei	C28_alcohol_2OH	0
357276|Phocaeicola dorei	C28_alcohol_3OH	0
3572|Saponaria officinalis	C28_alcohol_3OH	0
35754|Dactylosporangium aurantiacum	C24_trihydroxy	2
3586|Alluaudia procera	C24_alkamine_pentahydroxy	1
3586|Alluaudia procera	C26_dihydroxy	9
3586|Alluaudia procera	C27_dihydroxy	1
3586|Alluaudia procera	C28_alcohol_3OH	0
359122|Ramariopsis kunzei	C24_monohydroxy	1
359122|Ramariopsis kunzei	C24_tetrahydroxy	1
35922|Atriplex canescens	C24_alkamine_pentahydroxy	3
35922|Atriplex canescens	C27_dihydroxy	7
35922|Atriplex canescens	C27_monohydroxy	2
35922|Atriplex canescens	C28_alcohol_3OH	0
35925|Diospyros kaki	C24_alkamine_trihydroxy	2
35925|Diospyros kaki	C27_dihydroxy	2
35925|Diospyros kaki	C28_alcohol_3OH	0
35933|Podophyllum peltatum	C24_pentahydroxy	2
35933|Podophyllum peltatum	C24_tetrahydroxy	187
35933|Podophyllum peltatum	C28_alcohol_3OH	0
3603|Vitis	C23_dihydroxy	16
3603|Vitis	C23_trihydroxy	2
3603|Vitis	C24_trihydroxy	2
3603|Vitis	C28_alcohol_3OH	0
3604|Vitis sp.	C24_nonhydroxy	1
3604|Vitis sp.	C28_alcohol_3OH	0
360507|Parapristipoma trilineatum	C24_dihydroxy	13
360507|Parapristipoma trilineatum	C24_tetrahydroxy	1
360507|Parapristipoma trilineatum	C24_trihydroxy	7
360507|Parapristipoma trilineatum	C27_dihydroxy	9
360507|Parapristipoma trilineatum	C27_monohydroxy	5
360507|Parapristipoma trilineatum	C27_tetrahydroxy	2
360507|Parapristipoma trilineatum	C27_trihydroxy	2
36176|Chiloscyllium plagiosum	C23_dihydroxy	1
36176|Chiloscyllium plagiosum	C24_alkamine_trihydroxy	1
36176|Chiloscyllium plagiosum	C24_trihydroxy	1
36176|Chiloscyllium plagiosum	C27_dihydroxy	3
36176|Chiloscyllium plagiosum	C27_monohydroxy	1
36176|Chiloscyllium plagiosum	C27_tetrahydroxy	1
36176|Chiloscyllium plagiosum	C27_trihydroxy	1
36180|Coregonus albula	C24_alkamine_trihydroxy	1
36180|Coregonus albula	C24_alkamine_pentahydroxy	1
36180|Coregonus albula	C24_dihydroxy	11
36180|Coregonus albula	C24_pentahydroxy	1
36180|Coregonus albula	C24_tetrahydroxy	6
36180|Coregonus albula	C24_trihydroxy	7
36180|Coregonus albula	C27_dihydroxy	1
3621|Rheum rhabarbarum	C28_alcohol_3OH	0
36224|Cercopithecus diana	C24_alkamine_trihydroxy	7
36224|Cercopithecus diana	C24_alkamine_dihydroxy	4
36224|Cercopithecus diana	C24_dihydroxy	15
36224|Cercopithecus diana	C24_tetrahydroxy	6
36224|Cercopithecus diana	C24_trihydroxy	17
36224|Cercopithecus diana	C27_monohydroxy	1
36227|Cercopithecus neglectus	C24_alkamine_trihydroxy	6
36227|Cercopithecus neglectus	C24_alkamine_dihydroxy	6
36227|Cercopithecus neglectus	C24_dihydroxy	23
36227|Cercopithecus neglectus	C24_tetrahydroxy	5
36227|Cercopithecus neglectus	C24_trihydroxy	27
36227|Cercopithecus neglectus	C27_dihydroxy	1
36227|Cercopithecus neglectus	C27_monohydroxy	2
36227|Cercopithecus neglectus	C28_alcohol_3OH	0
36240|Mustela sibirica	C24_alkamine_pentahydroxy	1
36240|Mustela sibirica	C24_dihydroxy	3
36240|Mustela sibirica	C24_tetrahydroxy	2
36240|Mustela sibirica	C24_trihydroxy	8
36240|Mustela sibirica	C27_monohydroxy	1
36241|Ciconia nigra	C24_alkamine_pentahydroxy	1
36241|Ciconia nigra	C24_dihydroxy	3
36241|Ciconia nigra	C24_tetrahydroxy	2
36241|Ciconia nigra	C24_trihydroxy	5
36268|Paradisaea raggiana	C24_alkamine_trihydroxy	1
36268|Paradisaea raggiana	C24_alkamine_tetrahydroxy	2
36268|Paradisaea raggiana	C24_dihydroxy	19
36268|Paradisaea raggiana	C24_monohydroxy	2
36268|Paradisaea raggiana	C24_tetrahydroxy	9
36268|Paradisaea raggiana	C24_trihydroxy	2
36268|Paradisaea raggiana	C27_dihydroxy	9
36268|Paradisaea raggiana	C27_monohydroxy	7
36268|Paradisaea raggiana	C27_tetrahydroxy	1
36268|Paradisaea raggiana	C27_trihydroxy	1
36293|Ficedula narcissina	C24_dihydroxy	1
36293|Ficedula narcissina	C24_trihydroxy	1
36293|Ficedula narcissina	C27_dihydroxy	1
36300|Pelecanus crispus	C24_alkamine_tetrahydroxy	1
36300|Pelecanus crispus	C24_dihydroxy	6
36300|Pelecanus crispus	C24_monohydroxy	5
36300|Pelecanus crispus	C24_tetrahydroxy	5
36300|Pelecanus crispus	C24_trihydroxy	4
36300|Pelecanus crispus	C27_dihydroxy	2
36300|Pelecanus crispus	C27_monohydroxy	2
36307|Deinagkistrodon acutus	C24_alkamine_trihydroxy	7
36307|Deinagkistrodon acutus	C24_alkamine_tetrahydroxy	2
36307|Deinagkistrodon acutus	C24_dihydroxy	13
36307|Deinagkistrodon acutus	C24_pentahydroxy	2
36307|Deinagkistrodon acutus	C24_tetrahydroxy	16
36307|Deinagkistrodon acutus	C24_trihydroxy	42
36307|Deinagkistrodon acutus	C27_dihydroxy	1
36307|Deinagkistrodon acutus	C27_monohydroxy	1
364199|Paracoccus homiensis	C24_alkamine_trihydroxy	14
364199|Paracoccus homiensis	C24_alkamine_dihydroxy	15
364199|Paracoccus homiensis	C24_alkamine_tetrahydroxy	4
364199|Paracoccus homiensis	C24_dihydroxy	2
364199|Paracoccus homiensis	C24_tetrahydroxy	1
364199|Paracoccus homiensis	C24_trihydroxy	3
3641|Theobroma cacao	C24_alkamine_trihydroxy	3
3641|Theobroma cacao	C24_alkamine_dihydroxy	14
3641|Theobroma cacao	C24_alkamine_pentahydroxy	5
3641|Theobroma cacao	C24_trihydroxy	1
3641|Theobroma cacao	C27_dihydroxy	2
3641|Theobroma cacao	C28_alcohol_2OH	0
3641|Theobroma cacao	C28_alcohol_3OH	0
364200|Cognatiyoonia koreensis	C28_alcohol_2OH	0
364200|Cognatiyoonia koreensis	C28_alcohol_3OH	0
3648|Carica	C27_pentahydroxy	2
3648|Carica	C28_alcohol_3OH	0
3649|Carica papaya	C27_monohydroxy	2
3649|Carica papaya	C28_alcohol_3OH	0
365149|Sylvilagus bachmani	C24_alkamine_trihydroxy	3
365149|Sylvilagus bachmani	C24_alkamine_dihydroxy	6
365149|Sylvilagus bachmani	C24_dihydroxy	38
365149|Sylvilagus bachmani	C24_monohydroxy	4
365149|Sylvilagus bachmani	C24_tetrahydroxy	1
365149|Sylvilagus bachmani	C24_trihydroxy	18
3653|Citrullus	C27_monohydroxy	2
3655|Cucumis	C24_alkamine_pentahydroxy	2
3655|Cucumis	C24_alkamine_tetrahydroxy	4
3655|Cucumis	C24_trihydroxy	1
3655|Cucumis	C26_dihydroxy	2
3655|Cucumis	C27_monohydroxy	2
3655|Cucumis	C27_pentahydroxy	2
3655|Cucumis	C28_alcohol_3OH	0
3656|Cucumis melo	C23_pentahydroxy	8
3656|Cucumis melo	C24_alkamine_trihydroxy	17
3656|Cucumis melo	C24_alkamine_dihydroxy	1
3656|Cucumis melo	C24_alkamine_pentahydroxy	29
3656|Cucumis melo	C24_alkamine_tetrahydroxy	25
3656|Cucumis melo	C24_trihydroxy	1
3656|Cucumis melo	C27_dihydroxy	1
3656|Cucumis melo	C27_monohydroxy	42
3656|Cucumis melo	C27_pentahydroxy	1
3656|Cucumis melo	C27_tetrahydroxy	1
3656|Cucumis melo	C27_trihydroxy	1
3656|Cucumis melo	C28_alcohol_2OH	0
3656|Cucumis melo	C28_alcohol_3OH	0
3660|Cucurbita	C23_pentahydroxy	2
3660|Cucurbita	C23_tetrahydroxy	2
3660|Cucurbita	C24_alkamine_tetrahydroxy	10
3660|Cucurbita	C24_dihydroxy	2
3660|Cucurbita	C24_pentahydroxy	1
3660|Cucurbita	C24_tetrahydroxy	1
3660|Cucurbita	C27_pentahydroxy	10
3660|Cucurbita	C28_alcohol_3OH	0
36668|Formicidae	C24_alkamine_trihydroxy	4
36668|Formicidae	C24_monohydroxy	2
36668|Formicidae	C24_trihydroxy	6
36668|Formicidae	C27_dihydroxy	16
367946|Dendrocopos macei	C24_alkamine_pentahydroxy	2
367946|Dendrocopos macei	C24_dihydroxy	4
367946|Dendrocopos macei	C24_tetrahydroxy	3
367946|Dendrocopos macei	C24_trihydroxy	5
36809|Mycobacteroides abscessus	C28_alcohol_2OH	0
36816|Streptomyces caelestis	C28_alcohol_3OH	0
36817|Streptomyces pseudogriseolus	C23_pentahydroxy	8
36817|Streptomyces pseudogriseolus	C24_alkamine_pentahydroxy	3
36817|Streptomyces pseudogriseolus	C24_alkamine_tetrahydroxy	3
36817|Streptomyces pseudogriseolus	C24_dihydroxy	4
36817|Streptomyces pseudogriseolus	C24_pentahydroxy	2
36817|Streptomyces pseudogriseolus	C24_tetrahydroxy	3
36817|Streptomyces pseudogriseolus	C24_trihydroxy	15
36817|Streptomyces pseudogriseolus	C27_pentahydroxy	8
36817|Streptomyces pseudogriseolus	C28_alcohol_3OH	0
3681|Begonia	C23_pentahydroxy	1
3681|Begonia	C24_tetrahydroxy	1
3681|Begonia	C24_trihydroxy	1
3681|Begonia	C27_dihydroxy	4
3681|Begonia	C28_alcohol_3OH	0
3685|Passiflora quadrangularis	C27_dihydroxy	2
3685|Passiflora quadrangularis	C28_alcohol_2OH	0
3685|Passiflora quadrangularis	C28_alcohol_3OH	0
36902|Medicago x varia	C23_trihydroxy	4
36902|Medicago x varia	C24_alkamine_dihydroxy	1
36902|Medicago x varia	C24_alkamine_pentahydroxy	6
36902|Medicago x varia	C24_alkamine_tetrahydroxy	3
36902|Medicago x varia	C24_nonhydroxy	4
36902|Medicago x varia	C24_pentahydroxy	1
36902|Medicago x varia	C24_tetrahydroxy	7
36902|Medicago x varia	C24_trihydroxy	13
36902|Medicago x varia	C27_dihydroxy	1
36902|Medicago x varia	C27_pentahydroxy	13
3691|Populus nigra	C24_alkamine_tetrahydroxy	5
3691|Populus nigra	C24_trihydroxy	7
3691|Populus nigra	C27_pentahydroxy	2
3694|Populus trichocarpa	C23_pentahydroxy	14
3694|Populus trichocarpa	C24_alkamine_trihydroxy	26
3694|Populus trichocarpa	C24_alkamine_dihydroxy	14
3694|Populus trichocarpa	C24_alkamine_monohydroxy	2
3694|Populus trichocarpa	C24_alkamine_pentahydroxy	182
3694|Populus trichocarpa	C24_alkamine_tetrahydroxy	82
3694|Populus trichocarpa	C24_dihydroxy	10
3694|Populus trichocarpa	C24_monohydroxy	50
3694|Populus trichocarpa	C24_nonhydroxy	4
3694|Populus trichocarpa	C24_pentahydroxy	4
3694|Populus trichocarpa	C24_tetrahydroxy	4
3694|Populus trichocarpa	C24_trihydroxy	34
3694|Populus trichocarpa	C27_dihydroxy	50
3694|Populus trichocarpa	C27_monohydroxy	8
3694|Populus trichocarpa	C27_pentahydroxy	20
3694|Populus trichocarpa	C28_alcohol_2OH	0
3694|Populus trichocarpa	C28_alcohol_3OH	0
37029|Prionailurus bengalensis	C24_dihydroxy	9
37029|Prionailurus bengalensis	C24_tetrahydroxy	1
37029|Prionailurus bengalensis	C24_trihydroxy	7
37029|Prionailurus bengalensis	C27_monohydroxy	1
3702|Arabidopsis thaliana	C23_dihydroxy	86
3702|Arabidopsis thaliana	C23_monohydroxy	54
3702|Arabidopsis thaliana	C23_pentahydroxy	296
3702|Arabidopsis thaliana	C23_tetrahydroxy	14
3702|Arabidopsis thaliana	C23_trihydroxy	910
3702|Arabidopsis thaliana	C24_alkamine_trihydroxy	195
3702|Arabidopsis thaliana	C24_alkamine_dihydroxy	72
3702|Arabidopsis thaliana	C24_alkamine_monohydroxy	119
3702|Arabidopsis thaliana	C24_alkamine_pentahydroxy	675
3702|Arabidopsis thaliana	C24_alkamine_tetrahydroxy	1261
3702|Arabidopsis thaliana	C24_dihydroxy	60
3702|Arabidopsis thaliana	C24_monohydroxy	28
3702|Arabidopsis thaliana	C24_nonhydroxy	16
3702|Arabidopsis thaliana	C24_pentahydroxy	71
3702|Arabidopsis thaliana	C24_tetrahydroxy	317
3702|Arabidopsis thaliana	C24_trihydroxy	1180
3702|Arabidopsis thaliana	C26_dihydroxy	312
3702|Arabidopsis thaliana	C27_dihydroxy	106
3702|Arabidopsis thaliana	C27_monohydroxy	293
3702|Arabidopsis thaliana	C27_pentahydroxy	2074
3702|Arabidopsis thaliana	C27_tetrahydroxy	159
3702|Arabidopsis thaliana	C27_trihydroxy	157
3702|Arabidopsis thaliana	C28_alcohol_2OH	0
3702|Arabidopsis thaliana	C28_alcohol_3OH	0
37032|Suricata suricatta	C24_dihydroxy	5
37032|Suricata suricatta	C24_pentahydroxy	1
37032|Suricata suricatta	C24_tetrahydroxy	4
37032|Suricata suricatta	C24_trihydroxy	7
37032|Suricata suricatta	C27_dihydroxy	2
37032|Suricata suricatta	C27_tetrahydroxy	1
37032|Suricata suricatta	C27_trihydroxy	1
37039|Gavia immer	C24_alkamine_trihydroxy	3
37039|Gavia immer	C24_alkamine_dihydroxy	3
37039|Gavia immer	C24_dihydroxy	2
37039|Gavia immer	C24_pentahydroxy	1
37039|Gavia immer	C24_tetrahydroxy	5
37039|Gavia immer	C24_trihydroxy	7
37039|Gavia immer	C27_monohydroxy	1
37039|Gavia immer	C27_tetrahydroxy	1
37039|Gavia immer	C27_trihydroxy	1
37043|Pelecanus occidentalis	C24_alkamine_pentahydroxy	1
37043|Pelecanus occidentalis	C24_alkamine_tetrahydroxy	4
37043|Pelecanus occidentalis	C24_dihydroxy	11
37043|Pelecanus occidentalis	C24_monohydroxy	2
37043|Pelecanus occidentalis	C24_tetrahydroxy	4
37043|Pelecanus occidentalis	C24_trihydroxy	3
37043|Pelecanus occidentalis	C27_dihydroxy	1
37057|Macronectes giganteus	C23_trihydroxy	1
37057|Macronectes giganteus	C24_alkamine_pentahydroxy	1
37057|Macronectes giganteus	C24_alkamine_tetrahydroxy	2
37057|Macronectes giganteus	C24_dihydroxy	11
37057|Macronectes giganteus	C24_monohydroxy	1
37057|Macronectes giganteus	C24_tetrahydroxy	7
37057|Macronectes giganteus	C24_trihydroxy	9
37057|Macronectes giganteus	C27_dihydroxy	9
37057|Macronectes giganteus	C27_monohydroxy	2
37057|Macronectes giganteus	C27_tetrahydroxy	3
37057|Macronectes giganteus	C27_trihydroxy	3
3705|Brassica	C23_pentahydroxy	2
3705|Brassica	C24_alkamine_trihydroxy	2
3705|Brassica	C24_alkamine_tetrahydroxy	2
3705|Brassica	C24_pentahydroxy	1
3705|Brassica	C27_dihydroxy	2
3705|Brassica	C27_monohydroxy	2
3705|Brassica	C27_pentahydroxy	4
3705|Brassica	C28_alcohol_3OH	0
3707|Brassica juncea	C24_alkamine_tetrahydroxy	2
3707|Brassica juncea	C28_alcohol_3OH	0
37083|Eudyptula minor	C23_dihydroxy	2
37083|Eudyptula minor	C24_alkamine_trihydroxy	2
37083|Eudyptula minor	C24_alkamine_pentahydroxy	8
37083|Eudyptula minor	C24_alkamine_tetrahydroxy	2
37083|Eudyptula minor	C24_dihydroxy	24
37083|Eudyptula minor	C24_monohydroxy	1
37083|Eudyptula minor	C24_pentahydroxy	4
37083|Eudyptula minor	C24_tetrahydroxy	24
37083|Eudyptula minor	C24_trihydroxy	24
37083|Eudyptula minor	C27_dihydroxy	4
37083|Eudyptula minor	C27_monohydroxy	4
37083|Eudyptula minor	C27_tetrahydroxy	6
37083|Eudyptula minor	C27_trihydroxy	6
37087|Sula nebouxii	C24_alkamine_trihydroxy	2
37087|Sula nebouxii	C24_alkamine_tetrahydroxy	1
37087|Sula nebouxii	C24_dihydroxy	6
37087|Sula nebouxii	C24_monohydroxy	3
37087|Sula nebouxii	C24_tetrahydroxy	5
37087|Sula nebouxii	C24_trihydroxy	7
37087|Sula nebouxii	C27_dihydroxy	2
37087|Sula nebouxii	C27_monohydroxy	2
3712|Brassica oleracea	C23_pentahydroxy	2
3712|Brassica oleracea	C24_alkamine_pentahydroxy	2
3712|Brassica oleracea	C24_alkamine_tetrahydroxy	12
3712|Brassica oleracea	C24_pentahydroxy	1
3712|Brassica oleracea	C24_trihydroxy	2
3712|Brassica oleracea	C27_dihydroxy	2
3712|Brassica oleracea	C27_monohydroxy	4
3712|Brassica oleracea	C27_pentahydroxy	2
3712|Brassica oleracea	C28_alcohol_3OH	0
37172|Damaliscus pygargus phillipsi	C24_alkamine_trihydroxy	2
37172|Damaliscus pygargus phillipsi	C24_dihydroxy	16
37172|Damaliscus pygargus phillipsi	C24_monohydroxy	3
37172|Damaliscus pygargus phillipsi	C24_tetrahydroxy	4
37172|Damaliscus pygargus phillipsi	C24_trihydroxy	19
37172|Damaliscus pygargus phillipsi	C27_monohydroxy	1
37174|Ovis canadensis	C24_alkamine_trihydroxy	9
37174|Ovis canadensis	C24_alkamine_dihydroxy	8
37174|Ovis canadensis	C24_alkamine_tetrahydroxy	1
37174|Ovis canadensis	C24_dihydroxy	15
37174|Ovis canadensis	C24_tetrahydroxy	3
37174|Ovis canadensis	C24_trihydroxy	12
37174|Ovis canadensis	C28_alcohol_3OH	0
37176|Ovibos moschatus	C24_alkamine_trihydroxy	9
37176|Ovibos moschatus	C24_alkamine_dihydroxy	4
37176|Ovibos moschatus	C24_alkamine_pentahydroxy	1
37176|Ovibos moschatus	C24_dihydroxy	12
37176|Ovibos moschatus	C24_pentahydroxy	1
37176|Ovibos moschatus	C24_tetrahydroxy	6
37176|Ovibos moschatus	C24_trihydroxy	16
37176|Ovibos moschatus	C27_dihydroxy	1
37176|Ovibos moschatus	C27_monohydroxy	1
37179|Hemitragus jemlahicus	C23_dihydroxy	1
37179|Hemitragus jemlahicus	C24_alkamine_trihydroxy	4
37179|Hemitragus jemlahicus	C24_alkamine_pentahydroxy	1
37179|Hemitragus jemlahicus	C24_dihydroxy	16
37179|Hemitragus jemlahicus	C24_pentahydroxy	1
37179|Hemitragus jemlahicus	C24_tetrahydroxy	6
37179|Hemitragus jemlahicus	C24_trihydroxy	22
37179|Hemitragus jemlahicus	C27_monohydroxy	1
3717|Brassica sp.	C24_alkamine_tetrahydroxy	4
3717|Brassica sp.	C24_tetrahydroxy	1
3717|Brassica sp.	C24_trihydroxy	3
3717|Brassica sp.	C27_pentahydroxy	10
3717|Brassica sp.	C28_alcohol_3OH	0
37183|Budorcas taxicolor taxicolor	C24_dihydroxy	10
37183|Budorcas taxicolor taxicolor	C24_tetrahydroxy	3
37183|Budorcas taxicolor taxicolor	C24_trihydroxy	12
37183|Budorcas taxicolor taxicolor	C27_monohydroxy	1
371860|Branta hutchinsii	C24_dihydroxy	8
371860|Branta hutchinsii	C24_tetrahydroxy	3
371860|Branta hutchinsii	C24_trihydroxy	7
371860|Branta hutchinsii	C27_dihydroxy	3
371860|Branta hutchinsii	C27_monohydroxy	7
371860|Branta hutchinsii	C27_tetrahydroxy	2
371860|Branta hutchinsii	C27_trihydroxy	2
37186|Hippotragus equinus	C24_dihydroxy	13
37186|Hippotragus equinus	C24_tetrahydroxy	3
37186|Hippotragus equinus	C24_trihydroxy	19
37186|Hippotragus equinus	C27_dihydroxy	1
37186|Hippotragus equinus	C27_monohydroxy	2
371913|Eudocimus albus	C23_dihydroxy	1
371913|Eudocimus albus	C24_alkamine_trihydroxy	6
371913|Eudocimus albus	C24_alkamine_tetrahydroxy	2
371913|Eudocimus albus	C24_dihydroxy	7
371913|Eudocimus albus	C24_pentahydroxy	1
371913|Eudocimus albus	C24_tetrahydroxy	7
371913|Eudocimus albus	C24_trihydroxy	22
371913|Eudocimus albus	C27_dihydroxy	7
371913|Eudocimus albus	C27_monohydroxy	5
371913|Eudocimus albus	C27_tetrahydroxy	6
371913|Eudocimus albus	C27_trihydroxy	6
37191|Arctocephalus pusillus	C23_dihydroxy	6
37191|Arctocephalus pusillus	C24_alkamine_trihydroxy	1
37191|Arctocephalus pusillus	C24_dihydroxy	5
37191|Arctocephalus pusillus	C24_tetrahydroxy	3
37191|Arctocephalus pusillus	C24_trihydroxy	6
37191|Arctocephalus pusillus	C27_monohydroxy	3
371920|Platalea ajaja	C23_dihydroxy	1
371920|Platalea ajaja	C24_dihydroxy	4
371920|Platalea ajaja	C24_trihydroxy	2
371920|Platalea ajaja	C27_dihydroxy	1
371920|Platalea ajaja	C27_monohydroxy	1
372482|Phrynosoma blainvillii	C24_dihydroxy	6
372482|Phrynosoma blainvillii	C24_tetrahydroxy	2
372482|Phrynosoma blainvillii	C24_trihydroxy	5
372482|Phrynosoma blainvillii	C27_dihydroxy	2
372482|Phrynosoma blainvillii	C27_monohydroxy	2
372482|Phrynosoma blainvillii	C27_tetrahydroxy	1
372482|Phrynosoma blainvillii	C27_trihydroxy	1
3725|Raphanus	C28_alcohol_3OH	0
37295|Cebus olivaceus	C24_alkamine_trihydroxy	2
37295|Cebus olivaceus	C24_alkamine_dihydroxy	2
37295|Cebus olivaceus	C24_dihydroxy	8
37295|Cebus olivaceus	C24_trihydroxy	6
37295|Cebus olivaceus	C27_dihydroxy	4
37295|Cebus olivaceus	C28_alcohol_2OH	0
37295|Cebus olivaceus	C28_alcohol_3OH	0
37328|Nocardia carnea	C24_alkamine_trihydroxy	4
37328|Nocardia carnea	C24_dihydroxy	4
37328|Nocardia carnea	C24_pentahydroxy	4
37328|Nocardia carnea	C27_dihydroxy	2
37328|Nocardia carnea	C28_alcohol_2OH	0
37328|Nocardia carnea	C28_alcohol_3OH	0
37347|Tupaia belangeri	C24_dihydroxy	8
37347|Tupaia belangeri	C24_tetrahydroxy	2
37347|Tupaia belangeri	C24_trihydroxy	4
374122|Guaiacum officinale	C28_alcohol_3OH	0
3743|Synsepalum dulcificum	C23_pentahydroxy	2
3743|Synsepalum dulcificum	C24_alkamine_pentahydroxy	5
3743|Synsepalum dulcificum	C24_alkamine_tetrahydroxy	7
3743|Synsepalum dulcificum	C24_monohydroxy	3
3743|Synsepalum dulcificum	C24_pentahydroxy	4
3743|Synsepalum dulcificum	C24_tetrahydroxy	2
3743|Synsepalum dulcificum	C24_trihydroxy	1
3743|Synsepalum dulcificum	C27_pentahydroxy	2
3743|Synsepalum dulcificum	C28_alcohol_2OH	0
3743|Synsepalum dulcificum	C28_alcohol_3OH	0
37445|Syncerus caffer caffer	C24_alkamine_trihydroxy	4
37445|Syncerus caffer caffer	C24_alkamine_dihydroxy	2
37445|Syncerus caffer caffer	C24_dihydroxy	22
37445|Syncerus caffer caffer	C24_tetrahydroxy	2
37445|Syncerus caffer caffer	C24_trihydroxy	12
37445|Syncerus caffer caffer	C27_dihydroxy	1
37445|Syncerus caffer caffer	C27_monohydroxy	1
3746|Fragaria	C28_alcohol_3OH	0
3747|Fragaria x ananassa	C28_alcohol_3OH	0
37480|Streptomyces pluricolorescens	C24_trihydroxy	6
37480|Streptomyces pluricolorescens	C28_alcohol_3OH	0
3749|Malus	C24_alkamine_trihydroxy	2
3749|Malus	C24_alkamine_tetrahydroxy	1
3749|Malus	C24_trihydroxy	2
3749|Malus	C27_pentahydroxy	27
3749|Malus	C27_tetrahydroxy	2
3749|Malus	C27_trihydroxy	2
3749|Malus	C28_alcohol_3OH	0
3750|Malus domestica	C24_alkamine_pentahydroxy	2
3750|Malus domestica	C28_alcohol_3OH	0
3751|Malus sp.	C24_alkamine_trihydroxy	4
3751|Malus sp.	C24_alkamine_pentahydroxy	2
3751|Malus sp.	C24_trihydroxy	2
3751|Malus sp.	C27_pentahydroxy	20
3751|Malus sp.	C28_alcohol_3OH	0
375274|Psidium cattleyanum	C28_alcohol_3OH	0
3754|Prunus	C24_monohydroxy	1
3754|Prunus	C28_alcohol_3OH	0
37550|Cervus nippon taiouanus	C24_dihydroxy	8
37550|Cervus nippon taiouanus	C24_tetrahydroxy	3
37550|Cervus nippon taiouanus	C24_trihydroxy	9
3755|Prunus dulcis	C28_alcohol_3OH	0
37578|Morus bassanus	C23_trihydroxy	2
37578|Morus bassanus	C24_alkamine_pentahydroxy	8
37578|Morus bassanus	C24_alkamine_tetrahydroxy	2
37578|Morus bassanus	C24_dihydroxy	28
37578|Morus bassanus	C24_monohydroxy	6
37578|Morus bassanus	C24_pentahydroxy	16
37578|Morus bassanus	C24_tetrahydroxy	30
37578|Morus bassanus	C24_trihydroxy	54
37578|Morus bassanus	C27_dihydroxy	20
37578|Morus bassanus	C27_monohydroxy	4
37578|Morus bassanus	C27_pentahydroxy	6
37578|Morus bassanus	C27_tetrahydroxy	4
37578|Morus bassanus	C27_trihydroxy	4
37578|Morus bassanus	C28_alcohol_3OH	0
375932|Lychnophora salicifolia	C24_alkamine_dihydroxy	15
375932|Lychnophora salicifolia	C24_alkamine_tetrahydroxy	36
3760|Prunus persica	C28_alcohol_3OH	0
3766|Pyrus	C28_alcohol_2OH	0
3766|Pyrus	C28_alcohol_3OH	0
377254|Megophrys nasuta	C24_dihydroxy	12
377254|Megophrys nasuta	C24_tetrahydroxy	8
377254|Megophrys nasuta	C24_trihydroxy	16
377254|Megophrys nasuta	C27_dihydroxy	12
377254|Megophrys nasuta	C27_monohydroxy	29
377254|Megophrys nasuta	C27_tetrahydroxy	2
377254|Megophrys nasuta	C27_trihydroxy	2
377316|Atelopus zeteki	C24_alkamine_trihydroxy	4
377316|Atelopus zeteki	C24_alkamine_pentahydroxy	4
377316|Atelopus zeteki	C24_trihydroxy	1
377316|Atelopus zeteki	C27_dihydroxy	11
377316|Atelopus zeteki	C27_monohydroxy	3
377316|Atelopus zeteki	C27_tetrahydroxy	4
377316|Atelopus zeteki	C27_trihydroxy	4
37737|Perameles gunnii	C24_alkamine_trihydroxy	6
37737|Perameles gunnii	C24_alkamine_dihydroxy	1
37737|Perameles gunnii	C24_alkamine_pentahydroxy	2
37737|Perameles gunnii	C24_dihydroxy	12
37737|Perameles gunnii	C24_tetrahydroxy	6
37737|Perameles gunnii	C24_trihydroxy	15
37737|Perameles gunnii	C27_dihydroxy	1
37737|Perameles gunnii	C27_monohydroxy	3
37737|Perameles gunnii	C27_tetrahydroxy	2
37737|Perameles gunnii	C27_trihydroxy	2
37751|Gazella dorcas	C24_alkamine_trihydroxy	4
37751|Gazella dorcas	C24_alkamine_pentahydroxy	1
37751|Gazella dorcas	C24_dihydroxy	22
37751|Gazella dorcas	C24_tetrahydroxy	6
37751|Gazella dorcas	C24_trihydroxy	17
37751|Gazella dorcas	C27_dihydroxy	3
37751|Gazella dorcas	C27_monohydroxy	2
378412|Eremophila macdonnellii	C28_alcohol_3OH	0
378754|Ursus thibetanus japonicus	C24_alkamine_trihydroxy	9
378754|Ursus thibetanus japonicus	C24_alkamine_dihydroxy	3
378754|Ursus thibetanus japonicus	C24_alkamine_pentahydroxy	2
378754|Ursus thibetanus japonicus	C24_dihydroxy	14
378754|Ursus thibetanus japonicus	C24_monohydroxy	1
378754|Ursus thibetanus japonicus	C24_tetrahydroxy	5
378754|Ursus thibetanus japonicus	C24_trihydroxy	23
37915|Dietzia maris	C28_alcohol_3OH	0
379279|Prunus africana	C23_pentahydroxy	1
379279|Prunus africana	C24_alkamine_trihydroxy	1
379279|Prunus africana	C24_monohydroxy	1
379279|Prunus africana	C28_alcohol_3OH	0
380248|Actinacidiphila alni	C28_alcohol_2OH	0
381019|Aplonis metallica	C24_dihydroxy	8
381019|Aplonis metallica	C24_monohydroxy	2
381019|Aplonis metallica	C24_tetrahydroxy	1
381019|Aplonis metallica	C24_trihydroxy	6
381019|Aplonis metallica	C27_monohydroxy	1
381107|Cinnyricinclus leucogaster	C24_alkamine_dihydroxy	1
381107|Cinnyricinclus leucogaster	C24_alkamine_monohydroxy	2
381107|Cinnyricinclus leucogaster	C24_alkamine_tetrahydroxy	1
381107|Cinnyricinclus leucogaster	C24_dihydroxy	20
381107|Cinnyricinclus leucogaster	C24_monohydroxy	10
381107|Cinnyricinclus leucogaster	C24_tetrahydroxy	6
381107|Cinnyricinclus leucogaster	C24_trihydroxy	12
381107|Cinnyricinclus leucogaster	C27_dihydroxy	4
381107|Cinnyricinclus leucogaster	C27_monohydroxy	2
381107|Cinnyricinclus leucogaster	C27_pentahydroxy	2
381107|Cinnyricinclus leucogaster	C27_tetrahydroxy	2
381107|Cinnyricinclus leucogaster	C27_trihydroxy	2
381272|Suaeda calceoliformis	C28_alcohol_3OH	0
3813|Albizia julibrissin	C23_pentahydroxy	1
3813|Albizia julibrissin	C24_alkamine_pentahydroxy	4
3813|Albizia julibrissin	C24_alkamine_tetrahydroxy	1
3813|Albizia julibrissin	C24_pentahydroxy	2
3813|Albizia julibrissin	C24_tetrahydroxy	1
3813|Albizia julibrissin	C24_trihydroxy	1
3813|Albizia julibrissin	C26_dihydroxy	1
3813|Albizia julibrissin	C27_pentahydroxy	1
3813|Albizia julibrissin	C28_alcohol_2OH	0
3813|Albizia julibrissin	C28_alcohol_3OH	0
381684|Rugulopteryx marginata	C24_alkamine_tetrahydroxy	2
381684|Rugulopteryx marginata	C24_dihydroxy	2
381684|Rugulopteryx marginata	C24_pentahydroxy	4
381684|Rugulopteryx marginata	C24_tetrahydroxy	8
381684|Rugulopteryx marginata	C24_trihydroxy	6
381684|Rugulopteryx marginata	C28_alcohol_3OH	0
3818|Arachis hypogaea	C23_dihydroxy	3
3818|Arachis hypogaea	C24_monohydroxy	3
3818|Arachis hypogaea	C27_dihydroxy	71
3818|Arachis hypogaea	C27_monohydroxy	36
3818|Arachis hypogaea	C27_tetrahydroxy	2
3818|Arachis hypogaea	C27_trihydroxy	2
3818|Arachis hypogaea	C28_alcohol_2OH	0
3818|Arachis hypogaea	C28_alcohol_3OH	0
3827|Cicer arietinum	C24_dihydroxy	4
3827|Cicer arietinum	C24_trihydroxy	4
3827|Cicer arietinum	C27_dihydroxy	2
3827|Cicer arietinum	C27_monohydroxy	2
3827|Cicer arietinum	C28_alcohol_2OH	0
3827|Cicer arietinum	C28_alcohol_3OH	0
38300|Streptomyces pristinaespiralis	C28_alcohol_2OH	0
38300|Streptomyces pristinaespiralis	C28_alcohol_3OH	0
38312|Rhodococcus rhodnii	C23_dihydroxy	2
38312|Rhodococcus rhodnii	C23_trihydroxy	6
38312|Rhodococcus rhodnii	C24_alkamine_trihydroxy	26
38312|Rhodococcus rhodnii	C24_alkamine_dihydroxy	62
38312|Rhodococcus rhodnii	C24_alkamine_monohydroxy	14
38312|Rhodococcus rhodnii	C24_dihydroxy	4
38312|Rhodococcus rhodnii	C24_monohydroxy	10
38312|Rhodococcus rhodnii	C24_trihydroxy	2
38312|Rhodococcus rhodnii	C26_dihydroxy	12
38312|Rhodococcus rhodnii	C27_dihydroxy	10
38312|Rhodococcus rhodnii	C27_monohydroxy	2
38312|Rhodococcus rhodnii	C27_pentahydroxy	6
38312|Rhodococcus rhodnii	C27_tetrahydroxy	12
38312|Rhodococcus rhodnii	C27_trihydroxy	12
38312|Rhodococcus rhodnii	C28_alcohol_3OH	0
3835|Cytisus scoparius	C24_tetrahydroxy	1
3835|Cytisus scoparius	C27_dihydroxy	13
3835|Cytisus scoparius	C28_alcohol_3OH	0
384065|Crotalus mitchellii	C24_alkamine_trihydroxy	3
384065|Crotalus mitchellii	C24_alkamine_pentahydroxy	2
384065|Crotalus mitchellii	C24_dihydroxy	18
384065|Crotalus mitchellii	C24_pentahydroxy	7
384065|Crotalus mitchellii	C24_tetrahydroxy	14
384065|Crotalus mitchellii	C24_trihydroxy	35
384065|Crotalus mitchellii	C27_dihydroxy	1
384065|Crotalus mitchellii	C27_pentahydroxy	3
384065|Crotalus mitchellii	C27_tetrahydroxy	4
384065|Crotalus mitchellii	C27_trihydroxy	4
38412|Cladrastis kentukea	C24_alkamine_pentahydroxy	3
38412|Cladrastis kentukea	C27_dihydroxy	12
38412|Cladrastis kentukea	C27_tetrahydroxy	2
38412|Cladrastis kentukea	C27_trihydroxy	2
38412|Cladrastis kentukea	C28_alcohol_3OH	0
384382|Scomberomorus sinensis	C24_alkamine_trihydroxy	2
384382|Scomberomorus sinensis	C24_alkamine_pentahydroxy	2
384382|Scomberomorus sinensis	C24_alkamine_tetrahydroxy	2
384382|Scomberomorus sinensis	C24_dihydroxy	3
384382|Scomberomorus sinensis	C24_tetrahydroxy	4
384382|Scomberomorus sinensis	C24_trihydroxy	12
384382|Scomberomorus sinensis	C27_dihydroxy	2
384382|Scomberomorus sinensis	C27_monohydroxy	2
384382|Scomberomorus sinensis	C27_tetrahydroxy	1
384382|Scomberomorus sinensis	C27_trihydroxy	1
384659|Achyranthes bidentata	C24_alkamine_tetrahydroxy	6
384659|Achyranthes bidentata	C28_alcohol_3OH	0
3846|Glycine	C27_dihydroxy	48
3846|Glycine	C27_monohydroxy	2
3846|Glycine	C27_tetrahydroxy	4
3846|Glycine	C27_trihydroxy	4
3846|Glycine	C28_alcohol_3OH	0
3847|Glycine max	C23_dihydroxy	1
3847|Glycine max	C27_dihydroxy	99
3847|Glycine max	C27_monohydroxy	14
3847|Glycine max	C27_tetrahydroxy	1
3847|Glycine max	C27_trihydroxy	1
3847|Glycine max	C28_alcohol_3OH	0
38605|Didelphimorphia	C24_alkamine_trihydroxy	1
38605|Didelphimorphia	C24_alkamine_tetrahydroxy	1
38605|Didelphimorphia	C24_dihydroxy	9
38605|Didelphimorphia	C24_tetrahydroxy	8
38605|Didelphimorphia	C24_trihydroxy	15
3860|Lathyrus sativus	C23_dihydroxy	1
3860|Lathyrus sativus	C24_dihydroxy	4
3860|Lathyrus sativus	C27_dihydroxy	34
3860|Lathyrus sativus	C27_monohydroxy	5
3860|Lathyrus sativus	C28_alcohol_3OH	0
386106|Agave tequilana	C27_dihydroxy	3
386106|Agave tequilana	C28_alcohol_2OH	0
386106|Agave tequilana	C28_alcohol_3OH	0
386121|Cortinarius boulderensis	C24_tetrahydroxy	1
38626|Phascolarctos cinereus	C24_alkamine_trihydroxy	18
38626|Phascolarctos cinereus	C24_alkamine_dihydroxy	6
38626|Phascolarctos cinereus	C24_alkamine_monohydroxy	2
38626|Phascolarctos cinereus	C24_alkamine_tetrahydroxy	4
38626|Phascolarctos cinereus	C24_dihydroxy	23
38626|Phascolarctos cinereus	C24_monohydroxy	8
38626|Phascolarctos cinereus	C24_tetrahydroxy	9
38626|Phascolarctos cinereus	C24_trihydroxy	54
38626|Phascolarctos cinereus	C27_dihydroxy	6
38626|Phascolarctos cinereus	C27_tetrahydroxy	2
38626|Phascolarctos cinereus	C27_trihydroxy	2
3864|Lens culinaris	C24_alkamine_tetrahydroxy	8
3864|Lens culinaris	C24_nonhydroxy	2
3864|Lens culinaris	C24_trihydroxy	1
3864|Lens culinaris	C28_alcohol_2OH	0
3864|Lens culinaris	C28_alcohol_3OH	0
38654|Alligator sinensis	C24_alkamine_tetrahydroxy	6
38654|Alligator sinensis	C24_dihydroxy	3
38654|Alligator sinensis	C24_trihydroxy	2
38654|Alligator sinensis	C27_dihydroxy	4
38654|Alligator sinensis	C27_monohydroxy	2
38654|Alligator sinensis	C27_pentahydroxy	1
38654|Alligator sinensis	C27_tetrahydroxy	6
38654|Alligator sinensis	C27_trihydroxy	3
38656|Melanosuchus niger	C24_trihydroxy	1
3865|Leucaena	C28_alcohol_3OH	0
387127|Coccinia grandis	C28_alcohol_3OH	0
387621|Drosophila quadrilineata	C24_alkamine_dihydroxy	2
387661|Parabacteroides johnsonii	C24_alkamine_trihydroxy	369
387661|Parabacteroides johnsonii	C24_alkamine_dihydroxy	222
387661|Parabacteroides johnsonii	C24_alkamine_pentahydroxy	2
387661|Parabacteroides johnsonii	C24_alkamine_tetrahydroxy	24
387661|Parabacteroides johnsonii	C27_monohydroxy	3
387661|Parabacteroides johnsonii	C27_pentahydroxy	1
387661|Parabacteroides johnsonii	C28_alcohol_2OH	0
387661|Parabacteroides johnsonii	C28_alcohol_3OH	0
3879|Medicago sativa	C28_alcohol_3OH	0
3880|Medicago truncatula	C23_pentahydroxy	4
3880|Medicago truncatula	C24_alkamine_pentahydroxy	2
3880|Medicago truncatula	C24_alkamine_tetrahydroxy	3
3880|Medicago truncatula	C24_tetrahydroxy	2
3880|Medicago truncatula	C27_dihydroxy	43
3880|Medicago truncatula	C27_monohydroxy	21
3880|Medicago truncatula	C27_tetrahydroxy	7
3880|Medicago truncatula	C27_trihydroxy	7
3880|Medicago truncatula	C28_alcohol_3OH	0
38817|Gephyrocapsa oceanica	C24_alkamine_pentahydroxy	1
3882|Onobrychis viciifolia	C23_trihydroxy	3
3882|Onobrychis viciifolia	C24_tetrahydroxy	4
3882|Onobrychis viciifolia	C24_trihydroxy	4
3882|Onobrychis viciifolia	C27_monohydroxy	1
3882|Onobrychis viciifolia	C27_pentahydroxy	3
3883|Phaseolus	C24_alkamine_pentahydroxy	2
3883|Phaseolus	C24_alkamine_tetrahydroxy	2
3883|Phaseolus	C24_tetrahydroxy	2
3883|Phaseolus	C27_dihydroxy	2
3883|Phaseolus	C27_monohydroxy	4
3883|Phaseolus	C28_alcohol_3OH	0
38843|Euphorbia amygdaloides	C24_tetrahydroxy	1
38845|Euphorbia dendroides	C24_monohydroxy	42
38845|Euphorbia dendroides	C27_dihydroxy	2
3884|Phaseolus lunatus	C28_alcohol_3OH	0
3885|Phaseolus vulgaris	C23_dihydroxy	3
3885|Phaseolus vulgaris	C24_dihydroxy	2
3885|Phaseolus vulgaris	C27_dihydroxy	44
3885|Phaseolus vulgaris	C27_monohydroxy	4
3885|Phaseolus vulgaris	C27_tetrahydroxy	2
3885|Phaseolus vulgaris	C27_trihydroxy	2
3885|Phaseolus vulgaris	C28_alcohol_3OH	0
3887|Pisum	C24_alkamine_pentahydroxy	2
3887|Pisum	C27_pentahydroxy	4
3887|Pisum	C28_alcohol_3OH	0
3888|Pisum sativum	C24_alkamine_tetrahydroxy	2
3888|Pisum sativum	C27_pentahydroxy	2
3888|Pisum sativum	C28_alcohol_3OH	0
38894|Anolis grahami	C23_dihydroxy	2
38894|Anolis grahami	C24_alkamine_trihydroxy	2
38894|Anolis grahami	C24_alkamine_tetrahydroxy	2
38894|Anolis grahami	C24_dihydroxy	9
38894|Anolis grahami	C24_monohydroxy	2
38894|Anolis grahami	C24_pentahydroxy	2
38894|Anolis grahami	C24_tetrahydroxy	6
38894|Anolis grahami	C24_trihydroxy	18
38894|Anolis grahami	C27_dihydroxy	7
38894|Anolis grahami	C27_monohydroxy	5
38894|Anolis grahami	C27_tetrahydroxy	1
38894|Anolis grahami	C27_trihydroxy	1
388990|Ammoperdix heyi	C24_alkamine_trihydroxy	2
388990|Ammoperdix heyi	C24_alkamine_dihydroxy	1
388990|Ammoperdix heyi	C24_alkamine_pentahydroxy	1
388990|Ammoperdix heyi	C24_alkamine_tetrahydroxy	1
388990|Ammoperdix heyi	C24_dihydroxy	9
388990|Ammoperdix heyi	C24_monohydroxy	4
388990|Ammoperdix heyi	C24_tetrahydroxy	4
388990|Ammoperdix heyi	C24_trihydroxy	7
388990|Ammoperdix heyi	C27_dihydroxy	1
388990|Ammoperdix heyi	C27_monohydroxy	2
38934|Polychrus marmoratus	C24_alkamine_trihydroxy	2
38934|Polychrus marmoratus	C24_dihydroxy	7
38934|Polychrus marmoratus	C24_monohydroxy	2
38934|Polychrus marmoratus	C24_tetrahydroxy	8
38934|Polychrus marmoratus	C24_trihydroxy	10
38934|Polychrus marmoratus	C27_dihydroxy	3
38934|Polychrus marmoratus	C27_monohydroxy	3
38934|Polychrus marmoratus	C27_tetrahydroxy	2
38934|Polychrus marmoratus	C27_trihydroxy	2
3897|Styphnolobium japonicum	C27_dihydroxy	9
3897|Styphnolobium japonicum	C28_alcohol_3OH	0
3899|Trifolium repens	C23_dihydroxy	1
3899|Trifolium repens	C24_dihydroxy	4
3899|Trifolium repens	C27_dihydroxy	37
3899|Trifolium repens	C27_monohydroxy	2
3899|Trifolium repens	C28_alcohol_3OH	0
3905|Vicia cracca	C23_tetrahydroxy	1
3905|Vicia cracca	C23_trihydroxy	13
3905|Vicia cracca	C24_alkamine_dihydroxy	1
3905|Vicia cracca	C24_alkamine_pentahydroxy	4
3905|Vicia cracca	C24_alkamine_tetrahydroxy	10
3905|Vicia cracca	C24_tetrahydroxy	16
3905|Vicia cracca	C24_trihydroxy	34
3905|Vicia cracca	C27_dihydroxy	6
3905|Vicia cracca	C27_pentahydroxy	18
39099|Pantherophis obsoletus	C24_dihydroxy	1
39099|Pantherophis obsoletus	C24_tetrahydroxy	1
39099|Pantherophis obsoletus	C24_trihydroxy	2
391037|Salinispora arenicola CNS-205	C24_alkamine_pentahydroxy	1
391037|Salinispora arenicola CNS-205	C28_alcohol_3OH	0
3913|Vigna	C28_alcohol_3OH	0
3914|Vigna angularis	C27_monohydroxy	2
3914|Vigna angularis	C28_alcohol_3OH	0
39169|Lavandula	C24_pentahydroxy	2
39169|Lavandula	C28_alcohol_3OH	0
39170|Melissa	C23_pentahydroxy	2
39170|Melissa	C24_alkamine_tetrahydroxy	8
39170|Melissa	C24_pentahydroxy	2
39170|Melissa	C24_tetrahydroxy	1
39170|Melissa	C27_pentahydroxy	6
39170|Melissa	C27_tetrahydroxy	2
39170|Melissa	C27_trihydroxy	2
39170|Melissa	C28_alcohol_3OH	0
39172|Nepeta	C24_monohydroxy	3
39172|Nepeta	C28_alcohol_3OH	0
39173|Ocimum	C24_alkamine_pentahydroxy	4
39173|Ocimum	C24_alkamine_tetrahydroxy	2
39173|Ocimum	C24_pentahydroxy	1
39173|Ocimum	C24_trihydroxy	2
39173|Ocimum	C27_pentahydroxy	14
39173|Ocimum	C28_alcohol_3OH	0
39174|Origanum	C24_alkamine_dihydroxy	2
39174|Origanum	C24_alkamine_pentahydroxy	1
39174|Origanum	C24_trihydroxy	1
39174|Origanum	C26_dihydroxy	1
39174|Origanum	C28_alcohol_3OH	0
3917|Vigna unguiculata	C27_dihydroxy	10
3917|Vigna unguiculata	C27_monohydroxy	8
3917|Vigna unguiculata	C27_pentahydroxy	2
3917|Vigna unguiculata	C27_trihydroxy	2
3917|Vigna unguiculata	C28_alcohol_2OH	0
3917|Vigna unguiculata	C28_alcohol_3OH	0
391904|Bifidobacterium longum subsp. infantis ATCC 15697 = JCM 1222 = DSM 20088	C24_alkamine_trihydroxy	4
39233|Rhinophis	C24_dihydroxy	6
39233|Rhinophis	C24_pentahydroxy	2
39233|Rhinophis	C24_tetrahydroxy	7
39233|Rhinophis	C24_trihydroxy	15
39233|Rhinophis	C27_dihydroxy	1
39233|Rhinophis	C27_tetrahydroxy	1
39233|Rhinophis	C27_trihydroxy	1
392507|Bassariscus sumichrasti	C24_alkamine_trihydroxy	1
392507|Bassariscus sumichrasti	C24_alkamine_pentahydroxy	1
392507|Bassariscus sumichrasti	C24_dihydroxy	4
392507|Bassariscus sumichrasti	C24_tetrahydroxy	4
392507|Bassariscus sumichrasti	C24_trihydroxy	12
392507|Bassariscus sumichrasti	C27_dihydroxy	3
392507|Bassariscus sumichrasti	C27_monohydroxy	2
392642|Pycnanthemum virginianum	C24_alkamine_pentahydroxy	5
392642|Pycnanthemum virginianum	C24_alkamine_tetrahydroxy	9
392642|Pycnanthemum virginianum	C24_tetrahydroxy	96
392642|Pycnanthemum virginianum	C24_trihydroxy	4
392642|Pycnanthemum virginianum	C27_dihydroxy	2
392642|Pycnanthemum virginianum	C27_tetrahydroxy	1
392642|Pycnanthemum virginianum	C27_trihydroxy	1
392642|Pycnanthemum virginianum	C28_alcohol_3OH	0
392646|Salvia apiana	C24_monohydroxy	1
392646|Salvia apiana	C27_dihydroxy	2
392646|Salvia apiana	C27_monohydroxy	9
392646|Salvia apiana	C28_alcohol_3OH	0
39267|Acrochordus javanicus	C23_dihydroxy	1
39267|Acrochordus javanicus	C24_dihydroxy	2
39267|Acrochordus javanicus	C24_pentahydroxy	3
39267|Acrochordus javanicus	C24_tetrahydroxy	4
39267|Acrochordus javanicus	C24_trihydroxy	18
39267|Acrochordus javanicus	C27_monohydroxy	1
39267|Acrochordus javanicus	C27_tetrahydroxy	1
39267|Acrochordus javanicus	C27_trihydroxy	1
392747|Paullinia cupana	C24_alkamine_pentahydroxy	16
392747|Paullinia cupana	C24_alkamine_tetrahydroxy	2
392747|Paullinia cupana	C24_pentahydroxy	4
392747|Paullinia cupana	C28_alcohol_3OH	0
39306|Farancia abacura	C23_trihydroxy	1
39306|Farancia abacura	C24_tetrahydroxy	4
39306|Farancia abacura	C24_trihydroxy	6
39338|Melissa officinalis	C24_alkamine_trihydroxy	3
39338|Melissa officinalis	C24_alkamine_pentahydroxy	4
39338|Melissa officinalis	C24_alkamine_tetrahydroxy	4
39338|Melissa officinalis	C24_monohydroxy	1
39338|Melissa officinalis	C24_tetrahydroxy	28
39338|Melissa officinalis	C27_dihydroxy	1
39338|Melissa officinalis	C27_monohydroxy	1
39338|Melissa officinalis	C27_pentahydroxy	3
39338|Melissa officinalis	C27_tetrahydroxy	12
39338|Melissa officinalis	C27_trihydroxy	12
39338|Melissa officinalis	C28_alcohol_2OH	0
39338|Melissa officinalis	C28_alcohol_3OH	0
39348|Nepeta x faassenii	C24_monohydroxy	2
39348|Nepeta x faassenii	C28_alcohol_3OH	0
39350|Ocimum basilicum	C24_trihydroxy	2
39350|Ocimum basilicum	C28_alcohol_3OH	0
39352|Origanum vulgare	C28_alcohol_3OH	0
39358|Prunella vulgaris	C23_trihydroxy	7
39358|Prunella vulgaris	C24_alkamine_tetrahydroxy	4
39358|Prunella vulgaris	C24_nonhydroxy	4
39358|Prunella vulgaris	C24_tetrahydroxy	11
39358|Prunella vulgaris	C24_trihydroxy	17
39358|Prunella vulgaris	C27_pentahydroxy	9
39359|Psammophis condanarus	C24_alkamine_trihydroxy	2
39359|Psammophis condanarus	C24_dihydroxy	5
39359|Psammophis condanarus	C24_tetrahydroxy	12
39359|Psammophis condanarus	C24_trihydroxy	19
393608|Opuntia streptacantha	C28_alcohol_3OH	0
39376|Stachytarpheta cayennensis	C23_pentahydroxy	2
39376|Stachytarpheta cayennensis	C23_trihydroxy	4
39376|Stachytarpheta cayennensis	C24_dihydroxy	2
39376|Stachytarpheta cayennensis	C24_tetrahydroxy	2
39376|Stachytarpheta cayennensis	C28_alcohol_2OH	0
39376|Stachytarpheta cayennensis	C28_alcohol_3OH	0
39388|Verbascum thapsus	C27_monohydroxy	8
39388|Verbascum thapsus	C28_alcohol_3OH	0
39411|Oryx leucoryx	C24_alkamine_trihydroxy	2
39411|Oryx leucoryx	C24_alkamine_pentahydroxy	1
39411|Oryx leucoryx	C24_dihydroxy	8
39411|Oryx leucoryx	C24_tetrahydroxy	1
39411|Oryx leucoryx	C24_trihydroxy	4
39411|Oryx leucoryx	C27_monohydroxy	1
39414|Plantago lanceolata	C23_trihydroxy	5
39414|Plantago lanceolata	C24_alkamine_pentahydroxy	1
39414|Plantago lanceolata	C24_alkamine_tetrahydroxy	2
39414|Plantago lanceolata	C24_nonhydroxy	2
39414|Plantago lanceolata	C24_tetrahydroxy	3
39414|Plantago lanceolata	C24_trihydroxy	31
39414|Plantago lanceolata	C27_pentahydroxy	9
39416|Tuber melanosporum	C28_alcohol_3OH	0
3942|Oenothera biennis	C23_tetrahydroxy	1
3942|Oenothera biennis	C24_alkamine_trihydroxy	4
3942|Oenothera biennis	C24_alkamine_pentahydroxy	10
3942|Oenothera biennis	C24_alkamine_tetrahydroxy	5
3942|Oenothera biennis	C24_pentahydroxy	2
3942|Oenothera biennis	C24_tetrahydroxy	261
3942|Oenothera biennis	C24_trihydroxy	15
3942|Oenothera biennis	C27_pentahydroxy	5
3942|Oenothera biennis	C27_tetrahydroxy	7
3942|Oenothera biennis	C27_trihydroxy	7
3942|Oenothera biennis	C28_alcohol_3OH	0
39478|Streptomyces laurentii	C24_alkamine_trihydroxy	4
39478|Streptomyces laurentii	C24_pentahydroxy	4
39478|Streptomyces laurentii	C26_dihydroxy	2
39478|Streptomyces laurentii	C28_alcohol_3OH	0
39486|Dorea formicigenerans	C24_alkamine_trihydroxy	2
39490|Eubacterium ramulus	C24_alkamine_trihydroxy	4
39490|Eubacterium ramulus	C24_trihydroxy	4
394935|Chromobacterium haemolyticum	C24_alkamine_trihydroxy	6
394935|Chromobacterium haemolyticum	C24_alkamine_dihydroxy	2
394935|Chromobacterium haemolyticum	C28_alcohol_2OH	0
394935|Chromobacterium haemolyticum	C28_alcohol_3OH	0
39501|Cordyline fruticosa	C23_dihydroxy	1
39501|Cordyline fruticosa	C23_pentahydroxy	5
39501|Cordyline fruticosa	C23_trihydroxy	1
39501|Cordyline fruticosa	C24_pentahydroxy	1
39501|Cordyline fruticosa	C26_dihydroxy	1
39501|Cordyline fruticosa	C27_dihydroxy	42
39501|Cordyline fruticosa	C27_pentahydroxy	1
39501|Cordyline fruticosa	C28_alcohol_3OH	0
39519|Beaucarnea recurvata	C24_alkamine_tetrahydroxy	1
39519|Beaucarnea recurvata	C24_pentahydroxy	2
39519|Beaucarnea recurvata	C27_dihydroxy	4
39519|Beaucarnea recurvata	C27_pentahydroxy	15
39519|Beaucarnea recurvata	C28_alcohol_2OH	0
39519|Beaucarnea recurvata	C28_alcohol_3OH	0
39534|Sansevieria trifasciata	C28_alcohol_3OH	0
39601|Leptopelis	C24_dihydroxy	2
39601|Leptopelis	C24_trihydroxy	3
39601|Leptopelis	C27_dihydroxy	10
39601|Leptopelis	C27_monohydroxy	5
39601|Leptopelis	C27_pentahydroxy	1
39601|Leptopelis	C27_tetrahydroxy	1
39601|Leptopelis	C27_trihydroxy	1
39638|Agelaius phoeniceus	C24_dihydroxy	1
39638|Agelaius phoeniceus	C24_trihydroxy	2
39698|Tropidophiidae	C24_alkamine_dihydroxy	1
39698|Tropidophiidae	C24_dihydroxy	5
39698|Tropidophiidae	C24_tetrahydroxy	1
39698|Tropidophiidae	C24_trihydroxy	3
39705|Urva edwardsii	C24_alkamine_trihydroxy	2
39705|Urva edwardsii	C24_alkamine_pentahydroxy	2
39705|Urva edwardsii	C24_alkamine_tetrahydroxy	3
39705|Urva edwardsii	C24_dihydroxy	5
39705|Urva edwardsii	C24_pentahydroxy	4
39705|Urva edwardsii	C24_tetrahydroxy	7
39705|Urva edwardsii	C24_trihydroxy	19
39705|Urva edwardsii	C27_dihydroxy	1
397309|Pitta moluccensis	C24_alkamine_tetrahydroxy	1
397309|Pitta moluccensis	C24_dihydroxy	4
397309|Pitta moluccensis	C24_monohydroxy	2
397309|Pitta moluccensis	C24_tetrahydroxy	1
397309|Pitta moluccensis	C24_trihydroxy	6
397309|Pitta moluccensis	C27_dihydroxy	2
397309|Pitta moluccensis	C27_monohydroxy	3
39777|Veillonella atypica	C24_nonhydroxy	1
39777|Veillonella atypica	C27_pentahydroxy	1
39778|Veillonella dispar	C24_trihydroxy	1
39789|Ciconia abdimii	C23_trihydroxy	1
39789|Ciconia abdimii	C24_alkamine_trihydroxy	2
39789|Ciconia abdimii	C24_dihydroxy	15
39789|Ciconia abdimii	C24_monohydroxy	1
39789|Ciconia abdimii	C24_tetrahydroxy	7
39789|Ciconia abdimii	C24_trihydroxy	13
39789|Ciconia abdimii	C27_dihydroxy	4
39789|Ciconia abdimii	C27_monohydroxy	5
39789|Ciconia abdimii	C27_tetrahydroxy	1
39789|Ciconia abdimii	C27_trihydroxy	1
398295|Rhaphiolepis umbellata	C24_alkamine_tetrahydroxy	1
398295|Rhaphiolepis umbellata	C27_monohydroxy	4
398295|Rhaphiolepis umbellata	C28_alcohol_2OH	0
398295|Rhaphiolepis umbellata	C28_alcohol_3OH	0
3983|Manihot esculenta	C23_pentahydroxy	1
3983|Manihot esculenta	C24_trihydroxy	1
3983|Manihot esculenta	C26_dihydroxy	11
3983|Manihot esculenta	C28_alcohol_3OH	0
39845|Actinokineospora	C28_alcohol_3OH	0
3988|Ricinus communis	C28_alcohol_2OH	0
3988|Ricinus communis	C28_alcohol_3OH	0
3990|Euphorbia	C24_alkamine_pentahydroxy	6
3990|Euphorbia	C27_pentahydroxy	2
3990|Euphorbia	C28_alcohol_2OH	0
3990|Euphorbia	C28_alcohol_3OH	0
4012|Rhus	C24_alkamine_pentahydroxy	2
4012|Rhus	C24_alkamine_tetrahydroxy	2
4012|Rhus	C28_alcohol_3OH	0
401524|Cyrtodactylus pulchellus	C24_dihydroxy	7
401524|Cyrtodactylus pulchellus	C24_tetrahydroxy	5
401524|Cyrtodactylus pulchellus	C24_trihydroxy	15
401524|Cyrtodactylus pulchellus	C27_dihydroxy	1
401524|Cyrtodactylus pulchellus	C27_monohydroxy	1
401535|Stenodactylus petrii	C24_dihydroxy	4
401535|Stenodactylus petrii	C24_tetrahydroxy	2
401535|Stenodactylus petrii	C24_trihydroxy	3
401638|Paenibacillus taiwanensis	C24_pentahydroxy	2
40172|Cichla	C24_alkamine_tetrahydroxy	1
40172|Cichla	C24_dihydroxy	3
40172|Cichla	C24_tetrahydroxy	3
40172|Cichla	C24_trihydroxy	11
40172|Cichla	C27_dihydroxy	2
40172|Cichla	C27_monohydroxy	1
40172|Cichla	C27_pentahydroxy	1
40180|Alectoris melanocephala	C23_dihydroxy	1
40180|Alectoris melanocephala	C24_dihydroxy	5
40180|Alectoris melanocephala	C24_monohydroxy	2
40180|Alectoris melanocephala	C24_trihydroxy	5
40180|Alectoris melanocephala	C27_dihydroxy	2
40180|Alectoris melanocephala	C27_monohydroxy	2
40181|Alectoris philbyi	C23_dihydroxy	1
40181|Alectoris philbyi	C24_alkamine_trihydroxy	5
40181|Alectoris philbyi	C24_alkamine_dihydroxy	1
40181|Alectoris philbyi	C24_dihydroxy	32
40181|Alectoris philbyi	C24_monohydroxy	11
40181|Alectoris philbyi	C24_tetrahydroxy	14
40181|Alectoris philbyi	C24_trihydroxy	18
40181|Alectoris philbyi	C27_dihydroxy	5
4019|Tropaeolum	C24_alkamine_tetrahydroxy	4
4019|Tropaeolum	C24_trihydroxy	1
4019|Tropaeolum	C27_dihydroxy	2
4019|Tropaeolum	C27_monohydroxy	2
4019|Tropaeolum	C27_pentahydroxy	2
4019|Tropaeolum	C28_alcohol_2OH	0
4019|Tropaeolum	C28_alcohol_3OH	0
4022|Acer	C23_pentahydroxy	1
4022|Acer	C23_tetrahydroxy	2
4022|Acer	C24_alkamine_trihydroxy	3
4022|Acer	C24_alkamine_pentahydroxy	3
4022|Acer	C24_alkamine_tetrahydroxy	2
4022|Acer	C26_dihydroxy	5
4022|Acer	C27_monohydroxy	1
4022|Acer	C28_alcohol_3OH	0
402375|Uroplatus fimbriatus	C24_alkamine_trihydroxy	2
402375|Uroplatus fimbriatus	C24_alkamine_tetrahydroxy	1
402375|Uroplatus fimbriatus	C24_dihydroxy	6
402375|Uroplatus fimbriatus	C24_tetrahydroxy	4
402375|Uroplatus fimbriatus	C24_trihydroxy	12
402375|Uroplatus fimbriatus	C27_dihydroxy	1
402378|Uroplatus lineatus	C23_dihydroxy	2
402378|Uroplatus lineatus	C24_alkamine_trihydroxy	6
402378|Uroplatus lineatus	C24_dihydroxy	2
402378|Uroplatus lineatus	C24_tetrahydroxy	2
402378|Uroplatus lineatus	C24_trihydroxy	8
402378|Uroplatus lineatus	C28_alcohol_3OH	0
402381|Uroplatus phantasticus	C24_alkamine_trihydroxy	4
402381|Uroplatus phantasticus	C24_alkamine_dihydroxy	1
402381|Uroplatus phantasticus	C24_alkamine_tetrahydroxy	1
402381|Uroplatus phantasticus	C24_dihydroxy	7
402381|Uroplatus phantasticus	C24_tetrahydroxy	2
402381|Uroplatus phantasticus	C24_trihydroxy	11
402381|Uroplatus phantasticus	C27_dihydroxy	1
4024|Acer saccharum	C24_alkamine_pentahydroxy	2
4024|Acer saccharum	C28_alcohol_2OH	0
4024|Acer saccharum	C28_alcohol_3OH	0
40250|Saara hardwickii	C24_alkamine_trihydroxy	2
40250|Saara hardwickii	C24_dihydroxy	2
40250|Saara hardwickii	C24_tetrahydroxy	1
40250|Saara hardwickii	C24_trihydroxy	9
4030|Pelargonium	C24_pentahydroxy	1
4030|Pelargonium	C24_tetrahydroxy	1
4030|Pelargonium	C28_alcohol_3OH	0
40318|Streptomyces nodosus	C23_pentahydroxy	2
40318|Streptomyces nodosus	C23_trihydroxy	2
40318|Streptomyces nodosus	C24_alkamine_tetrahydroxy	6
40318|Streptomyces nodosus	C24_dihydroxy	2
40318|Streptomyces nodosus	C24_pentahydroxy	2
40318|Streptomyces nodosus	C24_tetrahydroxy	2
40318|Streptomyces nodosus	C28_alcohol_3OH	0
40322|Eulemur fulvus fulvus	C24_alkamine_dihydroxy	1
40322|Eulemur fulvus fulvus	C24_alkamine_monohydroxy	2
40322|Eulemur fulvus fulvus	C24_alkamine_pentahydroxy	1
40322|Eulemur fulvus fulvus	C24_dihydroxy	4
40322|Eulemur fulvus fulvus	C24_trihydroxy	3
40322|Eulemur fulvus fulvus	C26_dihydroxy	1
40322|Eulemur fulvus fulvus	C27_dihydroxy	1
40322|Eulemur fulvus fulvus	C27_monohydroxy	2
40353|Echis carinatus	C23_dihydroxy	2
40353|Echis carinatus	C24_alkamine_tetrahydroxy	1
40353|Echis carinatus	C24_dihydroxy	3
40353|Echis carinatus	C24_pentahydroxy	1
40353|Echis carinatus	C24_tetrahydroxy	5
40353|Echis carinatus	C24_trihydroxy	10
40353|Echis carinatus	C27_dihydroxy	1
403673|Batrachochytrium dendrobatidis JEL423	C24_alkamine_trihydroxy	36
403673|Batrachochytrium dendrobatidis JEL423	C24_trihydroxy	8
4038|Daucus	C26_dihydroxy	2
4038|Daucus	C27_pentahydroxy	2
4038|Daucus	C28_alcohol_3OH	0
4039|Daucus carota	C23_trihydroxy	2
4039|Daucus carota	C24_pentahydroxy	6
4039|Daucus carota	C24_trihydroxy	5
4039|Daucus carota	C27_dihydroxy	1
4039|Daucus carota	C27_pentahydroxy	2
4039|Daucus carota	C28_alcohol_2OH	0
4039|Daucus carota	C28_alcohol_3OH	0
4042|Petroselinum	C23_pentahydroxy	2
4042|Petroselinum	C24_alkamine_pentahydroxy	2
4042|Petroselinum	C24_alkamine_tetrahydroxy	6
4042|Petroselinum	C24_tetrahydroxy	1
4042|Petroselinum	C24_trihydroxy	2
4042|Petroselinum	C27_pentahydroxy	4
4042|Petroselinum	C28_alcohol_3OH	0
4043|Petroselinum crispum	C24_monohydroxy	1
4043|Petroselinum crispum	C28_alcohol_3OH	0
4044|Apium	C24_pentahydroxy	1
4044|Apium	C27_pentahydroxy	2
40457|Fistulina hepatica	C24_monohydroxy	1
4046|Coriandrum	C24_alkamine_pentahydroxy	2
4046|Coriandrum	C24_alkamine_tetrahydroxy	2
4046|Coriandrum	C24_trihydroxy	1
4046|Coriandrum	C27_dihydroxy	2
4046|Coriandrum	C27_pentahydroxy	2
4046|Coriandrum	C28_alcohol_2OH	0
4046|Coriandrum	C28_alcohol_3OH	0
4047|Coriandrum sativum	C24_alkamine_tetrahydroxy	2
4047|Coriandrum sativum	C28_alcohol_3OH	0
40520|Blautia obeum	C24_trihydroxy	1
40559|Botrytis cinerea	C24_alkamine_monohydroxy	1
40559|Botrytis cinerea	C24_monohydroxy	1
4057|Catharanthus	C24_alkamine_pentahydroxy	3
4057|Catharanthus	C24_pentahydroxy	1
4057|Catharanthus	C26_dihydroxy	1
4057|Catharanthus	C28_alcohol_2OH	0
4057|Catharanthus	C28_alcohol_3OH	0
4058|Catharanthus roseus	C28_alcohol_2OH	0
4058|Catharanthus roseus	C28_alcohol_3OH	0
405907|Cantharellus californicus	C24_monohydroxy	1
4071|Capsicum	C23_dihydroxy	38
4071|Capsicum	C23_trihydroxy	6
4071|Capsicum	C24_alkamine_pentahydroxy	18
4071|Capsicum	C24_alkamine_tetrahydroxy	10
4071|Capsicum	C24_trihydroxy	4
4071|Capsicum	C27_dihydroxy	2
4071|Capsicum	C27_pentahydroxy	8
4071|Capsicum	C28_alcohol_2OH	0
4071|Capsicum	C28_alcohol_3OH	0
4072|Capsicum annuum	C23_dihydroxy	56
4072|Capsicum annuum	C23_pentahydroxy	1
4072|Capsicum annuum	C23_trihydroxy	3
4072|Capsicum annuum	C24_alkamine_trihydroxy	3
4072|Capsicum annuum	C24_alkamine_tetrahydroxy	4
4072|Capsicum annuum	C24_monohydroxy	6
4072|Capsicum annuum	C24_trihydroxy	367
4072|Capsicum annuum	C27_dihydroxy	1
4072|Capsicum annuum	C27_monohydroxy	8
4072|Capsicum annuum	C27_pentahydroxy	2
4072|Capsicum annuum	C27_tetrahydroxy	6
4072|Capsicum annuum	C27_trihydroxy	6
4072|Capsicum annuum	C28_alcohol_3OH	0
4073|Capsicum frutescens	C28_alcohol_3OH	0
4076|Datura stramonium	C28_alcohol_2OH	0
4076|Datura stramonium	C28_alcohol_3OH	0
4081|Solanum lycopersicum	C24_alkamine_trihydroxy	3
4081|Solanum lycopersicum	C24_nonhydroxy	2
4081|Solanum lycopersicum	C24_trihydroxy	475
4081|Solanum lycopersicum	C26_dihydroxy	1
4081|Solanum lycopersicum	C27_dihydroxy	2
4081|Solanum lycopersicum	C27_monohydroxy	19
4081|Solanum lycopersicum	C27_pentahydroxy	2
4081|Solanum lycopersicum	C27_tetrahydroxy	6
4081|Solanum lycopersicum	C27_trihydroxy	6
4081|Solanum lycopersicum	C28_alcohol_1OH	0
4081|Solanum lycopersicum	C28_alcohol_2OH	0
4081|Solanum lycopersicum	C28_alcohol_3OH	0
40830|Barbus barbus	C23_dihydroxy	1
40830|Barbus barbus	C24_alkamine_trihydroxy	3
40830|Barbus barbus	C24_alkamine_dihydroxy	1
40830|Barbus barbus	C24_dihydroxy	5
40830|Barbus barbus	C24_trihydroxy	4
40830|Barbus barbus	C27_dihydroxy	13
40830|Barbus barbus	C27_monohydroxy	8
40830|Barbus barbus	C27_tetrahydroxy	2
40830|Barbus barbus	C27_trihydroxy	2
40833|Bucephala islandica	C24_alkamine_trihydroxy	4
40833|Bucephala islandica	C24_alkamine_pentahydroxy	4
40833|Bucephala islandica	C24_alkamine_tetrahydroxy	2
40833|Bucephala islandica	C24_dihydroxy	12
40833|Bucephala islandica	C24_monohydroxy	2
40833|Bucephala islandica	C24_tetrahydroxy	12
40833|Bucephala islandica	C24_trihydroxy	18
40833|Bucephala islandica	C27_dihydroxy	6
40833|Bucephala islandica	C27_monohydroxy	4
40833|Bucephala islandica	C27_tetrahydroxy	4
40833|Bucephala islandica	C27_trihydroxy	4
40921|Anethum	C24_alkamine_tetrahydroxy	2
40921|Anethum	C27_pentahydroxy	2
40922|Anethum graveolens	C24_trihydroxy	1
40922|Anethum graveolens	C28_alcohol_3OH	0
409288|Oriolus chinensis	C24_alkamine_dihydroxy	1
409288|Oriolus chinensis	C24_tetrahydroxy	2
409288|Oriolus chinensis	C24_trihydroxy	3
409288|Oriolus chinensis	C27_dihydroxy	2
409288|Oriolus chinensis	C27_monohydroxy	1
409288|Oriolus chinensis	C27_tetrahydroxy	5
409288|Oriolus chinensis	C27_trihydroxy	5
409609|Giraffa reticulata	C24_alkamine_tetrahydroxy	2
409609|Giraffa reticulata	C24_dihydroxy	2
409609|Giraffa reticulata	C24_tetrahydroxy	2
409609|Giraffa reticulata	C24_trihydroxy	4
409609|Giraffa reticulata	C27_dihydroxy	2
409609|Giraffa reticulata	C27_monohydroxy	2
409609|Giraffa reticulata	C28_alcohol_3OH	0
4097|Nicotiana tabacum	C23_dihydroxy	2
4097|Nicotiana tabacum	C23_trihydroxy	2
4097|Nicotiana tabacum	C24_alkamine_trihydroxy	4
4097|Nicotiana tabacum	C24_alkamine_tetrahydroxy	16
4097|Nicotiana tabacum	C24_dihydroxy	4
4097|Nicotiana tabacum	C24_monohydroxy	7
4097|Nicotiana tabacum	C24_pentahydroxy	19
4097|Nicotiana tabacum	C24_tetrahydroxy	166
4097|Nicotiana tabacum	C27_dihydroxy	4
4097|Nicotiana tabacum	C27_pentahydroxy	10
4097|Nicotiana tabacum	C27_tetrahydroxy	20
4097|Nicotiana tabacum	C27_trihydroxy	16
4097|Nicotiana tabacum	C28_alcohol_2OH	0
4097|Nicotiana tabacum	C28_alcohol_3OH	0
4100|Nicotiana benthamiana	C24_alkamine_trihydroxy	12
4100|Nicotiana benthamiana	C28_alcohol_2OH	0
4100|Nicotiana benthamiana	C28_alcohol_3OH	0
4107|Solanum	C24_alkamine_trihydroxy	4
4107|Solanum	C24_alkamine_pentahydroxy	2
4107|Solanum	C27_monohydroxy	4
4107|Solanum	C28_alcohol_3OH	0
4111|Solanum melongena	C23_pentahydroxy	1
4111|Solanum melongena	C24_alkamine_tetrahydroxy	7
4111|Solanum melongena	C24_tetrahydroxy	1
4111|Solanum melongena	C27_dihydroxy	2
4111|Solanum melongena	C27_pentahydroxy	15
4111|Solanum melongena	C28_alcohol_2OH	0
4111|Solanum melongena	C28_alcohol_3OH	0
4113|Solanum tuberosum	C24_alkamine_trihydroxy	6
4113|Solanum tuberosum	C24_alkamine_tetrahydroxy	7
4113|Solanum tuberosum	C27_dihydroxy	21
4113|Solanum tuberosum	C27_monohydroxy	23
4113|Solanum tuberosum	C27_pentahydroxy	5
4113|Solanum tuberosum	C27_tetrahydroxy	44
4113|Solanum tuberosum	C27_trihydroxy	44
4113|Solanum tuberosum	C28_alcohol_3OH	0
411459|Blautia obeum ATCC 29174	C24_alkamine_trihydroxy	2
411459|Blautia obeum ATCC 29174	C24_trihydroxy	2
411459|Blautia obeum ATCC 29174	C28_alcohol_2OH	0
411459|Blautia obeum ATCC 29174	C28_alcohol_3OH	0
411468|[Clostridium] scindens ATCC 35704	C24_alkamine_trihydroxy	7
411468|[Clostridium] scindens ATCC 35704	C24_alkamine_dihydroxy	4
411468|[Clostridium] scindens ATCC 35704	C24_dihydroxy	5
411468|[Clostridium] scindens ATCC 35704	C24_monohydroxy	1
411468|[Clostridium] scindens ATCC 35704	C24_trihydroxy	6
411469|Anaerobutyricum hallii DSM 3353	C24_alkamine_trihydroxy	2
411469|Anaerobutyricum hallii DSM 3353	C28_alcohol_2OH	0
411469|Anaerobutyricum hallii DSM 3353	C28_alcohol_3OH	0
411470|Mediterraneibacter gnavus ATCC 29149	C24_alkamine_trihydroxy	8
411470|Mediterraneibacter gnavus ATCC 29149	C24_alkamine_dihydroxy	4
411470|Mediterraneibacter gnavus ATCC 29149	C24_dihydroxy	6
411470|Mediterraneibacter gnavus ATCC 29149	C24_trihydroxy	4
411476|Bacteroides ovatus ATCC 8483	C24_alkamine_trihydroxy	6
411476|Bacteroides ovatus ATCC 8483	C24_alkamine_dihydroxy	4
411476|Bacteroides ovatus ATCC 8483	C24_dihydroxy	4
411476|Bacteroides ovatus ATCC 8483	C24_trihydroxy	6
411481|Bifidobacterium adolescentis L2-32	C24_alkamine_trihydroxy	29
411481|Bifidobacterium adolescentis L2-32	C24_alkamine_dihydroxy	39
411481|Bifidobacterium adolescentis L2-32	C24_dihydroxy	14
411481|Bifidobacterium adolescentis L2-32	C24_trihydroxy	13
4119|Ipomoea	C24_alkamine_tetrahydroxy	4
4119|Ipomoea	C24_pentahydroxy	1
4119|Ipomoea	C24_tetrahydroxy	1
4119|Ipomoea	C27_pentahydroxy	2
4119|Ipomoea	C28_alcohol_3OH	0
41200|Bifidobacterium sp.	C24_alkamine_trihydroxy	29
41200|Bifidobacterium sp.	C24_alkamine_dihydroxy	40
41200|Bifidobacterium sp.	C24_dihydroxy	1
41200|Bifidobacterium sp.	C24_trihydroxy	6
41228|Plectranthus barbatus	C24_alkamine_trihydroxy	10
41228|Plectranthus barbatus	C24_alkamine_tetrahydroxy	2
41228|Plectranthus barbatus	C24_monohydroxy	3
41228|Plectranthus barbatus	C24_trihydroxy	7
41228|Plectranthus barbatus	C28_alcohol_3OH	0
412384|Priestia aryabhattai	C24_alkamine_trihydroxy	2
412384|Priestia aryabhattai	C24_alkamine_dihydroxy	2
412384|Priestia aryabhattai	C24_dihydroxy	8
412384|Priestia aryabhattai	C24_tetrahydroxy	2
412384|Priestia aryabhattai	C24_trihydroxy	2
41241|Rumex acetosa	C23_trihydroxy	2
41241|Rumex acetosa	C24_trihydroxy	5
413582|Notamacropus parma	C24_alkamine_trihydroxy	1
413582|Notamacropus parma	C24_alkamine_tetrahydroxy	1
413582|Notamacropus parma	C24_dihydroxy	6
413582|Notamacropus parma	C24_tetrahydroxy	3
413582|Notamacropus parma	C24_trihydroxy	7
413582|Notamacropus parma	C27_dihydroxy	1
413582|Notamacropus parma	C27_monohydroxy	2
413582|Notamacropus parma	C27_tetrahydroxy	2
413582|Notamacropus parma	C27_trihydroxy	1
41390|Holmskioldia sanguinea	C24_alkamine_tetrahydroxy	3
41426|Phacochoerus africanus	C24_alkamine_trihydroxy	4
41426|Phacochoerus africanus	C24_dihydroxy	26
41426|Phacochoerus africanus	C24_tetrahydroxy	7
41426|Phacochoerus africanus	C24_trihydroxy	21
41426|Phacochoerus africanus	C27_dihydroxy	1
41426|Phacochoerus africanus	C27_monohydroxy	2
4145|Olea	C24_alkamine_pentahydroxy	2
4145|Olea	C27_tetrahydroxy	6
4145|Olea	C27_trihydroxy	6
4145|Olea	C28_alcohol_3OH	0
4146|Olea europaea	C24_alkamine_tetrahydroxy	1
4146|Olea europaea	C27_monohydroxy	1
4146|Olea europaea	C28_alcohol_2OH	0
4146|Olea europaea	C28_alcohol_3OH	0
414892|Lonchura punctulata	C24_dihydroxy	4
414892|Lonchura punctulata	C24_tetrahydroxy	2
414892|Lonchura punctulata	C24_trihydroxy	5
414897|Erythrura hyperythra	C24_alkamine_trihydroxy	4
414897|Erythrura hyperythra	C24_alkamine_dihydroxy	3
414897|Erythrura hyperythra	C24_dihydroxy	3
414897|Erythrura hyperythra	C24_trihydroxy	2
414897|Erythrura hyperythra	C27_dihydroxy	2
41492|Bellis perennis	C23_trihydroxy	3
41492|Bellis perennis	C24_trihydroxy	6
415020|Chiroxiphia linearis	C24_dihydroxy	5
415020|Chiroxiphia linearis	C24_trihydroxy	5
415020|Chiroxiphia linearis	C27_dihydroxy	5
415020|Chiroxiphia linearis	C27_monohydroxy	1
415978|Sus scrofa scrofa	C24_alkamine_trihydroxy	2
415978|Sus scrofa scrofa	C24_alkamine_dihydroxy	1
415978|Sus scrofa scrofa	C24_alkamine_pentahydroxy	1
415978|Sus scrofa scrofa	C24_dihydroxy	17
415978|Sus scrofa scrofa	C24_monohydroxy	3
415978|Sus scrofa scrofa	C24_tetrahydroxy	2
415978|Sus scrofa scrofa	C24_trihydroxy	25
415978|Sus scrofa scrofa	C27_monohydroxy	2
416102|Cissus rotundifolia	C24_nonhydroxy	1
416102|Cissus rotundifolia	C28_alcohol_3OH	0
4164|Digitalis purpurea	C23_dihydroxy	1
4164|Digitalis purpurea	C24_alkamine_tetrahydroxy	2
4164|Digitalis purpurea	C27_dihydroxy	13
41653|Tragopogon pratensis	C23_trihydroxy	1
41653|Tragopogon pratensis	C24_trihydroxy	1
41653|Tragopogon pratensis	C27_pentahydroxy	1
41691|Cygnus melancoryphus	C23_dihydroxy	1
41691|Cygnus melancoryphus	C24_alkamine_dihydroxy	6
41691|Cygnus melancoryphus	C24_alkamine_tetrahydroxy	2
41691|Cygnus melancoryphus	C24_dihydroxy	26
41691|Cygnus melancoryphus	C24_monohydroxy	5
41691|Cygnus melancoryphus	C24_tetrahydroxy	10
41691|Cygnus melancoryphus	C24_trihydroxy	28
41691|Cygnus melancoryphus	C27_dihydroxy	6
41691|Cygnus melancoryphus	C27_monohydroxy	5
41691|Cygnus melancoryphus	C27_tetrahydroxy	1
41691|Cygnus melancoryphus	C27_trihydroxy	1
41776|Nandina domestica	C24_tetrahydroxy	1
41776|Nandina domestica	C24_trihydroxy	2
41776|Nandina domestica	C27_dihydroxy	1
41776|Nandina domestica	C27_monohydroxy	2
41776|Nandina domestica	C28_alcohol_3OH	0
4182|Sesamum indicum	C28_alcohol_3OH	0
420544|Dracaena	C24_alkamine_trihydroxy	4
420544|Dracaena	C24_dihydroxy	9
420544|Dracaena	C24_tetrahydroxy	4
420544|Dracaena	C24_trihydroxy	18
420544|Dracaena	C27_dihydroxy	1
420544|Dracaena	C27_monohydroxy	1
420544|Dracaena	C27_tetrahydroxy	1
420544|Dracaena	C27_trihydroxy	1
42152|Dasyprocta leporina	C24_alkamine_trihydroxy	2
42152|Dasyprocta leporina	C24_dihydroxy	33
42152|Dasyprocta leporina	C24_tetrahydroxy	8
42152|Dasyprocta leporina	C24_trihydroxy	48
42236|Streptomyces diastatochromogenes	C28_alcohol_2OH	0
42236|Streptomyces diastatochromogenes	C28_alcohol_3OH	0
42237|Streptomyces eurythermus	C24_dihydroxy	2
42237|Streptomyces eurythermus	C24_trihydroxy	2
42237|Streptomyces eurythermus	C26_dihydroxy	2
42237|Streptomyces eurythermus	C27_monohydroxy	4
42237|Streptomyces eurythermus	C27_tetrahydroxy	2
42237|Streptomyces eurythermus	C27_trihydroxy	2
42237|Streptomyces eurythermus	C28_alcohol_3OH	0
42238|Streptomyces neyagawaensis	C23_dihydroxy	4
42238|Streptomyces neyagawaensis	C23_pentahydroxy	4
42238|Streptomyces neyagawaensis	C23_trihydroxy	2
42238|Streptomyces neyagawaensis	C24_alkamine_trihydroxy	16
42238|Streptomyces neyagawaensis	C24_alkamine_dihydroxy	2
42238|Streptomyces neyagawaensis	C24_alkamine_pentahydroxy	2
42238|Streptomyces neyagawaensis	C24_alkamine_tetrahydroxy	18
42238|Streptomyces neyagawaensis	C24_dihydroxy	18
42238|Streptomyces neyagawaensis	C24_trihydroxy	6
42238|Streptomyces neyagawaensis	C27_dihydroxy	2
42238|Streptomyces neyagawaensis	C27_monohydroxy	2
42238|Streptomyces neyagawaensis	C27_pentahydroxy	4
42238|Streptomyces neyagawaensis	C28_alcohol_2OH	0
42238|Streptomyces neyagawaensis	C28_alcohol_3OH	0
42308|Hypoxylon	C28_alcohol_3OH	0
4232|Helianthus annuus	C28_alcohol_3OH	0
4233|Helianthus tuberosus	C28_alcohol_2OH	0
4233|Helianthus tuberosus	C28_alcohol_3OH	0
42345|Phoenix dactylifera	C24_alkamine_trihydroxy	3
42345|Phoenix dactylifera	C28_alcohol_3OH	0
423460|Basidiobolus meristosporus	C23_dihydroxy	20
423460|Basidiobolus meristosporus	C23_trihydroxy	10
423460|Basidiobolus meristosporus	C24_alkamine_trihydroxy	13
423460|Basidiobolus meristosporus	C24_dihydroxy	262
423460|Basidiobolus meristosporus	C24_tetrahydroxy	14
423460|Basidiobolus meristosporus	C24_trihydroxy	157
423460|Basidiobolus meristosporus	C28_alcohol_2OH	0
423460|Basidiobolus meristosporus	C28_alcohol_3OH	0
4235|Lactuca	C24_alkamine_pentahydroxy	2
4235|Lactuca	C24_alkamine_tetrahydroxy	4
4235|Lactuca	C24_dihydroxy	2
4235|Lactuca	C28_alcohol_3OH	0
4236|Lactuca sativa	C24_dihydroxy	1
424428|Abutilon grandifolium	C28_alcohol_3OH	0
424520|Campyloneurum phyllitidis	C26_dihydroxy	4
424520|Campyloneurum phyllitidis	C28_alcohol_3OH	0
424585|Ailurus styani	C24_alkamine_pentahydroxy	1
424585|Ailurus styani	C24_dihydroxy	2
424585|Ailurus styani	C24_tetrahydroxy	5
424585|Ailurus styani	C24_trihydroxy	10
424585|Ailurus styani	C27_dihydroxy	1
424585|Ailurus styani	C27_monohydroxy	3
424797|Nocardioides terrigena	C24_alkamine_trihydroxy	3
424797|Nocardioides terrigena	C24_dihydroxy	1
425151|Piper fimbriulatum	C23_pentahydroxy	14
425151|Piper fimbriulatum	C28_alcohol_2OH	0
425151|Piper fimbriulatum	C28_alcohol_3OH	0
425371|Threskiornis melanocephalus	C24_alkamine_tetrahydroxy	1
425371|Threskiornis melanocephalus	C24_dihydroxy	10
425371|Threskiornis melanocephalus	C24_tetrahydroxy	5
425371|Threskiornis melanocephalus	C24_trihydroxy	8
425371|Threskiornis melanocephalus	C27_monohydroxy	2
425641|Hydroprogne caspia	C24_alkamine_trihydroxy	3
425641|Hydroprogne caspia	C24_alkamine_pentahydroxy	3
425641|Hydroprogne caspia	C24_alkamine_tetrahydroxy	1
425641|Hydroprogne caspia	C24_dihydroxy	8
425641|Hydroprogne caspia	C24_pentahydroxy	1
425641|Hydroprogne caspia	C24_tetrahydroxy	4
425641|Hydroprogne caspia	C24_trihydroxy	5
425641|Hydroprogne caspia	C27_dihydroxy	5
425641|Hydroprogne caspia	C27_monohydroxy	3
425641|Hydroprogne caspia	C27_tetrahydroxy	2
425641|Hydroprogne caspia	C27_trihydroxy	2
425648|Onychoprion fuscatus	C24_alkamine_tetrahydroxy	1
425648|Onychoprion fuscatus	C24_dihydroxy	16
425648|Onychoprion fuscatus	C24_tetrahydroxy	3
425648|Onychoprion fuscatus	C24_trihydroxy	2
425648|Onychoprion fuscatus	C27_dihydroxy	7
425648|Onychoprion fuscatus	C27_monohydroxy	6
425648|Onychoprion fuscatus	C27_tetrahydroxy	6
425648|Onychoprion fuscatus	C27_trihydroxy	6
426098|Eutrigla gurnardus	C24_alkamine_trihydroxy	2
426098|Eutrigla gurnardus	C24_alkamine_pentahydroxy	3
426098|Eutrigla gurnardus	C24_alkamine_tetrahydroxy	1
426098|Eutrigla gurnardus	C24_dihydroxy	3
426098|Eutrigla gurnardus	C24_pentahydroxy	3
426098|Eutrigla gurnardus	C24_tetrahydroxy	6
426098|Eutrigla gurnardus	C24_trihydroxy	12
426098|Eutrigla gurnardus	C27_dihydroxy	1
426098|Eutrigla gurnardus	C27_monohydroxy	2
4264|Cynara	C28_alcohol_3OH	0
42684|Streptomyces collinus	C28_alcohol_3OH	0
42757|Necturus maculosus	C23_dihydroxy	1
42757|Necturus maculosus	C24_alkamine_trihydroxy	2
42757|Necturus maculosus	C24_dihydroxy	3
42757|Necturus maculosus	C24_tetrahydroxy	1
42757|Necturus maculosus	C24_trihydroxy	2
42757|Necturus maculosus	C27_dihydroxy	3
42757|Necturus maculosus	C27_monohydroxy	1
42757|Necturus maculosus	C27_tetrahydroxy	3
42757|Necturus maculosus	C27_trihydroxy	3
428268|Tradescantia spathacea	C23_pentahydroxy	1
428268|Tradescantia spathacea	C24_alkamine_tetrahydroxy	2
428268|Tradescantia spathacea	C27_pentahydroxy	6
428268|Tradescantia spathacea	C28_alcohol_2OH	0
428268|Tradescantia spathacea	C28_alcohol_3OH	0
4306|Euonymus	C28_alcohol_3OH	0
43147|Aotus lemurinus	C24_alkamine_trihydroxy	4
43147|Aotus lemurinus	C24_alkamine_dihydroxy	2
43147|Aotus lemurinus	C24_dihydroxy	10
43147|Aotus lemurinus	C24_monohydroxy	2
43147|Aotus lemurinus	C24_tetrahydroxy	2
43147|Aotus lemurinus	C24_trihydroxy	9
43147|Aotus lemurinus	C27_dihydroxy	2
43147|Aotus lemurinus	C27_monohydroxy	2
43147|Aotus lemurinus	C28_alcohol_3OH	0
43161|Melidectes belfordi	C24_dihydroxy	4
43161|Melidectes belfordi	C24_monohydroxy	2
43161|Melidectes belfordi	C24_tetrahydroxy	7
43161|Melidectes belfordi	C24_trihydroxy	8
43161|Melidectes belfordi	C27_dihydroxy	8
43161|Melidectes belfordi	C27_monohydroxy	4
43161|Melidectes belfordi	C27_tetrahydroxy	3
43161|Melidectes belfordi	C27_trihydroxy	3
43179|Ictidomys tridecemlineatus	C24_alkamine_trihydroxy	2
43179|Ictidomys tridecemlineatus	C24_alkamine_pentahydroxy	1
43179|Ictidomys tridecemlineatus	C24_dihydroxy	12
43179|Ictidomys tridecemlineatus	C24_pentahydroxy	2
43179|Ictidomys tridecemlineatus	C24_tetrahydroxy	6
43179|Ictidomys tridecemlineatus	C24_trihydroxy	13
43179|Ictidomys tridecemlineatus	C27_dihydroxy	1
43179|Ictidomys tridecemlineatus	C27_monohydroxy	3
43179|Ictidomys tridecemlineatus	C27_tetrahydroxy	3
43179|Ictidomys tridecemlineatus	C27_trihydroxy	1
43311|Fratercula cirrhata	C23_trihydroxy	2
43311|Fratercula cirrhata	C24_alkamine_trihydroxy	2
43311|Fratercula cirrhata	C24_alkamine_pentahydroxy	4
43311|Fratercula cirrhata	C24_alkamine_tetrahydroxy	12
43311|Fratercula cirrhata	C24_dihydroxy	22
43311|Fratercula cirrhata	C24_monohydroxy	6
43311|Fratercula cirrhata	C24_pentahydroxy	2
43311|Fratercula cirrhata	C24_tetrahydroxy	26
43311|Fratercula cirrhata	C24_trihydroxy	52
43311|Fratercula cirrhata	C27_dihydroxy	4
43311|Fratercula cirrhata	C27_monohydroxy	6
43311|Fratercula cirrhata	C27_pentahydroxy	4
43311|Fratercula cirrhata	C27_tetrahydroxy	8
43311|Fratercula cirrhata	C27_trihydroxy	8
43316|Glareola pratincola	C24_alkamine_trihydroxy	1
43316|Glareola pratincola	C24_dihydroxy	2
43316|Glareola pratincola	C24_tetrahydroxy	1
43316|Glareola pratincola	C24_trihydroxy	3
43328|Rucervus duvaucelii	C24_dihydroxy	8
43328|Rucervus duvaucelii	C24_tetrahydroxy	1
43328|Rucervus duvaucelii	C24_trihydroxy	12
43332|Elaphurus davidianus	C24_alkamine_trihydroxy	1
43332|Elaphurus davidianus	C24_dihydroxy	6
43332|Elaphurus davidianus	C24_tetrahydroxy	1
43332|Elaphurus davidianus	C24_trihydroxy	15
43334|Mazama americana	C24_alkamine_trihydroxy	2
43334|Mazama americana	C24_alkamine_pentahydroxy	1
43334|Mazama americana	C24_dihydroxy	5
43334|Mazama americana	C24_tetrahydroxy	2
43334|Mazama americana	C24_trihydroxy	8
43347|Bison bison athabascae	C24_alkamine_trihydroxy	1
43347|Bison bison athabascae	C24_alkamine_pentahydroxy	2
43347|Bison bison athabascae	C24_dihydroxy	11
43347|Bison bison athabascae	C24_tetrahydroxy	5
43347|Bison bison athabascae	C24_trihydroxy	18
43347|Bison bison athabascae	C27_dihydroxy	1
43347|Bison bison athabascae	C27_monohydroxy	1
43348|Mycobacterium branderi	C28_alcohol_3OH	0
43354|Prauserella rugosa	C23_pentahydroxy	4
43354|Prauserella rugosa	C23_trihydroxy	2
43354|Prauserella rugosa	C24_alkamine_trihydroxy	2
43354|Prauserella rugosa	C24_pentahydroxy	12
43354|Prauserella rugosa	C28_alcohol_2OH	0
43354|Prauserella rugosa	C28_alcohol_3OH	0
43355|Crossiella cryophila	C27_monohydroxy	2
43357|Kutzneria albida	C24_alkamine_monohydroxy	12
43357|Kutzneria albida	C26_dihydroxy	4
43357|Kutzneria albida	C28_alcohol_3OH	0
43466|Circus cyaneus	C24_alkamine_trihydroxy	3
43466|Circus cyaneus	C24_alkamine_dihydroxy	2
43466|Circus cyaneus	C24_alkamine_pentahydroxy	1
43466|Circus cyaneus	C24_alkamine_tetrahydroxy	1
43466|Circus cyaneus	C24_dihydroxy	22
43466|Circus cyaneus	C24_monohydroxy	2
43466|Circus cyaneus	C24_tetrahydroxy	9
43466|Circus cyaneus	C24_trihydroxy	8
43466|Circus cyaneus	C27_dihydroxy	6
43466|Circus cyaneus	C27_monohydroxy	2
43466|Circus cyaneus	C28_alcohol_3OH	0
43490|Gyps africanus	C23_dihydroxy	1
43490|Gyps africanus	C23_trihydroxy	2
43490|Gyps africanus	C24_alkamine_trihydroxy	35
43490|Gyps africanus	C24_alkamine_pentahydroxy	1
43490|Gyps africanus	C24_alkamine_tetrahydroxy	12
43490|Gyps africanus	C24_dihydroxy	22
43490|Gyps africanus	C24_monohydroxy	4
43490|Gyps africanus	C24_tetrahydroxy	30
43490|Gyps africanus	C24_trihydroxy	48
43490|Gyps africanus	C27_dihydroxy	6
43490|Gyps africanus	C27_monohydroxy	2
43490|Gyps africanus	C27_tetrahydroxy	4
43490|Gyps africanus	C27_trihydroxy	4
43522|Morinda citrifolia	C24_tetrahydroxy	2
43522|Morinda citrifolia	C28_alcohol_2OH	0
43522|Morinda citrifolia	C28_alcohol_3OH	0
435590|Phocaeicola vulgatus ATCC 8482	C24_alkamine_trihydroxy	11
435590|Phocaeicola vulgatus ATCC 8482	C24_alkamine_dihydroxy	4
435590|Phocaeicola vulgatus ATCC 8482	C24_dihydroxy	5
435590|Phocaeicola vulgatus ATCC 8482	C24_trihydroxy	10
435590|Phocaeicola vulgatus ATCC 8482	C28_alcohol_2OH	0
435590|Phocaeicola vulgatus ATCC 8482	C28_alcohol_3OH	0
435591|Parabacteroides distasonis ATCC 8503	C24_alkamine_trihydroxy	6
435591|Parabacteroides distasonis ATCC 8503	C24_trihydroxy	6
435591|Parabacteroides distasonis ATCC 8503	C28_alcohol_2OH	0
435638|Phoenicopterus roseus	C24_dihydroxy	15
435638|Phoenicopterus roseus	C24_tetrahydroxy	2
435638|Phoenicopterus roseus	C24_trihydroxy	9
435638|Phoenicopterus roseus	C27_dihydroxy	1
435638|Phoenicopterus roseus	C27_monohydroxy	4
435830|Actinomyces graevenitzii C83	C24_alkamine_trihydroxy	3
435830|Actinomyces graevenitzii C83	C24_dihydroxy	1
435832|Neisseria mucosa C102	C24_alkamine_trihydroxy	7
435832|Neisseria mucosa C102	C24_alkamine_dihydroxy	4
435832|Neisseria mucosa C102	C24_dihydroxy	2
435832|Neisseria mucosa C102	C24_trihydroxy	3
43583|Sarcoramphus papa	C24_alkamine_trihydroxy	8
43583|Sarcoramphus papa	C24_alkamine_dihydroxy	6
43583|Sarcoramphus papa	C24_alkamine_tetrahydroxy	1
43583|Sarcoramphus papa	C24_dihydroxy	23
43583|Sarcoramphus papa	C24_monohydroxy	12
43583|Sarcoramphus papa	C24_tetrahydroxy	4
43583|Sarcoramphus papa	C24_trihydroxy	12
43583|Sarcoramphus papa	C27_dihydroxy	2
43583|Sarcoramphus papa	C27_monohydroxy	2
43583|Sarcoramphus papa	C28_alcohol_3OH	0
435842|Streptococcus sp. C150	C24_dihydroxy	1
43591|Crotaphytus collaris	C24_dihydroxy	3
43591|Crotaphytus collaris	C24_tetrahydroxy	3
43591|Crotaphytus collaris	C24_trihydroxy	3
43591|Crotaphytus collaris	C27_dihydroxy	2
43591|Crotaphytus collaris	C27_tetrahydroxy	1
43591|Crotaphytus collaris	C27_trihydroxy	1
43656|Pseudoalteromonas denitrificans	C24_monohydroxy	12
43656|Pseudoalteromonas denitrificans	C28_alcohol_2OH	0
43656|Pseudoalteromonas denitrificans	C28_alcohol_3OH	0
43666|Paeniglutamicibacter sulfureus	C27_monohydroxy	2
43677|Promicromonospora citrea	C28_alcohol_3OH	0
437162|Eunicea flexuosa	C28_alcohol_3OH	0
437646|Varanus beccarii	C24_alkamine_pentahydroxy	1
437646|Varanus beccarii	C24_dihydroxy	2
437646|Varanus beccarii	C24_tetrahydroxy	1
437646|Varanus beccarii	C24_trihydroxy	2
437646|Varanus beccarii	C27_pentahydroxy	1
43777|Pithecia pithecia	C24_alkamine_dihydroxy	3
43777|Pithecia pithecia	C24_dihydroxy	5
43777|Pithecia pithecia	C24_tetrahydroxy	2
43777|Pithecia pithecia	C24_trihydroxy	4
440359|Campanula patula	C23_trihydroxy	1
440359|Campanula patula	C24_trihydroxy	3
441706|Ploceus castaneiceps	C24_alkamine_trihydroxy	13
441706|Ploceus castaneiceps	C24_alkamine_dihydroxy	7
441706|Ploceus castaneiceps	C24_alkamine_tetrahydroxy	4
441706|Ploceus castaneiceps	C24_dihydroxy	10
441706|Ploceus castaneiceps	C24_tetrahydroxy	3
441706|Ploceus castaneiceps	C24_trihydroxy	12
441706|Ploceus castaneiceps	C27_monohydroxy	1
441894|Struthio camelus australis	C24_alkamine_tetrahydroxy	1
441894|Struthio camelus australis	C24_dihydroxy	24
441894|Struthio camelus australis	C24_monohydroxy	6
441894|Struthio camelus australis	C24_pentahydroxy	1
441894|Struthio camelus australis	C24_tetrahydroxy	5
441894|Struthio camelus australis	C24_trihydroxy	21
441894|Struthio camelus australis	C27_monohydroxy	2
441894|Struthio camelus australis	C27_tetrahydroxy	3
441894|Struthio camelus australis	C27_trihydroxy	3
44250|Paenibacillus alvei	C24_pentahydroxy	1
444138|Ducula rufigaster	C24_alkamine_dihydroxy	8
444138|Ducula rufigaster	C24_dihydroxy	60
444138|Ducula rufigaster	C24_monohydroxy	6
444138|Ducula rufigaster	C24_tetrahydroxy	14
444138|Ducula rufigaster	C24_trihydroxy	59
444138|Ducula rufigaster	C27_dihydroxy	3
444138|Ducula rufigaster	C27_monohydroxy	5
444138|Ducula rufigaster	C27_tetrahydroxy	2
444138|Ducula rufigaster	C27_trihydroxy	2
444147|Ptilinopus pulchellus	C24_alkamine_dihydroxy	2
444147|Ptilinopus pulchellus	C24_alkamine_tetrahydroxy	1
444147|Ptilinopus pulchellus	C24_dihydroxy	19
444147|Ptilinopus pulchellus	C24_tetrahydroxy	3
444147|Ptilinopus pulchellus	C24_trihydroxy	6
444147|Ptilinopus pulchellus	C27_monohydroxy	2
4441|Camellia	C23_tetrahydroxy	4
4441|Camellia	C24_alkamine_pentahydroxy	2
4441|Camellia	C24_trihydroxy	4
4441|Camellia	C27_pentahydroxy	2
4441|Camellia	C28_alcohol_3OH	0
4442|Camellia sinensis	C24_alkamine_pentahydroxy	4
4442|Camellia sinensis	C24_alkamine_tetrahydroxy	56
4442|Camellia sinensis	C24_tetrahydroxy	2
4442|Camellia sinensis	C27_pentahydroxy	8
4442|Camellia sinensis	C27_tetrahydroxy	2
4442|Camellia sinensis	C27_trihydroxy	2
4442|Camellia sinensis	C28_alcohol_3OH	0
4443|Camellia japonica	C24_trihydroxy	1
4443|Camellia japonica	C28_alcohol_2OH	0
4443|Camellia japonica	C28_alcohol_3OH	0
44489|Carettochelys insculpta	C24_alkamine_monohydroxy	2
44489|Carettochelys insculpta	C24_dihydroxy	14
44489|Carettochelys insculpta	C24_monohydroxy	2
44489|Carettochelys insculpta	C24_trihydroxy	10
44489|Carettochelys insculpta	C27_dihydroxy	20
44489|Carettochelys insculpta	C27_monohydroxy	8
44489|Carettochelys insculpta	C27_tetrahydroxy	6
44489|Carettochelys insculpta	C27_trihydroxy	6
447135|Myodes glareolus	C23_dihydroxy	8
447135|Myodes glareolus	C23_trihydroxy	4
447135|Myodes glareolus	C24_alkamine_trihydroxy	220
447135|Myodes glareolus	C24_alkamine_dihydroxy	182
447135|Myodes glareolus	C24_alkamine_monohydroxy	6
447135|Myodes glareolus	C24_alkamine_tetrahydroxy	18
447135|Myodes glareolus	C24_dihydroxy	698
447135|Myodes glareolus	C24_monohydroxy	112
447135|Myodes glareolus	C24_tetrahydroxy	8
447135|Myodes glareolus	C24_trihydroxy	386
447135|Myodes glareolus	C26_dihydroxy	2
447135|Myodes glareolus	C27_dihydroxy	80
447135|Myodes glareolus	C27_monohydroxy	114
447135|Myodes glareolus	C27_pentahydroxy	4
447135|Myodes glareolus	C27_tetrahydroxy	2
447135|Myodes glareolus	C27_trihydroxy	2
447135|Myodes glareolus	C28_alcohol_2OH	0
447135|Myodes glareolus	C28_alcohol_3OH	0
44725|Bothriechis schlegelii	C23_dihydroxy	3
44725|Bothriechis schlegelii	C24_alkamine_trihydroxy	4
44725|Bothriechis schlegelii	C24_alkamine_tetrahydroxy	1
44725|Bothriechis schlegelii	C24_dihydroxy	8
44725|Bothriechis schlegelii	C24_tetrahydroxy	9
44725|Bothriechis schlegelii	C24_trihydroxy	32
44725|Bothriechis schlegelii	C27_dihydroxy	1
447332|Phelsuma flavigularis	C24_dihydroxy	6
447332|Phelsuma flavigularis	C24_tetrahydroxy	2
447332|Phelsuma flavigularis	C24_trihydroxy	6
447332|Phelsuma flavigularis	C27_dihydroxy	2
447332|Phelsuma flavigularis	C27_tetrahydroxy	1
447332|Phelsuma flavigularis	C27_trihydroxy	1
447715|Mastigocladus laminosus SAG 4.84	C28_alcohol_3OH	0
4496|Avena	C24_dihydroxy	2
4496|Avena	C24_monohydroxy	1
4496|Avena	C28_alcohol_2OH	0
44987|Bowiea volubilis	C24_alkamine_trihydroxy	1
44987|Bowiea volubilis	C24_trihydroxy	3
44987|Bowiea volubilis	C28_alcohol_2OH	0
44987|Bowiea volubilis	C28_alcohol_3OH	0
44989|Eucharis x grandiflora	C28_alcohol_3OH	0
4498|Avena sativa	C28_alcohol_2OH	0
4498|Avena sativa	C28_alcohol_3OH	0
450024|Dalbergia ecastaphyllum	C27_dihydroxy	6
450024|Dalbergia ecastaphyllum	C28_alcohol_3OH	0
450748|Propionibacterium sp. 5_U_42AFAA	C24_alkamine_trihydroxy	18
450748|Propionibacterium sp. 5_U_42AFAA	C24_alkamine_dihydroxy	33
450748|Propionibacterium sp. 5_U_42AFAA	C24_dihydroxy	5
450748|Propionibacterium sp. 5_U_42AFAA	C24_trihydroxy	9
450749|Veillonella sp. 6_1_27	C24_alkamine_trihydroxy	1
4509|Dactylis glomerata	C23_trihydroxy	3
4509|Dactylis glomerata	C24_tetrahydroxy	2
4509|Dactylis glomerata	C24_trihydroxy	3
4509|Dactylis glomerata	C27_dihydroxy	1
4513|Hordeum vulgare	C27_dihydroxy	4
4513|Hordeum vulgare	C28_alcohol_3OH	0
451401|Lamprotornis hildebrandti	C24_dihydroxy	4
451401|Lamprotornis hildebrandti	C24_monohydroxy	1
451401|Lamprotornis hildebrandti	C24_tetrahydroxy	4
451401|Lamprotornis hildebrandti	C24_trihydroxy	2
451401|Lamprotornis hildebrandti	C27_dihydroxy	2
451401|Lamprotornis hildebrandti	C27_monohydroxy	3
451401|Lamprotornis hildebrandti	C27_tetrahydroxy	1
451401|Lamprotornis hildebrandti	C27_trihydroxy	1
451430|Basilornis celebensis	C24_dihydroxy	10
451430|Basilornis celebensis	C24_tetrahydroxy	3
451430|Basilornis celebensis	C24_trihydroxy	6
451430|Basilornis celebensis	C27_monohydroxy	1
451441|Grafisia torquata	C24_dihydroxy	5
451441|Grafisia torquata	C24_monohydroxy	1
451441|Grafisia torquata	C24_trihydroxy	4
45207|Aralia nudicaulis	C28_alcohol_2OH	0
45207|Aralia nudicaulis	C28_alcohol_3OH	0
4521|Lolium multiflorum	C23_tetrahydroxy	1
4521|Lolium multiflorum	C24_alkamine_trihydroxy	1
4521|Lolium multiflorum	C24_alkamine_pentahydroxy	6
4521|Lolium multiflorum	C24_alkamine_tetrahydroxy	3
4521|Lolium multiflorum	C24_pentahydroxy	1
4521|Lolium multiflorum	C24_tetrahydroxy	143
4521|Lolium multiflorum	C27_pentahydroxy	4
4521|Lolium multiflorum	C28_alcohol_3OH	0
452597|Aonyx cinereus	C24_alkamine_trihydroxy	3
452597|Aonyx cinereus	C24_alkamine_dihydroxy	1
452597|Aonyx cinereus	C24_alkamine_tetrahydroxy	2
452597|Aonyx cinereus	C24_dihydroxy	18
452597|Aonyx cinereus	C24_pentahydroxy	4
452597|Aonyx cinereus	C24_tetrahydroxy	9
452597|Aonyx cinereus	C24_trihydroxy	26
452597|Aonyx cinereus	C27_dihydroxy	9
452597|Aonyx cinereus	C27_monohydroxy	10
452597|Aonyx cinereus	C27_tetrahydroxy	1
452597|Aonyx cinereus	C27_trihydroxy	1
452597|Aonyx cinereus	C28_alcohol_3OH	0
452641|Hydrictis maculicollis	C24_alkamine_trihydroxy	4
452641|Hydrictis maculicollis	C24_dihydroxy	4
452641|Hydrictis maculicollis	C24_tetrahydroxy	2
452641|Hydrictis maculicollis	C24_trihydroxy	15
4530|Oryza sativa	C27_dihydroxy	58
4530|Oryza sativa	C28_alcohol_2OH	0
4530|Oryza sativa	C28_alcohol_3OH	0
45384|Porichthys notatus	C24_alkamine_trihydroxy	4
45384|Porichthys notatus	C24_dihydroxy	2
45384|Porichthys notatus	C24_tetrahydroxy	1
45384|Porichthys notatus	C24_trihydroxy	12
45384|Porichthys notatus	C27_dihydroxy	4
45384|Porichthys notatus	C27_monohydroxy	1
45398|Streptomyces griseoviridis	C28_alcohol_3OH	0
454154|Paraprevotella clara	C24_alkamine_trihydroxy	7
454154|Paraprevotella clara	C24_alkamine_dihydroxy	4
454154|Paraprevotella clara	C24_dihydroxy	3
454154|Paraprevotella clara	C24_trihydroxy	4
454155|Paraprevotella xylaniphila	C24_alkamine_trihydroxy	7
454155|Paraprevotella xylaniphila	C24_alkamine_dihydroxy	4
454155|Paraprevotella xylaniphila	C24_dihydroxy	1
454155|Paraprevotella xylaniphila	C24_trihydroxy	5
45478|Cynomys	C24_alkamine_trihydroxy	1
45478|Cynomys	C24_alkamine_pentahydroxy	2
45478|Cynomys	C24_dihydroxy	4
45478|Cynomys	C24_tetrahydroxy	5
45478|Cynomys	C24_trihydroxy	5
45478|Cynomys	C27_dihydroxy	1
4547|Saccharum officinarum	C24_alkamine_trihydroxy	1
4547|Saccharum officinarum	C28_alcohol_3OH	0
454933|Jatropha podagrica	C23_pentahydroxy	1
454933|Jatropha podagrica	C24_alkamine_trihydroxy	17
454933|Jatropha podagrica	C24_alkamine_tetrahydroxy	1
454933|Jatropha podagrica	C24_pentahydroxy	2
454933|Jatropha podagrica	C28_alcohol_3OH	0
4549|Secale	C24_dihydroxy	2
4549|Secale	C27_tetrahydroxy	2
4549|Secale	C27_trihydroxy	2
4549|Secale	C28_alcohol_2OH	0
4549|Secale	C28_alcohol_3OH	0
45639|Tadorna ferruginea	C23_dihydroxy	1
45639|Tadorna ferruginea	C24_alkamine_pentahydroxy	1
45639|Tadorna ferruginea	C24_alkamine_tetrahydroxy	1
45639|Tadorna ferruginea	C24_dihydroxy	12
45639|Tadorna ferruginea	C24_monohydroxy	4
45639|Tadorna ferruginea	C24_tetrahydroxy	3
45639|Tadorna ferruginea	C24_trihydroxy	7
45639|Tadorna ferruginea	C27_dihydroxy	5
45639|Tadorna ferruginea	C27_monohydroxy	3
45639|Tadorna ferruginea	C27_tetrahydroxy	2
45639|Tadorna ferruginea	C27_trihydroxy	2
45646|Malacorhynchus membranaceus	C24_alkamine_dihydroxy	1
45646|Malacorhynchus membranaceus	C24_alkamine_pentahydroxy	1
45646|Malacorhynchus membranaceus	C24_alkamine_tetrahydroxy	1
45646|Malacorhynchus membranaceus	C24_dihydroxy	16
45646|Malacorhynchus membranaceus	C24_monohydroxy	3
45646|Malacorhynchus membranaceus	C24_tetrahydroxy	4
45646|Malacorhynchus membranaceus	C24_trihydroxy	9
45646|Malacorhynchus membranaceus	C27_dihydroxy	3
45646|Malacorhynchus membranaceus	C27_monohydroxy	4
45679|Amphicarpaea bracteata	C27_dihydroxy	7
45679|Amphicarpaea bracteata	C27_monohydroxy	2
45679|Amphicarpaea bracteata	C28_alcohol_3OH	0
4567|Triticum turgidum subsp. durum	C28_alcohol_3OH	0
4569|Triticum sp.	C28_alcohol_3OH	0
457312|Merops bullockoides	C27_tetrahydroxy	2
457312|Merops bullockoides	C27_trihydroxy	2
457314|Merops albicollis	C27_tetrahydroxy	1
457314|Merops albicollis	C27_trihydroxy	1
457325|Merops persicus	C24_dihydroxy	1
457325|Merops persicus	C24_tetrahydroxy	2
457325|Merops persicus	C27_monohydroxy	2
457325|Merops persicus	C27_tetrahydroxy	2
457325|Merops persicus	C27_trihydroxy	2
457393|Bacteroides sp. 4_1_36	C24_alkamine_trihydroxy	28
457393|Bacteroides sp. 4_1_36	C24_alkamine_dihydroxy	31
457393|Bacteroides sp. 4_1_36	C24_trihydroxy	4
457395|Bacteroides sp. 9_1_42FAA	C24_alkamine_trihydroxy	22
457395|Bacteroides sp. 9_1_42FAA	C24_alkamine_dihydroxy	34
457395|Bacteroides sp. 9_1_42FAA	C24_trihydroxy	3
457395|Bacteroides sp. 9_1_42FAA	C27_monohydroxy	2
457396|Clostridium sp. 7_2_43FAA	C24_alkamine_trihydroxy	27
457396|Clostridium sp. 7_2_43FAA	C24_alkamine_dihydroxy	37
457396|Clostridium sp. 7_2_43FAA	C24_dihydroxy	6
457396|Clostridium sp. 7_2_43FAA	C24_trihydroxy	7
457404|Fusobacterium ulcerans 12-1B	C24_alkamine_trihydroxy	24
457404|Fusobacterium ulcerans 12-1B	C24_alkamine_dihydroxy	33
457404|Fusobacterium ulcerans 12-1B	C24_alkamine_tetrahydroxy	18
457404|Fusobacterium ulcerans 12-1B	C24_dihydroxy	4
457404|Fusobacterium ulcerans 12-1B	C24_trihydroxy	6
457408|Phascolarctobacterium sp. 3_1syn4	C24_alkamine_trihydroxy	22
457408|Phascolarctobacterium sp. 3_1syn4	C24_alkamine_dihydroxy	33
457408|Phascolarctobacterium sp. 3_1syn4	C24_dihydroxy	3
457408|Phascolarctobacterium sp. 3_1syn4	C24_trihydroxy	5
457416|Veillonella sp. 3_1_44	C24_alkamine_trihydroxy	24
457416|Veillonella sp. 3_1_44	C24_alkamine_dihydroxy	33
457416|Veillonella sp. 3_1_44	C24_dihydroxy	5
457416|Veillonella sp. 3_1_44	C24_trihydroxy	7
457424|Bacteroides fragilis 3_1_12	C24_alkamine_trihydroxy	20
457424|Bacteroides fragilis 3_1_12	C24_alkamine_dihydroxy	32
457424|Bacteroides fragilis 3_1_12	C24_alkamine_tetrahydroxy	13
457424|Bacteroides fragilis 3_1_12	C24_dihydroxy	1
457424|Bacteroides fragilis 3_1_12	C24_trihydroxy	7
457424|Bacteroides fragilis 3_1_12	C27_monohydroxy	2
457425|Streptomyces albus J1074	C28_alcohol_2OH	0
457425|Streptomyces albus J1074	C28_alcohol_3OH	0
457430|Streptomyces filamentosus NRRL 11379	C24_alkamine_trihydroxy	4
457430|Streptomyces filamentosus NRRL 11379	C28_alcohol_2OH	0
457430|Streptomyces filamentosus NRRL 11379	C28_alcohol_3OH	0
4575|Zea	C24_alkamine_tetrahydroxy	4
4575|Zea	C24_trihydroxy	5
4575|Zea	C27_monohydroxy	2
4575|Zea	C28_alcohol_3OH	0
4577|Zea mays	C27_dihydroxy	2
4577|Zea mays	C28_alcohol_2OH	0
4577|Zea mays	C28_alcohol_3OH	0
457830|Lyrodus pedicellatus	C28_alcohol_3OH	0
458197|Serratia nematodiphila	C24_alkamine_dihydroxy	2
458197|Serratia nematodiphila	C24_dihydroxy	5
458197|Serratia nematodiphila	C24_monohydroxy	4
45843|Solanum betaceum	C28_alcohol_3OH	0
459747|Acanthurus leucosternon	C24_dihydroxy	11
459747|Acanthurus leucosternon	C24_trihydroxy	4
459747|Acanthurus leucosternon	C27_dihydroxy	1
459747|Acanthurus leucosternon	C27_monohydroxy	1
460386|Tethya citrina	C28_alcohol_3OH	0
460519|Komagataella phaffii	C23_trihydroxy	2
460519|Komagataella phaffii	C24_alkamine_dihydroxy	2
460519|Komagataella phaffii	C28_alcohol_2OH	0
460519|Komagataella phaffii	C28_alcohol_3OH	0
4608|Festuca pratensis	C23_trihydroxy	4
4608|Festuca pratensis	C24_tetrahydroxy	1
4608|Festuca pratensis	C24_trihydroxy	6
4608|Festuca pratensis	C27_pentahydroxy	1
46098|Cycloloma atriplicifolium	C28_alcohol_3OH	0
46112|Celosia argentea	C23_tetrahydroxy	1
46112|Celosia argentea	C24_alkamine_pentahydroxy	5
46112|Celosia argentea	C24_alkamine_tetrahydroxy	3
46112|Celosia argentea	C24_pentahydroxy	1
46112|Celosia argentea	C24_tetrahydroxy	131
46112|Celosia argentea	C27_dihydroxy	16
46112|Celosia argentea	C27_monohydroxy	1
46112|Celosia argentea	C28_alcohol_3OH	0
461326|Aspidites ramsayi	C24_alkamine_trihydroxy	3
461326|Aspidites ramsayi	C24_dihydroxy	2
461326|Aspidites ramsayi	C24_tetrahydroxy	4
461326|Aspidites ramsayi	C24_trihydroxy	8
461326|Aspidites ramsayi	C27_dihydroxy	1
461330|Python brongersmai	C23_dihydroxy	1
461330|Python brongersmai	C24_alkamine_trihydroxy	7
461330|Python brongersmai	C24_alkamine_tetrahydroxy	4
461330|Python brongersmai	C24_dihydroxy	3
461330|Python brongersmai	C24_pentahydroxy	2
461330|Python brongersmai	C24_tetrahydroxy	5
461330|Python brongersmai	C24_trihydroxy	18
461330|Python brongersmai	C27_dihydroxy	2
461330|Python brongersmai	C27_monohydroxy	1
461330|Python brongersmai	C27_tetrahydroxy	1
461330|Python brongersmai	C27_trihydroxy	1
4614|Ananas	C24_nonhydroxy	2
4615|Ananas comosus	C28_alcohol_3OH	0
46167|Steno bredanensis	C24_alkamine_pentahydroxy	2
46167|Steno bredanensis	C24_dihydroxy	2
46167|Steno bredanensis	C24_tetrahydroxy	2
46167|Steno bredanensis	C24_trihydroxy	4
46167|Steno bredanensis	C28_alcohol_3OH	0
46180|Nonomuraea rubra	C27_monohydroxy	2
46189|Sphaerisporangium viridialbum	C28_alcohol_3OH	0
46195|Brachylophus fasciatus	C24_dihydroxy	4
46195|Brachylophus fasciatus	C24_tetrahydroxy	3
46195|Brachylophus fasciatus	C24_trihydroxy	16
46195|Brachylophus fasciatus	C27_dihydroxy	2
46195|Brachylophus fasciatus	C27_monohydroxy	4
46195|Brachylophus fasciatus	C27_pentahydroxy	1
46195|Brachylophus fasciatus	C27_tetrahydroxy	2
46195|Brachylophus fasciatus	C27_trihydroxy	2
46218|Excalfactoria chinensis	C24_alkamine_tetrahydroxy	1
46218|Excalfactoria chinensis	C24_dihydroxy	6
46218|Excalfactoria chinensis	C24_monohydroxy	3
46218|Excalfactoria chinensis	C24_tetrahydroxy	4
46218|Excalfactoria chinensis	C24_trihydroxy	3
46218|Excalfactoria chinensis	C27_dihydroxy	2
46218|Excalfactoria chinensis	C27_tetrahydroxy	1
46218|Excalfactoria chinensis	C27_trihydroxy	1
462386|Arnoglossum plantagineum	C23_pentahydroxy	1
462386|Arnoglossum plantagineum	C23_tetrahydroxy	2
462386|Arnoglossum plantagineum	C24_alkamine_pentahydroxy	3
462386|Arnoglossum plantagineum	C24_alkamine_tetrahydroxy	3
462386|Arnoglossum plantagineum	C24_tetrahydroxy	40
462386|Arnoglossum plantagineum	C24_trihydroxy	1
462386|Arnoglossum plantagineum	C27_pentahydroxy	1
462386|Arnoglossum plantagineum	C28_alcohol_3OH	0
46286|Boiga dendrophila	C23_dihydroxy	1
46286|Boiga dendrophila	C24_alkamine_trihydroxy	2
46286|Boiga dendrophila	C24_dihydroxy	14
46286|Boiga dendrophila	C24_monohydroxy	2
46286|Boiga dendrophila	C24_tetrahydroxy	7
46286|Boiga dendrophila	C24_trihydroxy	30
46286|Boiga dendrophila	C27_dihydroxy	3
46286|Boiga dendrophila	C27_monohydroxy	1
4628|Canna indica	C28_alcohol_3OH	0
46295|Dispholidus typus	C24_alkamine_trihydroxy	1
46295|Dispholidus typus	C24_dihydroxy	4
46295|Dispholidus typus	C24_pentahydroxy	1
46295|Dispholidus typus	C24_tetrahydroxy	8
46295|Dispholidus typus	C24_trihydroxy	22
46295|Dispholidus typus	C27_dihydroxy	1
46295|Dispholidus typus	C27_tetrahydroxy	1
46295|Dispholidus typus	C27_trihydroxy	1
4639|Ensete ventricosum	C28_alcohol_2OH	0
4639|Ensete ventricosum	C28_alcohol_3OH	0
4640|Musa	C24_nonhydroxy	2
4640|Musa	C28_alcohol_3OH	0
4641|Musa acuminata	C28_alcohol_3OH	0
46506|Bacteroides stercoris	C24_alkamine_trihydroxy	327
46506|Bacteroides stercoris	C24_alkamine_dihydroxy	153
46506|Bacteroides stercoris	C24_alkamine_monohydroxy	2
46506|Bacteroides stercoris	C24_alkamine_pentahydroxy	2
46506|Bacteroides stercoris	C24_alkamine_tetrahydroxy	12
46506|Bacteroides stercoris	C27_pentahydroxy	1
46506|Bacteroides stercoris	C28_alcohol_2OH	0
46506|Bacteroides stercoris	C28_alcohol_3OH	0
4650|Zingiber	C27_trihydroxy	6
4650|Zingiber	C28_alcohol_3OH	0
46612|Carcharhinus leucas	C23_dihydroxy	1
46612|Carcharhinus leucas	C23_trihydroxy	1
46612|Carcharhinus leucas	C24_alkamine_trihydroxy	1
46612|Carcharhinus leucas	C24_dihydroxy	1
46612|Carcharhinus leucas	C24_trihydroxy	2
46612|Carcharhinus leucas	C27_dihydroxy	5
46612|Carcharhinus leucas	C27_monohydroxy	7
46612|Carcharhinus leucas	C27_tetrahydroxy	1
46612|Carcharhinus leucas	C27_trihydroxy	1
466223|Kummerowia striata	C28_alcohol_3OH	0
466224|Lespedeza hirta	C27_dihydroxy	2
466224|Lespedeza hirta	C28_alcohol_3OH	0
466541|Caloperdix oculeus	C24_alkamine_trihydroxy	3
466541|Caloperdix oculeus	C24_alkamine_dihydroxy	3
466541|Caloperdix oculeus	C24_alkamine_monohydroxy	2
466541|Caloperdix oculeus	C24_dihydroxy	24
466541|Caloperdix oculeus	C24_monohydroxy	5
466541|Caloperdix oculeus	C24_tetrahydroxy	7
466541|Caloperdix oculeus	C24_trihydroxy	11
466541|Caloperdix oculeus	C27_dihydroxy	2
466541|Caloperdix oculeus	C27_monohydroxy	2
466541|Caloperdix oculeus	C27_tetrahydroxy	1
466541|Caloperdix oculeus	C27_trihydroxy	1
4665|Strelitzia	C24_nonhydroxy	2
4665|Strelitzia	C28_alcohol_3OH	0
46704|Montipora capitata	C24_alkamine_trihydroxy	2
46731|Pocillopora damicornis	C23_pentahydroxy	6
4682|Allium sativum	C27_dihydroxy	6
4682|Allium sativum	C27_tetrahydroxy	2
4682|Allium sativum	C27_trihydroxy	4
4682|Allium sativum	C28_alcohol_3OH	0
469588|Bacteroides sp. 2_1_22	C24_alkamine_trihydroxy	23
469588|Bacteroides sp. 2_1_22	C24_alkamine_dihydroxy	33
469588|Bacteroides sp. 2_1_22	C24_alkamine_tetrahydroxy	11
469588|Bacteroides sp. 2_1_22	C24_trihydroxy	4
469592|Bacteroides sp. 3_1_19	C24_alkamine_trihydroxy	1
469597|Coprobacillus sp. 8_2_54BFAA	C24_alkamine_trihydroxy	26
469597|Coprobacillus sp. 8_2_54BFAA	C24_alkamine_dihydroxy	36
469597|Coprobacillus sp. 8_2_54BFAA	C24_dihydroxy	5
469597|Coprobacillus sp. 8_2_54BFAA	C24_trihydroxy	8
469599|Fusobacterium periodonticum 2_1_31	C24_alkamine_trihydroxy	3
469599|Fusobacterium periodonticum 2_1_31	C24_dihydroxy	1
469599|Fusobacterium periodonticum 2_1_31	C24_trihydroxy	1
46961|Jeffersonia diphylla	C23_trihydroxy	2
46961|Jeffersonia diphylla	C24_alkamine_trihydroxy	5
46961|Jeffersonia diphylla	C24_alkamine_tetrahydroxy	3
46961|Jeffersonia diphylla	C24_pentahydroxy	7
46961|Jeffersonia diphylla	C24_tetrahydroxy	68
46961|Jeffersonia diphylla	C24_trihydroxy	2
46961|Jeffersonia diphylla	C26_dihydroxy	4
46961|Jeffersonia diphylla	C27_dihydroxy	15
46961|Jeffersonia diphylla	C27_pentahydroxy	211
46961|Jeffersonia diphylla	C28_alcohol_3OH	0
46970|Thalictrum dioicum	C23_dihydroxy	8
46970|Thalictrum dioicum	C23_trihydroxy	5
46970|Thalictrum dioicum	C24_alkamine_trihydroxy	5
46970|Thalictrum dioicum	C24_alkamine_monohydroxy	3
46970|Thalictrum dioicum	C24_dihydroxy	56
46970|Thalictrum dioicum	C24_monohydroxy	9
46970|Thalictrum dioicum	C24_trihydroxy	180
46970|Thalictrum dioicum	C26_dihydroxy	3
46970|Thalictrum dioicum	C27_dihydroxy	81
46970|Thalictrum dioicum	C27_monohydroxy	58
46970|Thalictrum dioicum	C28_alcohol_2OH	0
46970|Thalictrum dioicum	C28_alcohol_3OH	0
47080|Glycyrrhiza lepidota	C27_dihydroxy	25
47080|Glycyrrhiza lepidota	C28_alcohol_3OH	0
47083|Melilotus officinalis	C23_dihydroxy	6
47083|Melilotus officinalis	C24_alkamine_pentahydroxy	2
47083|Melilotus officinalis	C24_alkamine_tetrahydroxy	3
47083|Melilotus officinalis	C24_pentahydroxy	7
47083|Melilotus officinalis	C24_tetrahydroxy	119
47083|Melilotus officinalis	C27_dihydroxy	53
47083|Melilotus officinalis	C27_monohydroxy	15
47083|Melilotus officinalis	C27_pentahydroxy	4
47083|Melilotus officinalis	C27_tetrahydroxy	3
47083|Melilotus officinalis	C27_trihydroxy	3
47083|Melilotus officinalis	C28_alcohol_3OH	0
47085|Medicago lupulina	C23_trihydroxy	2
47085|Medicago lupulina	C24_alkamine_pentahydroxy	2
47085|Medicago lupulina	C24_trihydroxy	6
47085|Medicago lupulina	C27_dihydroxy	13
47085|Medicago lupulina	C27_monohydroxy	7
47085|Medicago lupulina	C27_pentahydroxy	5
47085|Medicago lupulina	C28_alcohol_3OH	0
47096|Wisteria frutescens	C27_tetrahydroxy	1
47096|Wisteria frutescens	C27_trihydroxy	1
47096|Wisteria frutescens	C28_alcohol_3OH	0
470|Acinetobacter baumannii	C23_dihydroxy	1
470|Acinetobacter baumannii	C23_monohydroxy	1
470|Acinetobacter baumannii	C23_pentahydroxy	3
470|Acinetobacter baumannii	C24_alkamine_dihydroxy	4
470|Acinetobacter baumannii	C24_alkamine_pentahydroxy	7
470|Acinetobacter baumannii	C24_alkamine_tetrahydroxy	9
470|Acinetobacter baumannii	C26_dihydroxy	26
470|Acinetobacter baumannii	C27_dihydroxy	1
470|Acinetobacter baumannii	C27_monohydroxy	12
470|Acinetobacter baumannii	C27_pentahydroxy	15
470|Acinetobacter baumannii	C27_tetrahydroxy	5
470|Acinetobacter baumannii	C27_trihydroxy	5
470|Acinetobacter baumannii	C28_alcohol_2OH	0
470|Acinetobacter baumannii	C28_alcohol_3OH	0
47101|Galega officinalis	C27_dihydroxy	15
47101|Galega officinalis	C27_monohydroxy	11
47101|Galega officinalis	C28_alcohol_3OH	0
471126|Columba leucomela	C24_dihydroxy	5
471126|Columba leucomela	C24_trihydroxy	3
471140|Reinwardtoena reinwardtii	C24_dihydroxy	2
471140|Reinwardtoena reinwardtii	C24_trihydroxy	2
471713|Lophochroa leadbeateri	C24_alkamine_pentahydroxy	1
471713|Lophochroa leadbeateri	C24_dihydroxy	7
471713|Lophochroa leadbeateri	C24_monohydroxy	1
471713|Lophochroa leadbeateri	C24_tetrahydroxy	4
471713|Lophochroa leadbeateri	C24_trihydroxy	7
471713|Lophochroa leadbeateri	C27_dihydroxy	1
471713|Lophochroa leadbeateri	C27_monohydroxy	1
471713|Lophochroa leadbeateri	C27_tetrahydroxy	1
471713|Lophochroa leadbeateri	C27_trihydroxy	1
47178|Eulemur fulvus collaris	C24_alkamine_trihydroxy	2
47178|Eulemur fulvus collaris	C24_alkamine_dihydroxy	6
47178|Eulemur fulvus collaris	C24_alkamine_monohydroxy	1
47178|Eulemur fulvus collaris	C24_dihydroxy	3
47178|Eulemur fulvus collaris	C24_tetrahydroxy	1
47178|Eulemur fulvus collaris	C24_trihydroxy	9
47178|Eulemur fulvus collaris	C27_dihydroxy	3
47178|Eulemur fulvus collaris	C27_monohydroxy	2
47180|Mirza coquereli	C24_dihydroxy	8
47180|Mirza coquereli	C24_tetrahydroxy	4
47180|Mirza coquereli	C24_trihydroxy	6
47180|Mirza coquereli	C27_monohydroxy	1
471862|Sternula antillarum	C24_dihydroxy	2
471862|Sternula antillarum	C24_trihydroxy	2
471871|Clostridium sporogenes ATCC 15579	C24_alkamine_trihydroxy	6
471871|Clostridium sporogenes ATCC 15579	C24_alkamine_dihydroxy	4
471871|Clostridium sporogenes ATCC 15579	C24_dihydroxy	3
471871|Clostridium sporogenes ATCC 15579	C24_trihydroxy	4
4719|Phoenix	C24_nonhydroxy	1
472369|Vaccinium angustifolium	C28_alcohol_3OH	0
47245|Zenaida macroura	C24_alkamine_dihydroxy	4
47245|Zenaida macroura	C24_dihydroxy	7
47245|Zenaida macroura	C24_trihydroxy	3
47247|Lotus corniculatus	C23_trihydroxy	2
47247|Lotus corniculatus	C24_alkamine_pentahydroxy	3
47247|Lotus corniculatus	C24_alkamine_tetrahydroxy	2
47247|Lotus corniculatus	C24_nonhydroxy	1
47247|Lotus corniculatus	C24_tetrahydroxy	14
47247|Lotus corniculatus	C24_trihydroxy	26
47247|Lotus corniculatus	C27_dihydroxy	3
47247|Lotus corniculatus	C27_pentahydroxy	17
472919|Rhodopis vesper	C24_dihydroxy	3
472919|Rhodopis vesper	C24_monohydroxy	2
472919|Rhodopis vesper	C24_pentahydroxy	1
472919|Rhodopis vesper	C24_tetrahydroxy	5
472919|Rhodopis vesper	C24_trihydroxy	3
472919|Rhodopis vesper	C27_dihydroxy	1
473045|Hypericum kalmianum	C24_alkamine_pentahydroxy	11
473045|Hypericum kalmianum	C24_alkamine_tetrahydroxy	1
473045|Hypericum kalmianum	C24_pentahydroxy	2
473045|Hypericum kalmianum	C24_tetrahydroxy	90
473045|Hypericum kalmianum	C27_tetrahydroxy	2
473045|Hypericum kalmianum	C27_trihydroxy	2
473045|Hypericum kalmianum	C28_alcohol_3OH	0
473454|Gymnothorax favagineus	C24_alkamine_trihydroxy	3
473454|Gymnothorax favagineus	C24_alkamine_dihydroxy	3
473454|Gymnothorax favagineus	C24_dihydroxy	7
473454|Gymnothorax favagineus	C24_tetrahydroxy	4
473454|Gymnothorax favagineus	C24_trihydroxy	10
473454|Gymnothorax favagineus	C27_dihydroxy	3
473454|Gymnothorax favagineus	C27_monohydroxy	2
473454|Gymnothorax favagineus	C27_tetrahydroxy	2
473454|Gymnothorax favagineus	C27_trihydroxy	2
47346|Cortinarius cinnamomeus	C24_tetrahydroxy	1
4741|Tradescantia	C24_alkamine_dihydroxy	3
4741|Tradescantia	C28_alcohol_3OH	0
47479|Streptosporangium album	C23_pentahydroxy	6
47479|Streptosporangium album	C28_alcohol_3OH	0
4751|Fungi	C24_alkamine_trihydroxy	22
4751|Fungi	C24_alkamine_dihydroxy	9
4751|Fungi	C24_alkamine_monohydroxy	2
4751|Fungi	C24_alkamine_tetrahydroxy	15
4751|Fungi	C24_monohydroxy	26
4751|Fungi	C24_tetrahydroxy	18
4751|Fungi	C24_trihydroxy	201
4751|Fungi	C27_pentahydroxy	2
4751|Fungi	C28_alcohol_2OH	0
4751|Fungi	C28_alcohol_3OH	0
47553|Anaxyrus punctatus	C27_dihydroxy	3
47553|Anaxyrus punctatus	C27_monohydroxy	1
47553|Anaxyrus punctatus	C27_tetrahydroxy	1
47553|Anaxyrus punctatus	C27_trihydroxy	1
47678|Bacteroides caccae	C24_alkamine_trihydroxy	53
47678|Bacteroides caccae	C24_alkamine_dihydroxy	93
47678|Bacteroides caccae	C24_alkamine_monohydroxy	2
47678|Bacteroides caccae	C24_alkamine_pentahydroxy	2
47678|Bacteroides caccae	C24_alkamine_tetrahydroxy	24
47678|Bacteroides caccae	C28_alcohol_2OH	0
47678|Bacteroides caccae	C28_alcohol_3OH	0
47760|Streptomyces aurantiacus	C23_pentahydroxy	2
47760|Streptomyces aurantiacus	C24_tetrahydroxy	4
47760|Streptomyces aurantiacus	C24_trihydroxy	4
47760|Streptomyces aurantiacus	C28_alcohol_3OH	0
47761|Streptomyces ochraceiscleroticus	C24_alkamine_pentahydroxy	14
47761|Streptomyces ochraceiscleroticus	C28_alcohol_3OH	0
47763|Streptomyces lydicus	C24_alkamine_tetrahydroxy	4
47763|Streptomyces lydicus	C24_trihydroxy	6
47763|Streptomyces lydicus	C28_alcohol_3OH	0
47850|Micromonospora aurantiaca	C24_alkamine_trihydroxy	55
47850|Micromonospora aurantiaca	C24_alkamine_dihydroxy	30
47850|Micromonospora aurantiaca	C24_alkamine_pentahydroxy	3
47850|Micromonospora aurantiaca	C24_alkamine_tetrahydroxy	17
47850|Micromonospora aurantiaca	C24_dihydroxy	8
47850|Micromonospora aurantiaca	C24_monohydroxy	5
47850|Micromonospora aurantiaca	C24_tetrahydroxy	2
47850|Micromonospora aurantiaca	C24_trihydroxy	4
47858|Micromonospora echinofusca	C28_alcohol_3OH	0
47878|Pseudomonas azotoformans	C24_monohydroxy	1
47969|Oreochromis aureus	C24_alkamine_trihydroxy	16
47969|Oreochromis aureus	C24_alkamine_tetrahydroxy	1
47969|Oreochromis aureus	C24_dihydroxy	1
47969|Oreochromis aureus	C24_tetrahydroxy	1
47969|Oreochromis aureus	C24_trihydroxy	16
47981|Plexaura	C24_monohydroxy	2
47981|Plexaura	C24_tetrahydroxy	2
47981|Plexaura	C28_alcohol_3OH	0
47990|Kutzneria viridogrisea	C24_alkamine_dihydroxy	2
47990|Kutzneria viridogrisea	C24_alkamine_monohydroxy	8
47990|Kutzneria viridogrisea	C26_dihydroxy	6
47990|Kutzneria viridogrisea	C28_alcohol_3OH	0
479978|Micromonospora tulbaghiae	C24_alkamine_trihydroxy	135
479978|Micromonospora tulbaghiae	C24_alkamine_dihydroxy	31
479978|Micromonospora tulbaghiae	C24_alkamine_pentahydroxy	20
479978|Micromonospora tulbaghiae	C24_alkamine_tetrahydroxy	69
479978|Micromonospora tulbaghiae	C24_dihydroxy	30
479978|Micromonospora tulbaghiae	C24_monohydroxy	8
479978|Micromonospora tulbaghiae	C24_tetrahydroxy	17
479978|Micromonospora tulbaghiae	C24_trihydroxy	27
479978|Micromonospora tulbaghiae	C27_monohydroxy	1
48027|Anthriscus sylvestris	C23_trihydroxy	2
48027|Anthriscus sylvestris	C24_trihydroxy	3
48027|Anthriscus sylvestris	C27_pentahydroxy	2
480298|Rhinecanthus verrucosus	C24_trihydroxy	2
480298|Rhinecanthus verrucosus	C27_dihydroxy	1
48032|Carum carvi	C23_trihydroxy	1
48032|Carum carvi	C24_trihydroxy	4
48037|Foeniculum	C28_alcohol_2OH	0
48037|Foeniculum	C28_alcohol_3OH	0
48042|Levisticum officinale	C28_alcohol_3OH	0
48131|Amorpha fruticosa	C24_alkamine_pentahydroxy	14
48131|Amorpha fruticosa	C27_dihydroxy	1
48131|Amorpha fruticosa	C27_monohydroxy	1
48131|Amorpha fruticosa	C28_alcohol_3OH	0
48193|Mugil cephalus	C24_alkamine_dihydroxy	1
48193|Mugil cephalus	C24_alkamine_pentahydroxy	2
48193|Mugil cephalus	C24_dihydroxy	11
48193|Mugil cephalus	C24_tetrahydroxy	3
48193|Mugil cephalus	C24_trihydroxy	5
48193|Mugil cephalus	C27_dihydroxy	1
48193|Mugil cephalus	C27_monohydroxy	1
482937|Euonymus atropurpureus	C24_trihydroxy	1
483016|Lutimonas saemankumensis	C24_alkamine_trihydroxy	26
483016|Lutimonas saemankumensis	C24_alkamine_dihydroxy	4
483016|Lutimonas saemankumensis	C24_alkamine_tetrahydroxy	10
483016|Lutimonas saemankumensis	C27_monohydroxy	2
483016|Lutimonas saemankumensis	C28_alcohol_2OH	0
483016|Lutimonas saemankumensis	C28_alcohol_3OH	0
483217|Phocaeicola dorei DSM 17855	C24_alkamine_trihydroxy	8
483217|Phocaeicola dorei DSM 17855	C24_alkamine_dihydroxy	4
483217|Phocaeicola dorei DSM 17855	C24_dihydroxy	4
483217|Phocaeicola dorei DSM 17855	C24_trihydroxy	5
48399|Crocodylus acutus	C24_trihydroxy	1
48399|Crocodylus acutus	C27_dihydroxy	6
48399|Crocodylus acutus	C27_monohydroxy	1
48399|Crocodylus acutus	C27_tetrahydroxy	8
48399|Crocodylus acutus	C27_trihydroxy	5
487788|Geranium pratense	C23_trihydroxy	5
487788|Geranium pratense	C24_alkamine_pentahydroxy	1
487788|Geranium pratense	C24_alkamine_tetrahydroxy	2
487788|Geranium pratense	C24_monohydroxy	2
487788|Geranium pratense	C24_nonhydroxy	1
487788|Geranium pratense	C24_tetrahydroxy	6
487788|Geranium pratense	C24_trihydroxy	17
487788|Geranium pratense	C27_pentahydroxy	4
48850|Tamandua tetradactyla	C24_alkamine_trihydroxy	9
48850|Tamandua tetradactyla	C24_alkamine_dihydroxy	4
48850|Tamandua tetradactyla	C24_dihydroxy	11
48850|Tamandua tetradactyla	C24_monohydroxy	3
48850|Tamandua tetradactyla	C24_tetrahydroxy	2
48850|Tamandua tetradactyla	C24_trihydroxy	10
48850|Tamandua tetradactyla	C28_alcohol_3OH	0
489916|Rhodococcus cercidiphylli	C24_alkamine_trihydroxy	7
489916|Rhodococcus cercidiphylli	C24_alkamine_dihydroxy	3
489916|Rhodococcus cercidiphylli	C24_alkamine_tetrahydroxy	1
489916|Rhodococcus cercidiphylli	C24_dihydroxy	5
489916|Rhodococcus cercidiphylli	C24_monohydroxy	1
489916|Rhodococcus cercidiphylli	C24_trihydroxy	2
490279|Pterois lunulata	C24_alkamine_trihydroxy	1
490279|Pterois lunulata	C24_dihydroxy	5
490279|Pterois lunulata	C24_tetrahydroxy	3
490279|Pterois lunulata	C24_trihydroxy	5
490279|Pterois lunulata	C27_dihydroxy	1
491074|Enterococcus faecalis TX0104	C24_alkamine_trihydroxy	6
491074|Enterococcus faecalis TX0104	C24_alkamine_dihydroxy	4
491074|Enterococcus faecalis TX0104	C24_dihydroxy	2
491074|Enterococcus faecalis TX0104	C24_trihydroxy	4
49212|Salvia hispanica	C27_dihydroxy	2
49212|Salvia hispanica	C27_monohydroxy	2
49212|Salvia hispanica	C28_alcohol_2OH	0
49212|Salvia hispanica	C28_alcohol_3OH	0
49215|Salvia nemorosa	C28_alcohol_3OH	0
49220|Salvia verticillata	C28_alcohol_3OH	0
49225|Triticum turgidum subsp. dicoccum	C28_alcohol_3OH	0
492670|Bacillus velezensis	C24_alkamine_trihydroxy	59
492670|Bacillus velezensis	C24_alkamine_dihydroxy	33
492670|Bacillus velezensis	C24_alkamine_pentahydroxy	4
492670|Bacillus velezensis	C24_alkamine_tetrahydroxy	18
492670|Bacillus velezensis	C24_dihydroxy	25
492670|Bacillus velezensis	C24_monohydroxy	2
492670|Bacillus velezensis	C24_tetrahydroxy	4
492670|Bacillus velezensis	C24_trihydroxy	19
49314|Annona cherimola	C28_alcohol_3OH	0
4932|Saccharomyces cerevisiae	C24_alkamine_trihydroxy	110
4932|Saccharomyces cerevisiae	C24_alkamine_dihydroxy	32
4932|Saccharomyces cerevisiae	C24_dihydroxy	206
4932|Saccharomyces cerevisiae	C24_monohydroxy	24
4932|Saccharomyces cerevisiae	C24_nonhydroxy	2
4932|Saccharomyces cerevisiae	C24_tetrahydroxy	23
4932|Saccharomyces cerevisiae	C24_trihydroxy	282
4932|Saccharomyces cerevisiae	C27_dihydroxy	4
4932|Saccharomyces cerevisiae	C28_alcohol_2OH	0
4932|Saccharomyces cerevisiae	C28_alcohol_3OH	0
49450|Digitalis lanata	C26_dihydroxy	5
494514|Vulpes lagopus	C24_alkamine_pentahydroxy	1
494514|Vulpes lagopus	C24_dihydroxy	2
494514|Vulpes lagopus	C24_tetrahydroxy	1
494514|Vulpes lagopus	C24_trihydroxy	3
49511|Piper longum	C28_alcohol_3OH	0
495280|Boletus fibrillosus	C24_tetrahydroxy	1
49577|Hellenia speciosa	C24_alkamine_pentahydroxy	2
49577|Hellenia speciosa	C28_alcohol_1OH	0
49577|Hellenia speciosa	C28_alcohol_2OH	0
49577|Hellenia speciosa	C28_alcohol_3OH	0
495832|Carcharhinus albimarginatus	C24_alkamine_tetrahydroxy	1
495832|Carcharhinus albimarginatus	C24_dihydroxy	2
495832|Carcharhinus albimarginatus	C24_trihydroxy	2
495832|Carcharhinus albimarginatus	C27_dihydroxy	1
495962|Falco deiroleucus	C24_dihydroxy	6
495962|Falco deiroleucus	C24_trihydroxy	4
496413|Triaenodon obesus	C23_trihydroxy	1
496413|Triaenodon obesus	C24_dihydroxy	2
496413|Triaenodon obesus	C24_tetrahydroxy	1
496413|Triaenodon obesus	C24_trihydroxy	5
496413|Triaenodon obesus	C27_dihydroxy	8
496413|Triaenodon obesus	C27_monohydroxy	4
496413|Triaenodon obesus	C27_tetrahydroxy	1
496413|Triaenodon obesus	C27_trihydroxy	1
496808|Ctenosaura pectinata	C24_alkamine_trihydroxy	1
496808|Ctenosaura pectinata	C24_dihydroxy	6
496808|Ctenosaura pectinata	C24_tetrahydroxy	2
496808|Ctenosaura pectinata	C24_trihydroxy	6
496808|Ctenosaura pectinata	C27_tetrahydroxy	1
496808|Ctenosaura pectinata	C27_trihydroxy	1
49717|Gasteria liliputana	C24_alkamine_monohydroxy	2
49717|Gasteria liliputana	C28_alcohol_2OH	0
49717|Gasteria liliputana	C28_alcohol_3OH	0
49796|Baptisia	C28_alcohol_3OH	0
49797|Baptisia tinctoria	C24_trihydroxy	1
49797|Baptisia tinctoria	C27_dihydroxy	3
49797|Baptisia tinctoria	C27_monohydroxy	2
49797|Baptisia tinctoria	C28_alcohol_3OH	0
49801|Cercis canadensis	C23_pentahydroxy	5
49801|Cercis canadensis	C24_pentahydroxy	2
49801|Cercis canadensis	C24_tetrahydroxy	1
49801|Cercis canadensis	C28_alcohol_3OH	0
498212|Strix seloputo	C24_alkamine_trihydroxy	1
498212|Strix seloputo	C24_alkamine_pentahydroxy	3
498212|Strix seloputo	C24_alkamine_tetrahydroxy	2
498212|Strix seloputo	C24_dihydroxy	7
498212|Strix seloputo	C24_monohydroxy	4
498212|Strix seloputo	C24_pentahydroxy	2
498212|Strix seloputo	C24_tetrahydroxy	7
498212|Strix seloputo	C24_trihydroxy	12
498212|Strix seloputo	C27_dihydroxy	5
498212|Strix seloputo	C27_monohydroxy	4
498212|Strix seloputo	C27_pentahydroxy	1
498212|Strix seloputo	C27_tetrahydroxy	2
498212|Strix seloputo	C27_trihydroxy	2
49825|Genista tinctoria	C24_dihydroxy	4
49825|Genista tinctoria	C27_dihydroxy	15
49825|Genista tinctoria	C27_monohydroxy	2
49825|Genista tinctoria	C27_tetrahydroxy	2
49825|Genista tinctoria	C28_alcohol_3OH	0
49827|Glycyrrhiza glabra	C24_alkamine_pentahydroxy	2
49827|Glycyrrhiza glabra	C24_tetrahydroxy	53
49827|Glycyrrhiza glabra	C27_monohydroxy	2
49827|Glycyrrhiza glabra	C28_alcohol_3OH	0
498718|Slackia equolifaciens	C24_alkamine_trihydroxy	6
498718|Slackia equolifaciens	C24_trihydroxy	8
498718|Slackia equolifaciens	C28_alcohol_2OH	0
499170|Boa constrictor occidentalis	C24_alkamine_trihydroxy	3
499170|Boa constrictor occidentalis	C24_alkamine_pentahydroxy	1
499170|Boa constrictor occidentalis	C24_alkamine_tetrahydroxy	1
499170|Boa constrictor occidentalis	C24_dihydroxy	2
499170|Boa constrictor occidentalis	C24_pentahydroxy	1
499170|Boa constrictor occidentalis	C24_tetrahydroxy	6
499170|Boa constrictor occidentalis	C24_trihydroxy	19
499170|Boa constrictor occidentalis	C27_dihydroxy	2
499170|Boa constrictor occidentalis	C27_monohydroxy	1
49988|Satureja montana	C28_alcohol_3OH	0
49990|Thymus	C23_tetrahydroxy	2
49990|Thymus	C23_trihydroxy	4
49990|Thymus	C24_alkamine_tetrahydroxy	6
49990|Thymus	C24_pentahydroxy	1
49990|Thymus	C24_tetrahydroxy	3
49990|Thymus	C24_trihydroxy	1
49990|Thymus	C27_dihydroxy	2
49990|Thymus	C27_pentahydroxy	8
49990|Thymus	C28_alcohol_3OH	0
500452|Quercus velutina	C23_trihydroxy	2
500452|Quercus velutina	C24_alkamine_pentahydroxy	4
500452|Quercus velutina	C24_monohydroxy	3
500452|Quercus velutina	C28_alcohol_3OH	0
50046|Geochelone	C24_alkamine_trihydroxy	2
50046|Geochelone	C24_alkamine_dihydroxy	4
50046|Geochelone	C24_dihydroxy	2
50046|Geochelone	C27_monohydroxy	2
50046|Geochelone	C28_alcohol_2OH	0
50046|Geochelone	C28_alcohol_3OH	0
50047|Chelonoidis carbonarius	C24_dihydroxy	2
50047|Chelonoidis carbonarius	C24_tetrahydroxy	1
50047|Chelonoidis carbonarius	C24_trihydroxy	1
50225|Taraxacum officinale	C23_trihydroxy	7
50225|Taraxacum officinale	C24_alkamine_pentahydroxy	4
50225|Taraxacum officinale	C24_alkamine_tetrahydroxy	4
50225|Taraxacum officinale	C24_nonhydroxy	2
50225|Taraxacum officinale	C24_tetrahydroxy	9
50225|Taraxacum officinale	C24_trihydroxy	25
50225|Taraxacum officinale	C27_monohydroxy	1
50225|Taraxacum officinale	C27_pentahydroxy	14
50251|Sitta europaea	C24_alkamine_trihydroxy	3
50251|Sitta europaea	C24_dihydroxy	2
50251|Sitta europaea	C24_tetrahydroxy	2
50251|Sitta europaea	C24_trihydroxy	2
50251|Sitta europaea	C27_tetrahydroxy	1
50251|Sitta europaea	C27_trihydroxy	1
50252|Sitta frontalis	C24_alkamine_trihydroxy	1
50252|Sitta frontalis	C24_alkamine_pentahydroxy	1
50252|Sitta frontalis	C24_dihydroxy	4
50252|Sitta frontalis	C24_tetrahydroxy	4
50252|Sitta frontalis	C24_trihydroxy	2
502558|Eggerthella sp. YY7918	C24_alkamine_trihydroxy	4
502558|Eggerthella sp. YY7918	C24_trihydroxy	4
502558|Eggerthella sp. YY7918	C28_alcohol_3OH	0
50347|Cephalophus silvicultor	C24_alkamine_trihydroxy	1
50347|Cephalophus silvicultor	C24_alkamine_dihydroxy	1
50347|Cephalophus silvicultor	C24_dihydroxy	6
50347|Cephalophus silvicultor	C24_tetrahydroxy	1
50347|Cephalophus silvicultor	C24_trihydroxy	5
50365|Anser albifrons	C24_alkamine_tetrahydroxy	1
50365|Anser albifrons	C24_dihydroxy	13
50365|Anser albifrons	C24_tetrahydroxy	5
50365|Anser albifrons	C24_trihydroxy	10
50365|Anser albifrons	C27_dihydroxy	5
50365|Anser albifrons	C27_monohydroxy	4
503984|Cyclopsitta	C24_alkamine_trihydroxy	1
503984|Cyclopsitta	C24_alkamine_dihydroxy	1
503984|Cyclopsitta	C24_alkamine_pentahydroxy	2
503984|Cyclopsitta	C24_alkamine_tetrahydroxy	1
503984|Cyclopsitta	C24_dihydroxy	4
503984|Cyclopsitta	C24_monohydroxy	1
503984|Cyclopsitta	C24_pentahydroxy	1
503984|Cyclopsitta	C24_tetrahydroxy	4
503984|Cyclopsitta	C24_trihydroxy	11
503984|Cyclopsitta	C27_dihydroxy	3
503984|Cyclopsitta	C27_monohydroxy	2
503984|Cyclopsitta	C27_tetrahydroxy	2
503984|Cyclopsitta	C27_trihydroxy	2
50403|Vanellus	C24_alkamine_trihydroxy	1
50403|Vanellus	C24_alkamine_tetrahydroxy	2
50403|Vanellus	C24_dihydroxy	2
50403|Vanellus	C24_tetrahydroxy	4
50403|Vanellus	C24_trihydroxy	5
504044|Thunbergia battiscombei	C24_alkamine_tetrahydroxy	1
504044|Thunbergia battiscombei	C26_dihydroxy	9
504044|Thunbergia battiscombei	C28_alcohol_3OH	0
5052|Aspergillus	C23_dihydroxy	2
5052|Aspergillus	C23_trihydroxy	3
5052|Aspergillus	C24_alkamine_dihydroxy	14
5052|Aspergillus	C24_alkamine_monohydroxy	17
5052|Aspergillus	C24_alkamine_pentahydroxy	2
5052|Aspergillus	C24_alkamine_tetrahydroxy	13
5052|Aspergillus	C24_dihydroxy	62
5052|Aspergillus	C24_monohydroxy	167
5052|Aspergillus	C24_nonhydroxy	4
5052|Aspergillus	C24_pentahydroxy	3
5052|Aspergillus	C24_trihydroxy	6
5052|Aspergillus	C26_dihydroxy	11
5052|Aspergillus	C27_dihydroxy	33
5052|Aspergillus	C27_monohydroxy	7
5052|Aspergillus	C28_alcohol_2OH	0
5052|Aspergillus	C28_alcohol_3OH	0
50595|Spondyliosoma cantharus	C24_alkamine_trihydroxy	2
50595|Spondyliosoma cantharus	C24_alkamine_dihydroxy	1
50595|Spondyliosoma cantharus	C24_alkamine_pentahydroxy	2
50595|Spondyliosoma cantharus	C24_dihydroxy	11
50595|Spondyliosoma cantharus	C24_pentahydroxy	2
50595|Spondyliosoma cantharus	C24_tetrahydroxy	7
50595|Spondyliosoma cantharus	C24_trihydroxy	10
50595|Spondyliosoma cantharus	C27_dihydroxy	2
50595|Spondyliosoma cantharus	C27_monohydroxy	1
5061|Aspergillus niger	C24_trihydroxy	3
50731|Abudefduf saxatilis	C24_dihydroxy	6
50731|Abudefduf saxatilis	C24_monohydroxy	6
50731|Abudefduf saxatilis	C24_tetrahydroxy	2
50731|Abudefduf saxatilis	C24_trihydroxy	10
50731|Abudefduf saxatilis	C27_dihydroxy	6
50731|Abudefduf saxatilis	C27_monohydroxy	3
50731|Abudefduf saxatilis	C27_tetrahydroxy	2
50731|Abudefduf saxatilis	C27_trihydroxy	2
50790|Dascyllus trimaculatus	C24_alkamine_trihydroxy	2
50790|Dascyllus trimaculatus	C24_alkamine_pentahydroxy	1
50790|Dascyllus trimaculatus	C24_dihydroxy	3
50790|Dascyllus trimaculatus	C24_tetrahydroxy	4
50790|Dascyllus trimaculatus	C24_trihydroxy	3
50790|Dascyllus trimaculatus	C27_dihydroxy	1
50790|Dascyllus trimaculatus	C27_monohydroxy	2
507972|Ptilopsis granti	C24_alkamine_trihydroxy	1
507972|Ptilopsis granti	C24_alkamine_dihydroxy	1
507972|Ptilopsis granti	C24_alkamine_monohydroxy	2
507972|Ptilopsis granti	C24_alkamine_tetrahydroxy	1
507972|Ptilopsis granti	C24_dihydroxy	9
507972|Ptilopsis granti	C24_monohydroxy	3
507972|Ptilopsis granti	C24_tetrahydroxy	6
507972|Ptilopsis granti	C24_trihydroxy	10
507972|Ptilopsis granti	C27_dihydroxy	2
507972|Ptilopsis granti	C27_tetrahydroxy	2
507972|Ptilopsis granti	C27_trihydroxy	2
50812|Pseudocrenilabrus multicolor	C24_alkamine_pentahydroxy	1
50812|Pseudocrenilabrus multicolor	C24_dihydroxy	15
50812|Pseudocrenilabrus multicolor	C24_tetrahydroxy	2
50812|Pseudocrenilabrus multicolor	C24_trihydroxy	3
50812|Pseudocrenilabrus multicolor	C27_dihydroxy	6
50812|Pseudocrenilabrus multicolor	C27_monohydroxy	5
50812|Pseudocrenilabrus multicolor	C27_tetrahydroxy	1
50812|Pseudocrenilabrus multicolor	C27_trihydroxy	1
5081|Penicillium sp.	C24_alkamine_trihydroxy	1
5081|Penicillium sp.	C24_dihydroxy	1
509057|Ovis vignei cycloceros	C24_alkamine_trihydroxy	2
509057|Ovis vignei cycloceros	C24_dihydroxy	15
509057|Ovis vignei cycloceros	C24_tetrahydroxy	2
509057|Ovis vignei cycloceros	C24_trihydroxy	20
509057|Ovis vignei cycloceros	C27_dihydroxy	3
509057|Ovis vignei cycloceros	C27_monohydroxy	3
509057|Ovis vignei cycloceros	C28_alcohol_3OH	0
50966|Clitocybe	C24_tetrahydroxy	1
509754|Bathypterois grallator	C24_alkamine_dihydroxy	1
509754|Bathypterois grallator	C24_dihydroxy	5
509754|Bathypterois grallator	C24_tetrahydroxy	2
509754|Bathypterois grallator	C24_trihydroxy	5
51154|Catagonus wagneri	C24_dihydroxy	6
51154|Catagonus wagneri	C24_tetrahydroxy	3
51154|Catagonus wagneri	C24_trihydroxy	6
51201|Streptomyces griseocarneus	C24_alkamine_monohydroxy	4
51201|Streptomyces griseocarneus	C24_dihydroxy	2
51201|Streptomyces griseocarneus	C24_nonhydroxy	4
51201|Streptomyces griseocarneus	C28_alcohol_3OH	0
51214|Cyclura nubila	C24_alkamine_trihydroxy	4
51214|Cyclura nubila	C24_alkamine_pentahydroxy	3
51214|Cyclura nubila	C24_alkamine_tetrahydroxy	4
51214|Cyclura nubila	C24_pentahydroxy	1
51214|Cyclura nubila	C24_tetrahydroxy	1
51214|Cyclura nubila	C24_trihydroxy	6
51214|Cyclura nubila	C27_dihydroxy	1
51214|Cyclura nubila	C27_monohydroxy	1
51214|Cyclura nubila	C27_pentahydroxy	3
51214|Cyclura nubila	C27_tetrahydroxy	1
51214|Cyclura nubila	C27_trihydroxy	1
51218|Sauromalus	C24_trihydroxy	2
51238|Vanilla	C24_nonhydroxy	2
51238|Vanilla	C28_alcohol_2OH	0
51238|Vanilla	C28_alcohol_3OH	0
51239|Vanilla planifolia	C24_pentahydroxy	1
51239|Vanilla planifolia	C28_alcohol_2OH	0
51239|Vanilla planifolia	C28_alcohol_3OH	0
513298|Acridotheres albocinctus	C24_alkamine_dihydroxy	1
513298|Acridotheres albocinctus	C24_dihydroxy	6
513298|Acridotheres albocinctus	C24_tetrahydroxy	3
513298|Acridotheres albocinctus	C24_trihydroxy	7
513302|Acridotheres burmannicus	C24_alkamine_trihydroxy	4
513302|Acridotheres burmannicus	C24_alkamine_dihydroxy	2
513302|Acridotheres burmannicus	C24_dihydroxy	3
513302|Acridotheres burmannicus	C24_tetrahydroxy	2
513302|Acridotheres burmannicus	C24_trihydroxy	1
513302|Acridotheres burmannicus	C27_tetrahydroxy	1
513302|Acridotheres burmannicus	C27_trihydroxy	1
51338|Castor canadensis	C24_alkamine_trihydroxy	12
51338|Castor canadensis	C24_alkamine_dihydroxy	11
51338|Castor canadensis	C24_alkamine_monohydroxy	4
51338|Castor canadensis	C24_dihydroxy	37
51338|Castor canadensis	C24_tetrahydroxy	5
51338|Castor canadensis	C24_trihydroxy	18
51475|Phormium tenax	C24_alkamine_pentahydroxy	6
51475|Phormium tenax	C24_pentahydroxy	3
51475|Phormium tenax	C24_trihydroxy	1
51475|Phormium tenax	C27_pentahydroxy	1
51475|Phormium tenax	C28_alcohol_3OH	0
515672|Psephotellus dissimilis	C24_alkamine_trihydroxy	3
515672|Psephotellus dissimilis	C24_dihydroxy	5
515672|Psephotellus dissimilis	C24_monohydroxy	1
515672|Psephotellus dissimilis	C24_tetrahydroxy	2
515672|Psephotellus dissimilis	C24_trihydroxy	2
515672|Psephotellus dissimilis	C27_dihydroxy	1
515672|Psephotellus dissimilis	C27_tetrahydroxy	1
515672|Psephotellus dissimilis	C27_trihydroxy	1
516455|Streptomyces glomerochromogenes	C28_alcohol_3OH	0
51743|Epicrates cenchria	C24_alkamine_trihydroxy	2
51743|Epicrates cenchria	C24_dihydroxy	4
51743|Epicrates cenchria	C24_tetrahydroxy	4
51743|Epicrates cenchria	C24_trihydroxy	19
51743|Epicrates cenchria	C27_dihydroxy	2
51743|Epicrates cenchria	C27_monohydroxy	4
51743|Epicrates cenchria	C27_tetrahydroxy	1
51743|Epicrates cenchria	C27_trihydroxy	1
51750|Python molurus	C24_alkamine_trihydroxy	16
51750|Python molurus	C24_alkamine_dihydroxy	3
51750|Python molurus	C24_alkamine_pentahydroxy	1
51750|Python molurus	C24_dihydroxy	1
51750|Python molurus	C24_tetrahydroxy	4
51750|Python molurus	C24_trihydroxy	17
51750|Python molurus	C27_dihydroxy	2
51750|Python molurus	C27_monohydroxy	1
51751|Python regius	C24_alkamine_trihydroxy	1
51751|Python regius	C24_dihydroxy	5
51751|Python regius	C24_tetrahydroxy	3
51751|Python regius	C24_trihydroxy	8
51752|Python sebae	C23_dihydroxy	1
51752|Python sebae	C24_alkamine_trihydroxy	5
51752|Python sebae	C24_alkamine_pentahydroxy	2
51752|Python sebae	C24_dihydroxy	12
51752|Python sebae	C24_monohydroxy	7
51752|Python sebae	C24_pentahydroxy	1
51752|Python sebae	C24_tetrahydroxy	13
51752|Python sebae	C24_trihydroxy	25
51752|Python sebae	C27_dihydroxy	2
51752|Python sebae	C27_monohydroxy	4
51752|Python sebae	C27_tetrahydroxy	1
51752|Python sebae	C27_trihydroxy	1
51860|Corallus annulatus	C23_dihydroxy	1
51860|Corallus annulatus	C24_alkamine_trihydroxy	23
51860|Corallus annulatus	C24_alkamine_dihydroxy	10
51860|Corallus annulatus	C24_alkamine_pentahydroxy	6
51860|Corallus annulatus	C24_dihydroxy	3
51860|Corallus annulatus	C24_tetrahydroxy	2
51860|Corallus annulatus	C24_trihydroxy	4
51860|Corallus annulatus	C27_monohydroxy	1
51861|Corallus caninus	C24_alkamine_trihydroxy	2
51861|Corallus caninus	C24_alkamine_pentahydroxy	4
51861|Corallus caninus	C24_alkamine_tetrahydroxy	2
51861|Corallus caninus	C24_dihydroxy	22
51861|Corallus caninus	C24_monohydroxy	2
51861|Corallus caninus	C24_pentahydroxy	6
51861|Corallus caninus	C24_tetrahydroxy	36
51861|Corallus caninus	C24_trihydroxy	44
51861|Corallus caninus	C27_dihydroxy	2
51861|Corallus caninus	C27_monohydroxy	2
51861|Corallus caninus	C27_pentahydroxy	8
51861|Corallus caninus	C27_trihydroxy	2
518642|Streptomyces nanshensis	C24_alkamine_dihydroxy	1
518642|Streptomyces nanshensis	C24_dihydroxy	8
518642|Streptomyces nanshensis	C24_trihydroxy	7
51870|Eryx johnii	C24_alkamine_trihydroxy	2
51870|Eryx johnii	C24_dihydroxy	3
51870|Eryx johnii	C24_tetrahydroxy	5
51870|Eryx johnii	C24_trihydroxy	18
51875|Eunectes	C24_alkamine_trihydroxy	6
51875|Eunectes	C24_tetrahydroxy	6
51875|Eunectes	C24_trihydroxy	30
51875|Eunectes	C27_dihydroxy	3
51875|Eunectes	C27_monohydroxy	5
51875|Eunectes	C27_tetrahydroxy	1
51875|Eunectes	C27_trihydroxy	1
51876|Eunectes murinus	C24_alkamine_trihydroxy	8
51876|Eunectes murinus	C24_alkamine_dihydroxy	2
51876|Eunectes murinus	C24_alkamine_tetrahydroxy	2
51876|Eunectes murinus	C24_dihydroxy	2
51876|Eunectes murinus	C24_monohydroxy	2
51876|Eunectes murinus	C24_trihydroxy	10
51876|Eunectes murinus	C27_tetrahydroxy	2
51876|Eunectes murinus	C27_trihydroxy	2
51876|Eunectes murinus	C28_alcohol_3OH	0
51879|Lichanura trivirgata	C23_trihydroxy	1
51879|Lichanura trivirgata	C24_alkamine_trihydroxy	4
51879|Lichanura trivirgata	C24_alkamine_pentahydroxy	1
51879|Lichanura trivirgata	C24_alkamine_tetrahydroxy	4
51879|Lichanura trivirgata	C24_dihydroxy	4
51879|Lichanura trivirgata	C24_pentahydroxy	2
51879|Lichanura trivirgata	C24_tetrahydroxy	9
51879|Lichanura trivirgata	C24_trihydroxy	19
51879|Lichanura trivirgata	C27_dihydroxy	5
51879|Lichanura trivirgata	C27_monohydroxy	1
51881|Sanzinia madagascariensis	C23_dihydroxy	2
51881|Sanzinia madagascariensis	C23_trihydroxy	2
51881|Sanzinia madagascariensis	C24_alkamine_trihydroxy	9
51881|Sanzinia madagascariensis	C24_dihydroxy	8
51881|Sanzinia madagascariensis	C24_tetrahydroxy	4
51881|Sanzinia madagascariensis	C24_trihydroxy	20
51881|Sanzinia madagascariensis	C27_dihydroxy	4
51881|Sanzinia madagascariensis	C27_monohydroxy	2
51881|Sanzinia madagascariensis	C27_tetrahydroxy	3
51881|Sanzinia madagascariensis	C27_trihydroxy	3
51888|Antaresia childreni	C24_alkamine_trihydroxy	8
51888|Antaresia childreni	C24_dihydroxy	7
51888|Antaresia childreni	C24_pentahydroxy	1
51888|Antaresia childreni	C24_tetrahydroxy	10
51888|Antaresia childreni	C24_trihydroxy	12
51888|Antaresia childreni	C27_dihydroxy	3
51888|Antaresia childreni	C27_monohydroxy	8
51888|Antaresia childreni	C27_pentahydroxy	2
51888|Antaresia childreni	C27_tetrahydroxy	2
51888|Antaresia childreni	C27_trihydroxy	2
51896|Morelia spilota	C23_trihydroxy	1
51896|Morelia spilota	C24_alkamine_trihydroxy	10
51896|Morelia spilota	C24_dihydroxy	9
51896|Morelia spilota	C24_pentahydroxy	3
51896|Morelia spilota	C24_tetrahydroxy	22
51896|Morelia spilota	C24_trihydroxy	55
51896|Morelia spilota	C27_dihydroxy	7
51896|Morelia spilota	C27_monohydroxy	4
51896|Morelia spilota	C27_tetrahydroxy	2
51896|Morelia spilota	C27_trihydroxy	2
51906|Guaruba guarouba	C24_dihydroxy	4
51906|Guaruba guarouba	C24_tetrahydroxy	1
51906|Guaruba guarouba	C24_trihydroxy	7
519208|Oxalis triangularis	C28_alcohol_3OH	0
51949|Oophaga histrionica	C24_trihydroxy	2
51949|Oophaga histrionica	C27_dihydroxy	3
51949|Oophaga histrionica	C27_monohydroxy	3
519515|Pithecellobium unguis-cati	C24_dihydroxy	4
519515|Pithecellobium unguis-cati	C28_alcohol_2OH	0
519515|Pithecellobium unguis-cati	C28_alcohol_3OH	0
520822|Atta colombica	C23_dihydroxy	38
520822|Atta colombica	C23_pentahydroxy	4
520822|Atta colombica	C23_trihydroxy	78
520822|Atta colombica	C24_alkamine_trihydroxy	12
520822|Atta colombica	C24_alkamine_dihydroxy	12
520822|Atta colombica	C24_alkamine_monohydroxy	2
520822|Atta colombica	C24_alkamine_pentahydroxy	6
520822|Atta colombica	C24_alkamine_tetrahydroxy	22
520822|Atta colombica	C24_dihydroxy	4
520822|Atta colombica	C24_monohydroxy	6
520822|Atta colombica	C24_pentahydroxy	2
520822|Atta colombica	C24_tetrahydroxy	10
520822|Atta colombica	C24_trihydroxy	24
520822|Atta colombica	C27_dihydroxy	56
520822|Atta colombica	C27_monohydroxy	32
520822|Atta colombica	C27_pentahydroxy	2
520822|Atta colombica	C27_tetrahydroxy	2
520822|Atta colombica	C27_trihydroxy	4
520822|Atta colombica	C28_alcohol_2OH	0
520822|Atta colombica	C28_alcohol_3OH	0
52139|Arrhenatherum elatius	C23_trihydroxy	3
52139|Arrhenatherum elatius	C24_alkamine_monohydroxy	1
52139|Arrhenatherum elatius	C24_alkamine_tetrahydroxy	1
52139|Arrhenatherum elatius	C24_tetrahydroxy	4
52139|Arrhenatherum elatius	C24_trihydroxy	4
52139|Arrhenatherum elatius	C27_pentahydroxy	4
52153|Festuca rubra	C23_trihydroxy	5
52153|Festuca rubra	C24_alkamine_pentahydroxy	1
52153|Festuca rubra	C24_alkamine_tetrahydroxy	2
52153|Festuca rubra	C24_nonhydroxy	1
52153|Festuca rubra	C24_trihydroxy	24
52153|Festuca rubra	C27_pentahydroxy	3
52167|Uromastyx acanthinura	C24_dihydroxy	5
52167|Uromastyx acanthinura	C24_tetrahydroxy	3
52167|Uromastyx acanthinura	C24_trihydroxy	8
52176|Mabuya	C24_alkamine_trihydroxy	2
52176|Mabuya	C24_alkamine_tetrahydroxy	1
52176|Mabuya	C24_dihydroxy	5
52176|Mabuya	C24_monohydroxy	1
52176|Mabuya	C24_trihydroxy	7
52176|Mabuya	C27_dihydroxy	2
52176|Mabuya	C27_monohydroxy	2
52176|Mabuya	C27_pentahydroxy	9
52176|Mabuya	C27_tetrahydroxy	1
52176|Mabuya	C27_trihydroxy	1
52200|Physignathus cocincinus	C24_alkamine_trihydroxy	2
52200|Physignathus cocincinus	C24_dihydroxy	7
52200|Physignathus cocincinus	C24_monohydroxy	2
52200|Physignathus cocincinus	C24_tetrahydroxy	5
52200|Physignathus cocincinus	C24_trihydroxy	9
52200|Physignathus cocincinus	C27_monohydroxy	4
52201|Pogona	C24_dihydroxy	8
52201|Pogona	C24_monohydroxy	1
52201|Pogona	C24_tetrahydroxy	3
52201|Pogona	C24_trihydroxy	8
52201|Pogona	C27_pentahydroxy	6
52201|Pogona	C27_tetrahydroxy	1
52201|Pogona	C27_trihydroxy	1
52222|Elgaria panamintina	C24_alkamine_trihydroxy	3
52222|Elgaria panamintina	C24_alkamine_pentahydroxy	1
52222|Elgaria panamintina	C24_dihydroxy	6
52222|Elgaria panamintina	C24_tetrahydroxy	8
52222|Elgaria panamintina	C24_trihydroxy	11
52222|Elgaria panamintina	C27_dihydroxy	3
52222|Elgaria panamintina	C27_monohydroxy	2
52222|Elgaria panamintina	C27_pentahydroxy	11
52222|Elgaria panamintina	C27_tetrahydroxy	3
52222|Elgaria panamintina	C27_trihydroxy	2
52224|Shinisaurus crocodilurus	C24_alkamine_trihydroxy	11
52224|Shinisaurus crocodilurus	C24_alkamine_dihydroxy	8
52224|Shinisaurus crocodilurus	C24_alkamine_pentahydroxy	3
52224|Shinisaurus crocodilurus	C24_dihydroxy	12
52224|Shinisaurus crocodilurus	C24_tetrahydroxy	6
52224|Shinisaurus crocodilurus	C24_trihydroxy	10
52224|Shinisaurus crocodilurus	C27_monohydroxy	2
52224|Shinisaurus crocodilurus	C27_tetrahydroxy	1
52224|Shinisaurus crocodilurus	C27_trihydroxy	1
52231|Callithrix geoffroyi	C24_alkamine_trihydroxy	2
52231|Callithrix geoffroyi	C24_alkamine_dihydroxy	1
52231|Callithrix geoffroyi	C24_alkamine_pentahydroxy	1
52231|Callithrix geoffroyi	C24_dihydroxy	8
52231|Callithrix geoffroyi	C24_tetrahydroxy	5
52231|Callithrix geoffroyi	C24_trihydroxy	12
52258|Streptomyces flavovirens	C28_alcohol_3OH	0
52259|Streptomyces humidus	C28_alcohol_3OH	0
52294|Ratibida pinnata	C24_alkamine_trihydroxy	4
52294|Ratibida pinnata	C24_alkamine_tetrahydroxy	1
52294|Ratibida pinnata	C24_pentahydroxy	1
52294|Ratibida pinnata	C24_tetrahydroxy	3
52294|Ratibida pinnata	C24_trihydroxy	3
52294|Ratibida pinnata	C28_alcohol_3OH	0
52521|Amelanchier arborea	C24_alkamine_pentahydroxy	4
52521|Amelanchier arborea	C28_alcohol_2OH	0
52521|Amelanchier arborea	C28_alcohol_3OH	0
525278|Enterococcus faecalis TX1322	C24_trihydroxy	1
525279|Enterococcus faecium TX1330	C24_alkamine_trihydroxy	7
525279|Enterococcus faecium TX1330	C24_alkamine_dihydroxy	2
525279|Enterococcus faecium TX1330	C24_dihydroxy	1
525279|Enterococcus faecium TX1330	C24_trihydroxy	7
525341|Limosilactobacillus reuteri CF48-3A	C24_alkamine_trihydroxy	6
525341|Limosilactobacillus reuteri CF48-3A	C24_alkamine_dihydroxy	3
525341|Limosilactobacillus reuteri CF48-3A	C24_dihydroxy	3
525341|Limosilactobacillus reuteri CF48-3A	C24_trihydroxy	4
525377|Staphylococcus lugdunensis M23590	C24_dihydroxy	1
525377|Staphylococcus lugdunensis M23590	C24_trihydroxy	1
52641|Gammarus pulex	C24_alkamine_trihydroxy	1
52641|Gammarus pulex	C24_dihydroxy	1
52641|Gammarus pulex	C28_alcohol_3OH	0
52644|Haliaeetus leucocephalus	C24_alkamine_trihydroxy	8
52644|Haliaeetus leucocephalus	C24_alkamine_dihydroxy	10
52644|Haliaeetus leucocephalus	C24_alkamine_monohydroxy	6
52644|Haliaeetus leucocephalus	C24_alkamine_pentahydroxy	2
52644|Haliaeetus leucocephalus	C24_alkamine_tetrahydroxy	3
52644|Haliaeetus leucocephalus	C24_dihydroxy	9
52644|Haliaeetus leucocephalus	C24_tetrahydroxy	2
52644|Haliaeetus leucocephalus	C24_trihydroxy	15
52644|Haliaeetus leucocephalus	C27_monohydroxy	4
52644|Haliaeetus leucocephalus	C27_pentahydroxy	1
52644|Haliaeetus leucocephalus	C27_tetrahydroxy	4
52644|Haliaeetus leucocephalus	C27_trihydroxy	4
52670|Austrofundulus limnaeus	C24_alkamine_trihydroxy	3
52670|Austrofundulus limnaeus	C24_alkamine_pentahydroxy	1
52670|Austrofundulus limnaeus	C24_alkamine_tetrahydroxy	2
52670|Austrofundulus limnaeus	C24_dihydroxy	5
52670|Austrofundulus limnaeus	C24_tetrahydroxy	4
52670|Austrofundulus limnaeus	C24_trihydroxy	8
52670|Austrofundulus limnaeus	C27_dihydroxy	1
52695|Paractinoplanes brasiliensis	C28_alcohol_3OH	0
52775|Ciconia boyciana	C24_dihydroxy	2
52775|Ciconia boyciana	C24_trihydroxy	3
52776|Ciconia episcopus	C24_dihydroxy	3
52776|Ciconia episcopus	C24_monohydroxy	1
52776|Ciconia episcopus	C24_tetrahydroxy	3
52776|Ciconia episcopus	C24_trihydroxy	5
52777|Ciconia maguari	C24_dihydroxy	2
52777|Ciconia maguari	C24_tetrahydroxy	3
52777|Ciconia maguari	C24_trihydroxy	2
52777|Ciconia maguari	C27_dihydroxy	1
52777|Ciconia maguari	C27_monohydroxy	1
52777|Ciconia maguari	C27_tetrahydroxy	2
52777|Ciconia maguari	C27_trihydroxy	2
52778|Ciconia stormi	C24_alkamine_tetrahydroxy	1
52778|Ciconia stormi	C24_dihydroxy	3
52778|Ciconia stormi	C24_tetrahydroxy	3
52778|Ciconia stormi	C24_trihydroxy	10
52778|Ciconia stormi	C27_dihydroxy	2
52778|Ciconia stormi	C27_monohydroxy	1
52779|Leptoptilos javanicus	C24_alkamine_tetrahydroxy	1
52779|Leptoptilos javanicus	C24_dihydroxy	8
52779|Leptoptilos javanicus	C24_monohydroxy	2
52779|Leptoptilos javanicus	C24_tetrahydroxy	6
52779|Leptoptilos javanicus	C24_trihydroxy	14
52779|Leptoptilos javanicus	C27_monohydroxy	1
52780|Mycteria cinerea	C24_alkamine_trihydroxy	8
52780|Mycteria cinerea	C24_alkamine_tetrahydroxy	5
52780|Mycteria cinerea	C24_dihydroxy	8
52780|Mycteria cinerea	C24_pentahydroxy	1
52780|Mycteria cinerea	C24_tetrahydroxy	4
52780|Mycteria cinerea	C24_trihydroxy	17
52780|Mycteria cinerea	C27_dihydroxy	2
52780|Mycteria cinerea	C27_monohydroxy	1
52780|Mycteria cinerea	C27_tetrahydroxy	3
52780|Mycteria cinerea	C27_trihydroxy	3
52780|Mycteria cinerea	C28_alcohol_3OH	0
52781|Mycteria leucocephala	C24_dihydroxy	16
52781|Mycteria leucocephala	C24_monohydroxy	2
52781|Mycteria leucocephala	C24_tetrahydroxy	2
52781|Mycteria leucocephala	C24_trihydroxy	3
52781|Mycteria leucocephala	C27_dihydroxy	4
52781|Mycteria leucocephala	C27_monohydroxy	1
52781|Mycteria leucocephala	C27_tetrahydroxy	3
52781|Mycteria leucocephala	C27_trihydroxy	3
52785|Ephippiorhynchus senegalensis	C24_alkamine_trihydroxy	1
52785|Ephippiorhynchus senegalensis	C24_alkamine_tetrahydroxy	4
52785|Ephippiorhynchus senegalensis	C24_dihydroxy	12
52785|Ephippiorhynchus senegalensis	C24_pentahydroxy	1
52785|Ephippiorhynchus senegalensis	C24_tetrahydroxy	8
52785|Ephippiorhynchus senegalensis	C24_trihydroxy	11
52785|Ephippiorhynchus senegalensis	C27_dihydroxy	1
52785|Ephippiorhynchus senegalensis	C27_monohydroxy	2
52841|Oryza sp.	C26_dihydroxy	2
52841|Oryza sp.	C28_alcohol_3OH	0
52854|Stapelia	C24_trihydroxy	1
52854|Stapelia	C28_alcohol_2OH	0
52854|Stapelia	C28_alcohol_3OH	0
52862|Thevetia peruviana	C24_alkamine_pentahydroxy	4
52862|Thevetia peruviana	C28_alcohol_3OH	0
529697|Furina ornata	C24_alkamine_trihydroxy	1
529697|Furina ornata	C24_alkamine_pentahydroxy	1
529697|Furina ornata	C24_alkamine_tetrahydroxy	1
529697|Furina ornata	C24_dihydroxy	8
529697|Furina ornata	C24_pentahydroxy	2
529697|Furina ornata	C24_tetrahydroxy	5
529697|Furina ornata	C24_trihydroxy	23
529697|Furina ornata	C27_dihydroxy	2
529697|Furina ornata	C27_monohydroxy	4
52983|Fissidens taxifolius	C23_tetrahydroxy	1
52983|Fissidens taxifolius	C27_dihydroxy	1
53005|Brachythecium rutabulum	C23_tetrahydroxy	1
53178|Teucrium scorodonia	C24_alkamine_pentahydroxy	9
53178|Teucrium scorodonia	C24_pentahydroxy	1
53178|Teucrium scorodonia	C28_alcohol_2OH	0
53178|Teucrium scorodonia	C28_alcohol_3OH	0
5323|Pleurotus eryngii	C28_alcohol_2OH	0
53246|Pseudoalteromonas	C24_monohydroxy	48
53246|Pseudoalteromonas	C24_trihydroxy	4950
5325|Trametes versicolor	C24_alkamine_trihydroxy	1
5325|Trametes versicolor	C24_monohydroxy	1
5331|Bjerkandera adusta	C24_trihydroxy	3
5334|Schizophyllum commune	C24_monohydroxy	1
53371|Pilimelia anulata	C24_monohydroxy	4
53440|Nocardiopsis listeri	C28_alcohol_3OH	0
53446|Streptomyces cinnamoneus	C23_dihydroxy	2
53446|Streptomyces cinnamoneus	C23_pentahydroxy	2
53446|Streptomyces cinnamoneus	C23_trihydroxy	4
53446|Streptomyces cinnamoneus	C24_alkamine_trihydroxy	2
53446|Streptomyces cinnamoneus	C24_dihydroxy	16
53446|Streptomyces cinnamoneus	C24_monohydroxy	14
53446|Streptomyces cinnamoneus	C24_nonhydroxy	2
53446|Streptomyces cinnamoneus	C24_pentahydroxy	2
53446|Streptomyces cinnamoneus	C24_tetrahydroxy	2
53446|Streptomyces cinnamoneus	C24_trihydroxy	8
53446|Streptomyces cinnamoneus	C27_dihydroxy	18
53446|Streptomyces cinnamoneus	C27_pentahydroxy	2
53446|Streptomyces cinnamoneus	C27_tetrahydroxy	6
53446|Streptomyces cinnamoneus	C27_trihydroxy	6
53446|Streptomyces cinnamoneus	C28_alcohol_2OH	0
53446|Streptomyces cinnamoneus	C28_alcohol_3OH	0
53451|Streptomyces rutgersensis	C24_alkamine_trihydroxy	22
53451|Streptomyces rutgersensis	C24_alkamine_tetrahydroxy	7
53451|Streptomyces rutgersensis	C24_dihydroxy	4
53451|Streptomyces rutgersensis	C24_tetrahydroxy	1
53451|Streptomyces rutgersensis	C24_trihydroxy	1
536566|Phrynobatrachus alleni	C23_dihydroxy	3
536566|Phrynobatrachus alleni	C23_trihydroxy	1
536566|Phrynobatrachus alleni	C24_alkamine_trihydroxy	2
536566|Phrynobatrachus alleni	C24_trihydroxy	3
536566|Phrynobatrachus alleni	C27_dihydroxy	9
536566|Phrynobatrachus alleni	C27_monohydroxy	3
536566|Phrynobatrachus alleni	C27_tetrahydroxy	2
536566|Phrynobatrachus alleni	C27_trihydroxy	2
537011|Segatella copri DSM 18205	C24_alkamine_trihydroxy	6
537011|Segatella copri DSM 18205	C24_alkamine_dihydroxy	4
537011|Segatella copri DSM 18205	C24_dihydroxy	1
537011|Segatella copri DSM 18205	C24_trihydroxy	5
537012|Bacteroides cellulosilyticus DSM 14838	C24_alkamine_trihydroxy	7
537012|Bacteroides cellulosilyticus DSM 14838	C24_alkamine_dihydroxy	4
537012|Bacteroides cellulosilyticus DSM 14838	C24_dihydroxy	3
537012|Bacteroides cellulosilyticus DSM 14838	C24_trihydroxy	5
537493|Heloderma suspectum cinctum	C23_dihydroxy	1
537493|Heloderma suspectum cinctum	C24_dihydroxy	12
537493|Heloderma suspectum cinctum	C24_tetrahydroxy	2
537493|Heloderma suspectum cinctum	C24_trihydroxy	9
537493|Heloderma suspectum cinctum	C27_dihydroxy	7
537493|Heloderma suspectum cinctum	C27_monohydroxy	2
537493|Heloderma suspectum cinctum	C27_pentahydroxy	14
537493|Heloderma suspectum cinctum	C27_tetrahydroxy	6
537493|Heloderma suspectum cinctum	C27_trihydroxy	6
53883|Gymnocladus dioicus	C24_alkamine_pentahydroxy	9
53883|Gymnocladus dioicus	C27_dihydroxy	3
53883|Gymnocladus dioicus	C28_alcohol_3OH	0
53972|Rhodococcoides corynebacterioides	C24_alkamine_trihydroxy	2
54132|Pygathrix	C24_alkamine_trihydroxy	4
54132|Pygathrix	C24_alkamine_dihydroxy	2
54132|Pygathrix	C24_dihydroxy	11
54132|Pygathrix	C24_monohydroxy	3
54132|Pygathrix	C24_pentahydroxy	1
54132|Pygathrix	C24_tetrahydroxy	7
54132|Pygathrix	C24_trihydroxy	33
54132|Pygathrix	C27_monohydroxy	1
54132|Pygathrix	C27_tetrahydroxy	2
54132|Pygathrix	C27_trihydroxy	2
54135|Allenopithecus nigroviridis	C24_alkamine_trihydroxy	4
54135|Allenopithecus nigroviridis	C24_alkamine_dihydroxy	2
54135|Allenopithecus nigroviridis	C24_dihydroxy	19
54135|Allenopithecus nigroviridis	C24_monohydroxy	2
54135|Allenopithecus nigroviridis	C24_tetrahydroxy	6
54135|Allenopithecus nigroviridis	C24_trihydroxy	22
54135|Allenopithecus nigroviridis	C27_dihydroxy	2
54135|Allenopithecus nigroviridis	C27_monohydroxy	2
54135|Allenopithecus nigroviridis	C27_tetrahydroxy	1
54135|Allenopithecus nigroviridis	C27_trihydroxy	1
54180|Trachypithecus francoisi	C23_dihydroxy	1
54180|Trachypithecus francoisi	C24_alkamine_trihydroxy	7
54180|Trachypithecus francoisi	C24_alkamine_dihydroxy	5
54180|Trachypithecus francoisi	C24_dihydroxy	11
54180|Trachypithecus francoisi	C24_tetrahydroxy	4
54180|Trachypithecus francoisi	C24_trihydroxy	15
54180|Trachypithecus francoisi	C27_dihydroxy	5
54180|Trachypithecus francoisi	C27_monohydroxy	2
54180|Trachypithecus francoisi	C27_tetrahydroxy	1
54180|Trachypithecus francoisi	C27_trihydroxy	1
54240|Rotheca myricoides	C23_pentahydroxy	1
54240|Rotheca myricoides	C24_trihydroxy	1
54240|Rotheca myricoides	C27_monohydroxy	1
54240|Rotheca myricoides	C28_alcohol_3OH	0
542674|Phyla dulcis	C28_alcohol_3OH	0
54319|Etheostoma caeruleum	C24_dihydroxy	1
54319|Etheostoma caeruleum	C24_trihydroxy	2
54321|Allohistium cinereum	C24_dihydroxy	2
54321|Allohistium cinereum	C24_trihydroxy	2
54323|Percina copelandi	C24_alkamine_pentahydroxy	1
54323|Percina copelandi	C24_alkamine_tetrahydroxy	1
54323|Percina copelandi	C24_dihydroxy	7
54323|Percina copelandi	C24_tetrahydroxy	7
54323|Percina copelandi	C24_trihydroxy	11
54323|Percina copelandi	C27_dihydroxy	1
543527|Saccharothrix variisporea	C24_alkamine_trihydroxy	2
543527|Saccharothrix variisporea	C24_pentahydroxy	10
543527|Saccharothrix variisporea	C28_alcohol_2OH	0
543527|Saccharothrix variisporea	C28_alcohol_3OH	0
54359|Psophia crepitans	C24_dihydroxy	11
54359|Psophia crepitans	C24_monohydroxy	2
54359|Psophia crepitans	C24_tetrahydroxy	6
54359|Psophia crepitans	C24_trihydroxy	11
54359|Psophia crepitans	C27_dihydroxy	3
54359|Psophia crepitans	C27_monohydroxy	1
54359|Psophia crepitans	C27_tetrahydroxy	1
54359|Psophia crepitans	C27_trihydroxy	1
54361|Rallus longirostris	C24_alkamine_tetrahydroxy	1
54361|Rallus longirostris	C24_dihydroxy	2
54361|Rallus longirostris	C24_trihydroxy	2
54361|Rallus longirostris	C27_dihydroxy	1
54380|Cariama cristata	C24_dihydroxy	1
54383|Eurypyga helias	C24_alkamine_dihydroxy	2
54383|Eurypyga helias	C24_alkamine_tetrahydroxy	3
54383|Eurypyga helias	C24_dihydroxy	17
54383|Eurypyga helias	C24_monohydroxy	3
54383|Eurypyga helias	C24_tetrahydroxy	4
54383|Eurypyga helias	C24_trihydroxy	9
54383|Eurypyga helias	C27_dihydroxy	1
54383|Eurypyga helias	C27_monohydroxy	2
54386|Rhynochetos jubatus	C24_dihydroxy	12
54386|Rhynochetos jubatus	C24_monohydroxy	3
54386|Rhynochetos jubatus	C24_tetrahydroxy	1
54386|Rhynochetos jubatus	C24_trihydroxy	5
54386|Rhynochetos jubatus	C27_dihydroxy	4
54386|Rhynochetos jubatus	C27_monohydroxy	3
54386|Rhynochetos jubatus	C27_pentahydroxy	1
54386|Rhynochetos jubatus	C27_tetrahydroxy	4
54386|Rhynochetos jubatus	C27_trihydroxy	4
54477|Vitex agnus-castus	C24_alkamine_monohydroxy	2
54477|Vitex agnus-castus	C24_alkamine_pentahydroxy	16
54477|Vitex agnus-castus	C26_dihydroxy	2
54477|Vitex agnus-castus	C28_alcohol_2OH	0
54477|Vitex agnus-castus	C28_alcohol_3OH	0
54506|Irediparra gallinacea	C24_alkamine_trihydroxy	1
54506|Irediparra gallinacea	C24_dihydroxy	2
54506|Irediparra gallinacea	C24_tetrahydroxy	2
54506|Irediparra gallinacea	C24_trihydroxy	5
54541|Tricholoma portentosum	C24_monohydroxy	1
54541|Tricholoma portentosum	C24_tetrahydroxy	2
54600|Macaca nigra	C23_dihydroxy	1
54600|Macaca nigra	C24_alkamine_trihydroxy	9
54600|Macaca nigra	C24_alkamine_dihydroxy	3
54600|Macaca nigra	C24_alkamine_pentahydroxy	2
54600|Macaca nigra	C24_alkamine_tetrahydroxy	1
54600|Macaca nigra	C24_dihydroxy	31
54600|Macaca nigra	C24_monohydroxy	4
54600|Macaca nigra	C24_tetrahydroxy	11
54600|Macaca nigra	C24_trihydroxy	19
54600|Macaca nigra	C27_dihydroxy	1
54600|Macaca nigra	C27_monohydroxy	3
54600|Macaca nigra	C27_tetrahydroxy	1
54600|Macaca nigra	C27_trihydroxy	1
54601|Macaca silenus	C24_alkamine_trihydroxy	8
54601|Macaca silenus	C24_alkamine_dihydroxy	2
54601|Macaca silenus	C24_alkamine_pentahydroxy	1
54601|Macaca silenus	C24_alkamine_tetrahydroxy	2
54601|Macaca silenus	C24_dihydroxy	33
54601|Macaca silenus	C24_monohydroxy	7
54601|Macaca silenus	C24_pentahydroxy	1
54601|Macaca silenus	C24_tetrahydroxy	9
54601|Macaca silenus	C24_trihydroxy	17
54601|Macaca silenus	C27_tetrahydroxy	1
54601|Macaca silenus	C27_trihydroxy	1
54672|Euphorbia lagascae	C23_dihydroxy	6
54672|Euphorbia lagascae	C24_alkamine_trihydroxy	6
54672|Euphorbia lagascae	C24_alkamine_dihydroxy	8
54672|Euphorbia lagascae	C24_alkamine_monohydroxy	10
54672|Euphorbia lagascae	C24_dihydroxy	4
54672|Euphorbia lagascae	C24_nonhydroxy	40
54672|Euphorbia lagascae	C26_dihydroxy	2
54672|Euphorbia lagascae	C27_dihydroxy	16
54672|Euphorbia lagascae	C27_monohydroxy	38
54672|Euphorbia lagascae	C27_pentahydroxy	10
54672|Euphorbia lagascae	C27_tetrahydroxy	20
54672|Euphorbia lagascae	C27_trihydroxy	20
54672|Euphorbia lagascae	C28_alcohol_2OH	0
54672|Euphorbia lagascae	C28_alcohol_3OH	0
54755|Sesbania emerus	C28_alcohol_3OH	0
54778|Ceanothus americanus	C24_alkamine_trihydroxy	124
54778|Ceanothus americanus	C24_alkamine_pentahydroxy	3
54778|Ceanothus americanus	C24_monohydroxy	1
54778|Ceanothus americanus	C28_alcohol_3OH	0
548496|Anisognathus notabilis	C24_alkamine_tetrahydroxy	1
548496|Anisognathus notabilis	C24_dihydroxy	3
548496|Anisognathus notabilis	C24_tetrahydroxy	3
548496|Anisognathus notabilis	C24_trihydroxy	4
548496|Anisognathus notabilis	C27_monohydroxy	1
548496|Anisognathus notabilis	C27_tetrahydroxy	1
548515|Stephanophorus diadematus	C24_dihydroxy	5
548515|Stephanophorus diadematus	C24_tetrahydroxy	3
548515|Stephanophorus diadematus	C24_trihydroxy	7
548515|Stephanophorus diadematus	C27_dihydroxy	3
548515|Stephanophorus diadematus	C27_monohydroxy	2
54874|Gleditsia triacanthos	C24_alkamine_pentahydroxy	20
54874|Gleditsia triacanthos	C28_alcohol_3OH	0
55040|Urocyon cinereoargenteus	C24_dihydroxy	3
55040|Urocyon cinereoargenteus	C24_tetrahydroxy	3
55040|Urocyon cinereoargenteus	C24_trihydroxy	6
55040|Urocyon cinereoargenteus	C27_dihydroxy	3
55040|Urocyon cinereoargenteus	C27_monohydroxy	2
55040|Urocyon cinereoargenteus	C27_tetrahydroxy	1
55040|Urocyon cinereoargenteus	C27_trihydroxy	1
55047|Bassariscus astutus	C24_dihydroxy	5
55047|Bassariscus astutus	C24_tetrahydroxy	4
55047|Bassariscus astutus	C24_trihydroxy	15
55047|Bassariscus astutus	C27_dihydroxy	2
55047|Bassariscus astutus	C27_monohydroxy	1
55080|Brevibacillus	C24_alkamine_trihydroxy	3
55080|Brevibacillus	C24_alkamine_dihydroxy	3
55080|Brevibacillus	C24_alkamine_tetrahydroxy	3
55080|Brevibacillus	C24_trihydroxy	2
55125|Sphyraena argentea	C24_alkamine_pentahydroxy	1
55125|Sphyraena argentea	C24_dihydroxy	7
55125|Sphyraena argentea	C24_tetrahydroxy	2
55125|Sphyraena argentea	C24_trihydroxy	10
55125|Sphyraena argentea	C27_monohydroxy	2
55149|Sciurus vulgaris	C24_dihydroxy	4
55149|Sciurus vulgaris	C24_tetrahydroxy	2
55149|Sciurus vulgaris	C24_trihydroxy	5
55149|Sciurus vulgaris	C27_dihydroxy	1
551547|Streptomyces thinghirensis	C24_alkamine_trihydroxy	17
551547|Streptomyces thinghirensis	C24_alkamine_dihydroxy	6
551547|Streptomyces thinghirensis	C24_alkamine_pentahydroxy	7
551547|Streptomyces thinghirensis	C24_alkamine_tetrahydroxy	14
551547|Streptomyces thinghirensis	C24_dihydroxy	1
55158|Streptomyces peucetius subsp. caesius	C28_alcohol_3OH	0
55182|Forsythia	C24_alkamine_pentahydroxy	4
55182|Forsythia	C26_dihydroxy	3
55182|Forsythia	C28_alcohol_3OH	0
55188|Citrus unshiu	C24_dihydroxy	1
55188|Citrus unshiu	C27_pentahydroxy	2
55188|Citrus unshiu	C28_alcohol_3OH	0
552386|Vibrio gallaecicus	C24_alkamine_trihydroxy	14
552386|Vibrio gallaecicus	C24_alkamine_dihydroxy	2
552386|Vibrio gallaecicus	C24_alkamine_tetrahydroxy	2
552386|Vibrio gallaecicus	C27_pentahydroxy	2
552386|Vibrio gallaecicus	C28_alcohol_2OH	0
553198|Propionibacterium acidifaciens F0233	C24_alkamine_trihydroxy	25
553198|Propionibacterium acidifaciens F0233	C24_alkamine_dihydroxy	35
553198|Propionibacterium acidifaciens F0233	C24_dihydroxy	3
553198|Propionibacterium acidifaciens F0233	C24_trihydroxy	5
553199|Cutibacterium acnes SK137	C24_alkamine_trihydroxy	21
553199|Cutibacterium acnes SK137	C24_alkamine_dihydroxy	40
553199|Cutibacterium acnes SK137	C24_dihydroxy	2
553199|Cutibacterium acnes SK137	C24_trihydroxy	8
554065|Chlorella variabilis	C24_trihydroxy	4
554167|Varecia rubra	C24_alkamine_dihydroxy	2
554167|Varecia rubra	C24_dihydroxy	11
554167|Varecia rubra	C24_tetrahydroxy	2
554167|Varecia rubra	C24_trihydroxy	10
554167|Varecia rubra	C27_dihydroxy	5
554167|Varecia rubra	C27_monohydroxy	4
555358|Theristicus melanopis	C24_dihydroxy	7
555358|Theristicus melanopis	C24_monohydroxy	2
555358|Theristicus melanopis	C24_tetrahydroxy	2
555358|Theristicus melanopis	C24_trihydroxy	7
555358|Theristicus melanopis	C27_dihydroxy	2
555358|Theristicus melanopis	C27_monohydroxy	3
556259|Bacteroides sp. D2	C24_alkamine_trihydroxy	14
556259|Bacteroides sp. D2	C24_alkamine_dihydroxy	32
556259|Bacteroides sp. D2	C24_alkamine_tetrahydroxy	15
556259|Bacteroides sp. D2	C24_tetrahydroxy	3
556259|Bacteroides sp. D2	C24_trihydroxy	12
556260|Phocaeicola dorei 5_1_36/D4	C24_alkamine_trihydroxy	28
556260|Phocaeicola dorei 5_1_36/D4	C24_alkamine_dihydroxy	33
556260|Phocaeicola dorei 5_1_36/D4	C24_dihydroxy	1
556260|Phocaeicola dorei 5_1_36/D4	C24_trihydroxy	6
556260|Phocaeicola dorei 5_1_36/D4	C27_monohydroxy	2
556266|Escherichia coli D9	C24_alkamine_trihydroxy	1
556505|Hylodesmum glutinosum	C24_alkamine_pentahydroxy	16
556505|Hylodesmum glutinosum	C24_alkamine_tetrahydroxy	2
556505|Hylodesmum glutinosum	C28_alcohol_3OH	0
55670|Stevia rebaudiana	C28_alcohol_2OH	0
55670|Stevia rebaudiana	C28_alcohol_3OH	0
556906|Symphyotrichum dumosum	C23_dihydroxy	2
556906|Symphyotrichum dumosum	C24_alkamine_pentahydroxy	2
556906|Symphyotrichum dumosum	C24_trihydroxy	1
556906|Symphyotrichum dumosum	C27_monohydroxy	10
556906|Symphyotrichum dumosum	C28_alcohol_3OH	0
557436|Limosilactobacillus reuteri subsp. reuteri	C24_alkamine_trihydroxy	10
557436|Limosilactobacillus reuteri subsp. reuteri	C24_dihydroxy	8
557436|Limosilactobacillus reuteri subsp. reuteri	C24_trihydroxy	20
557436|Limosilactobacillus reuteri subsp. reuteri	C28_alcohol_2OH	0
559301|Lactobacillus gasseri MV-22	C24_alkamine_trihydroxy	6
559301|Lactobacillus gasseri MV-22	C24_alkamine_dihydroxy	4
559301|Lactobacillus gasseri MV-22	C24_dihydroxy	2
559301|Lactobacillus gasseri MV-22	C24_trihydroxy	3
5598|Alternaria	C23_dihydroxy	7
5598|Alternaria	C23_trihydroxy	116
5598|Alternaria	C24_alkamine_trihydroxy	441
5598|Alternaria	C24_alkamine_dihydroxy	26
5598|Alternaria	C24_alkamine_monohydroxy	271
5598|Alternaria	C24_alkamine_pentahydroxy	1024
5598|Alternaria	C24_alkamine_tetrahydroxy	721
5598|Alternaria	C24_dihydroxy	2198
5598|Alternaria	C24_monohydroxy	221
5598|Alternaria	C24_nonhydroxy	27
5598|Alternaria	C24_pentahydroxy	17
5598|Alternaria	C24_trihydroxy	71
5598|Alternaria	C26_dihydroxy	5
5598|Alternaria	C27_dihydroxy	139
5598|Alternaria	C27_monohydroxy	85
5598|Alternaria	C27_pentahydroxy	2
5598|Alternaria	C27_tetrahydroxy	9
5598|Alternaria	C27_trihydroxy	7
5598|Alternaria	C28_alcohol_2OH	0
5598|Alternaria	C28_alcohol_3OH	0
56036|Fraxinus pennsylvanica	C28_alcohol_3OH	0
560629|Cortinarius cacaocolor	C24_tetrahydroxy	1
56063|Derris elliptica	C28_alcohol_3OH	0
56069|Phalacrocorax auritus	C24_alkamine_trihydroxy	4
56069|Phalacrocorax auritus	C24_alkamine_dihydroxy	3
56069|Phalacrocorax auritus	C24_alkamine_tetrahydroxy	1
56069|Phalacrocorax auritus	C24_dihydroxy	4
56069|Phalacrocorax auritus	C24_pentahydroxy	1
56069|Phalacrocorax auritus	C24_tetrahydroxy	4
56069|Phalacrocorax auritus	C24_trihydroxy	2
56069|Phalacrocorax auritus	C27_dihydroxy	3
56069|Phalacrocorax auritus	C27_monohydroxy	1
56069|Phalacrocorax auritus	C27_tetrahydroxy	2
56069|Phalacrocorax auritus	C27_trihydroxy	2
56072|Ardea herodias	C23_trihydroxy	2
56072|Ardea herodias	C24_alkamine_trihydroxy	6
56072|Ardea herodias	C24_alkamine_pentahydroxy	18
56072|Ardea herodias	C24_alkamine_tetrahydroxy	2
56072|Ardea herodias	C24_dihydroxy	20
56072|Ardea herodias	C24_pentahydroxy	6
56072|Ardea herodias	C24_tetrahydroxy	28
56072|Ardea herodias	C24_trihydroxy	24
56072|Ardea herodias	C27_dihydroxy	16
56072|Ardea herodias	C27_monohydroxy	6
56072|Ardea herodias	C27_pentahydroxy	6
56072|Ardea herodias	C27_tetrahydroxy	4
56072|Ardea herodias	C27_trihydroxy	4
561004|Streptomyces sp. MV14	C28_alcohol_3OH	0
56110|Oscillatoria acuminata PCC 6304	C28_alcohol_3OH	0
56117|Tapirus bairdii	C24_dihydroxy	18
56117|Tapirus bairdii	C24_monohydroxy	14
56117|Tapirus bairdii	C24_tetrahydroxy	6
56117|Tapirus bairdii	C24_trihydroxy	16
56117|Tapirus bairdii	C27_dihydroxy	4
56117|Tapirus bairdii	C27_monohydroxy	2
56117|Tapirus bairdii	C27_tetrahydroxy	4
56117|Tapirus bairdii	C27_trihydroxy	4
561305|Caryota urens	C23_pentahydroxy	1
561305|Caryota urens	C24_pentahydroxy	2
561305|Caryota urens	C24_trihydroxy	2
561305|Caryota urens	C27_pentahydroxy	2
561305|Caryota urens	C28_alcohol_3OH	0
56165|Lepiota clypeolaria	C24_monohydroxy	1
561742|Naemorhedus griseus	C24_alkamine_trihydroxy	1
561742|Naemorhedus griseus	C24_dihydroxy	13
561742|Naemorhedus griseus	C24_monohydroxy	3
561742|Naemorhedus griseus	C24_pentahydroxy	1
561742|Naemorhedus griseus	C24_tetrahydroxy	5
561742|Naemorhedus griseus	C24_trihydroxy	24
561742|Naemorhedus griseus	C27_dihydroxy	1
561742|Naemorhedus griseus	C27_monohydroxy	2
56187|Coprinus comatus	C24_tetrahydroxy	3
56258|Sagittarius serpentarius	C24_alkamine_trihydroxy	1
56258|Sagittarius serpentarius	C24_alkamine_dihydroxy	2
56258|Sagittarius serpentarius	C24_alkamine_tetrahydroxy	1
56258|Sagittarius serpentarius	C24_dihydroxy	10
56258|Sagittarius serpentarius	C24_tetrahydroxy	3
56258|Sagittarius serpentarius	C24_trihydroxy	7
56258|Sagittarius serpentarius	C27_dihydroxy	1
56258|Sagittarius serpentarius	C27_monohydroxy	1
56258|Sagittarius serpentarius	C27_tetrahydroxy	1
56258|Sagittarius serpentarius	C27_trihydroxy	1
56262|Pandion haliaetus	C24_alkamine_pentahydroxy	1
56262|Pandion haliaetus	C24_alkamine_tetrahydroxy	1
56262|Pandion haliaetus	C24_dihydroxy	7
56262|Pandion haliaetus	C24_pentahydroxy	1
56262|Pandion haliaetus	C24_tetrahydroxy	5
56262|Pandion haliaetus	C24_trihydroxy	10
56262|Pandion haliaetus	C27_dihydroxy	1
56262|Pandion haliaetus	C27_monohydroxy	1
56262|Pandion haliaetus	C27_tetrahydroxy	3
56262|Pandion haliaetus	C27_trihydroxy	3
56263|Buteo jamaicensis	C24_alkamine_trihydroxy	18
56263|Buteo jamaicensis	C24_alkamine_dihydroxy	8
56263|Buteo jamaicensis	C24_alkamine_monohydroxy	4
56263|Buteo jamaicensis	C24_alkamine_tetrahydroxy	7
56263|Buteo jamaicensis	C24_dihydroxy	16
56263|Buteo jamaicensis	C24_tetrahydroxy	10
56263|Buteo jamaicensis	C24_trihydroxy	18
56268|Bubo virginianus	C24_alkamine_trihydroxy	1
56268|Bubo virginianus	C24_alkamine_dihydroxy	3
56268|Bubo virginianus	C24_alkamine_tetrahydroxy	1
56268|Bubo virginianus	C24_dihydroxy	13
56268|Bubo virginianus	C24_monohydroxy	1
56268|Bubo virginianus	C24_tetrahydroxy	4
56268|Bubo virginianus	C24_trihydroxy	9
56268|Bubo virginianus	C27_dihydroxy	6
56268|Bubo virginianus	C27_monohydroxy	4
56268|Bubo virginianus	C27_tetrahydroxy	2
56268|Bubo virginianus	C27_trihydroxy	2
56278|Sibirionetta formosa	C24_alkamine_tetrahydroxy	1
56278|Sibirionetta formosa	C24_dihydroxy	5
56278|Sibirionetta formosa	C24_tetrahydroxy	2
56278|Sibirionetta formosa	C24_trihydroxy	7
56278|Sibirionetta formosa	C27_monohydroxy	2
5627|Grifola frondosa	C28_alcohol_3OH	0
56282|Branta sandvicensis	C23_dihydroxy	3
56282|Branta sandvicensis	C24_alkamine_dihydroxy	2
56282|Branta sandvicensis	C24_dihydroxy	17
56282|Branta sandvicensis	C24_tetrahydroxy	2
56282|Branta sandvicensis	C24_trihydroxy	6
56282|Branta sandvicensis	C27_dihydroxy	9
56282|Branta sandvicensis	C27_monohydroxy	7
56282|Branta sandvicensis	C28_alcohol_3OH	0
56296|Pterocles	C24_alkamine_pentahydroxy	1
56296|Pterocles	C24_dihydroxy	2
56296|Pterocles	C24_pentahydroxy	1
56296|Pterocles	C24_tetrahydroxy	1
56296|Pterocles	C24_trihydroxy	4
56296|Pterocles	C27_monohydroxy	1
562971|Achromobacter xylosoxidans C54	C24_alkamine_trihydroxy	2
562973|Actinomyces viscosus C505	C24_alkamine_trihydroxy	18
562973|Actinomyces viscosus C505	C24_alkamine_dihydroxy	33
562973|Actinomyces viscosus C505	C24_dihydroxy	5
562973|Actinomyces viscosus C505	C24_trihydroxy	9
562|Escherichia coli	C24_alkamine_trihydroxy	36
562|Escherichia coli	C24_alkamine_dihydroxy	62
562|Escherichia coli	C24_alkamine_pentahydroxy	13
562|Escherichia coli	C24_alkamine_tetrahydroxy	6
562|Escherichia coli	C24_dihydroxy	70
562|Escherichia coli	C24_trihydroxy	59
562|Escherichia coli	C27_dihydroxy	2
562|Escherichia coli	C27_pentahydroxy	3
562|Escherichia coli	C28_alcohol_2OH	0
562|Escherichia coli	C28_alcohol_3OH	0
563032|Rothia dentocariosa M567	C24_trihydroxy	1
56313|Tyto alba	C24_alkamine_trihydroxy	3
56313|Tyto alba	C24_alkamine_dihydroxy	1
56313|Tyto alba	C24_dihydroxy	4
56313|Tyto alba	C24_tetrahydroxy	9
56313|Tyto alba	C24_trihydroxy	7
56313|Tyto alba	C27_dihydroxy	5
56313|Tyto alba	C27_monohydroxy	2
56313|Tyto alba	C27_tetrahydroxy	3
56313|Tyto alba	C27_trihydroxy	3
563193|Parabacteroides sp. D13	C24_alkamine_trihydroxy	31
563193|Parabacteroides sp. D13	C24_alkamine_dihydroxy	39
563193|Parabacteroides sp. D13	C24_dihydroxy	3
563193|Parabacteroides sp. D13	C24_trihydroxy	7
56339|Polihierax semitorquatus	C24_dihydroxy	5
56339|Polihierax semitorquatus	C24_tetrahydroxy	5
56339|Polihierax semitorquatus	C24_trihydroxy	5
56345|Phalcoboenus australis	C24_alkamine_pentahydroxy	1
56345|Phalcoboenus australis	C24_dihydroxy	10
56345|Phalcoboenus australis	C24_tetrahydroxy	7
56345|Phalcoboenus australis	C24_trihydroxy	3
56345|Phalcoboenus australis	C27_dihydroxy	6
56345|Phalcoboenus australis	C27_monohydroxy	5
56345|Phalcoboenus australis	C27_tetrahydroxy	3
56345|Phalcoboenus australis	C27_trihydroxy	3
56349|Falco femoralis	C24_alkamine_tetrahydroxy	1
56349|Falco femoralis	C24_dihydroxy	2
56349|Falco femoralis	C24_tetrahydroxy	2
56349|Falco femoralis	C24_trihydroxy	2
56349|Falco femoralis	C27_dihydroxy	4
56349|Falco femoralis	C27_tetrahydroxy	2
56349|Falco femoralis	C27_trihydroxy	2
56350|Falco sparverius	C24_alkamine_trihydroxy	1
56350|Falco sparverius	C24_dihydroxy	3
56350|Falco sparverius	C24_tetrahydroxy	1
56350|Falco sparverius	C24_trihydroxy	1
565072|Streptomyces spongiae	C28_alcohol_3OH	0
565074|Streptomyces rubrus	C28_alcohol_3OH	0
56549|Lycodon semicarinatus	C24_alkamine_trihydroxy	2
56549|Lycodon semicarinatus	C24_alkamine_dihydroxy	5
56549|Lycodon semicarinatus	C24_alkamine_monohydroxy	3
56549|Lycodon semicarinatus	C24_dihydroxy	6
56549|Lycodon semicarinatus	C24_monohydroxy	4
56549|Lycodon semicarinatus	C24_tetrahydroxy	1
56549|Lycodon semicarinatus	C24_trihydroxy	7
56549|Lycodon semicarinatus	C27_tetrahydroxy	1
56549|Lycodon semicarinatus	C27_trihydroxy	1
56554|Coregonus zenithicus	C24_dihydroxy	2
56554|Coregonus zenithicus	C24_tetrahydroxy	3
56554|Coregonus zenithicus	C24_trihydroxy	2
56554|Coregonus zenithicus	C27_dihydroxy	2
56640|Bubalus quarlesi	C24_dihydroxy	13
56640|Bubalus quarlesi	C24_monohydroxy	2
56640|Bubalus quarlesi	C24_tetrahydroxy	2
56640|Bubalus quarlesi	C24_trihydroxy	16
56640|Bubalus quarlesi	C27_dihydroxy	4
56640|Bubalus quarlesi	C27_monohydroxy	4
56786|Nucifraga caryocatactes	C24_alkamine_trihydroxy	9
56786|Nucifraga caryocatactes	C24_alkamine_pentahydroxy	2
56786|Nucifraga caryocatactes	C24_alkamine_tetrahydroxy	3
56786|Nucifraga caryocatactes	C24_dihydroxy	3
56786|Nucifraga caryocatactes	C24_tetrahydroxy	6
56786|Nucifraga caryocatactes	C24_trihydroxy	8
56786|Nucifraga caryocatactes	C27_dihydroxy	4
56786|Nucifraga caryocatactes	C27_monohydroxy	1
56786|Nucifraga caryocatactes	C27_pentahydroxy	3
56786|Nucifraga caryocatactes	C27_tetrahydroxy	5
56786|Nucifraga caryocatactes	C27_trihydroxy	5
56798|Hexaprotodon liberiensis	C24_alkamine_trihydroxy	2
56798|Hexaprotodon liberiensis	C24_dihydroxy	26
56798|Hexaprotodon liberiensis	C24_monohydroxy	31
56798|Hexaprotodon liberiensis	C24_tetrahydroxy	5
56798|Hexaprotodon liberiensis	C24_trihydroxy	18
568844|Microbispora hainanensis	C24_alkamine_trihydroxy	2
569598|Stigmochelys pardalis	C24_dihydroxy	2
569598|Stigmochelys pardalis	C24_trihydroxy	4
569598|Stigmochelys pardalis	C27_dihydroxy	2
569598|Stigmochelys pardalis	C27_pentahydroxy	1
569598|Stigmochelys pardalis	C27_tetrahydroxy	3
569598|Stigmochelys pardalis	C27_trihydroxy	3
56998|Wollemia nobilis	C28_alcohol_2OH	0
56998|Wollemia nobilis	C28_alcohol_3OH	0
57098|Cyclura cornuta	C24_alkamine_trihydroxy	2
57098|Cyclura cornuta	C24_dihydroxy	4
57098|Cyclura cornuta	C24_monohydroxy	1
57098|Cyclura cornuta	C24_tetrahydroxy	1
57098|Cyclura cornuta	C24_trihydroxy	6
57098|Cyclura cornuta	C27_dihydroxy	5
57098|Cyclura cornuta	C27_monohydroxy	7
57098|Cyclura cornuta	C27_tetrahydroxy	5
57098|Cyclura cornuta	C27_trihydroxy	6
571338|Macrochelys temminckii	C24_alkamine_trihydroxy	2
571338|Macrochelys temminckii	C24_alkamine_tetrahydroxy	2
571338|Macrochelys temminckii	C24_dihydroxy	10
571338|Macrochelys temminckii	C24_monohydroxy	1
571338|Macrochelys temminckii	C24_tetrahydroxy	4
571338|Macrochelys temminckii	C24_trihydroxy	12
571338|Macrochelys temminckii	C27_dihydroxy	6
571338|Macrochelys temminckii	C27_monohydroxy	4
571338|Macrochelys temminckii	C27_pentahydroxy	10
571338|Macrochelys temminckii	C28_alcohol_3OH	0
57134|Hydnum umbilicatum	C24_monohydroxy	2
572010|Slackia isoflavoniconvertens	C24_alkamine_trihydroxy	14
572010|Slackia isoflavoniconvertens	C24_trihydroxy	4
572010|Slackia isoflavoniconvertens	C28_alcohol_2OH	0
572010|Slackia isoflavoniconvertens	C28_alcohol_3OH	0
572236|Eremophila glabra	C24_pentahydroxy	2
572236|Eremophila glabra	C28_alcohol_2OH	0
572236|Eremophila glabra	C28_alcohol_3OH	0
57236|Aechmophorus occidentalis	C24_dihydroxy	8
57236|Aechmophorus occidentalis	C24_tetrahydroxy	6
57236|Aechmophorus occidentalis	C24_trihydroxy	8
57236|Aechmophorus occidentalis	C27_dihydroxy	2
57236|Aechmophorus occidentalis	C27_monohydroxy	4
57241|Fregata minor	C24_alkamine_trihydroxy	11
57241|Fregata minor	C24_alkamine_dihydroxy	12
57241|Fregata minor	C24_alkamine_tetrahydroxy	1
57241|Fregata minor	C24_dihydroxy	18
57241|Fregata minor	C24_monohydroxy	1
57241|Fregata minor	C24_tetrahydroxy	8
57241|Fregata minor	C24_trihydroxy	5
57241|Fregata minor	C27_dihydroxy	3
57241|Fregata minor	C27_monohydroxy	4
57241|Fregata minor	C27_tetrahydroxy	1
57241|Fregata minor	C27_trihydroxy	1
57380|Bucerotidae	C24_dihydroxy	7
57380|Bucerotidae	C24_monohydroxy	3
57380|Bucerotidae	C24_trihydroxy	4
57380|Bucerotidae	C27_dihydroxy	1
57380|Bucerotidae	C27_monohydroxy	2
573|Klebsiella pneumoniae	C24_alkamine_trihydroxy	1
573|Klebsiella pneumoniae	C24_alkamine_dihydroxy	15
573|Klebsiella pneumoniae	C24_alkamine_tetrahydroxy	27
573|Klebsiella pneumoniae	C28_alcohol_2OH	0
573|Klebsiella pneumoniae	C28_alcohol_3OH	0
57410|Colius colius	C24_dihydroxy	2
57410|Colius colius	C24_trihydroxy	2
57412|Colius striatus	C24_dihydroxy	7
57412|Colius striatus	C24_tetrahydroxy	3
57412|Colius striatus	C24_trihydroxy	6
57426|Momotus momota	C24_pentahydroxy	1
57426|Momotus momota	C24_tetrahydroxy	3
57426|Momotus momota	C24_trihydroxy	3
57426|Momotus momota	C27_dihydroxy	1
57426|Momotus momota	C27_monohydroxy	4
57426|Momotus momota	C27_pentahydroxy	1
57426|Momotus momota	C27_tetrahydroxy	1
57426|Momotus momota	C27_trihydroxy	1
574375|Bacillus gaemokensis	C24_alkamine_tetrahydroxy	2
57441|Micrathene whitneyi	C24_alkamine_trihydroxy	1
57441|Micrathene whitneyi	C24_alkamine_dihydroxy	3
57441|Micrathene whitneyi	C24_alkamine_pentahydroxy	1
57441|Micrathene whitneyi	C24_alkamine_tetrahydroxy	1
57441|Micrathene whitneyi	C24_dihydroxy	9
57441|Micrathene whitneyi	C24_tetrahydroxy	3
57441|Micrathene whitneyi	C24_trihydroxy	6
57441|Micrathene whitneyi	C27_dihydroxy	2
57441|Micrathene whitneyi	C27_monohydroxy	1
57441|Micrathene whitneyi	C27_tetrahydroxy	1
57441|Micrathene whitneyi	C27_trihydroxy	1
575593|Lachnospiraceae oral taxon 107 str. F0167	C24_alkamine_trihydroxy	29
575593|Lachnospiraceae oral taxon 107 str. F0167	C24_alkamine_dihydroxy	34
575593|Lachnospiraceae oral taxon 107 str. F0167	C24_dihydroxy	19
575593|Lachnospiraceae oral taxon 107 str. F0167	C24_trihydroxy	5
575596|Lactobacillus crispatus MV-1A-US	C24_dihydroxy	1
575596|Lactobacillus crispatus MV-1A-US	C24_trihydroxy	1
575609|Peptoniphilus sp. oral taxon 386 str. F0131	C24_alkamine_trihydroxy	25
575609|Peptoniphilus sp. oral taxon 386 str. F0131	C24_alkamine_dihydroxy	35
575609|Peptoniphilus sp. oral taxon 386 str. F0131	C24_dihydroxy	2
575609|Peptoniphilus sp. oral taxon 386 str. F0131	C24_trihydroxy	9
575611|Segatella buccae D17	C24_alkamine_trihydroxy	27
575611|Segatella buccae D17	C24_alkamine_dihydroxy	36
575611|Segatella buccae D17	C24_dihydroxy	3
575611|Segatella buccae D17	C24_trihydroxy	6
575612|Prevotella melaninogenica D18	C24_alkamine_trihydroxy	22
575612|Prevotella melaninogenica D18	C24_alkamine_dihydroxy	31
575612|Prevotella melaninogenica D18	C24_dihydroxy	4
575612|Prevotella melaninogenica D18	C24_trihydroxy	8
575615|Prevotella sp. oral taxon 317 str. F0108	C24_alkamine_trihydroxy	21
575615|Prevotella sp. oral taxon 317 str. F0108	C24_alkamine_dihydroxy	35
575615|Prevotella sp. oral taxon 317 str. F0108	C24_dihydroxy	3
575615|Prevotella sp. oral taxon 317 str. F0108	C24_trihydroxy	10
57571|Salamandra salamandra	C24_alkamine_trihydroxy	2
57571|Salamandra salamandra	C24_dihydroxy	15
57571|Salamandra salamandra	C24_tetrahydroxy	4
57571|Salamandra salamandra	C24_trihydroxy	19
57571|Salamandra salamandra	C27_dihydroxy	8
57571|Salamandra salamandra	C27_monohydroxy	5
57571|Salamandra salamandra	C27_tetrahydroxy	2
57571|Salamandra salamandra	C27_trihydroxy	2
57571|Salamandra salamandra	C28_alcohol_3OH	0
57577|Trifolium pratense	C23_trihydroxy	2
57577|Trifolium pratense	C24_trihydroxy	4
57577|Trifolium pratense	C27_pentahydroxy	2
576131|Lentibacter algarum	C24_dihydroxy	2
576131|Lentibacter algarum	C24_monohydroxy	4
576131|Lentibacter algarum	C28_alcohol_2OH	0
576131|Lentibacter algarum	C28_alcohol_3OH	0
57662|Sula sula	C24_alkamine_trihydroxy	4
57662|Sula sula	C24_alkamine_dihydroxy	1
57662|Sula sula	C24_alkamine_tetrahydroxy	1
57662|Sula sula	C24_dihydroxy	14
57662|Sula sula	C24_monohydroxy	3
57662|Sula sula	C24_tetrahydroxy	7
57662|Sula sula	C24_trihydroxy	8
57662|Sula sula	C27_dihydroxy	1
577105|Arthroleptis poecilonotus	C23_dihydroxy	1
577105|Arthroleptis poecilonotus	C24_alkamine_trihydroxy	4
577105|Arthroleptis poecilonotus	C24_dihydroxy	3
577105|Arthroleptis poecilonotus	C24_monohydroxy	2
577105|Arthroleptis poecilonotus	C24_tetrahydroxy	1
577105|Arthroleptis poecilonotus	C24_trihydroxy	4
577105|Arthroleptis poecilonotus	C27_dihydroxy	10
577105|Arthroleptis poecilonotus	C27_monohydroxy	4
577105|Arthroleptis poecilonotus	C27_pentahydroxy	2
577105|Arthroleptis poecilonotus	C27_tetrahydroxy	7
577105|Arthroleptis poecilonotus	C27_trihydroxy	7
57737|Axis porcinus	C24_dihydroxy	7
57737|Axis porcinus	C24_tetrahydroxy	2
57737|Axis porcinus	C24_trihydroxy	4
578139|Boaedon lineatus	C24_trihydroxy	2
578139|Boaedon lineatus	C27_dihydroxy	1
57926|Argentina anserina	C28_alcohol_3OH	0
57983|Isurus oxyrinchus	C24_trihydroxy	1
57983|Isurus oxyrinchus	C27_dihydroxy	2
58033|Dioon edule	C23_pentahydroxy	1
58033|Dioon edule	C28_alcohol_2OH	0
58033|Dioon edule	C28_alcohol_3OH	0
58039|Juniperus communis	C23_pentahydroxy	4
58039|Juniperus communis	C24_alkamine_tetrahydroxy	2
58039|Juniperus communis	C24_tetrahydroxy	74
58039|Juniperus communis	C26_dihydroxy	3
58039|Juniperus communis	C27_dihydroxy	4
58039|Juniperus communis	C28_alcohol_3OH	0
58043|Podocarpus macrophyllus	C24_alkamine_pentahydroxy	4
58043|Podocarpus macrophyllus	C24_trihydroxy	1
58043|Podocarpus macrophyllus	C28_alcohol_2OH	0
58043|Podocarpus macrophyllus	C28_alcohol_3OH	0
58118|Microbispora rosea subsp. rosea	C24_dihydroxy	2
58118|Microbispora rosea subsp. rosea	C24_tetrahydroxy	2
58118|Microbispora rosea subsp. rosea	C24_trihydroxy	4
5811|Toxoplasma gondii	C24_alkamine_trihydroxy	8
5811|Toxoplasma gondii	C28_alcohol_2OH	0
5811|Toxoplasma gondii	C28_alcohol_3OH	0
58123|Spirillospora albida	C24_alkamine_pentahydroxy	2
58123|Spirillospora albida	C24_pentahydroxy	2
58123|Spirillospora albida	C24_tetrahydroxy	6
58168|Bambusa vulgaris	C27_tetrahydroxy	2
58168|Bambusa vulgaris	C27_trihydroxy	2
58168|Bambusa vulgaris	C28_alcohol_3OH	0
58172|Paenibacillus sp.	C24_alkamine_trihydroxy	3
58187|Aubria subsigillata	C23_dihydroxy	2
58187|Aubria subsigillata	C24_alkamine_trihydroxy	1
58187|Aubria subsigillata	C24_alkamine_tetrahydroxy	1
58187|Aubria subsigillata	C24_trihydroxy	1
58187|Aubria subsigillata	C27_dihydroxy	2
58187|Aubria subsigillata	C27_monohydroxy	2
58209|Thraupis episcopus	C24_dihydroxy	4
58209|Thraupis episcopus	C24_tetrahydroxy	3
58209|Thraupis episcopus	C24_trihydroxy	3
58319|Scardinius erythrophthalmus	C24_tetrahydroxy	1
58319|Scardinius erythrophthalmus	C24_trihydroxy	2
58331|Quercus suber	C24_alkamine_trihydroxy	4
58331|Quercus suber	C24_alkamine_tetrahydroxy	9
58331|Quercus suber	C24_monohydroxy	5
58331|Quercus suber	C24_tetrahydroxy	1
58331|Quercus suber	C24_trihydroxy	2
58331|Quercus suber	C26_dihydroxy	5
58331|Quercus suber	C28_alcohol_2OH	0
58331|Quercus suber	C28_alcohol_3OH	0
58334|Quercus ilex	C28_alcohol_3OH	0
58340|Streptomyces lavendulae subsp. lavendulae	C24_alkamine_trihydroxy	2
58340|Streptomyces lavendulae subsp. lavendulae	C24_dihydroxy	2
58340|Streptomyces lavendulae subsp. lavendulae	C24_trihydroxy	6
58340|Streptomyces lavendulae subsp. lavendulae	C28_alcohol_3OH	0
58346|Streptomyces platensis	C24_alkamine_monohydroxy	2
58346|Streptomyces platensis	C24_alkamine_tetrahydroxy	2
58346|Streptomyces platensis	C24_nonhydroxy	2
58346|Streptomyces platensis	C27_monohydroxy	30
58346|Streptomyces platensis	C27_pentahydroxy	2
58346|Streptomyces platensis	C28_alcohol_2OH	0
58346|Streptomyces platensis	C28_alcohol_3OH	0
585110|Pseudomonas sp. 2156	C24_trihydroxy	1
58517|Cornufer guentheri	C27_dihydroxy	4
58517|Cornufer guentheri	C27_monohydroxy	8
58517|Cornufer guentheri	C28_alcohol_3OH	0
585394|Roseburia hominis A2-183	C24_alkamine_trihydroxy	6
585394|Roseburia hominis A2-183	C24_trihydroxy	6
585466|Burhinus grallarius	C24_dihydroxy	30
585466|Burhinus grallarius	C24_monohydroxy	6
585466|Burhinus grallarius	C24_tetrahydroxy	6
585466|Burhinus grallarius	C24_trihydroxy	24
585466|Burhinus grallarius	C27_dihydroxy	2
585466|Burhinus grallarius	C27_monohydroxy	4
585501|Oribacterium sinus F0268	C24_alkamine_trihydroxy	21
585501|Oribacterium sinus F0268	C24_alkamine_dihydroxy	39
585501|Oribacterium sinus F0268	C24_dihydroxy	1
585501|Oribacterium sinus F0268	C24_trihydroxy	10
585543|Bacteroides sp. D20	C24_alkamine_trihydroxy	23
585543|Bacteroides sp. D20	C24_alkamine_dihydroxy	33
585543|Bacteroides sp. D20	C24_alkamine_tetrahydroxy	1
585543|Bacteroides sp. D20	C24_trihydroxy	3
58660|Leontodon hispidus	C23_trihydroxy	2
58660|Leontodon hispidus	C24_alkamine_monohydroxy	1
58660|Leontodon hispidus	C24_trihydroxy	4
58660|Leontodon hispidus	C27_pentahydroxy	1
586785|Centropyge bispinosa	C24_alkamine_trihydroxy	2
586785|Centropyge bispinosa	C24_alkamine_dihydroxy	5
586785|Centropyge bispinosa	C24_dihydroxy	2
586785|Centropyge bispinosa	C24_trihydroxy	2
586787|Centropyge flavissima	C23_dihydroxy	1
586787|Centropyge flavissima	C24_tetrahydroxy	1
586787|Centropyge flavissima	C24_trihydroxy	1
586789|Centropyge loriculus	C24_alkamine_dihydroxy	2
586789|Centropyge loriculus	C24_dihydroxy	7
586789|Centropyge loriculus	C24_tetrahydroxy	2
586789|Centropyge loriculus	C24_trihydroxy	2
586808|Cryptocentrus cinctus	C24_alkamine_dihydroxy	1
586808|Cryptocentrus cinctus	C24_dihydroxy	1
586808|Cryptocentrus cinctus	C24_trihydroxy	2
587579|Khaya senegalensis	C24_monohydroxy	10
587579|Khaya senegalensis	C27_dihydroxy	2
587579|Khaya senegalensis	C28_alcohol_2OH	0
587579|Khaya senegalensis	C28_alcohol_3OH	0
59015|Tradescantia pallida	C24_alkamine_trihydroxy	1
59015|Tradescantia pallida	C26_dihydroxy	2
59015|Tradescantia pallida	C27_monohydroxy	1
59015|Tradescantia pallida	C27_pentahydroxy	1
59015|Tradescantia pallida	C28_alcohol_3OH	0
59020|Agave bracteosa	C24_alkamine_pentahydroxy	3
59020|Agave bracteosa	C27_dihydroxy	1
59020|Agave bracteosa	C27_monohydroxy	2
59020|Agave bracteosa	C27_pentahydroxy	4
59020|Agave bracteosa	C28_alcohol_2OH	0
59020|Agave bracteosa	C28_alcohol_3OH	0
59067|Ruscus aculeatus	C24_alkamine_pentahydroxy	1
59067|Ruscus aculeatus	C24_alkamine_tetrahydroxy	1
59067|Ruscus aculeatus	C24_pentahydroxy	3
59067|Ruscus aculeatus	C24_trihydroxy	1
59067|Ruscus aculeatus	C27_pentahydroxy	3
59067|Ruscus aculeatus	C28_alcohol_2OH	0
59067|Ruscus aculeatus	C28_alcohol_3OH	0
592668|Tiaris olivaceus	C24_dihydroxy	2
592668|Tiaris olivaceus	C24_trihydroxy	4
592668|Tiaris olivaceus	C27_dihydroxy	5
592668|Tiaris olivaceus	C27_tetrahydroxy	4
592668|Tiaris olivaceus	C27_trihydroxy	4
59312|Sarcophaga crassipalpis	C24_alkamine_trihydroxy	1
593584|Phyllospongia foliascens	C23_dihydroxy	32
593584|Phyllospongia foliascens	C23_monohydroxy	2
593584|Phyllospongia foliascens	C24_alkamine_trihydroxy	2
593584|Phyllospongia foliascens	C24_alkamine_dihydroxy	6
593584|Phyllospongia foliascens	C24_alkamine_monohydroxy	8
593584|Phyllospongia foliascens	C24_alkamine_tetrahydroxy	2
593584|Phyllospongia foliascens	C24_dihydroxy	36
593584|Phyllospongia foliascens	C24_monohydroxy	106
593584|Phyllospongia foliascens	C24_nonhydroxy	6
593584|Phyllospongia foliascens	C26_dihydroxy	8
593584|Phyllospongia foliascens	C27_dihydroxy	20
593584|Phyllospongia foliascens	C27_pentahydroxy	18
593584|Phyllospongia foliascens	C28_alcohol_2OH	0
593584|Phyllospongia foliascens	C28_alcohol_3OH	0
59430|Helichrysum	C28_alcohol_3OH	0
59515|Addax nasomaculatus	C24_alkamine_trihydroxy	8
59515|Addax nasomaculatus	C24_alkamine_dihydroxy	10
59515|Addax nasomaculatus	C24_dihydroxy	25
59515|Addax nasomaculatus	C24_tetrahydroxy	3
59515|Addax nasomaculatus	C24_trihydroxy	8
59515|Addax nasomaculatus	C28_alcohol_3OH	0
59518|Alcelaphus buselaphus jacksoni	C24_alkamine_trihydroxy	2
59518|Alcelaphus buselaphus jacksoni	C24_alkamine_pentahydroxy	1
59518|Alcelaphus buselaphus jacksoni	C24_dihydroxy	15
59518|Alcelaphus buselaphus jacksoni	C24_tetrahydroxy	9
59518|Alcelaphus buselaphus jacksoni	C24_trihydroxy	32
59519|Alcelaphus caama	C23_dihydroxy	2
59519|Alcelaphus caama	C24_alkamine_trihydroxy	3
59519|Alcelaphus caama	C24_dihydroxy	9
59519|Alcelaphus caama	C24_pentahydroxy	1
59519|Alcelaphus caama	C24_tetrahydroxy	5
59519|Alcelaphus caama	C24_trihydroxy	24
59519|Alcelaphus caama	C27_dihydroxy	1
59519|Alcelaphus caama	C27_monohydroxy	2
59519|Alcelaphus caama	C27_tetrahydroxy	1
59519|Alcelaphus caama	C27_trihydroxy	1
59519|Alcelaphus caama	C28_alcohol_3OH	0
59523|Antidorcas marsupialis	C23_trihydroxy	1
59523|Antidorcas marsupialis	C24_alkamine_trihydroxy	3
59523|Antidorcas marsupialis	C24_dihydroxy	18
59523|Antidorcas marsupialis	C24_pentahydroxy	2
59523|Antidorcas marsupialis	C24_tetrahydroxy	6
59523|Antidorcas marsupialis	C24_trihydroxy	17
59523|Antidorcas marsupialis	C27_dihydroxy	3
59523|Antidorcas marsupialis	C27_monohydroxy	2
59525|Antilope cervicapra	C24_alkamine_pentahydroxy	1
59525|Antilope cervicapra	C24_dihydroxy	11
59525|Antilope cervicapra	C24_tetrahydroxy	4
59525|Antilope cervicapra	C24_trihydroxy	12
59525|Antilope cervicapra	C27_dihydroxy	3
59525|Antilope cervicapra	C27_monohydroxy	2
59527|Beatragus hunteri	C24_alkamine_trihydroxy	1
59527|Beatragus hunteri	C24_alkamine_pentahydroxy	1
59527|Beatragus hunteri	C24_dihydroxy	8
59527|Beatragus hunteri	C24_tetrahydroxy	5
59527|Beatragus hunteri	C24_trihydroxy	22
59527|Beatragus hunteri	C27_dihydroxy	1
59527|Beatragus hunteri	C28_alcohol_3OH	0
59528|Connochaetes gnou	C24_alkamine_trihydroxy	4
59528|Connochaetes gnou	C24_alkamine_tetrahydroxy	1
59528|Connochaetes gnou	C24_dihydroxy	9
59528|Connochaetes gnou	C24_tetrahydroxy	9
59528|Connochaetes gnou	C24_trihydroxy	31
59528|Connochaetes gnou	C27_monohydroxy	1
59528|Connochaetes gnou	C28_alcohol_3OH	0
59529|Gazella subgutturosa	C24_alkamine_tetrahydroxy	2
59529|Gazella subgutturosa	C24_dihydroxy	7
59529|Gazella subgutturosa	C24_tetrahydroxy	2
59529|Gazella subgutturosa	C24_trihydroxy	3
59529|Gazella subgutturosa	C27_monohydroxy	1
59531|Kobus leche	C24_alkamine_trihydroxy	8
59531|Kobus leche	C24_alkamine_dihydroxy	2
59531|Kobus leche	C24_alkamine_pentahydroxy	1
59531|Kobus leche	C24_dihydroxy	28
59531|Kobus leche	C24_pentahydroxy	3
59531|Kobus leche	C24_tetrahydroxy	15
59531|Kobus leche	C24_trihydroxy	43
59531|Kobus leche	C27_dihydroxy	2
59531|Kobus leche	C27_monohydroxy	4
59531|Kobus leche	C27_pentahydroxy	1
59532|Kobus megaceros	C24_dihydroxy	17
59532|Kobus megaceros	C24_monohydroxy	1
59532|Kobus megaceros	C24_tetrahydroxy	2
59532|Kobus megaceros	C24_trihydroxy	6
59532|Kobus megaceros	C27_dihydroxy	1
59532|Kobus megaceros	C27_monohydroxy	1
59532|Kobus megaceros	C27_tetrahydroxy	1
59532|Kobus megaceros	C27_trihydroxy	1
59534|Oryx dammah	C24_alkamine_trihydroxy	1
59534|Oryx dammah	C24_dihydroxy	32
59534|Oryx dammah	C24_tetrahydroxy	4
59534|Oryx dammah	C24_trihydroxy	21
59534|Oryx dammah	C27_dihydroxy	3
59534|Oryx dammah	C27_monohydroxy	4
59534|Oryx dammah	C28_alcohol_3OH	0
59536|Ourebia ourebi	C24_alkamine_trihydroxy	3
59536|Ourebia ourebi	C24_dihydroxy	10
59536|Ourebia ourebi	C24_tetrahydroxy	7
59536|Ourebia ourebi	C24_trihydroxy	21
59542|Pseudois nayaur	C24_alkamine_trihydroxy	3
59542|Pseudois nayaur	C24_dihydroxy	16
59542|Pseudois nayaur	C24_tetrahydroxy	7
59542|Pseudois nayaur	C24_trihydroxy	22
59542|Pseudois nayaur	C27_dihydroxy	1
59542|Pseudois nayaur	C27_monohydroxy	1
59544|Raphicerus campestris	C24_alkamine_trihydroxy	6
59544|Raphicerus campestris	C24_alkamine_dihydroxy	2
59544|Raphicerus campestris	C24_dihydroxy	20
59544|Raphicerus campestris	C24_pentahydroxy	1
59544|Raphicerus campestris	C24_tetrahydroxy	10
59544|Raphicerus campestris	C24_trihydroxy	22
59544|Raphicerus campestris	C27_dihydroxy	1
59546|Damaliscus lunatus jimela	C24_alkamine_trihydroxy	2
59546|Damaliscus lunatus jimela	C24_alkamine_dihydroxy	3
59546|Damaliscus lunatus jimela	C24_dihydroxy	5
59546|Damaliscus lunatus jimela	C24_trihydroxy	10
59548|Oryx gazella callotis	C24_alkamine_trihydroxy	6
59548|Oryx gazella callotis	C24_alkamine_pentahydroxy	4
59548|Oryx gazella callotis	C24_dihydroxy	34
59548|Oryx gazella callotis	C24_pentahydroxy	1
59548|Oryx gazella callotis	C24_tetrahydroxy	9
59548|Oryx gazella callotis	C24_trihydroxy	43
59548|Oryx gazella callotis	C27_monohydroxy	5
59548|Oryx gazella callotis	C28_alcohol_3OH	0
596312|Micrococcus luteus SK58	C24_alkamine_trihydroxy	1
596312|Micrococcus luteus SK58	C24_trihydroxy	1
596318|Acinetobacter radioresistens SK82	C24_alkamine_trihydroxy	1
596326|Lactobacillus jensenii 208-1	C24_alkamine_trihydroxy	3
59677|Schima superba	C23_pentahydroxy	4
59677|Schima superba	C24_alkamine_dihydroxy	3
59677|Schima superba	C24_alkamine_pentahydroxy	2
59677|Schima superba	C24_alkamine_tetrahydroxy	1
59677|Schima superba	C24_dihydroxy	3
59677|Schima superba	C24_monohydroxy	8
59677|Schima superba	C24_tetrahydroxy	2
59677|Schima superba	C24_trihydroxy	4
59677|Schima superba	C27_pentahydroxy	1
59677|Schima superba	C27_tetrahydroxy	3
59677|Schima superba	C27_trihydroxy	3
60174|Penicillium echinulatum	C24_alkamine_dihydroxy	1
60174|Penicillium echinulatum	C28_alcohol_2OH	0
60174|Penicillium echinulatum	C28_alcohol_3OH	0
60182|Dendrocygna javanica	C24_alkamine_tetrahydroxy	1
60182|Dendrocygna javanica	C24_dihydroxy	8
60182|Dendrocygna javanica	C24_tetrahydroxy	3
60182|Dendrocygna javanica	C24_trihydroxy	7
60182|Dendrocygna javanica	C27_monohydroxy	2
6063|Halichondria panicea	C28_alcohol_3OH	0
60690|Galaxaura	C23_dihydroxy	2
60690|Galaxaura	C24_nonhydroxy	4
61221|Varanus komodoensis	C23_dihydroxy	1
61221|Varanus komodoensis	C24_alkamine_trihydroxy	1
61221|Varanus komodoensis	C24_dihydroxy	20
61221|Varanus komodoensis	C24_tetrahydroxy	3
61221|Varanus komodoensis	C24_trihydroxy	17
61221|Varanus komodoensis	C27_dihydroxy	1
61221|Varanus komodoensis	C27_pentahydroxy	4
61221|Varanus komodoensis	C27_tetrahydroxy	2
61221|Varanus komodoensis	C27_trihydroxy	2
61263|Cerorhinca monocerata	C24_alkamine_trihydroxy	7
61263|Cerorhinca monocerata	C24_alkamine_dihydroxy	10
61263|Cerorhinca monocerata	C24_alkamine_tetrahydroxy	1
61263|Cerorhinca monocerata	C24_dihydroxy	8
61263|Cerorhinca monocerata	C24_pentahydroxy	1
61263|Cerorhinca monocerata	C24_tetrahydroxy	2
61263|Cerorhinca monocerata	C24_trihydroxy	3
61263|Cerorhinca monocerata	C27_monohydroxy	1
61284|Fusarium tricinctum	C24_alkamine_monohydroxy	2
61316|Hypentelium nigricans	C24_alkamine_tetrahydroxy	2
61316|Hypentelium nigricans	C24_dihydroxy	8
61316|Hypentelium nigricans	C24_monohydroxy	4
61316|Hypentelium nigricans	C24_tetrahydroxy	6
61316|Hypentelium nigricans	C24_trihydroxy	20
61316|Hypentelium nigricans	C27_dihydroxy	8
61316|Hypentelium nigricans	C27_monohydroxy	6
61316|Hypentelium nigricans	C27_tetrahydroxy	4
61316|Hypentelium nigricans	C27_trihydroxy	4
61376|Felis chaus	C23_dihydroxy	3
61376|Felis chaus	C23_trihydroxy	2
61376|Felis chaus	C24_alkamine_trihydroxy	14
61376|Felis chaus	C24_alkamine_dihydroxy	18
61376|Felis chaus	C24_alkamine_tetrahydroxy	2
61376|Felis chaus	C24_dihydroxy	31
61376|Felis chaus	C24_monohydroxy	8
61376|Felis chaus	C24_trihydroxy	15
61376|Felis chaus	C27_pentahydroxy	1
61376|Felis chaus	C28_alcohol_2OH	0
61376|Felis chaus	C28_alcohol_3OH	0
61377|Felis silvestris lybica	C24_alkamine_tetrahydroxy	3
61377|Felis silvestris lybica	C24_dihydroxy	7
61377|Felis silvestris lybica	C24_tetrahydroxy	4
61377|Felis silvestris lybica	C24_trihydroxy	18
61377|Felis silvestris lybica	C27_dihydroxy	1
61377|Felis silvestris lybica	C27_monohydroxy	3
61377|Felis silvestris lybica	C27_pentahydroxy	2
61377|Felis silvestris lybica	C27_tetrahydroxy	2
61377|Felis silvestris lybica	C27_trihydroxy	2
61378|Felis margarita	C24_alkamine_trihydroxy	31
61378|Felis margarita	C24_alkamine_dihydroxy	14
61378|Felis margarita	C24_alkamine_tetrahydroxy	8
61378|Felis margarita	C24_dihydroxy	50
61378|Felis margarita	C24_monohydroxy	1
61378|Felis margarita	C24_pentahydroxy	2
61378|Felis margarita	C24_tetrahydroxy	9
61378|Felis margarita	C24_trihydroxy	30
61378|Felis margarita	C27_monohydroxy	1
61378|Felis margarita	C27_pentahydroxy	2
61378|Felis margarita	C28_alcohol_3OH	0
61379|Felis nigripes	C23_dihydroxy	1
61379|Felis nigripes	C24_alkamine_trihydroxy	2
61379|Felis nigripes	C24_dihydroxy	6
61379|Felis nigripes	C24_pentahydroxy	1
61379|Felis nigripes	C24_tetrahydroxy	5
61379|Felis nigripes	C24_trihydroxy	13
61379|Felis nigripes	C27_pentahydroxy	1
61379|Felis nigripes	C27_tetrahydroxy	4
61379|Felis nigripes	C27_trihydroxy	4
61382|Leopardus wiedii	C24_alkamine_trihydroxy	3
61382|Leopardus wiedii	C24_alkamine_pentahydroxy	1
61382|Leopardus wiedii	C24_alkamine_tetrahydroxy	2
61382|Leopardus wiedii	C24_dihydroxy	5
61382|Leopardus wiedii	C24_pentahydroxy	1
61382|Leopardus wiedii	C24_tetrahydroxy	5
61382|Leopardus wiedii	C24_trihydroxy	17
61382|Leopardus wiedii	C27_monohydroxy	2
61382|Leopardus wiedii	C27_pentahydroxy	1
61382|Leopardus wiedii	C27_tetrahydroxy	1
61382|Leopardus wiedii	C27_trihydroxy	1
61383|Lynx canadensis	C24_alkamine_trihydroxy	100
61383|Lynx canadensis	C24_alkamine_dihydroxy	64
61383|Lynx canadensis	C24_alkamine_tetrahydroxy	3
61383|Lynx canadensis	C24_dihydroxy	83
61383|Lynx canadensis	C24_tetrahydroxy	12
61383|Lynx canadensis	C24_trihydroxy	130
61384|Lynx rufus	C24_alkamine_trihydroxy	3
61384|Lynx rufus	C24_alkamine_pentahydroxy	1
61384|Lynx rufus	C24_alkamine_tetrahydroxy	1
61384|Lynx rufus	C24_dihydroxy	7
61384|Lynx rufus	C24_tetrahydroxy	8
61384|Lynx rufus	C24_trihydroxy	13
61384|Lynx rufus	C27_monohydroxy	2
61384|Lynx rufus	C27_tetrahydroxy	1
61388|Prionailurus viverrinus	C24_dihydroxy	1
61388|Prionailurus viverrinus	C24_tetrahydroxy	1
61388|Prionailurus viverrinus	C24_trihydroxy	4
61405|Leptailurus serval	C24_alkamine_trihydroxy	102
61405|Leptailurus serval	C24_alkamine_dihydroxy	51
61405|Leptailurus serval	C24_alkamine_monohydroxy	3
61405|Leptailurus serval	C24_alkamine_pentahydroxy	1
61405|Leptailurus serval	C24_alkamine_tetrahydroxy	3
61405|Leptailurus serval	C24_dihydroxy	83
61405|Leptailurus serval	C24_tetrahydroxy	41
61405|Leptailurus serval	C24_trihydroxy	164
61405|Leptailurus serval	C27_tetrahydroxy	1
61405|Leptailurus serval	C27_trihydroxy	1
61405|Leptailurus serval	C28_alcohol_3OH	0
61452|Neofelis nebulosa	C24_alkamine_tetrahydroxy	1
61452|Neofelis nebulosa	C24_dihydroxy	10
61452|Neofelis nebulosa	C24_pentahydroxy	1
61452|Neofelis nebulosa	C24_tetrahydroxy	10
61452|Neofelis nebulosa	C24_trihydroxy	14
61452|Neofelis nebulosa	C27_dihydroxy	3
61452|Neofelis nebulosa	C27_monohydroxy	2
61452|Neofelis nebulosa	C27_pentahydroxy	2
61589|Viburnum dentatum	C28_alcohol_2OH	0
61589|Viburnum dentatum	C28_alcohol_3OH	0
61865|Carcharhinus limbatus	C23_dihydroxy	4
61865|Carcharhinus limbatus	C24_alkamine_trihydroxy	3
61865|Carcharhinus limbatus	C24_dihydroxy	1
61865|Carcharhinus limbatus	C24_trihydroxy	2
61865|Carcharhinus limbatus	C27_dihydroxy	3
61865|Carcharhinus limbatus	C27_monohydroxy	2
619693|Prevotella sp. oral taxon 472 str. F0295	C24_alkamine_trihydroxy	23
619693|Prevotella sp. oral taxon 472 str. F0295	C24_alkamine_dihydroxy	32
619693|Prevotella sp. oral taxon 472 str. F0295	C24_dihydroxy	4
619693|Prevotella sp. oral taxon 472 str. F0295	C24_trihydroxy	8
62035|Varanus acanthurus	C23_dihydroxy	14
62035|Varanus acanthurus	C23_trihydroxy	14
62035|Varanus acanthurus	C24_alkamine_trihydroxy	7
62035|Varanus acanthurus	C24_alkamine_tetrahydroxy	2
62035|Varanus acanthurus	C24_dihydroxy	13
62035|Varanus acanthurus	C24_monohydroxy	1
62035|Varanus acanthurus	C24_tetrahydroxy	4
62035|Varanus acanthurus	C24_trihydroxy	13
62035|Varanus acanthurus	C27_dihydroxy	4
62035|Varanus acanthurus	C27_monohydroxy	5
62035|Varanus acanthurus	C27_pentahydroxy	6
62035|Varanus acanthurus	C27_tetrahydroxy	6
62035|Varanus acanthurus	C27_trihydroxy	6
62035|Varanus acanthurus	C28_alcohol_2OH	0
62035|Varanus acanthurus	C28_alcohol_3OH	0
62037|Varanus bengalensis	C24_dihydroxy	3
62037|Varanus bengalensis	C24_trihydroxy	5
62037|Varanus bengalensis	C27_pentahydroxy	1
62042|Varanus gouldii	C23_dihydroxy	2
62042|Varanus gouldii	C24_dihydroxy	7
62042|Varanus gouldii	C24_monohydroxy	1
62042|Varanus gouldii	C24_trihydroxy	2
62042|Varanus gouldii	C27_dihydroxy	4
62042|Varanus gouldii	C27_monohydroxy	2
62042|Varanus gouldii	C27_pentahydroxy	2
62042|Varanus gouldii	C27_tetrahydroxy	7
62042|Varanus gouldii	C27_trihydroxy	7
62043|Varanus indicus	C24_dihydroxy	3
62043|Varanus indicus	C24_tetrahydroxy	2
62043|Varanus indicus	C24_trihydroxy	2
62043|Varanus indicus	C27_dihydroxy	1
62043|Varanus indicus	C27_pentahydroxy	4
62043|Varanus indicus	C27_tetrahydroxy	2
62043|Varanus indicus	C27_trihydroxy	2
62046|Varanus niloticus	C23_dihydroxy	1
62046|Varanus niloticus	C24_alkamine_trihydroxy	1
62046|Varanus niloticus	C24_dihydroxy	7
62046|Varanus niloticus	C24_monohydroxy	1
62046|Varanus niloticus	C24_tetrahydroxy	1
62046|Varanus niloticus	C24_trihydroxy	9
62046|Varanus niloticus	C27_dihydroxy	2
62046|Varanus niloticus	C27_pentahydroxy	7
62046|Varanus niloticus	C27_tetrahydroxy	4
62046|Varanus niloticus	C27_trihydroxy	4
62047|Varanus olivaceus	C24_alkamine_trihydroxy	1
62047|Varanus olivaceus	C24_alkamine_dihydroxy	1
62047|Varanus olivaceus	C24_dihydroxy	6
62047|Varanus olivaceus	C24_trihydroxy	4
62047|Varanus olivaceus	C27_dihydroxy	1
62047|Varanus olivaceus	C27_monohydroxy	2
62047|Varanus olivaceus	C27_pentahydroxy	2
62047|Varanus olivaceus	C27_tetrahydroxy	2
62047|Varanus olivaceus	C27_trihydroxy	2
62049|Varanus salvadorii	C24_dihydroxy	12
62049|Varanus salvadorii	C24_monohydroxy	1
62049|Varanus salvadorii	C24_tetrahydroxy	2
62049|Varanus salvadorii	C24_trihydroxy	6
62049|Varanus salvadorii	C27_dihydroxy	1
62049|Varanus salvadorii	C27_monohydroxy	1
62049|Varanus salvadorii	C27_pentahydroxy	4
62049|Varanus salvadorii	C27_tetrahydroxy	1
62049|Varanus salvadorii	C27_trihydroxy	1
62050|Varanus prasinus	C23_dihydroxy	1
62050|Varanus prasinus	C24_alkamine_trihydroxy	2
62050|Varanus prasinus	C24_dihydroxy	3
62050|Varanus prasinus	C24_monohydroxy	2
62050|Varanus prasinus	C24_tetrahydroxy	1
62050|Varanus prasinus	C24_trihydroxy	3
62050|Varanus prasinus	C27_dihydroxy	3
62050|Varanus prasinus	C27_monohydroxy	3
62050|Varanus prasinus	C27_pentahydroxy	3
62050|Varanus prasinus	C27_tetrahydroxy	3
62050|Varanus prasinus	C27_trihydroxy	3
62097|Plumeria rubra	C23_pentahydroxy	1
62097|Plumeria rubra	C24_alkamine_pentahydroxy	2
62097|Plumeria rubra	C24_trihydroxy	2
62097|Plumeria rubra	C27_dihydroxy	11
62097|Plumeria rubra	C28_alcohol_3OH	0
62165|Chlorophanes spiza	C24_alkamine_dihydroxy	2
62165|Chlorophanes spiza	C24_alkamine_pentahydroxy	2
62165|Chlorophanes spiza	C24_dihydroxy	22
62165|Chlorophanes spiza	C24_monohydroxy	1
62165|Chlorophanes spiza	C24_tetrahydroxy	11
62165|Chlorophanes spiza	C24_trihydroxy	18
62165|Chlorophanes spiza	C27_dihydroxy	8
62165|Chlorophanes spiza	C27_monohydroxy	6
622312|Roseburia inulinivorans DSM 16841	C28_alcohol_2OH	0
622312|Roseburia inulinivorans DSM 16841	C28_alcohol_3OH	0
62242|Schistochlamys melanopis	C24_alkamine_trihydroxy	1
62242|Schistochlamys melanopis	C24_alkamine_dihydroxy	2
62242|Schistochlamys melanopis	C24_alkamine_tetrahydroxy	1
62242|Schistochlamys melanopis	C24_dihydroxy	8
62242|Schistochlamys melanopis	C24_tetrahydroxy	3
62242|Schistochlamys melanopis	C24_trihydroxy	3
62242|Schistochlamys melanopis	C27_dihydroxy	4
62242|Schistochlamys melanopis	C27_tetrahydroxy	1
62242|Schistochlamys melanopis	C27_trihydroxy	1
62255|Tersina viridis	C24_dihydroxy	2
62255|Tersina viridis	C24_tetrahydroxy	2
62255|Tersina viridis	C24_trihydroxy	3
6239|Caenorhabditis elegans	C24_alkamine_trihydroxy	4
6239|Caenorhabditis elegans	C27_tetrahydroxy	3
6239|Caenorhabditis elegans	C27_trihydroxy	3
6239|Caenorhabditis elegans	C28_alcohol_2OH	0
6239|Caenorhabditis elegans	C28_alcohol_3OH	0
62698|Odobenus rosmarus rosmarus	C23_dihydroxy	2
62698|Odobenus rosmarus rosmarus	C24_alkamine_tetrahydroxy	1
62698|Odobenus rosmarus rosmarus	C24_dihydroxy	3
62698|Odobenus rosmarus rosmarus	C24_tetrahydroxy	2
62698|Odobenus rosmarus rosmarus	C24_trihydroxy	5
6269|Anisakis simplex	C28_alcohol_2OH	0
6269|Anisakis simplex	C28_alcohol_3OH	0
629742|Staphylococcus hominis SK119	C24_alkamine_trihydroxy	3
629742|Staphylococcus hominis SK119	C24_trihydroxy	1
63221|Homo sapiens neanderthalensis	C24_alkamine_trihydroxy	2
63221|Homo sapiens neanderthalensis	C28_alcohol_2OH	0
63357|Hamamelis vernalis	C24_alkamine_pentahydroxy	6
63357|Hamamelis vernalis	C24_alkamine_tetrahydroxy	2
63357|Hamamelis vernalis	C24_pentahydroxy	1
63357|Hamamelis vernalis	C24_tetrahydroxy	133
63357|Hamamelis vernalis	C27_dihydroxy	3
63357|Hamamelis vernalis	C28_alcohol_3OH	0
63459|Chenopodium quinoa	C24_alkamine_pentahydroxy	2
63459|Chenopodium quinoa	C24_alkamine_tetrahydroxy	3
63459|Chenopodium quinoa	C27_tetrahydroxy	2
63459|Chenopodium quinoa	C27_trihydroxy	2
63459|Chenopodium quinoa	C28_alcohol_3OH	0
63737|Nostoc punctiforme PCC 73102	C28_alcohol_3OH	0
637443|Coendou mexicanus	C24_alkamine_trihydroxy	4
637443|Coendou mexicanus	C24_alkamine_dihydroxy	4
637443|Coendou mexicanus	C24_alkamine_monohydroxy	4
637443|Coendou mexicanus	C24_monohydroxy	3
637443|Coendou mexicanus	C28_alcohol_3OH	0
637857|Panthera leo krugeri	C24_alkamine_pentahydroxy	3
637857|Panthera leo krugeri	C24_alkamine_tetrahydroxy	4
637857|Panthera leo krugeri	C24_dihydroxy	3
637857|Panthera leo krugeri	C24_tetrahydroxy	4
637857|Panthera leo krugeri	C24_trihydroxy	2
637857|Panthera leo krugeri	C27_tetrahydroxy	1
637857|Panthera leo krugeri	C27_trihydroxy	1
63824|Ozotoceros bezoarticus	C24_dihydroxy	4
63824|Ozotoceros bezoarticus	C24_tetrahydroxy	1
63824|Ozotoceros bezoarticus	C24_trihydroxy	7
64040|Actaea racemosa	C23_trihydroxy	2
64040|Actaea racemosa	C24_alkamine_trihydroxy	14
64040|Actaea racemosa	C24_alkamine_pentahydroxy	64
64040|Actaea racemosa	C24_alkamine_tetrahydroxy	14
64040|Actaea racemosa	C24_dihydroxy	37
64040|Actaea racemosa	C24_monohydroxy	6
64040|Actaea racemosa	C24_pentahydroxy	2
64040|Actaea racemosa	C24_tetrahydroxy	104
64040|Actaea racemosa	C24_trihydroxy	142
64040|Actaea racemosa	C27_pentahydroxy	16
64040|Actaea racemosa	C28_alcohol_2OH	0
64040|Actaea racemosa	C28_alcohol_3OH	0
64118|Loropetalum chinense	C28_alcohol_2OH	0
64118|Loropetalum chinense	C28_alcohol_3OH	0
64174|Bothrops alternatus	C24_alkamine_trihydroxy	1
64174|Bothrops alternatus	C24_alkamine_pentahydroxy	1
64174|Bothrops alternatus	C24_dihydroxy	6
64174|Bothrops alternatus	C24_pentahydroxy	2
64174|Bothrops alternatus	C24_tetrahydroxy	10
64174|Bothrops alternatus	C24_trihydroxy	18
64174|Bothrops alternatus	C27_dihydroxy	1
64174|Bothrops alternatus	C27_monohydroxy	1
64174|Bothrops alternatus	C27_tetrahydroxy	2
64174|Bothrops alternatus	C27_trihydroxy	2
644236|Callosciurus inornatus	C24_dihydroxy	10
644236|Callosciurus inornatus	C24_tetrahydroxy	8
644236|Callosciurus inornatus	C24_trihydroxy	14
644236|Callosciurus inornatus	C27_monohydroxy	2
645701|Candoia paulsoni	C24_alkamine_pentahydroxy	7
645701|Candoia paulsoni	C24_pentahydroxy	4
645701|Candoia paulsoni	C24_tetrahydroxy	11
645701|Candoia paulsoni	C24_trihydroxy	8
64663|Callosciurus	C24_alkamine_trihydroxy	2
64663|Callosciurus	C24_dihydroxy	2
64663|Callosciurus	C24_tetrahydroxy	2
64663|Callosciurus	C24_trihydroxy	2
64663|Callosciurus	C27_dihydroxy	2
64663|Callosciurus	C27_monohydroxy	2
64663|Callosciurus	C28_alcohol_2OH	0
64663|Callosciurus	C28_alcohol_3OH	0
64676|Callosciurus prevostii	C24_dihydroxy	4
64676|Callosciurus prevostii	C24_pentahydroxy	1
64676|Callosciurus prevostii	C24_tetrahydroxy	5
64676|Callosciurus prevostii	C24_trihydroxy	11
64676|Callosciurus prevostii	C27_dihydroxy	3
64676|Callosciurus prevostii	C27_monohydroxy	1
64676|Callosciurus prevostii	C27_tetrahydroxy	2
64676|Callosciurus prevostii	C27_trihydroxy	2
649753|Flavonifractor plautii DSM 6740	C24_alkamine_trihydroxy	4
649753|Flavonifractor plautii DSM 6740	C24_dihydroxy	5
649753|Flavonifractor plautii DSM 6740	C24_trihydroxy	11
649753|Flavonifractor plautii DSM 6740	C28_alcohol_3OH	0
649760|Segatella oris F0302	C24_alkamine_trihydroxy	26
649760|Segatella oris F0302	C24_alkamine_dihydroxy	31
649760|Segatella oris F0302	C24_dihydroxy	2
649760|Segatella oris F0302	C24_trihydroxy	10
649761|Prevotella veroralis F0319	C24_alkamine_trihydroxy	20
649761|Prevotella veroralis F0319	C24_alkamine_dihydroxy	34
649761|Prevotella veroralis F0319	C24_dihydroxy	3
649761|Prevotella veroralis F0319	C24_trihydroxy	7
650201|Pseudoalteromonas sp. 2ta6	C24_dihydroxy	2
650306|Lithospermum caroliniense	C24_alkamine_pentahydroxy	19
650306|Lithospermum caroliniense	C24_pentahydroxy	2
650306|Lithospermum caroliniense	C28_alcohol_3OH	0
651656|Incilius	C23_dihydroxy	4
651656|Incilius	C23_trihydroxy	2
651656|Incilius	C24_alkamine_trihydroxy	2
651656|Incilius	C24_alkamine_tetrahydroxy	2
651656|Incilius	C24_dihydroxy	22
651656|Incilius	C24_monohydroxy	2
651656|Incilius	C24_pentahydroxy	2
651656|Incilius	C24_tetrahydroxy	8
651656|Incilius	C24_trihydroxy	12
651656|Incilius	C27_dihydroxy	12
651656|Incilius	C27_monohydroxy	2
651656|Incilius	C27_pentahydroxy	2
651656|Incilius	C27_tetrahydroxy	1
651656|Incilius	C27_trihydroxy	1
652611|Pseudomonas aeruginosa PA14	C24_trihydroxy	181
652611|Pseudomonas aeruginosa PA14	C28_alcohol_3OH	0
65558|Capparis spinosa	C28_alcohol_2OH	0
65558|Capparis spinosa	C28_alcohol_3OH	0
65559|Euphorbia milii	C23_monohydroxy	4
65559|Euphorbia milii	C24_alkamine_trihydroxy	12
65559|Euphorbia milii	C24_alkamine_monohydroxy	4
65559|Euphorbia milii	C24_alkamine_tetrahydroxy	6
65559|Euphorbia milii	C24_dihydroxy	2
65559|Euphorbia milii	C24_nonhydroxy	2
65559|Euphorbia milii	C27_dihydroxy	22
65559|Euphorbia milii	C27_monohydroxy	34
65559|Euphorbia milii	C27_tetrahydroxy	6
65559|Euphorbia milii	C27_trihydroxy	6
65559|Euphorbia milii	C28_alcohol_3OH	0
65560|Euphorbia milii var. splendens	C24_alkamine_trihydroxy	7
65560|Euphorbia milii var. splendens	C24_tetrahydroxy	1
65560|Euphorbia milii var. splendens	C24_trihydroxy	1
65560|Euphorbia milii var. splendens	C27_dihydroxy	4
65560|Euphorbia milii var. splendens	C28_alcohol_3OH	0
65561|Hypericum perforatum	C24_alkamine_pentahydroxy	15
65561|Hypericum perforatum	C24_alkamine_tetrahydroxy	4
65561|Hypericum perforatum	C24_tetrahydroxy	13
65561|Hypericum perforatum	C28_alcohol_3OH	0
65605|Streptomyces thermoalcalitolerans	C27_monohydroxy	2
65605|Streptomyces thermoalcalitolerans	C28_alcohol_3OH	0
65608|Dendrolagus dorianus	C24_alkamine_trihydroxy	2
65608|Dendrolagus dorianus	C24_alkamine_tetrahydroxy	1
65608|Dendrolagus dorianus	C24_dihydroxy	6
65608|Dendrolagus dorianus	C24_monohydroxy	2
65608|Dendrolagus dorianus	C24_tetrahydroxy	5
65608|Dendrolagus dorianus	C24_trihydroxy	8
65608|Dendrolagus dorianus	C27_dihydroxy	2
65608|Dendrolagus dorianus	C27_monohydroxy	2
65612|Isoodon obesulus	C23_trihydroxy	1
65612|Isoodon obesulus	C24_alkamine_trihydroxy	6
65612|Isoodon obesulus	C24_alkamine_dihydroxy	1
65612|Isoodon obesulus	C24_dihydroxy	10
65612|Isoodon obesulus	C24_tetrahydroxy	2
65612|Isoodon obesulus	C24_trihydroxy	12
65612|Isoodon obesulus	C27_monohydroxy	1
65618|Thylogale brunii	C24_alkamine_trihydroxy	1
65618|Thylogale brunii	C24_dihydroxy	6
65618|Thylogale brunii	C24_tetrahydroxy	4
65618|Thylogale brunii	C24_trihydroxy	7
65618|Thylogale brunii	C27_dihydroxy	2
65618|Thylogale brunii	C27_monohydroxy	1
65634|Lagostrophus fasciatus	C24_alkamine_trihydroxy	3
65634|Lagostrophus fasciatus	C24_alkamine_pentahydroxy	1
65634|Lagostrophus fasciatus	C24_dihydroxy	7
65634|Lagostrophus fasciatus	C24_tetrahydroxy	2
65634|Lagostrophus fasciatus	C24_trihydroxy	11
65634|Lagostrophus fasciatus	C27_dihydroxy	2
65634|Lagostrophus fasciatus	C27_monohydroxy	1
656515|Pseudocheirus occidentalis	C24_alkamine_trihydroxy	2
656515|Pseudocheirus occidentalis	C24_alkamine_dihydroxy	2
656515|Pseudocheirus occidentalis	C24_alkamine_tetrahydroxy	1
656515|Pseudocheirus occidentalis	C24_dihydroxy	2
656515|Pseudocheirus occidentalis	C24_tetrahydroxy	1
656515|Pseudocheirus occidentalis	C24_trihydroxy	3
657308|Gordonibacter pamelaeae 7-10-1-b	C24_alkamine_trihydroxy	10
657308|Gordonibacter pamelaeae 7-10-1-b	C24_dihydroxy	28
657308|Gordonibacter pamelaeae 7-10-1-b	C24_trihydroxy	46
657308|Gordonibacter pamelaeae 7-10-1-b	C28_alcohol_2OH	0
657308|Gordonibacter pamelaeae 7-10-1-b	C28_alcohol_3OH	0
65772|Drimia	C23_pentahydroxy	3
65772|Drimia	C24_alkamine_pentahydroxy	2
65772|Drimia	C24_dihydroxy	94
65772|Drimia	C24_monohydroxy	7
65772|Drimia	C24_nonhydroxy	4
65772|Drimia	C24_pentahydroxy	1
65772|Drimia	C24_trihydroxy	47
65772|Drimia	C27_pentahydroxy	3
65772|Drimia	C28_alcohol_2OH	0
65772|Drimia	C28_alcohol_3OH	0
658080|Ralstonia sp. 5_2_56FAA	C24_alkamine_trihydroxy	1
658080|Ralstonia sp. 5_2_56FAA	C24_trihydroxy	1
658082|Lachnospiraceae bacterium 2_1_58FAA	C24_alkamine_trihydroxy	30
658082|Lachnospiraceae bacterium 2_1_58FAA	C24_alkamine_dihydroxy	43
658082|Lachnospiraceae bacterium 2_1_58FAA	C24_dihydroxy	10
658082|Lachnospiraceae bacterium 2_1_58FAA	C24_trihydroxy	7
658085|Lachnospiraceae bacterium 5_1_57FAA	C24_alkamine_trihydroxy	2
658085|Lachnospiraceae bacterium 5_1_57FAA	C24_trihydroxy	1
658917|Lophonetta specularioides specularioides	C23_dihydroxy	3
658917|Lophonetta specularioides specularioides	C24_alkamine_dihydroxy	2
658917|Lophonetta specularioides specularioides	C24_alkamine_tetrahydroxy	2
658917|Lophonetta specularioides specularioides	C24_dihydroxy	15
658917|Lophonetta specularioides specularioides	C24_monohydroxy	3
658917|Lophonetta specularioides specularioides	C24_tetrahydroxy	1
658917|Lophonetta specularioides specularioides	C24_trihydroxy	4
658917|Lophonetta specularioides specularioides	C27_dihydroxy	3
658917|Lophonetta specularioides specularioides	C27_monohydroxy	2
658921|Netta erythrophthalma	C23_dihydroxy	1
658921|Netta erythrophthalma	C24_dihydroxy	3
658921|Netta erythrophthalma	C24_trihydroxy	2
658924|Plectropterus gambensis	C24_alkamine_dihydroxy	1
658924|Plectropterus gambensis	C24_alkamine_pentahydroxy	1
658924|Plectropterus gambensis	C24_dihydroxy	7
658924|Plectropterus gambensis	C24_pentahydroxy	1
658924|Plectropterus gambensis	C24_tetrahydroxy	5
658924|Plectropterus gambensis	C24_trihydroxy	5
658924|Plectropterus gambensis	C27_dihydroxy	3
658924|Plectropterus gambensis	C27_monohydroxy	2
658924|Plectropterus gambensis	C27_pentahydroxy	1
65947|Nasturtium	C27_dihydroxy	22
65947|Nasturtium	C28_alcohol_3OH	0
659500|Bos javanicus javanicus	C24_alkamine_pentahydroxy	1
659500|Bos javanicus javanicus	C24_alkamine_tetrahydroxy	2
659500|Bos javanicus javanicus	C24_dihydroxy	7
659500|Bos javanicus javanicus	C24_pentahydroxy	1
659500|Bos javanicus javanicus	C24_tetrahydroxy	6
659500|Bos javanicus javanicus	C24_trihydroxy	12
659500|Bos javanicus javanicus	C27_dihydroxy	2
659500|Bos javanicus javanicus	C27_monohydroxy	1
66014|Cymbopogon citratus	C24_pentahydroxy	1
66014|Cymbopogon citratus	C24_tetrahydroxy	2
66014|Cymbopogon citratus	C28_alcohol_3OH	0
660624|Jasminum sambac	C28_alcohol_3OH	0
66172|Ephedra viridis	C24_alkamine_pentahydroxy	3
66172|Ephedra viridis	C24_pentahydroxy	2
66172|Ephedra viridis	C28_alcohol_3OH	0
66194|Pyxis arachnoides	C24_trihydroxy	4
66194|Pyxis arachnoides	C27_dihydroxy	2
66194|Pyxis arachnoides	C27_monohydroxy	2
66194|Pyxis arachnoides	C27_tetrahydroxy	3
66194|Pyxis arachnoides	C27_trihydroxy	3
66194|Pyxis arachnoides	C28_alcohol_3OH	0
662561|Rusa unicolor	C24_dihydroxy	13
662561|Rusa unicolor	C24_tetrahydroxy	1
662561|Rusa unicolor	C24_trihydroxy	13
66369|Streptomyces carpinensis	C24_alkamine_trihydroxy	2
66369|Streptomyces carpinensis	C24_dihydroxy	2
66369|Streptomyces carpinensis	C24_monohydroxy	4
66369|Streptomyces carpinensis	C24_nonhydroxy	20
66370|Streptomyces flaveus	C23_pentahydroxy	10
66370|Streptomyces flaveus	C24_alkamine_trihydroxy	76
66370|Streptomyces flaveus	C24_alkamine_dihydroxy	4
66370|Streptomyces flaveus	C24_alkamine_tetrahydroxy	20
66370|Streptomyces flaveus	C24_trihydroxy	2
66370|Streptomyces flaveus	C27_monohydroxy	2
66370|Streptomyces flaveus	C28_alcohol_3OH	0
66371|Streptomyces fumigatiscleroticus	C28_alcohol_3OH	0
66376|Streptomyces spiralis	C24_nonhydroxy	16
66376|Streptomyces spiralis	C26_dihydroxy	10
66378|Streptomyces yerevanensis	C24_alkamine_trihydroxy	4
66378|Streptomyces yerevanensis	C28_alcohol_3OH	0
66422|Streptomyces cinerochromogenes	C28_alcohol_2OH	0
66422|Streptomyces cinerochromogenes	C28_alcohol_3OH	0
66423|Streptomyces eurocidicus	C23_pentahydroxy	4
66423|Streptomyces eurocidicus	C28_alcohol_2OH	0
66423|Streptomyces eurocidicus	C28_alcohol_3OH	0
66424|Streptomyces hiroshimensis	C23_pentahydroxy	24
66424|Streptomyces hiroshimensis	C24_alkamine_dihydroxy	2
66424|Streptomyces hiroshimensis	C24_alkamine_monohydroxy	4
66424|Streptomyces hiroshimensis	C24_alkamine_pentahydroxy	4
66424|Streptomyces hiroshimensis	C24_alkamine_tetrahydroxy	4
66424|Streptomyces hiroshimensis	C24_dihydroxy	16
66424|Streptomyces hiroshimensis	C24_nonhydroxy	2
66424|Streptomyces hiroshimensis	C24_pentahydroxy	2
66424|Streptomyces hiroshimensis	C24_tetrahydroxy	18
66424|Streptomyces hiroshimensis	C24_trihydroxy	28
66424|Streptomyces hiroshimensis	C26_dihydroxy	2
66424|Streptomyces hiroshimensis	C27_pentahydroxy	16
66424|Streptomyces hiroshimensis	C28_alcohol_2OH	0
66424|Streptomyces hiroshimensis	C28_alcohol_3OH	0
66429|Streptomyces roseoverticillatus	C28_alcohol_2OH	0
66430|Streptomyces roseus	C28_alcohol_3OH	0
66433|Madoqua guentheri	C24_alkamine_trihydroxy	1
66433|Madoqua guentheri	C24_alkamine_pentahydroxy	1
66433|Madoqua guentheri	C24_dihydroxy	17
66433|Madoqua guentheri	C24_monohydroxy	1
66433|Madoqua guentheri	C24_tetrahydroxy	7
66433|Madoqua guentheri	C24_trihydroxy	18
66433|Madoqua guentheri	C27_dihydroxy	2
66433|Madoqua guentheri	C27_monohydroxy	2
66434|Madoqua kirkii	C24_alkamine_trihydroxy	2
66434|Madoqua kirkii	C24_alkamine_pentahydroxy	1
66434|Madoqua kirkii	C24_dihydroxy	19
66434|Madoqua kirkii	C24_tetrahydroxy	10
66434|Madoqua kirkii	C24_trihydroxy	14
66434|Madoqua kirkii	C27_dihydroxy	7
66434|Madoqua kirkii	C27_monohydroxy	5
66437|Tragelaphus angasii	C23_dihydroxy	2
66437|Tragelaphus angasii	C24_alkamine_trihydroxy	1
66437|Tragelaphus angasii	C24_dihydroxy	7
66437|Tragelaphus angasii	C24_tetrahydroxy	7
66437|Tragelaphus angasii	C24_trihydroxy	14
66437|Tragelaphus angasii	C27_dihydroxy	5
66437|Tragelaphus angasii	C27_monohydroxy	2
66437|Tragelaphus angasii	C27_tetrahydroxy	3
66437|Tragelaphus angasii	C27_trihydroxy	3
66442|Neotragus moschatus	C24_alkamine_trihydroxy	2
66442|Neotragus moschatus	C24_dihydroxy	15
66442|Neotragus moschatus	C24_tetrahydroxy	2
66442|Neotragus moschatus	C24_trihydroxy	16
66442|Neotragus moschatus	C27_dihydroxy	3
66442|Neotragus moschatus	C27_monohydroxy	1
66444|Oreotragus oreotragus	C24_alkamine_trihydroxy	6
66444|Oreotragus oreotragus	C24_alkamine_dihydroxy	1
66444|Oreotragus oreotragus	C24_alkamine_pentahydroxy	1
66444|Oreotragus oreotragus	C24_dihydroxy	35
66444|Oreotragus oreotragus	C24_monohydroxy	2
66444|Oreotragus oreotragus	C24_tetrahydroxy	12
66444|Oreotragus oreotragus	C24_trihydroxy	57
66444|Oreotragus oreotragus	C27_dihydroxy	2
66444|Oreotragus oreotragus	C27_monohydroxy	3
66446|Neotragus moschatus zuluensis	C24_dihydroxy	1
66446|Neotragus moschatus zuluensis	C24_tetrahydroxy	2
66446|Neotragus moschatus zuluensis	C24_trihydroxy	7
66446|Neotragus moschatus zuluensis	C27_dihydroxy	2
665944|Klebsiella sp. 4_1_44FAA	C24_alkamine_trihydroxy	6
665944|Klebsiella sp. 4_1_44FAA	C24_alkamine_dihydroxy	4
665944|Klebsiella sp. 4_1_44FAA	C24_dihydroxy	2
665944|Klebsiella sp. 4_1_44FAA	C24_trihydroxy	3
665953|Bacteroides eggerthii 1_2_48FAA	C24_alkamine_trihydroxy	29
665953|Bacteroides eggerthii 1_2_48FAA	C24_alkamine_dihydroxy	38
665953|Bacteroides eggerthii 1_2_48FAA	C24_trihydroxy	6
665954|Bacteroides ovatus 3_8_47FAA	C24_alkamine_trihydroxy	19
665954|Bacteroides ovatus 3_8_47FAA	C24_alkamine_dihydroxy	31
665954|Bacteroides ovatus 3_8_47FAA	C24_alkamine_tetrahydroxy	17
665954|Bacteroides ovatus 3_8_47FAA	C24_trihydroxy	2
66669|Tilia americana	C24_alkamine_pentahydroxy	16
66669|Tilia americana	C27_dihydroxy	1
66669|Tilia americana	C28_alcohol_3OH	0
66672|Bixa orellana	C28_alcohol_3OH	0
666|Vibrio cholerae	C28_alcohol_3OH	0
667015|Phocaeicola salanitronis DSM 18170	C24_alkamine_trihydroxy	6
667015|Phocaeicola salanitronis DSM 18170	C24_alkamine_dihydroxy	4
667015|Phocaeicola salanitronis DSM 18170	C24_dihydroxy	3
667015|Phocaeicola salanitronis DSM 18170	C24_trihydroxy	3
66707|Polioptila caerulea	C24_alkamine_trihydroxy	3
66707|Polioptila caerulea	C24_alkamine_dihydroxy	1
66707|Polioptila caerulea	C24_tetrahydroxy	5
66707|Polioptila caerulea	C24_trihydroxy	11
66707|Polioptila caerulea	C27_dihydroxy	4
66707|Polioptila caerulea	C27_monohydroxy	4
66707|Polioptila caerulea	C27_tetrahydroxy	1
66707|Polioptila caerulea	C27_trihydroxy	1
667144|Chloropsis hardwickii	C24_dihydroxy	2
667144|Chloropsis hardwickii	C24_trihydroxy	3
667144|Chloropsis hardwickii	C27_dihydroxy	1
667144|Chloropsis hardwickii	C27_tetrahydroxy	1
667144|Chloropsis hardwickii	C27_trihydroxy	1
668333|Uromastyx thomasi	C24_dihydroxy	4
668333|Uromastyx thomasi	C24_trihydroxy	3
668333|Uromastyx thomasi	C27_tetrahydroxy	2
668333|Uromastyx thomasi	C27_trihydroxy	2
66860|Streptomyces thermoviolaceus subsp. thermoviolaceus	C27_monohydroxy	2
66860|Streptomyces thermoviolaceus subsp. thermoviolaceus	C28_alcohol_3OH	0
66866|Streptomyces albofaciens	C24_alkamine_dihydroxy	4
66866|Streptomyces albofaciens	C28_alcohol_3OH	0
66867|Streptomyces albovinaceus	C28_alcohol_3OH	0
66869|Streptomyces atroolivaceus	C23_pentahydroxy	2
66869|Streptomyces atroolivaceus	C24_pentahydroxy	6
66869|Streptomyces atroolivaceus	C28_alcohol_3OH	0
66870|Streptomyces aurantiogriseus	C28_alcohol_3OH	0
66875|Streptomyces catenulae	C24_alkamine_dihydroxy	24
66875|Streptomyces catenulae	C24_alkamine_monohydroxy	12
66875|Streptomyces catenulae	C24_alkamine_tetrahydroxy	10
66875|Streptomyces catenulae	C24_monohydroxy	2
66875|Streptomyces catenulae	C24_nonhydroxy	2
66875|Streptomyces catenulae	C24_trihydroxy	2
66875|Streptomyces catenulae	C28_alcohol_2OH	0
66875|Streptomyces catenulae	C28_alcohol_3OH	0
66876|Streptomyces chattanoogensis	C23_pentahydroxy	6
66876|Streptomyces chattanoogensis	C24_alkamine_dihydroxy	6
66876|Streptomyces chattanoogensis	C24_alkamine_pentahydroxy	2
66876|Streptomyces chattanoogensis	C24_alkamine_tetrahydroxy	2
66876|Streptomyces chattanoogensis	C24_tetrahydroxy	4
66876|Streptomyces chattanoogensis	C27_dihydroxy	4
66876|Streptomyces chattanoogensis	C27_monohydroxy	14
66876|Streptomyces chattanoogensis	C28_alcohol_2OH	0
66876|Streptomyces chattanoogensis	C28_alcohol_3OH	0
66883|Streptomyces cyaneofuscatus	C23_pentahydroxy	2
66883|Streptomyces cyaneofuscatus	C28_alcohol_3OH	0
66885|Streptomyces daghestanicus	C28_alcohol_3OH	0
66886|Streptomyces fasiculatus	C24_alkamine_trihydroxy	21
66886|Streptomyces fasiculatus	C24_alkamine_dihydroxy	1
66886|Streptomyces fasiculatus	C24_alkamine_tetrahydroxy	21
66886|Streptomyces fasiculatus	C24_tetrahydroxy	1
66886|Streptomyces fasiculatus	C24_trihydroxy	4
66886|Streptomyces fasiculatus	C27_pentahydroxy	1
66886|Streptomyces fasiculatus	C28_alcohol_3OH	0
66887|Streptomyces filipinensis	C23_pentahydroxy	16
66887|Streptomyces filipinensis	C24_alkamine_pentahydroxy	22
66887|Streptomyces filipinensis	C24_pentahydroxy	8
66887|Streptomyces filipinensis	C26_dihydroxy	2
66887|Streptomyces filipinensis	C27_tetrahydroxy	2
66887|Streptomyces filipinensis	C27_trihydroxy	2
66887|Streptomyces filipinensis	C28_alcohol_2OH	0
66887|Streptomyces filipinensis	C28_alcohol_3OH	0
66891|Streptomyces fulvoviridis	C24_monohydroxy	4
66891|Streptomyces fulvoviridis	C28_alcohol_3OH	0
66895|Streptomyces griseomycini	C28_alcohol_3OH	0
66897|Streptomyces griseorubens	C24_alkamine_trihydroxy	7
66897|Streptomyces griseorubens	C24_alkamine_dihydroxy	10
66897|Streptomyces griseorubens	C24_alkamine_tetrahydroxy	3
66897|Streptomyces griseorubens	C24_dihydroxy	4
66897|Streptomyces griseorubens	C24_nonhydroxy	2
66897|Streptomyces griseorubens	C24_pentahydroxy	2
66897|Streptomyces griseorubens	C24_tetrahydroxy	2
66897|Streptomyces griseorubens	C24_trihydroxy	2
66897|Streptomyces griseorubens	C27_monohydroxy	1
66897|Streptomyces griseorubens	C28_alcohol_3OH	0
66900|Streptomyces lanatus	C28_alcohol_2OH	0
66904|Streptomyces roseolilacinus	C24_nonhydroxy	8
66904|Streptomyces roseolilacinus	C28_alcohol_3OH	0
66905|Streptomyces thermophilus	C28_alcohol_3OH	0
66913|Ictalurus furcatus	C24_alkamine_tetrahydroxy	2
66913|Ictalurus furcatus	C24_dihydroxy	3
66913|Ictalurus furcatus	C24_tetrahydroxy	1
66913|Ictalurus furcatus	C24_trihydroxy	8
66913|Ictalurus furcatus	C27_dihydroxy	1
66913|Ictalurus furcatus	C27_monohydroxy	1
669713|Juniperus horizontalis	C23_tetrahydroxy	1
669713|Juniperus horizontalis	C24_alkamine_pentahydroxy	1
669713|Juniperus horizontalis	C24_alkamine_tetrahydroxy	2
669713|Juniperus horizontalis	C24_tetrahydroxy	35
669713|Juniperus horizontalis	C27_dihydroxy	2
669713|Juniperus horizontalis	C27_pentahydroxy	2
669713|Juniperus horizontalis	C28_alcohol_3OH	0
671526|Waltheria indica	C23_dihydroxy	20
671526|Waltheria indica	C23_pentahydroxy	2
671526|Waltheria indica	C23_trihydroxy	8
671526|Waltheria indica	C24_alkamine_trihydroxy	4
671526|Waltheria indica	C24_alkamine_tetrahydroxy	4
671526|Waltheria indica	C24_dihydroxy	8
671526|Waltheria indica	C24_trihydroxy	4
671526|Waltheria indica	C26_dihydroxy	2
671526|Waltheria indica	C27_monohydroxy	12
671526|Waltheria indica	C28_alcohol_2OH	0
67257|Streptomyces albus subsp. albus	C24_alkamine_trihydroxy	22
67257|Streptomyces albus subsp. albus	C24_alkamine_dihydroxy	16
67257|Streptomyces albus subsp. albus	C24_alkamine_pentahydroxy	10
67257|Streptomyces albus subsp. albus	C24_dihydroxy	8
67257|Streptomyces albus subsp. albus	C24_trihydroxy	6
67257|Streptomyces albus subsp. albus	C28_alcohol_2OH	0
67257|Streptomyces albus subsp. albus	C28_alcohol_3OH	0
67258|Streptomyces cavourensis	C23_pentahydroxy	2
67258|Streptomyces cavourensis	C24_alkamine_pentahydroxy	18
67258|Streptomyces cavourensis	C27_dihydroxy	2
67258|Streptomyces cavourensis	C27_monohydroxy	2
67258|Streptomyces cavourensis	C27_tetrahydroxy	4
67258|Streptomyces cavourensis	C27_trihydroxy	4
67258|Streptomyces cavourensis	C28_alcohol_2OH	0
67258|Streptomyces cavourensis	C28_alcohol_3OH	0
67259|Streptomyces cavourensis subsp. cavourensis	C24_alkamine_pentahydroxy	12
67259|Streptomyces cavourensis subsp. cavourensis	C28_alcohol_3OH	0
67260|Streptomyces cinereoruber	C24_trihydroxy	2
67263|Streptomyces griseus subsp. griseus	C23_pentahydroxy	6
67263|Streptomyces griseus subsp. griseus	C24_alkamine_trihydroxy	4
67263|Streptomyces griseus subsp. griseus	C24_alkamine_tetrahydroxy	4
67263|Streptomyces griseus subsp. griseus	C24_nonhydroxy	6
67263|Streptomyces griseus subsp. griseus	C24_pentahydroxy	19
67263|Streptomyces griseus subsp. griseus	C24_tetrahydroxy	9
67263|Streptomyces griseus subsp. griseus	C27_dihydroxy	2
67263|Streptomyces griseus subsp. griseus	C27_pentahydroxy	9
67263|Streptomyces griseus subsp. griseus	C28_alcohol_2OH	0
67263|Streptomyces griseus subsp. griseus	C28_alcohol_3OH	0
67266|Streptomyces albidus (ex (Duche 1934) Waksman 1953)	C28_alcohol_3OH	0
67269|Streptomyces alboviridis	C24_trihydroxy	2
67269|Streptomyces alboviridis	C28_alcohol_3OH	0
67274|Streptomyces argenteolus	C28_alcohol_3OH	0
67275|Streptomyces aureocirculatus	C28_alcohol_3OH	0
672774|Pseudopus apodus	C23_dihydroxy	2
672774|Pseudopus apodus	C24_alkamine_trihydroxy	2
672774|Pseudopus apodus	C24_alkamine_tetrahydroxy	1
672774|Pseudopus apodus	C24_dihydroxy	11
672774|Pseudopus apodus	C24_tetrahydroxy	4
672774|Pseudopus apodus	C24_trihydroxy	12
672774|Pseudopus apodus	C27_dihydroxy	1
672774|Pseudopus apodus	C27_pentahydroxy	4
672774|Pseudopus apodus	C27_tetrahydroxy	1
672774|Pseudopus apodus	C27_trihydroxy	1
67282|Streptomyces calvus	C24_alkamine_trihydroxy	2
67282|Streptomyces calvus	C24_monohydroxy	2
67282|Streptomyces calvus	C24_nonhydroxy	6
67282|Streptomyces calvus	C24_pentahydroxy	2
67282|Streptomyces calvus	C24_trihydroxy	2
67282|Streptomyces calvus	C26_dihydroxy	2
67282|Streptomyces calvus	C28_alcohol_2OH	0
67282|Streptomyces calvus	C28_alcohol_3OH	0
67285|Streptomyces cellostaticus	C23_pentahydroxy	18
67285|Streptomyces cellostaticus	C24_pentahydroxy	14
67285|Streptomyces cellostaticus	C24_tetrahydroxy	10
67285|Streptomyces cellostaticus	C27_pentahydroxy	6
67285|Streptomyces cellostaticus	C28_alcohol_3OH	0
67293|Streptomyces echinatus	C28_alcohol_3OH	0
67294|Streptomyces filamentosus	C23_pentahydroxy	16
67294|Streptomyces filamentosus	C24_alkamine_dihydroxy	4
67294|Streptomyces filamentosus	C24_alkamine_pentahydroxy	2
67294|Streptomyces filamentosus	C24_alkamine_tetrahydroxy	2
67294|Streptomyces filamentosus	C24_dihydroxy	16
67294|Streptomyces filamentosus	C24_pentahydroxy	2
67294|Streptomyces filamentosus	C24_tetrahydroxy	12
67294|Streptomyces filamentosus	C24_trihydroxy	36
67294|Streptomyces filamentosus	C27_monohydroxy	2
67294|Streptomyces filamentosus	C27_pentahydroxy	12
67294|Streptomyces filamentosus	C27_tetrahydroxy	8
67294|Streptomyces filamentosus	C27_trihydroxy	8
67294|Streptomyces filamentosus	C28_alcohol_3OH	0
67296|Streptomyces finlayi	C23_pentahydroxy	200
67296|Streptomyces finlayi	C24_alkamine_pentahydroxy	12
67296|Streptomyces finlayi	C24_alkamine_tetrahydroxy	12
67296|Streptomyces finlayi	C24_pentahydroxy	36
67296|Streptomyces finlayi	C24_tetrahydroxy	16
67296|Streptomyces finlayi	C24_trihydroxy	4
67296|Streptomyces finlayi	C28_alcohol_2OH	0
67296|Streptomyces finlayi	C28_alcohol_3OH	0
67297|Streptomyces flaveolus	C28_alcohol_3OH	0
67303|Streptomyces griseoloalbus	C28_alcohol_3OH	0
67304|Streptomyces griseorubiginosus	C28_alcohol_2OH	0
67304|Streptomyces griseorubiginosus	C28_alcohol_3OH	0
67305|Streptomyces hawaiiensis	C24_alkamine_pentahydroxy	4
67305|Streptomyces hawaiiensis	C28_alcohol_3OH	0
67312|Streptomyces kurssanovii	C28_alcohol_3OH	0
67314|Streptomyces lavendofoliae	C28_alcohol_3OH	0
67315|Streptomyces lavenduligriseus	C24_alkamine_trihydroxy	6
67315|Streptomyces lavenduligriseus	C27_monohydroxy	2
67315|Streptomyces lavenduligriseus	C28_alcohol_2OH	0
67315|Streptomyces lavenduligriseus	C28_alcohol_3OH	0
67319|Streptomyces lucensis	C23_pentahydroxy	6
67319|Streptomyces lucensis	C28_alcohol_3OH	0
67322|Streptomyces malachitofuscus	C24_pentahydroxy	2
67322|Streptomyces malachitofuscus	C28_alcohol_3OH	0
67332|Streptomyces mutabilis	C28_alcohol_3OH	0
673351|Sus barbatus barbatus	C23_dihydroxy	2
673351|Sus barbatus barbatus	C23_trihydroxy	2
673351|Sus barbatus barbatus	C24_alkamine_trihydroxy	3
673351|Sus barbatus barbatus	C24_alkamine_tetrahydroxy	3
673351|Sus barbatus barbatus	C24_dihydroxy	25
673351|Sus barbatus barbatus	C24_monohydroxy	1
673351|Sus barbatus barbatus	C24_tetrahydroxy	5
673351|Sus barbatus barbatus	C24_trihydroxy	26
673351|Sus barbatus barbatus	C27_monohydroxy	1
67350|Streptomyces pseudovenezuelae	C24_alkamine_pentahydroxy	4
67350|Streptomyces pseudovenezuelae	C24_pentahydroxy	33
67350|Streptomyces pseudovenezuelae	C24_trihydroxy	1
67350|Streptomyces pseudovenezuelae	C28_alcohol_3OH	0
67351|Streptomyces californicus	C28_alcohol_3OH	0
67352|Kitasatospora purpeofusca	C24_alkamine_trihydroxy	2
67352|Kitasatospora purpeofusca	C24_monohydroxy	2
67352|Kitasatospora purpeofusca	C28_alcohol_2OH	0
67352|Kitasatospora purpeofusca	C28_alcohol_3OH	0
67365|Streptomyces sparsogenes	C23_pentahydroxy	10
67365|Streptomyces sparsogenes	C24_alkamine_tetrahydroxy	58
67365|Streptomyces sparsogenes	C27_tetrahydroxy	10
67365|Streptomyces sparsogenes	C27_trihydroxy	10
67365|Streptomyces sparsogenes	C28_alcohol_2OH	0
67365|Streptomyces sparsogenes	C28_alcohol_3OH	0
67369|Streptomyces toxytricini	C24_dihydroxy	6
67369|Streptomyces toxytricini	C24_monohydroxy	8
67369|Streptomyces toxytricini	C28_alcohol_3OH	0
67370|Streptomyces umbrinus	C24_alkamine_trihydroxy	2
67370|Streptomyces umbrinus	C24_alkamine_pentahydroxy	2
67370|Streptomyces umbrinus	C24_dihydroxy	4
67370|Streptomyces umbrinus	C28_alcohol_3OH	0
67381|Streptomyces violascens	C24_alkamine_trihydroxy	7
67381|Streptomyces violascens	C24_alkamine_tetrahydroxy	3
673854|Dasyatis pastinaca	C23_trihydroxy	1
673854|Dasyatis pastinaca	C24_dihydroxy	2
673854|Dasyatis pastinaca	C24_trihydroxy	1
673854|Dasyatis pastinaca	C27_dihydroxy	7
673854|Dasyatis pastinaca	C27_monohydroxy	4
67385|Streptomyces xanthophaeus	C28_alcohol_3OH	0
674529|Bacteroides faecis	C24_alkamine_trihydroxy	21
674529|Bacteroides faecis	C24_alkamine_dihydroxy	81
674529|Bacteroides faecis	C24_alkamine_monohydroxy	1
674529|Bacteroides faecis	C24_alkamine_pentahydroxy	2
674529|Bacteroides faecis	C24_alkamine_tetrahydroxy	24
674529|Bacteroides faecis	C28_alcohol_2OH	0
674529|Bacteroides faecis	C28_alcohol_3OH	0
67558|Semotilus atromaculatus	C24_trihydroxy	1
67581|Streptomyces viridosporus	C23_pentahydroxy	48
67581|Streptomyces viridosporus	C23_trihydroxy	2
67581|Streptomyces viridosporus	C24_alkamine_pentahydroxy	4
67581|Streptomyces viridosporus	C24_pentahydroxy	2
67581|Streptomyces viridosporus	C28_alcohol_3OH	0
67723|Amanita phalloides	C24_tetrahydroxy	2
679189|Hoylesella timonensis CRIS 5C-B1	C24_alkamine_trihydroxy	29
679189|Hoylesella timonensis CRIS 5C-B1	C24_alkamine_dihydroxy	36
679189|Hoylesella timonensis CRIS 5C-B1	C24_dihydroxy	5
679189|Hoylesella timonensis CRIS 5C-B1	C24_trihydroxy	7
679191|Prevotella amnii CRIS 21A-A	C24_alkamine_trihydroxy	24
679191|Prevotella amnii CRIS 21A-A	C24_alkamine_dihydroxy	35
679191|Prevotella amnii CRIS 21A-A	C24_dihydroxy	3
679191|Prevotella amnii CRIS 21A-A	C24_trihydroxy	4
679193|Cutibacterium acnes SK182	C24_alkamine_trihydroxy	21
679193|Cutibacterium acnes SK182	C24_alkamine_dihydroxy	37
679193|Cutibacterium acnes SK182	C24_dihydroxy	3
679193|Cutibacterium acnes SK182	C24_trihydroxy	7
679198|Aggregatibacter aphrophilus F0387	C24_alkamine_trihydroxy	1
679198|Aggregatibacter aphrophilus F0387	C24_trihydroxy	1
679204|Escherichia coli MS 145-7	C24_dihydroxy	1
679204|Escherichia coli MS 145-7	C24_trihydroxy	1
67940|Nanger dama	C24_alkamine_trihydroxy	1
67940|Nanger dama	C24_alkamine_pentahydroxy	2
67940|Nanger dama	C24_dihydroxy	57
67940|Nanger dama	C24_monohydroxy	1
67940|Nanger dama	C24_pentahydroxy	1
67940|Nanger dama	C24_tetrahydroxy	16
67940|Nanger dama	C24_trihydroxy	41
67940|Nanger dama	C27_dihydroxy	8
67940|Nanger dama	C27_monohydroxy	15
679935|Alistipes finegoldii DSM 17242	C24_alkamine_trihydroxy	6
679935|Alistipes finegoldii DSM 17242	C24_trihydroxy	2
679935|Alistipes finegoldii DSM 17242	C28_alcohol_2OH	0
680198|Streptomyces scabiei 87.22	C24_alkamine_trihydroxy	1
680198|Streptomyces scabiei 87.22	C24_alkamine_dihydroxy	4
680198|Streptomyces scabiei 87.22	C24_alkamine_tetrahydroxy	1
680198|Streptomyces scabiei 87.22	C27_monohydroxy	2
680198|Streptomyces scabiei 87.22	C27_tetrahydroxy	1
680198|Streptomyces scabiei 87.22	C27_trihydroxy	1
680198|Streptomyces scabiei 87.22	C28_alcohol_2OH	0
680198|Streptomyces scabiei 87.22	C28_alcohol_3OH	0
68042|Streptomyces hygroscopicus subsp. hygroscopicus	C23_pentahydroxy	4
68042|Streptomyces hygroscopicus subsp. hygroscopicus	C24_alkamine_trihydroxy	2
68042|Streptomyces hygroscopicus subsp. hygroscopicus	C24_alkamine_dihydroxy	10
68042|Streptomyces hygroscopicus subsp. hygroscopicus	C24_dihydroxy	2
68042|Streptomyces hygroscopicus subsp. hygroscopicus	C24_monohydroxy	4
68042|Streptomyces hygroscopicus subsp. hygroscopicus	C24_nonhydroxy	2
68042|Streptomyces hygroscopicus subsp. hygroscopicus	C24_tetrahydroxy	2
68042|Streptomyces hygroscopicus subsp. hygroscopicus	C26_dihydroxy	10
68042|Streptomyces hygroscopicus subsp. hygroscopicus	C27_dihydroxy	6
68042|Streptomyces hygroscopicus subsp. hygroscopicus	C27_monohydroxy	8
68042|Streptomyces hygroscopicus subsp. hygroscopicus	C28_alcohol_2OH	0
68042|Streptomyces hygroscopicus subsp. hygroscopicus	C28_alcohol_3OH	0
68043|Streptomyces libani	C23_pentahydroxy	2
68043|Streptomyces libani	C24_alkamine_dihydroxy	2
68043|Streptomyces libani	C24_alkamine_tetrahydroxy	2
68043|Streptomyces libani	C24_dihydroxy	4
68043|Streptomyces libani	C24_pentahydroxy	12
68043|Streptomyces libani	C24_trihydroxy	2
68043|Streptomyces libani	C27_pentahydroxy	8
68043|Streptomyces libani	C28_alcohol_2OH	0
68043|Streptomyces libani	C28_alcohol_3OH	0
681183|Astrapia mayeri	C24_alkamine_tetrahydroxy	2
681183|Astrapia mayeri	C24_dihydroxy	10
681183|Astrapia mayeri	C24_monohydroxy	2
681183|Astrapia mayeri	C24_tetrahydroxy	9
681183|Astrapia mayeri	C24_trihydroxy	12
681183|Astrapia mayeri	C27_dihydroxy	4
681183|Astrapia mayeri	C27_monohydroxy	4
681183|Astrapia mayeri	C27_tetrahydroxy	2
681183|Astrapia mayeri	C27_trihydroxy	2
681479|Protium costaricense	C24_monohydroxy	2
681479|Protium costaricense	C24_nonhydroxy	6
68170|Lentzea aerocolonigenes	C23_pentahydroxy	2
68170|Lentzea aerocolonigenes	C24_tetrahydroxy	4
68170|Lentzea aerocolonigenes	C28_alcohol_3OH	0
68174|Streptomyces anthocyanicus	C24_pentahydroxy	4
68174|Streptomyces anthocyanicus	C27_monohydroxy	2
68175|Streptomyces antimycoticus	C24_alkamine_dihydroxy	4
68175|Streptomyces antimycoticus	C24_alkamine_monohydroxy	2
68175|Streptomyces antimycoticus	C24_monohydroxy	2
68175|Streptomyces antimycoticus	C24_nonhydroxy	6
68175|Streptomyces antimycoticus	C24_pentahydroxy	2
68175|Streptomyces antimycoticus	C26_dihydroxy	2
68175|Streptomyces antimycoticus	C27_monohydroxy	14
68175|Streptomyces antimycoticus	C27_tetrahydroxy	2
68175|Streptomyces antimycoticus	C27_trihydroxy	2
68175|Streptomyces antimycoticus	C28_alcohol_2OH	0
68175|Streptomyces antimycoticus	C28_alcohol_3OH	0
68179|Streptomyces bacillaris	C28_alcohol_3OH	0
68180|Streptomyces blastmyceticus	C24_dihydroxy	4
68180|Streptomyces blastmyceticus	C24_monohydroxy	6
68180|Streptomyces blastmyceticus	C28_alcohol_3OH	0
68181|Streptomyces caesius	C24_dihydroxy	2
68181|Streptomyces caesius	C24_monohydroxy	2
68181|Streptomyces caesius	C28_alcohol_3OH	0
68182|Streptomyces capillispiralis	C28_alcohol_3OH	0
68186|Streptomyces chryseus	C28_alcohol_2OH	0
68186|Streptomyces chryseus	C28_alcohol_3OH	0
68187|Streptomyces cirratus	C28_alcohol_3OH	0
68188|Streptomyces clavifer	C28_alcohol_3OH	0
68194|Streptomyces durhamensis	C23_pentahydroxy	4
68194|Streptomyces durhamensis	C24_tetrahydroxy	10
68194|Streptomyces durhamensis	C24_trihydroxy	24
68194|Streptomyces durhamensis	C28_alcohol_3OH	0
68195|Streptomyces ehimensis	C24_alkamine_trihydroxy	2
68195|Streptomyces ehimensis	C24_trihydroxy	2
68195|Streptomyces ehimensis	C28_alcohol_3OH	0
68200|Streptomyces flavofungini	C28_alcohol_3OH	0
68204|Streptomyces gancidicus	C23_pentahydroxy	2
68204|Streptomyces gancidicus	C24_dihydroxy	42
68204|Streptomyces gancidicus	C24_trihydroxy	4
68204|Streptomyces gancidicus	C27_pentahydroxy	2
68204|Streptomyces gancidicus	C28_alcohol_3OH	0
68213|Streptomyces griseoaurantiacus	C28_alcohol_2OH	0
68213|Streptomyces griseoaurantiacus	C28_alcohol_3OH	0
68214|Streptomyces griseochromogenes	C24_pentahydroxy	2
68214|Streptomyces griseochromogenes	C28_alcohol_3OH	0
68217|Kitasatospora herbaricolor	C23_trihydroxy	2
68217|Kitasatospora herbaricolor	C24_alkamine_dihydroxy	2
68217|Kitasatospora herbaricolor	C28_alcohol_3OH	0
68219|Streptomyces iakyrus	C28_alcohol_3OH	0
68221|Streptomyces inusitatus	C23_pentahydroxy	20
68223|Streptomyces katrae	C23_pentahydroxy	22
68223|Streptomyces katrae	C24_pentahydroxy	2
68223|Streptomyces katrae	C24_tetrahydroxy	12
68223|Streptomyces katrae	C24_trihydroxy	40
68223|Streptomyces katrae	C27_pentahydroxy	2
68223|Streptomyces katrae	C28_alcohol_3OH	0
68228|Streptomyces lilacinus	C28_alcohol_2OH	0
68228|Streptomyces lilacinus	C28_alcohol_3OH	0
68233|Streptomyces luteogriseus	C28_alcohol_3OH	0
68236|Streptomyces macrosporeus	C28_alcohol_3OH	0
68237|Streptomyces mediolani	C23_pentahydroxy	2
68237|Streptomyces mediolani	C24_alkamine_trihydroxy	4
68237|Streptomyces mediolani	C24_alkamine_dihydroxy	2
68237|Streptomyces mediolani	C24_alkamine_pentahydroxy	2
68237|Streptomyces mediolani	C24_pentahydroxy	6
68237|Streptomyces mediolani	C28_alcohol_2OH	0
68237|Streptomyces mediolani	C28_alcohol_3OH	0
68238|Streptomyces minutiscleroticus	C24_alkamine_trihydroxy	7
68238|Streptomyces minutiscleroticus	C24_dihydroxy	1
68238|Streptomyces minutiscleroticus	C24_trihydroxy	2
68239|Streptomyces mirabilis	C28_alcohol_3OH	0
68250|Streptomyces pallidus	C28_alcohol_3OH	0
68253|Streptomyces peruviensis	C28_alcohol_3OH	0
68254|Streptomyces phaeofaciens	C24_alkamine_trihydroxy	2
68254|Streptomyces phaeofaciens	C28_alcohol_3OH	0
68267|Streptomyces saraceticus	C28_alcohol_3OH	0
68270|Streptomyces spectabilis	C23_pentahydroxy	10
68270|Streptomyces spectabilis	C24_alkamine_pentahydroxy	8
68270|Streptomyces spectabilis	C24_alkamine_tetrahydroxy	42
68270|Streptomyces spectabilis	C24_dihydroxy	2
68270|Streptomyces spectabilis	C27_tetrahydroxy	2
68270|Streptomyces spectabilis	C27_trihydroxy	2
68270|Streptomyces spectabilis	C28_alcohol_2OH	0
68270|Streptomyces spectabilis	C28_alcohol_3OH	0
68277|Streptomyces tricolor	C24_pentahydroxy	2
68277|Streptomyces tricolor	C28_alcohol_3OH	0
68415|Moschus moschiferus	C24_alkamine_trihydroxy	3
68415|Moschus moschiferus	C24_alkamine_pentahydroxy	1
68415|Moschus moschiferus	C24_dihydroxy	26
68415|Moschus moschiferus	C24_pentahydroxy	1
68415|Moschus moschiferus	C24_tetrahydroxy	12
68415|Moschus moschiferus	C24_trihydroxy	41
68415|Moschus moschiferus	C27_dihydroxy	2
68415|Moschus moschiferus	C27_monohydroxy	2
68455|Crocodylus siamensis	C24_dihydroxy	1
68455|Crocodylus siamensis	C24_monohydroxy	1
68455|Crocodylus siamensis	C24_trihydroxy	4
68455|Crocodylus siamensis	C27_dihydroxy	5
68455|Crocodylus siamensis	C27_monohydroxy	2
68455|Crocodylus siamensis	C27_tetrahydroxy	10
68455|Crocodylus siamensis	C27_trihydroxy	5
68455|Crocodylus siamensis	C28_alcohol_2OH	0
686309|Micromonospora haikouensis	C24_monohydroxy	3
68725|Canis mesomelas	C24_dihydroxy	4
68725|Canis mesomelas	C24_tetrahydroxy	3
68725|Canis mesomelas	C24_trihydroxy	9
68725|Canis mesomelas	C27_dihydroxy	4
68725|Canis mesomelas	C27_monohydroxy	1
68728|Chrysocyon brachyurus	C24_alkamine_trihydroxy	2
68728|Chrysocyon brachyurus	C24_alkamine_pentahydroxy	2
68728|Chrysocyon brachyurus	C24_dihydroxy	12
68728|Chrysocyon brachyurus	C24_pentahydroxy	1
68728|Chrysocyon brachyurus	C24_tetrahydroxy	4
68728|Chrysocyon brachyurus	C24_trihydroxy	10
68728|Chrysocyon brachyurus	C27_monohydroxy	1
68728|Chrysocyon brachyurus	C27_pentahydroxy	1
68730|Cuon alpinus	C24_dihydroxy	7
68730|Cuon alpinus	C24_pentahydroxy	1
68730|Cuon alpinus	C24_tetrahydroxy	6
68730|Cuon alpinus	C24_trihydroxy	8
68730|Cuon alpinus	C27_dihydroxy	3
68730|Cuon alpinus	C27_monohydroxy	2
68732|Vulpes zerda	C24_alkamine_trihydroxy	1
68732|Vulpes zerda	C24_dihydroxy	7
68732|Vulpes zerda	C24_tetrahydroxy	1
68732|Vulpes zerda	C24_trihydroxy	12
68732|Vulpes zerda	C27_dihydroxy	2
68732|Vulpes zerda	C27_monohydroxy	2
68732|Vulpes zerda	C27_tetrahydroxy	3
68732|Vulpes zerda	C27_trihydroxy	3
68739|Lycalopex sechurae	C24_alkamine_trihydroxy	2
68739|Lycalopex sechurae	C24_alkamine_pentahydroxy	1
68739|Lycalopex sechurae	C24_dihydroxy	6
68739|Lycalopex sechurae	C24_tetrahydroxy	8
68739|Lycalopex sechurae	C24_trihydroxy	9
68741|Speothos venaticus	C24_alkamine_pentahydroxy	1
68741|Speothos venaticus	C24_dihydroxy	3
68741|Speothos venaticus	C24_tetrahydroxy	5
68741|Speothos venaticus	C24_trihydroxy	10
68741|Speothos venaticus	C27_dihydroxy	1
68741|Speothos venaticus	C27_monohydroxy	1
68741|Speothos venaticus	C27_tetrahydroxy	1
68741|Speothos venaticus	C27_trihydroxy	1
68898|Streptomyces echinoruber	C23_pentahydroxy	2
68898|Streptomyces echinoruber	C27_monohydroxy	2
68898|Streptomyces echinoruber	C27_tetrahydroxy	2
68898|Streptomyces echinoruber	C27_trihydroxy	2
68898|Streptomyces echinoruber	C28_alcohol_2OH	0
68898|Streptomyces echinoruber	C28_alcohol_3OH	0
69111|Adansonia grandidieri	C23_dihydroxy	2
69111|Adansonia grandidieri	C28_alcohol_3OH	0
691689|Lutibacter flavus	C28_alcohol_3OH	0
69259|Bettongia penicillata	C24_alkamine_trihydroxy	6
69259|Bettongia penicillata	C24_alkamine_pentahydroxy	1
69259|Bettongia penicillata	C24_dihydroxy	6
69259|Bettongia penicillata	C24_monohydroxy	2
69259|Bettongia penicillata	C24_pentahydroxy	1
69259|Bettongia penicillata	C24_tetrahydroxy	4
69259|Bettongia penicillata	C24_trihydroxy	10
69259|Bettongia penicillata	C27_dihydroxy	1
69259|Bettongia penicillata	C27_monohydroxy	1
69259|Bettongia penicillata	C27_tetrahydroxy	1
69259|Bettongia penicillata	C27_trihydroxy	1
69260|Dendrolagus goodfellowi	C24_alkamine_trihydroxy	2
69260|Dendrolagus goodfellowi	C24_dihydroxy	9
69260|Dendrolagus goodfellowi	C24_pentahydroxy	1
69260|Dendrolagus goodfellowi	C24_tetrahydroxy	3
69260|Dendrolagus goodfellowi	C24_trihydroxy	10
69260|Dendrolagus goodfellowi	C27_dihydroxy	3
69260|Dendrolagus goodfellowi	C27_monohydroxy	3
69260|Dendrolagus goodfellowi	C27_tetrahydroxy	1
69260|Dendrolagus goodfellowi	C27_trihydroxy	1
69267|Dorcopsis	C24_dihydroxy	6
69267|Dorcopsis	C24_tetrahydroxy	1
69267|Dorcopsis	C24_trihydroxy	4
69267|Dorcopsis	C27_dihydroxy	1
69267|Dorcopsis	C27_monohydroxy	2
69297|Tragelaphus eurycerus	C24_alkamine_trihydroxy	1
69297|Tragelaphus eurycerus	C24_dihydroxy	13
69297|Tragelaphus eurycerus	C24_tetrahydroxy	2
69297|Tragelaphus eurycerus	C24_trihydroxy	28
69297|Tragelaphus eurycerus	C27_dihydroxy	3
69297|Tragelaphus eurycerus	C27_monohydroxy	3
69298|Tragelaphus spekii	C24_alkamine_trihydroxy	15
69298|Tragelaphus spekii	C24_alkamine_dihydroxy	6
69298|Tragelaphus spekii	C24_alkamine_tetrahydroxy	1
69298|Tragelaphus spekii	C24_dihydroxy	34
69298|Tragelaphus spekii	C24_tetrahydroxy	21
69298|Tragelaphus spekii	C24_trihydroxy	64
69298|Tragelaphus spekii	C27_dihydroxy	1
69298|Tragelaphus spekii	C27_monohydroxy	4
69301|Gazella cuvieri	C24_alkamine_trihydroxy	2
69301|Gazella cuvieri	C24_alkamine_pentahydroxy	1
69301|Gazella cuvieri	C24_dihydroxy	25
69301|Gazella cuvieri	C24_monohydroxy	3
69301|Gazella cuvieri	C24_tetrahydroxy	6
69301|Gazella cuvieri	C24_trihydroxy	22
69301|Gazella cuvieri	C27_dihydroxy	7
69301|Gazella cuvieri	C27_monohydroxy	6
69303|Gazella leptoceros	C24_alkamine_trihydroxy	1
69303|Gazella leptoceros	C24_dihydroxy	16
69303|Gazella leptoceros	C24_pentahydroxy	1
69303|Gazella leptoceros	C24_tetrahydroxy	3
69303|Gazella leptoceros	C24_trihydroxy	10
69303|Gazella leptoceros	C27_dihydroxy	4
69303|Gazella leptoceros	C27_monohydroxy	6
69304|Eudorcas rufifrons	C24_alkamine_trihydroxy	1
69304|Eudorcas rufifrons	C24_alkamine_pentahydroxy	1
69304|Eudorcas rufifrons	C24_dihydroxy	16
69304|Eudorcas rufifrons	C24_pentahydroxy	1
69304|Eudorcas rufifrons	C24_tetrahydroxy	7
69304|Eudorcas rufifrons	C24_trihydroxy	12
69304|Eudorcas rufifrons	C27_dihydroxy	4
69304|Eudorcas rufifrons	C27_monohydroxy	5
69306|Nanger soemmerringii	C24_alkamine_trihydroxy	1
69306|Nanger soemmerringii	C24_dihydroxy	16
69306|Nanger soemmerringii	C24_pentahydroxy	1
69306|Nanger soemmerringii	C24_tetrahydroxy	6
69306|Nanger soemmerringii	C24_trihydroxy	10
69306|Nanger soemmerringii	C27_dihydroxy	2
69306|Nanger soemmerringii	C27_monohydroxy	5
69306|Nanger soemmerringii	C28_alcohol_3OH	0
69308|Eudorcas thomsonii	C24_alkamine_pentahydroxy	1
69308|Eudorcas thomsonii	C24_dihydroxy	24
69308|Eudorcas thomsonii	C24_monohydroxy	2
69308|Eudorcas thomsonii	C24_pentahydroxy	1
69308|Eudorcas thomsonii	C24_tetrahydroxy	9
69308|Eudorcas thomsonii	C24_trihydroxy	25
69308|Eudorcas thomsonii	C27_dihydroxy	4
69308|Eudorcas thomsonii	C27_monohydroxy	4
69311|Litocranius walleri	C24_alkamine_trihydroxy	2
69311|Litocranius walleri	C24_alkamine_dihydroxy	1
69311|Litocranius walleri	C24_alkamine_pentahydroxy	1
69311|Litocranius walleri	C24_dihydroxy	12
69311|Litocranius walleri	C24_tetrahydroxy	4
69311|Litocranius walleri	C24_trihydroxy	15
69311|Litocranius walleri	C27_dihydroxy	4
69311|Litocranius walleri	C27_monohydroxy	1
693219|Bankia setacea	C24_dihydroxy	4
693219|Bankia setacea	C24_monohydroxy	8
693219|Bankia setacea	C24_nonhydroxy	2
693219|Bankia setacea	C24_trihydroxy	2
693219|Bankia setacea	C27_monohydroxy	2
693219|Bankia setacea	C28_alcohol_2OH	0
693219|Bankia setacea	C28_alcohol_3OH	0
693459|Phycodurus eques	C24_alkamine_trihydroxy	3
693459|Phycodurus eques	C24_dihydroxy	2
693459|Phycodurus eques	C24_tetrahydroxy	4
693459|Phycodurus eques	C24_trihydroxy	15
693459|Phycodurus eques	C27_dihydroxy	1
69363|Microbacterium terregens	C24_dihydroxy	42
69363|Microbacterium terregens	C24_monohydroxy	2
69363|Microbacterium terregens	C24_tetrahydroxy	2
69363|Microbacterium terregens	C24_trihydroxy	14
69363|Microbacterium terregens	C28_alcohol_3OH	0
69392|Stenotrophomonas sp.	C24_alkamine_trihydroxy	2
693991|Fusobacterium polymorphum F0401	C24_alkamine_trihydroxy	30
693991|Fusobacterium polymorphum F0401	C24_alkamine_dihydroxy	34
693991|Fusobacterium polymorphum F0401	C24_dihydroxy	3
693991|Fusobacterium polymorphum F0401	C24_trihydroxy	8
69414|Peperomia obtusifolia	C24_alkamine_tetrahydroxy	1
69414|Peperomia obtusifolia	C26_dihydroxy	2
69414|Peperomia obtusifolia	C28_alcohol_3OH	0
697282|Methylobacter tundripaludum SV96	C28_alcohol_3OH	0
700664|Rouleina attrita	C23_dihydroxy	1
700664|Rouleina attrita	C24_alkamine_tetrahydroxy	1
700664|Rouleina attrita	C24_dihydroxy	2
700664|Rouleina attrita	C24_tetrahydroxy	3
700664|Rouleina attrita	C24_trihydroxy	17
700664|Rouleina attrita	C27_dihydroxy	5
700664|Rouleina attrita	C27_monohydroxy	7
702437|Selenomonas noxia F0398	C24_alkamine_trihydroxy	20
702437|Selenomonas noxia F0398	C24_alkamine_dihydroxy	32
702437|Selenomonas noxia F0398	C24_dihydroxy	1
702437|Selenomonas noxia F0398	C24_trihydroxy	7
702439|Prevotella nigrescens F0103	C24_alkamine_trihydroxy	23
702439|Prevotella nigrescens F0103	C24_alkamine_dihydroxy	31
702439|Prevotella nigrescens F0103	C24_dihydroxy	3
702439|Prevotella nigrescens F0103	C24_trihydroxy	8
704175|Phoeniconaias minor	C23_dihydroxy	15
704175|Phoeniconaias minor	C23_trihydroxy	2
704175|Phoeniconaias minor	C24_alkamine_trihydroxy	20
704175|Phoeniconaias minor	C24_alkamine_dihydroxy	10
704175|Phoeniconaias minor	C24_alkamine_pentahydroxy	11
704175|Phoeniconaias minor	C24_alkamine_tetrahydroxy	6
704175|Phoeniconaias minor	C24_dihydroxy	109
704175|Phoeniconaias minor	C24_monohydroxy	14
704175|Phoeniconaias minor	C24_tetrahydroxy	45
704175|Phoeniconaias minor	C24_trihydroxy	95
704175|Phoeniconaias minor	C27_dihydroxy	13
704175|Phoeniconaias minor	C27_monohydroxy	24
704175|Phoeniconaias minor	C27_tetrahydroxy	14
704175|Phoeniconaias minor	C27_trihydroxy	14
704175|Phoeniconaias minor	C28_alcohol_3OH	0
70775|Pseudomonas plecoglossicida	C24_alkamine_trihydroxy	35
70775|Pseudomonas plecoglossicida	C24_alkamine_dihydroxy	17
70775|Pseudomonas plecoglossicida	C24_alkamine_tetrahydroxy	7
70775|Pseudomonas plecoglossicida	C24_dihydroxy	9
70775|Pseudomonas plecoglossicida	C24_monohydroxy	3
70775|Pseudomonas plecoglossicida	C24_tetrahydroxy	1
70775|Pseudomonas plecoglossicida	C24_trihydroxy	3
709035|Masticophis flagellum testaceus	C23_trihydroxy	1
709035|Masticophis flagellum testaceus	C24_alkamine_trihydroxy	2
709035|Masticophis flagellum testaceus	C24_dihydroxy	15
709035|Masticophis flagellum testaceus	C24_pentahydroxy	4
709035|Masticophis flagellum testaceus	C24_tetrahydroxy	20
709035|Masticophis flagellum testaceus	C24_trihydroxy	48
709035|Masticophis flagellum testaceus	C27_dihydroxy	4
709035|Masticophis flagellum testaceus	C27_monohydroxy	2
709035|Masticophis flagellum testaceus	C27_tetrahydroxy	3
709035|Masticophis flagellum testaceus	C27_trihydroxy	3
70919|Sarcophyton glaucum	C23_pentahydroxy	7
70919|Sarcophyton glaucum	C24_alkamine_pentahydroxy	2
70919|Sarcophyton glaucum	C24_monohydroxy	4
70919|Sarcophyton glaucum	C24_pentahydroxy	26
70919|Sarcophyton glaucum	C24_tetrahydroxy	3
70919|Sarcophyton glaucum	C24_trihydroxy	5
7091|Bombyx mori	C27_monohydroxy	8
7091|Bombyx mori	C28_alcohol_3OH	0
709964|Heloderma suspectum suspectum	C24_alkamine_trihydroxy	2
709964|Heloderma suspectum suspectum	C24_dihydroxy	1
709964|Heloderma suspectum suspectum	C24_tetrahydroxy	1
709964|Heloderma suspectum suspectum	C24_trihydroxy	5
709964|Heloderma suspectum suspectum	C27_dihydroxy	4
709964|Heloderma suspectum suspectum	C27_monohydroxy	2
709964|Heloderma suspectum suspectum	C27_pentahydroxy	5
709964|Heloderma suspectum suspectum	C27_tetrahydroxy	2
709964|Heloderma suspectum suspectum	C27_trihydroxy	2
71006|Myrmecophaga tridactyla	C24_alkamine_trihydroxy	2
71006|Myrmecophaga tridactyla	C24_alkamine_dihydroxy	9
71006|Myrmecophaga tridactyla	C24_alkamine_monohydroxy	1
71006|Myrmecophaga tridactyla	C24_dihydroxy	13
71006|Myrmecophaga tridactyla	C24_monohydroxy	2
71006|Myrmecophaga tridactyla	C24_tetrahydroxy	1
71006|Myrmecophaga tridactyla	C24_trihydroxy	8
71006|Myrmecophaga tridactyla	C27_monohydroxy	3
71006|Myrmecophaga tridactyla	C28_alcohol_3OH	0
7102|Heliothis virescens	C23_dihydroxy	4
7102|Heliothis virescens	C24_alkamine_trihydroxy	1
7102|Heliothis virescens	C27_pentahydroxy	2
7102|Heliothis virescens	C28_alcohol_3OH	0
711330|Rena humilis	C24_alkamine_trihydroxy	1
711330|Rena humilis	C24_dihydroxy	3
711330|Rena humilis	C24_trihydroxy	2
711330|Rena humilis	C27_dihydroxy	1
711330|Rena humilis	C27_monohydroxy	1
714305|Sphyrna corona	C24_alkamine_trihydroxy	2
714305|Sphyrna corona	C24_alkamine_dihydroxy	1
714305|Sphyrna corona	C24_trihydroxy	3
714305|Sphyrna corona	C27_dihydroxy	1
714305|Sphyrna corona	C27_monohydroxy	3
7165|Anopheles gambiae	C24_alkamine_dihydroxy	21
7165|Anopheles gambiae	C27_dihydroxy	5
7165|Anopheles gambiae	C28_alcohol_2OH	0
7165|Anopheles gambiae	C28_alcohol_3OH	0
71694|Coprinopsis atramentaria	C24_tetrahydroxy	1
717477|Heloderma exasperatum	C24_dihydroxy	1
717477|Heloderma exasperatum	C24_trihydroxy	2
717477|Heloderma exasperatum	C27_pentahydroxy	2
71875|Collybia dealbata	C24_tetrahydroxy	3
71893|Leucopaxillus albissimus	C24_tetrahydroxy	3
72062|Sebastes carnatus	C24_alkamine_pentahydroxy	1
72062|Sebastes carnatus	C24_dihydroxy	3
72062|Sebastes carnatus	C24_monohydroxy	1
72062|Sebastes carnatus	C24_tetrahydroxy	2
72062|Sebastes carnatus	C24_trihydroxy	11
72062|Sebastes carnatus	C27_dihydroxy	1
72062|Sebastes carnatus	C27_monohydroxy	3
72062|Sebastes carnatus	C27_tetrahydroxy	1
72062|Sebastes carnatus	C27_trihydroxy	1
722633|Fundulus julisia	C24_dihydroxy	4
722633|Fundulus julisia	C24_trihydroxy	2
7227|Drosophila melanogaster	C23_trihydroxy	12
7227|Drosophila melanogaster	C24_alkamine_dihydroxy	1
7227|Drosophila melanogaster	C24_dihydroxy	1
7227|Drosophila melanogaster	C24_tetrahydroxy	2
7227|Drosophila melanogaster	C27_monohydroxy	31
7227|Drosophila melanogaster	C28_alcohol_2OH	0
7227|Drosophila melanogaster	C28_alcohol_3OH	0
72402|Senna alexandrina	C24_alkamine_pentahydroxy	2
72402|Senna alexandrina	C28_alcohol_3OH	0
72540|Capra caucasica	C24_alkamine_trihydroxy	8
72540|Capra caucasica	C24_alkamine_dihydroxy	5
72540|Capra caucasica	C24_alkamine_pentahydroxy	1
72540|Capra caucasica	C24_dihydroxy	12
72540|Capra caucasica	C24_pentahydroxy	1
72540|Capra caucasica	C24_tetrahydroxy	11
72540|Capra caucasica	C24_trihydroxy	30
72540|Capra caucasica	C27_monohydroxy	3
72541|Capra cylindricornis	C24_dihydroxy	6
72541|Capra cylindricornis	C24_tetrahydroxy	2
72541|Capra cylindricornis	C24_trihydroxy	6
72541|Capra cylindricornis	C27_monohydroxy	1
72542|Capra ibex	C24_alkamine_trihydroxy	3
72542|Capra ibex	C24_dihydroxy	14
72542|Capra ibex	C24_pentahydroxy	1
72542|Capra ibex	C24_tetrahydroxy	6
72542|Capra ibex	C24_trihydroxy	20
72542|Capra ibex	C27_dihydroxy	3
72542|Capra ibex	C27_monohydroxy	1
72543|Capra nubiana	C24_alkamine_trihydroxy	1
72543|Capra nubiana	C24_dihydroxy	16
72543|Capra nubiana	C24_monohydroxy	1
72543|Capra nubiana	C24_trihydroxy	22
72543|Capra nubiana	C27_dihydroxy	3
72543|Capra nubiana	C27_monohydroxy	2
72543|Capra nubiana	C28_alcohol_3OH	0
72544|Capra sibirica	C24_alkamine_trihydroxy	2
72544|Capra sibirica	C24_alkamine_tetrahydroxy	1
72544|Capra sibirica	C24_dihydroxy	11
72544|Capra sibirica	C24_pentahydroxy	1
72544|Capra sibirica	C24_tetrahydroxy	6
72544|Capra sibirica	C24_trihydroxy	15
72544|Capra sibirica	C27_dihydroxy	4
72544|Capra sibirica	C27_monohydroxy	4
72935|Euthamia graminifolia	C24_alkamine_pentahydroxy	6
72935|Euthamia graminifolia	C24_pentahydroxy	1
72935|Euthamia graminifolia	C27_monohydroxy	3
72935|Euthamia graminifolia	C28_alcohol_3OH	0
73107|Otis tarda	C24_dihydroxy	2
73107|Otis tarda	C24_monohydroxy	1
73107|Otis tarda	C24_trihydroxy	3
73107|Otis tarda	C27_dihydroxy	1
73334|Equus hemionus kulan	C24_dihydroxy	1
73334|Equus hemionus kulan	C24_trihydroxy	2
73335|Equus zebra hartmannae	C24_dihydroxy	3
73335|Equus zebra hartmannae	C24_trihydroxy	4
73335|Equus zebra hartmannae	C27_dihydroxy	1
73337|Ceratotherium simum simum	C24_alkamine_pentahydroxy	4
73337|Ceratotherium simum simum	C24_alkamine_tetrahydroxy	1
73337|Ceratotherium simum simum	C24_monohydroxy	1
73337|Ceratotherium simum simum	C24_nonhydroxy	1
73337|Ceratotherium simum simum	C27_dihydroxy	2
73337|Ceratotherium simum simum	C27_monohydroxy	1
73337|Ceratotherium simum simum	C27_pentahydroxy	1
73337|Ceratotherium simum simum	C28_alcohol_3OH	0
73499|Corniculantispora psalliotae	C24_alkamine_trihydroxy	1
73499|Lecanicillium psalliotae	C24_alkamine_trihydroxy	1
740693|Cephaloscyllium ventriosum	C24_alkamine_trihydroxy	1
740693|Cephaloscyllium ventriosum	C24_dihydroxy	8
740693|Cephaloscyllium ventriosum	C24_monohydroxy	6
740693|Cephaloscyllium ventriosum	C24_trihydroxy	11
740693|Cephaloscyllium ventriosum	C27_dihydroxy	13
740693|Cephaloscyllium ventriosum	C27_monohydroxy	6
740693|Cephaloscyllium ventriosum	C27_tetrahydroxy	3
740693|Cephaloscyllium ventriosum	C27_trihydroxy	3
74131|Pterophyllum scalare	C24_dihydroxy	11
74131|Pterophyllum scalare	C24_nonhydroxy	1
74131|Pterophyllum scalare	C24_tetrahydroxy	1
74131|Pterophyllum scalare	C24_trihydroxy	5
74131|Pterophyllum scalare	C27_dihydroxy	5
74131|Pterophyllum scalare	C27_monohydroxy	3
742722|Collinsella sp. 4_8_47FAA	C24_alkamine_trihydroxy	24
742722|Collinsella sp. 4_8_47FAA	C24_alkamine_dihydroxy	40
742722|Collinsella sp. 4_8_47FAA	C24_dihydroxy	1
742722|Collinsella sp. 4_8_47FAA	C24_trihydroxy	6
742731|[Clostridium] aldenense WAL-18727	C24_alkamine_trihydroxy	28
742731|[Clostridium] aldenense WAL-18727	C24_alkamine_dihydroxy	36
742737|Hungatella hathewayi WAL-18680	C24_trihydroxy	2
742738|Flavonifractor plautii 1_3_50AFAA	C24_alkamine_trihydroxy	22
742738|Flavonifractor plautii 1_3_50AFAA	C24_alkamine_dihydroxy	33
742738|Flavonifractor plautii 1_3_50AFAA	C24_alkamine_tetrahydroxy	12
742738|Flavonifractor plautii 1_3_50AFAA	C24_dihydroxy	2
742738|Flavonifractor plautii 1_3_50AFAA	C24_trihydroxy	4
742741|[Clostridium] symbiosum WAL-14673	C24_alkamine_trihydroxy	25
742741|[Clostridium] symbiosum WAL-14673	C24_alkamine_dihydroxy	37
742741|[Clostridium] symbiosum WAL-14673	C24_trihydroxy	2
74365|Euprepiophis mandarinus	C24_alkamine_pentahydroxy	1
74365|Euprepiophis mandarinus	C24_dihydroxy	5
74365|Euprepiophis mandarinus	C24_tetrahydroxy	3
74365|Euprepiophis mandarinus	C24_trihydroxy	7
74366|Elaphe moellendorffi	C24_alkamine_trihydroxy	1
74366|Elaphe moellendorffi	C24_dihydroxy	7
74366|Elaphe moellendorffi	C24_tetrahydroxy	4
74366|Elaphe moellendorffi	C24_trihydroxy	19
74366|Elaphe moellendorffi	C27_dihydroxy	1
74366|Elaphe moellendorffi	C27_monohydroxy	2
74426|Collinsella aerofaciens	C24_alkamine_trihydroxy	7
74426|Collinsella aerofaciens	C24_alkamine_dihydroxy	5
74426|Collinsella aerofaciens	C24_dihydroxy	3
74426|Collinsella aerofaciens	C24_trihydroxy	3
74533|Panthera tigris altaica	C24_alkamine_trihydroxy	3
74533|Panthera tigris altaica	C24_alkamine_dihydroxy	1
74533|Panthera tigris altaica	C24_dihydroxy	3
74533|Panthera tigris altaica	C24_pentahydroxy	1
74533|Panthera tigris altaica	C24_tetrahydroxy	7
74533|Panthera tigris altaica	C24_trihydroxy	8
74533|Panthera tigris altaica	C27_dihydroxy	1
74533|Panthera tigris altaica	C27_tetrahydroxy	3
74533|Panthera tigris altaica	C27_trihydroxy	3
74534|Panthera tigris corbetti	C24_alkamine_trihydroxy	5
74534|Panthera tigris corbetti	C24_alkamine_tetrahydroxy	1
74534|Panthera tigris corbetti	C24_dihydroxy	6
74534|Panthera tigris corbetti	C24_tetrahydroxy	3
74534|Panthera tigris corbetti	C24_trihydroxy	15
745802|Heros efasciatus	C23_dihydroxy	2
745802|Heros efasciatus	C24_alkamine_trihydroxy	4
745802|Heros efasciatus	C24_dihydroxy	1
745802|Heros efasciatus	C24_tetrahydroxy	1
745802|Heros efasciatus	C24_trihydroxy	18
745802|Heros efasciatus	C27_dihydroxy	2
74638|Rosa carolina	C24_alkamine_pentahydroxy	3
74638|Rosa carolina	C24_alkamine_tetrahydroxy	1
74638|Rosa carolina	C24_trihydroxy	2
74638|Rosa carolina	C28_alcohol_3OH	0
74909|Cuora amboinensis	C24_tetrahydroxy	2
74909|Cuora amboinensis	C24_trihydroxy	1
74909|Cuora amboinensis	C27_dihydroxy	1
74909|Cuora amboinensis	C27_pentahydroxy	2
74909|Cuora amboinensis	C27_tetrahydroxy	3
74909|Cuora amboinensis	C27_trihydroxy	3
749523|Enterococcus faecium TX0133a04	C24_alkamine_trihydroxy	24
749523|Enterococcus faecium TX0133a04	C24_alkamine_dihydroxy	33
749523|Enterococcus faecium TX0133a04	C24_dihydroxy	3
749523|Enterococcus faecium TX0133a04	C24_trihydroxy	2
749527|Escherichia coli MS 21-1	C24_alkamine_trihydroxy	1
749535|Klebsiella sp. MS 92-3	C24_alkamine_trihydroxy	1
749535|Klebsiella sp. MS 92-3	C24_dihydroxy	1
749535|Klebsiella sp. MS 92-3	C24_trihydroxy	2
749550|Escherichia coli MS 200-1	C24_trihydroxy	1
75024|Holacanthus ciliaris	C24_dihydroxy	16
75024|Holacanthus ciliaris	C24_monohydroxy	6
75024|Holacanthus ciliaris	C24_tetrahydroxy	8
75024|Holacanthus ciliaris	C24_trihydroxy	18
75024|Holacanthus ciliaris	C27_dihydroxy	2
75024|Holacanthus ciliaris	C27_monohydroxy	2
75024|Holacanthus ciliaris	C27_tetrahydroxy	2
75024|Holacanthus ciliaris	C27_trihydroxy	2
75024|Holacanthus ciliaris	C28_alcohol_2OH	0
75038|Scatophagus argus	C24_alkamine_trihydroxy	1
75038|Scatophagus argus	C24_dihydroxy	8
75038|Scatophagus argus	C24_pentahydroxy	1
75038|Scatophagus argus	C24_tetrahydroxy	4
75038|Scatophagus argus	C24_trihydroxy	12
75038|Scatophagus argus	C27_dihydroxy	5
75038|Scatophagus argus	C27_monohydroxy	2
75046|Zebrasoma scopas	C24_dihydroxy	10
75046|Zebrasoma scopas	C24_monohydroxy	1
75046|Zebrasoma scopas	C24_trihydroxy	3
75046|Zebrasoma scopas	C27_dihydroxy	3
75046|Zebrasoma scopas	C27_monohydroxy	3
75102|Cantharellus formosus	C24_trihydroxy	1
751853|Pycnanthemum tenuifolium	C23_trihydroxy	2
751853|Pycnanthemum tenuifolium	C24_alkamine_pentahydroxy	4
751853|Pycnanthemum tenuifolium	C28_alcohol_3OH	0
75253|Anolis equestris	C24_alkamine_trihydroxy	1
75253|Anolis equestris	C24_dihydroxy	7
75253|Anolis equestris	C24_tetrahydroxy	6
75253|Anolis equestris	C24_trihydroxy	16
75253|Anolis equestris	C27_dihydroxy	3
75253|Anolis equestris	C27_monohydroxy	2
75253|Anolis equestris	C27_tetrahydroxy	1
75253|Anolis equestris	C27_trihydroxy	1
75255|Anolis garmani	C23_dihydroxy	1
75255|Anolis garmani	C24_dihydroxy	4
75255|Anolis garmani	C24_tetrahydroxy	1
75255|Anolis garmani	C24_trihydroxy	7
75259|Anolis lineatopus	C24_dihydroxy	9
75259|Anolis lineatopus	C24_tetrahydroxy	4
75259|Anolis lineatopus	C24_trihydroxy	8
75259|Anolis lineatopus	C27_dihydroxy	1
75269|Anolis richardii	C24_alkamine_trihydroxy	2
75269|Anolis richardii	C24_dihydroxy	9
75269|Anolis richardii	C24_tetrahydroxy	7
75269|Anolis richardii	C24_trihydroxy	20
75269|Anolis richardii	C27_dihydroxy	1
75269|Anolis richardii	C27_monohydroxy	1
75329|Misgurnus anguillicaudatus	C24_dihydroxy	5
75329|Misgurnus anguillicaudatus	C27_dihydroxy	4
75329|Misgurnus anguillicaudatus	C27_monohydroxy	6
75329|Misgurnus anguillicaudatus	C28_alcohol_2OH	0
75569|Cercocebus chrysogaster	C24_alkamine_trihydroxy	10
75569|Cercocebus chrysogaster	C24_alkamine_dihydroxy	9
75569|Cercocebus chrysogaster	C24_alkamine_monohydroxy	2
75569|Cercocebus chrysogaster	C24_alkamine_tetrahydroxy	5
75569|Cercocebus chrysogaster	C24_dihydroxy	34
75569|Cercocebus chrysogaster	C24_tetrahydroxy	6
75569|Cercocebus chrysogaster	C24_trihydroxy	25
75569|Cercocebus chrysogaster	C27_tetrahydroxy	1
75569|Cercocebus chrysogaster	C27_trihydroxy	1
757429|Platalea flavipes	C24_dihydroxy	9
757429|Platalea flavipes	C24_tetrahydroxy	1
757429|Platalea flavipes	C24_trihydroxy	4
757429|Platalea flavipes	C27_dihydroxy	1
757429|Platalea flavipes	C27_monohydroxy	1
757429|Platalea flavipes	C27_tetrahydroxy	1
757429|Platalea flavipes	C27_trihydroxy	1
75838|Spatula clypeata	C24_dihydroxy	15
75838|Spatula clypeata	C24_monohydroxy	1
75838|Spatula clypeata	C24_tetrahydroxy	3
75838|Spatula clypeata	C24_trihydroxy	6
75840|Spatula cyanoptera	C23_dihydroxy	5
75840|Spatula cyanoptera	C24_alkamine_dihydroxy	1
75840|Spatula cyanoptera	C24_dihydroxy	9
75840|Spatula cyanoptera	C24_pentahydroxy	1
75840|Spatula cyanoptera	C24_tetrahydroxy	2
75840|Spatula cyanoptera	C24_trihydroxy	6
75840|Spatula cyanoptera	C27_dihydroxy	6
75840|Spatula cyanoptera	C27_monohydroxy	2
75840|Spatula cyanoptera	C27_tetrahydroxy	3
75840|Spatula cyanoptera	C27_trihydroxy	3
75843|Anas erythrorhyncha	C23_dihydroxy	2
75843|Anas erythrorhyncha	C24_alkamine_dihydroxy	1
75843|Anas erythrorhyncha	C24_alkamine_pentahydroxy	1
75843|Anas erythrorhyncha	C24_alkamine_tetrahydroxy	1
75843|Anas erythrorhyncha	C24_dihydroxy	14
75843|Anas erythrorhyncha	C24_monohydroxy	4
75843|Anas erythrorhyncha	C24_tetrahydroxy	4
75843|Anas erythrorhyncha	C24_trihydroxy	8
75843|Anas erythrorhyncha	C27_dihydroxy	2
75843|Anas erythrorhyncha	C27_monohydroxy	1
75843|Anas erythrorhyncha	C27_tetrahydroxy	1
75843|Anas erythrorhyncha	C27_trihydroxy	1
75844|Mareca falcata	C23_dihydroxy	1
75844|Mareca falcata	C24_dihydroxy	2
75844|Mareca falcata	C24_trihydroxy	3
75844|Mareca falcata	C27_dihydroxy	1
75846|Anas fulvigula	C23_dihydroxy	3
75846|Anas fulvigula	C24_alkamine_tetrahydroxy	1
75846|Anas fulvigula	C24_dihydroxy	17
75846|Anas fulvigula	C24_monohydroxy	2
75846|Anas fulvigula	C24_tetrahydroxy	3
75846|Anas fulvigula	C24_trihydroxy	5
75846|Anas fulvigula	C27_dihydroxy	4
75846|Anas fulvigula	C27_monohydroxy	2
75846|Anas fulvigula	C27_tetrahydroxy	4
75846|Anas fulvigula	C27_trihydroxy	4
75860|Anas sparsa	C23_dihydroxy	1
75860|Anas sparsa	C23_trihydroxy	1
75860|Anas sparsa	C24_dihydroxy	4
75860|Anas sparsa	C24_monohydroxy	1
75860|Anas sparsa	C24_tetrahydroxy	5
75860|Anas sparsa	C24_trihydroxy	6
75860|Anas sparsa	C27_dihydroxy	1
75861|Mareca strepera	C23_dihydroxy	3
75861|Mareca strepera	C24_alkamine_tetrahydroxy	1
75861|Mareca strepera	C24_dihydroxy	18
75861|Mareca strepera	C24_monohydroxy	3
75861|Mareca strepera	C24_tetrahydroxy	2
75861|Mareca strepera	C24_trihydroxy	7
75861|Mareca strepera	C27_dihydroxy	4
75861|Mareca strepera	C27_tetrahydroxy	1
75861|Mareca strepera	C27_trihydroxy	1
75862|Anas undulata	C23_dihydroxy	3
75862|Anas undulata	C24_alkamine_dihydroxy	2
75862|Anas undulata	C24_alkamine_tetrahydroxy	2
75862|Anas undulata	C24_dihydroxy	25
75862|Anas undulata	C24_monohydroxy	8
75862|Anas undulata	C24_pentahydroxy	3
75862|Anas undulata	C24_tetrahydroxy	11
75862|Anas undulata	C24_trihydroxy	23
75862|Anas undulata	C27_dihydroxy	6
75862|Anas undulata	C27_monohydroxy	2
75862|Anas undulata	C27_tetrahydroxy	5
75862|Anas undulata	C27_trihydroxy	5
75865|Tadorna tadorna	C23_dihydroxy	2
75865|Tadorna tadorna	C23_trihydroxy	1
75865|Tadorna tadorna	C24_alkamine_tetrahydroxy	2
75865|Tadorna tadorna	C24_dihydroxy	20
75865|Tadorna tadorna	C24_tetrahydroxy	3
75865|Tadorna tadorna	C24_trihydroxy	8
75865|Tadorna tadorna	C27_dihydroxy	1
75865|Tadorna tadorna	C27_monohydroxy	1
75865|Tadorna tadorna	C27_tetrahydroxy	1
75865|Tadorna tadorna	C27_trihydroxy	1
75869|Asarcornis scutulata	C23_dihydroxy	3
75869|Asarcornis scutulata	C23_trihydroxy	2
75869|Asarcornis scutulata	C24_dihydroxy	8
75869|Asarcornis scutulata	C24_monohydroxy	2
75869|Asarcornis scutulata	C24_tetrahydroxy	5
75869|Asarcornis scutulata	C24_trihydroxy	7
75869|Asarcornis scutulata	C27_monohydroxy	2
75871|Callonetta leucophrys	C23_dihydroxy	2
75871|Callonetta leucophrys	C24_dihydroxy	4
75871|Callonetta leucophrys	C24_monohydroxy	1
75871|Callonetta leucophrys	C24_tetrahydroxy	1
75871|Callonetta leucophrys	C24_trihydroxy	7
75871|Callonetta leucophrys	C27_dihydroxy	2
75871|Callonetta leucophrys	C27_monohydroxy	1
75875|Marmaronetta angustirostris	C23_dihydroxy	1
75875|Marmaronetta angustirostris	C24_alkamine_dihydroxy	2
75875|Marmaronetta angustirostris	C24_dihydroxy	2
75875|Marmaronetta angustirostris	C24_trihydroxy	2
75877|Pteronetta hartlaubii	C23_dihydroxy	1
75877|Pteronetta hartlaubii	C24_alkamine_dihydroxy	1
75877|Pteronetta hartlaubii	C24_dihydroxy	4
75877|Pteronetta hartlaubii	C24_tetrahydroxy	1
75877|Pteronetta hartlaubii	C24_trihydroxy	3
75879|Speculanas specularis	C23_dihydroxy	2
75879|Speculanas specularis	C24_dihydroxy	8
75879|Speculanas specularis	C24_monohydroxy	3
75879|Speculanas specularis	C24_tetrahydroxy	2
75879|Speculanas specularis	C24_trihydroxy	12
75879|Speculanas specularis	C27_dihydroxy	2
75879|Speculanas specularis	C27_monohydroxy	4
75879|Speculanas specularis	C28_alcohol_3OH	0
75988|Agalychnis dacnicolor	C24_alkamine_dihydroxy	2
75988|Agalychnis dacnicolor	C24_alkamine_monohydroxy	8
75988|Agalychnis dacnicolor	C24_dihydroxy	14
75988|Agalychnis dacnicolor	C24_monohydroxy	12
75988|Agalychnis dacnicolor	C24_trihydroxy	8
75988|Agalychnis dacnicolor	C27_dihydroxy	4
75988|Agalychnis dacnicolor	C27_monohydroxy	2
75988|Agalychnis dacnicolor	C27_tetrahydroxy	2
75988|Agalychnis dacnicolor	C27_trihydroxy	2
76058|Somateria mollissima	C23_dihydroxy	2
76058|Somateria mollissima	C24_alkamine_dihydroxy	2
76058|Somateria mollissima	C24_dihydroxy	6
76058|Somateria mollissima	C24_tetrahydroxy	2
76058|Somateria mollissima	C24_trihydroxy	9
76058|Somateria mollissima	C27_dihydroxy	1
76058|Somateria mollissima	C27_monohydroxy	1
76143|Malacosteus niger	C24_tetrahydroxy	1
76143|Malacosteus niger	C24_trihydroxy	2
76143|Malacosteus niger	C27_dihydroxy	1
76143|Malacosteus niger	C27_tetrahydroxy	1
76143|Malacosteus niger	C27_trihydroxy	1
762623|Psaltriparus minimus minimus	C24_dihydroxy	2
762623|Psaltriparus minimus minimus	C24_trihydroxy	2
762623|Psaltriparus minimus minimus	C27_dihydroxy	1
762623|Psaltriparus minimus minimus	C27_monohydroxy	1
762623|Psaltriparus minimus minimus	C27_tetrahydroxy	1
762623|Psaltriparus minimus minimus	C27_trihydroxy	1
76277|Acanthus mollis	C28_alcohol_3OH	0
763644|Opisthotropis lateralis	C24_alkamine_trihydroxy	1
763644|Opisthotropis lateralis	C24_alkamine_pentahydroxy	2
763644|Opisthotropis lateralis	C24_dihydroxy	3
763644|Opisthotropis lateralis	C24_pentahydroxy	1
763644|Opisthotropis lateralis	C24_tetrahydroxy	9
763644|Opisthotropis lateralis	C24_trihydroxy	14
763644|Opisthotropis lateralis	C27_dihydroxy	2
763644|Opisthotropis lateralis	C27_tetrahydroxy	1
763644|Opisthotropis lateralis	C27_trihydroxy	1
76374|Pachystachys lutea	C23_pentahydroxy	1
76374|Pachystachys lutea	C24_monohydroxy	4
76374|Pachystachys lutea	C24_pentahydroxy	1
76374|Pachystachys lutea	C27_dihydroxy	19
76374|Pachystachys lutea	C28_alcohol_3OH	0
76434|Cyperus papyrus	C28_alcohol_3OH	0
765065|Cutibacterium acnes HL020PA1	C24_alkamine_trihydroxy	22
765065|Cutibacterium acnes HL020PA1	C24_alkamine_dihydroxy	36
765065|Cutibacterium acnes HL020PA1	C24_dihydroxy	2
765065|Cutibacterium acnes HL020PA1	C24_trihydroxy	9
765066|Cutibacterium acnes HL053PA1	C24_alkamine_trihydroxy	24
765066|Cutibacterium acnes HL053PA1	C24_alkamine_dihydroxy	33
765066|Cutibacterium acnes HL053PA1	C24_dihydroxy	3
765066|Cutibacterium acnes HL053PA1	C24_trihydroxy	8
765067|Cutibacterium acnes HL053PA2	C24_alkamine_trihydroxy	22
765067|Cutibacterium acnes HL053PA2	C24_alkamine_dihydroxy	33
765067|Cutibacterium acnes HL053PA2	C24_dihydroxy	1
765067|Cutibacterium acnes HL053PA2	C24_trihydroxy	7
765068|Cutibacterium acnes HL045PA1	C24_alkamine_trihydroxy	23
765068|Cutibacterium acnes HL045PA1	C24_alkamine_dihydroxy	35
765068|Cutibacterium acnes HL045PA1	C24_dihydroxy	4
765068|Cutibacterium acnes HL045PA1	C24_trihydroxy	7
765069|Cutibacterium acnes HL013PA1	C24_alkamine_trihydroxy	24
765069|Cutibacterium acnes HL013PA1	C24_alkamine_dihydroxy	38
765069|Cutibacterium acnes HL013PA1	C24_dihydroxy	3
765069|Cutibacterium acnes HL013PA1	C24_trihydroxy	5
765070|Cutibacterium acnes HL013PA2	C24_alkamine_trihydroxy	27
765070|Cutibacterium acnes HL013PA2	C24_alkamine_dihydroxy	37
765070|Cutibacterium acnes HL013PA2	C24_dihydroxy	3
765070|Cutibacterium acnes HL013PA2	C24_trihydroxy	8
765071|Cutibacterium acnes HL078PA1	C24_alkamine_trihydroxy	26
765071|Cutibacterium acnes HL078PA1	C24_alkamine_dihydroxy	39
765071|Cutibacterium acnes HL078PA1	C24_dihydroxy	3
765071|Cutibacterium acnes HL078PA1	C24_trihydroxy	6
765072|Cutibacterium acnes HL043PA1	C24_alkamine_trihydroxy	22
765072|Cutibacterium acnes HL043PA1	C24_alkamine_dihydroxy	37
765072|Cutibacterium acnes HL043PA1	C24_dihydroxy	4
765072|Cutibacterium acnes HL043PA1	C24_trihydroxy	6
765073|Cutibacterium acnes HL043PA2	C24_alkamine_trihydroxy	20
765073|Cutibacterium acnes HL043PA2	C24_alkamine_dihydroxy	35
765073|Cutibacterium acnes HL043PA2	C24_dihydroxy	5
765073|Cutibacterium acnes HL043PA2	C24_trihydroxy	7
765074|Cutibacterium acnes HL072PA1	C24_alkamine_trihydroxy	19
765074|Cutibacterium acnes HL072PA1	C24_alkamine_dihydroxy	36
765074|Cutibacterium acnes HL072PA1	C24_dihydroxy	4
765074|Cutibacterium acnes HL072PA1	C24_trihydroxy	8
765077|Cutibacterium acnes HL110PA1	C24_alkamine_trihydroxy	18
765077|Cutibacterium acnes HL110PA1	C24_alkamine_dihydroxy	39
765077|Cutibacterium acnes HL110PA1	C24_dihydroxy	3
765077|Cutibacterium acnes HL110PA1	C24_trihydroxy	5
765079|Cutibacterium acnes HL110PA3	C24_alkamine_trihydroxy	20
765079|Cutibacterium acnes HL110PA3	C24_alkamine_dihydroxy	35
765079|Cutibacterium acnes HL110PA3	C24_dihydroxy	4
765079|Cutibacterium acnes HL110PA3	C24_trihydroxy	8
765080|Cutibacterium acnes HL110PA4	C24_alkamine_trihydroxy	24
765080|Cutibacterium acnes HL110PA4	C24_alkamine_dihydroxy	33
765080|Cutibacterium acnes HL110PA4	C24_dihydroxy	1
765080|Cutibacterium acnes HL110PA4	C24_trihydroxy	7
765084|Cutibacterium acnes HL060PA1	C24_alkamine_trihydroxy	26
765084|Cutibacterium acnes HL060PA1	C24_alkamine_dihydroxy	32
765084|Cutibacterium acnes HL060PA1	C24_dihydroxy	4
765084|Cutibacterium acnes HL060PA1	C24_trihydroxy	9
765085|Cutibacterium acnes HL038PA1	C24_alkamine_trihydroxy	28
765085|Cutibacterium acnes HL038PA1	C24_alkamine_dihydroxy	35
765085|Cutibacterium acnes HL038PA1	C24_dihydroxy	3
765085|Cutibacterium acnes HL038PA1	C24_trihydroxy	7
765089|Cutibacterium acnes HL025PA1	C24_alkamine_trihydroxy	22
765089|Cutibacterium acnes HL025PA1	C24_alkamine_dihydroxy	39
765089|Cutibacterium acnes HL025PA1	C24_dihydroxy	3
765089|Cutibacterium acnes HL025PA1	C24_trihydroxy	7
765090|Cutibacterium acnes HL025PA2	C24_alkamine_trihydroxy	23
765090|Cutibacterium acnes HL025PA2	C24_alkamine_dihydroxy	36
765090|Cutibacterium acnes HL025PA2	C24_dihydroxy	3
765090|Cutibacterium acnes HL025PA2	C24_trihydroxy	7
765091|Cutibacterium acnes HL059PA1	C24_alkamine_trihydroxy	24
765091|Cutibacterium acnes HL059PA1	C24_alkamine_dihydroxy	34
765091|Cutibacterium acnes HL059PA1	C24_dihydroxy	1
765091|Cutibacterium acnes HL059PA1	C24_trihydroxy	7
765092|Cutibacterium acnes HL059PA2	C24_alkamine_trihydroxy	19
765092|Cutibacterium acnes HL059PA2	C24_alkamine_dihydroxy	33
765092|Cutibacterium acnes HL059PA2	C24_dihydroxy	3
765092|Cutibacterium acnes HL059PA2	C24_trihydroxy	8
765093|Cutibacterium acnes HL086PA1	C24_alkamine_trihydroxy	19
765093|Cutibacterium acnes HL086PA1	C24_alkamine_dihydroxy	32
765093|Cutibacterium acnes HL086PA1	C24_dihydroxy	2
765093|Cutibacterium acnes HL086PA1	C24_trihydroxy	9
765095|Cutibacterium acnes HL046PA2	C24_alkamine_trihydroxy	22
765095|Cutibacterium acnes HL046PA2	C24_alkamine_dihydroxy	30
765095|Cutibacterium acnes HL046PA2	C24_dihydroxy	2
765095|Cutibacterium acnes HL046PA2	C24_trihydroxy	8
765096|Cutibacterium acnes HL005PA1	C24_alkamine_trihydroxy	24
765096|Cutibacterium acnes HL005PA1	C24_alkamine_dihydroxy	34
765096|Cutibacterium acnes HL005PA1	C24_dihydroxy	5
765096|Cutibacterium acnes HL005PA1	C24_trihydroxy	9
765097|Cutibacterium acnes HL005PA2	C24_alkamine_trihydroxy	16
765097|Cutibacterium acnes HL005PA2	C24_alkamine_dihydroxy	36
765097|Cutibacterium acnes HL005PA2	C24_dihydroxy	4
765097|Cutibacterium acnes HL005PA2	C24_trihydroxy	8
765098|Cutibacterium acnes HL005PA3	C24_alkamine_trihydroxy	25
765098|Cutibacterium acnes HL005PA3	C24_alkamine_dihydroxy	35
765098|Cutibacterium acnes HL005PA3	C24_dihydroxy	5
765098|Cutibacterium acnes HL005PA3	C24_trihydroxy	6
765099|Cutibacterium acnes HL005PA4	C24_alkamine_trihydroxy	22
765099|Cutibacterium acnes HL005PA4	C24_alkamine_dihydroxy	33
765099|Cutibacterium acnes HL005PA4	C24_dihydroxy	4
765099|Cutibacterium acnes HL005PA4	C24_trihydroxy	5
765100|Cutibacterium acnes HL050PA1	C24_alkamine_trihydroxy	18
765100|Cutibacterium acnes HL050PA1	C24_alkamine_dihydroxy	38
765100|Cutibacterium acnes HL050PA1	C24_dihydroxy	2
765100|Cutibacterium acnes HL050PA1	C24_trihydroxy	8
765101|Cutibacterium acnes HL050PA2	C24_alkamine_trihydroxy	22
765101|Cutibacterium acnes HL050PA2	C24_alkamine_dihydroxy	33
765101|Cutibacterium acnes HL050PA2	C24_dihydroxy	5
765101|Cutibacterium acnes HL050PA2	C24_trihydroxy	8
765102|Cutibacterium acnes HL050PA3	C24_alkamine_trihydroxy	19
765102|Cutibacterium acnes HL050PA3	C24_alkamine_dihydroxy	37
765102|Cutibacterium acnes HL050PA3	C24_dihydroxy	4
765102|Cutibacterium acnes HL050PA3	C24_trihydroxy	7
765103|Cutibacterium acnes HL030PA1	C24_alkamine_trihydroxy	28
765103|Cutibacterium acnes HL030PA1	C24_alkamine_dihydroxy	39
765103|Cutibacterium acnes HL030PA1	C24_dihydroxy	3
765103|Cutibacterium acnes HL030PA1	C24_trihydroxy	7
765104|Cutibacterium acnes HL030PA2	C24_alkamine_trihydroxy	20
765104|Cutibacterium acnes HL030PA2	C24_alkamine_dihydroxy	34
765104|Cutibacterium acnes HL030PA2	C24_dihydroxy	2
765104|Cutibacterium acnes HL030PA2	C24_trihydroxy	9
765105|Cutibacterium acnes HL001PA1	C24_alkamine_trihydroxy	26
765105|Cutibacterium acnes HL001PA1	C24_alkamine_dihydroxy	35
765105|Cutibacterium acnes HL001PA1	C24_dihydroxy	4
765105|Cutibacterium acnes HL001PA1	C24_trihydroxy	7
765106|Cutibacterium acnes HL036PA1	C24_alkamine_trihydroxy	22
765106|Cutibacterium acnes HL036PA1	C24_alkamine_dihydroxy	35
765106|Cutibacterium acnes HL036PA1	C24_dihydroxy	1
765106|Cutibacterium acnes HL036PA1	C24_trihydroxy	8
765107|Cutibacterium acnes HL036PA2	C24_alkamine_trihydroxy	21
765107|Cutibacterium acnes HL036PA2	C24_alkamine_dihydroxy	31
765107|Cutibacterium acnes HL036PA2	C24_dihydroxy	2
765107|Cutibacterium acnes HL036PA2	C24_trihydroxy	8
765108|Cutibacterium acnes HL036PA3	C24_alkamine_trihydroxy	20
765108|Cutibacterium acnes HL036PA3	C24_alkamine_dihydroxy	33
765108|Cutibacterium acnes HL036PA3	C24_dihydroxy	5
765108|Cutibacterium acnes HL036PA3	C24_trihydroxy	9
765109|Cutibacterium modestum HL044PA1	C24_alkamine_trihydroxy	24
765109|Cutibacterium modestum HL044PA1	C24_alkamine_dihydroxy	32
765109|Cutibacterium modestum HL044PA1	C24_dihydroxy	4
765109|Cutibacterium modestum HL044PA1	C24_trihydroxy	6
765110|Cutibacterium acnes HL067PA1	C24_alkamine_trihydroxy	20
765110|Cutibacterium acnes HL067PA1	C24_alkamine_dihydroxy	37
765110|Cutibacterium acnes HL067PA1	C24_dihydroxy	3
765110|Cutibacterium acnes HL067PA1	C24_trihydroxy	7
765111|Cutibacterium acnes HL027PA1	C24_alkamine_trihydroxy	19
765111|Cutibacterium acnes HL027PA1	C24_alkamine_dihydroxy	34
765111|Cutibacterium acnes HL027PA1	C24_dihydroxy	3
765111|Cutibacterium acnes HL027PA1	C24_trihydroxy	6
765112|Cutibacterium acnes HL027PA2	C24_alkamine_trihydroxy	20
765112|Cutibacterium acnes HL027PA2	C24_alkamine_dihydroxy	35
765112|Cutibacterium acnes HL027PA2	C24_dihydroxy	4
765112|Cutibacterium acnes HL027PA2	C24_trihydroxy	7
765113|Cutibacterium acnes HL063PA1	C24_alkamine_trihydroxy	24
765113|Cutibacterium acnes HL063PA1	C24_alkamine_dihydroxy	31
765113|Cutibacterium acnes HL063PA1	C24_dihydroxy	3
765113|Cutibacterium acnes HL063PA1	C24_trihydroxy	7
765114|Cutibacterium acnes HL063PA2	C24_alkamine_trihydroxy	22
765114|Cutibacterium acnes HL063PA2	C24_alkamine_dihydroxy	37
765114|Cutibacterium acnes HL063PA2	C24_dihydroxy	3
765114|Cutibacterium acnes HL063PA2	C24_trihydroxy	9
765115|Cutibacterium acnes HL002PA1	C24_alkamine_trihydroxy	23
765115|Cutibacterium acnes HL002PA1	C24_alkamine_dihydroxy	36
765115|Cutibacterium acnes HL002PA1	C24_dihydroxy	1
765115|Cutibacterium acnes HL002PA1	C24_trihydroxy	7
765116|Cutibacterium acnes HL002PA2	C24_alkamine_trihydroxy	24
765116|Cutibacterium acnes HL002PA2	C24_alkamine_dihydroxy	32
765116|Cutibacterium acnes HL002PA2	C24_dihydroxy	2
765116|Cutibacterium acnes HL002PA2	C24_trihydroxy	7
765117|Cutibacterium acnes HL002PA3	C24_alkamine_trihydroxy	23
765117|Cutibacterium acnes HL002PA3	C24_alkamine_dihydroxy	33
765117|Cutibacterium acnes HL002PA3	C24_dihydroxy	3
765117|Cutibacterium acnes HL002PA3	C24_trihydroxy	6
765118|Cutibacterium acnes HL007PA1	C24_alkamine_trihydroxy	24
765118|Cutibacterium acnes HL007PA1	C24_alkamine_dihydroxy	37
765118|Cutibacterium acnes HL007PA1	C24_dihydroxy	2
765118|Cutibacterium acnes HL007PA1	C24_trihydroxy	8
765119|Cutibacterium acnes HL056PA1	C24_alkamine_trihydroxy	19
765119|Cutibacterium acnes HL056PA1	C24_alkamine_dihydroxy	32
765119|Cutibacterium acnes HL056PA1	C24_dihydroxy	5
765119|Cutibacterium acnes HL056PA1	C24_trihydroxy	5
765121|Cutibacterium acnes HL082PA2	C24_alkamine_trihydroxy	20
765121|Cutibacterium acnes HL082PA2	C24_alkamine_dihydroxy	31
765121|Cutibacterium acnes HL082PA2	C24_dihydroxy	3
765121|Cutibacterium acnes HL082PA2	C24_trihydroxy	7
765122|Cutibacterium acnes HL037PA1	C24_alkamine_trihydroxy	28
765122|Cutibacterium acnes HL037PA1	C24_alkamine_dihydroxy	37
765122|Cutibacterium acnes HL037PA1	C24_dihydroxy	3
765122|Cutibacterium acnes HL037PA1	C24_trihydroxy	7
765123|Cutibacterium modestum HL037PA2	C24_alkamine_trihydroxy	25
765123|Cutibacterium modestum HL037PA2	C24_alkamine_dihydroxy	31
765123|Cutibacterium modestum HL037PA2	C24_dihydroxy	2
765123|Cutibacterium modestum HL037PA2	C24_trihydroxy	6
7656|Paracentrotus lividus	C28_alcohol_3OH	0
76578|Lobelia cardinalis	C24_alkamine_tetrahydroxy	3
76578|Lobelia cardinalis	C24_tetrahydroxy	218
76578|Lobelia cardinalis	C27_pentahydroxy	2
76578|Lobelia cardinalis	C28_alcohol_3OH	0
7660|Psammechinus miliaris	C28_alcohol_3OH	0
767031|Prevotella denticola F0289	C24_alkamine_trihydroxy	22
767031|Prevotella denticola F0289	C24_alkamine_dihydroxy	33
767031|Prevotella denticola F0289	C24_dihydroxy	2
767031|Prevotella denticola F0289	C24_trihydroxy	4
76717|Lontra canadensis	C24_dihydroxy	6
76717|Lontra canadensis	C24_tetrahydroxy	6
76717|Lontra canadensis	C24_trihydroxy	32
76717|Lontra canadensis	C27_dihydroxy	3
76717|Lontra canadensis	C27_monohydroxy	2
76717|Lontra canadensis	C27_pentahydroxy	1
76717|Lontra canadensis	C27_tetrahydroxy	5
76717|Lontra canadensis	C27_trihydroxy	5
76760|Pseudomonas rhodesiae	C24_monohydroxy	1
768612|Icterus croconotus	C24_dihydroxy	5
768612|Icterus croconotus	C24_pentahydroxy	1
768612|Icterus croconotus	C24_tetrahydroxy	3
768612|Icterus croconotus	C24_trihydroxy	6
768612|Icterus croconotus	C27_dihydroxy	1
768612|Icterus croconotus	C27_tetrahydroxy	1
768612|Icterus croconotus	C27_trihydroxy	1
77149|Mustela eversmannii	C24_dihydroxy	3
77149|Mustela eversmannii	C24_tetrahydroxy	2
77149|Mustela eversmannii	C24_trihydroxy	7
7719|Ciona intestinalis	C27_dihydroxy	35
7719|Ciona intestinalis	C27_monohydroxy	88
7719|Ciona intestinalis	C28_alcohol_2OH	0
7719|Ciona intestinalis	C28_alcohol_3OH	0
7765|Eptatretus stoutii	C24_dihydroxy	4
7765|Eptatretus stoutii	C24_trihydroxy	2
7765|Eptatretus stoutii	C28_alcohol_2OH	0
7765|Eptatretus stoutii	C28_alcohol_3OH	0
7781|Raja clavata	C24_alkamine_trihydroxy	1
7781|Raja clavata	C24_dihydroxy	2
7781|Raja clavata	C24_tetrahydroxy	1
7781|Raja clavata	C24_trihydroxy	1
7781|Raja clavata	C27_dihydroxy	3
7781|Raja clavata	C27_tetrahydroxy	1
7781|Raja clavata	C27_trihydroxy	1
77914|Galeus melastomus	C23_trihydroxy	1
77914|Galeus melastomus	C24_dihydroxy	2
77914|Galeus melastomus	C24_trihydroxy	1
77914|Galeus melastomus	C27_dihydroxy	2
77914|Galeus melastomus	C27_monohydroxy	1
77914|Galeus melastomus	C27_pentahydroxy	1
77914|Galeus melastomus	C27_tetrahydroxy	5
77914|Galeus melastomus	C27_trihydroxy	5
7792|Heterodontus francisci	C23_dihydroxy	1
7792|Heterodontus francisci	C23_trihydroxy	1
7792|Heterodontus francisci	C24_alkamine_trihydroxy	1
7792|Heterodontus francisci	C24_dihydroxy	3
7792|Heterodontus francisci	C24_tetrahydroxy	2
7792|Heterodontus francisci	C24_trihydroxy	1
7792|Heterodontus francisci	C27_dihydroxy	3
7792|Heterodontus francisci	C27_monohydroxy	2
7792|Heterodontus francisci	C27_tetrahydroxy	2
7792|Heterodontus francisci	C27_trihydroxy	2
7793|Heterodontus portusjacksoni	C24_tetrahydroxy	1
7793|Heterodontus portusjacksoni	C24_trihydroxy	2
7793|Heterodontus portusjacksoni	C27_dihydroxy	2
7793|Heterodontus portusjacksoni	C27_monohydroxy	1
7793|Heterodontus portusjacksoni	C27_tetrahydroxy	4
7793|Heterodontus portusjacksoni	C27_trihydroxy	4
7797|Squalus acanthias	C23_trihydroxy	2
7797|Squalus acanthias	C24_trihydroxy	1
7797|Squalus acanthias	C27_dihydroxy	3
7797|Squalus acanthias	C27_tetrahydroxy	1
7797|Squalus acanthias	C27_trihydroxy	1
7801|Ginglymostoma cirratum	C23_trihydroxy	1
7801|Ginglymostoma cirratum	C24_alkamine_trihydroxy	1
7801|Ginglymostoma cirratum	C24_trihydroxy	2
7801|Ginglymostoma cirratum	C27_dihydroxy	4
7801|Ginglymostoma cirratum	C27_monohydroxy	2
7801|Ginglymostoma cirratum	C27_tetrahydroxy	4
7801|Ginglymostoma cirratum	C27_trihydroxy	4
7808|Carcharhinus plumbeus	C24_alkamine_trihydroxy	1
7808|Carcharhinus plumbeus	C24_dihydroxy	1
7808|Carcharhinus plumbeus	C24_trihydroxy	4
7808|Carcharhinus plumbeus	C27_dihydroxy	11
7808|Carcharhinus plumbeus	C27_monohydroxy	7
7808|Carcharhinus plumbeus	C27_tetrahydroxy	3
7808|Carcharhinus plumbeus	C27_trihydroxy	3
7812|Mustelus canis	C23_dihydroxy	2
7812|Mustelus canis	C24_alkamine_trihydroxy	3
7812|Mustelus canis	C24_dihydroxy	3
7812|Mustelus canis	C24_trihydroxy	2
7812|Mustelus canis	C27_dihydroxy	3
7812|Mustelus canis	C27_monohydroxy	2
7812|Mustelus canis	C27_tetrahydroxy	2
7812|Mustelus canis	C27_trihydroxy	2
78168|Passiflora edulis	C24_nonhydroxy	1
7819|Galeocerdo cuvier	C23_dihydroxy	1
7819|Galeocerdo cuvier	C24_alkamine_tetrahydroxy	3
7819|Galeocerdo cuvier	C24_dihydroxy	9
7819|Galeocerdo cuvier	C24_trihydroxy	1
7819|Galeocerdo cuvier	C27_dihydroxy	6
7819|Galeocerdo cuvier	C27_monohydroxy	2
7819|Galeocerdo cuvier	C27_tetrahydroxy	1
7819|Galeocerdo cuvier	C27_trihydroxy	1
7821|Negaprion brevirostris	C24_alkamine_trihydroxy	6
7821|Negaprion brevirostris	C24_alkamine_dihydroxy	2
7821|Negaprion brevirostris	C24_dihydroxy	5
7821|Negaprion brevirostris	C24_trihydroxy	2
7821|Negaprion brevirostris	C27_dihydroxy	9
7821|Negaprion brevirostris	C27_monohydroxy	9
7821|Negaprion brevirostris	C27_tetrahydroxy	4
7821|Negaprion brevirostris	C27_trihydroxy	4
7830|Scyliorhinus canicula	C24_dihydroxy	1
7830|Scyliorhinus canicula	C24_tetrahydroxy	1
7830|Scyliorhinus canicula	C24_trihydroxy	2
7830|Scyliorhinus canicula	C27_dihydroxy	1
7830|Scyliorhinus canicula	C27_tetrahydroxy	1
7830|Scyliorhinus canicula	C27_trihydroxy	1
78356|Streptomyces thermocoprophilus	C28_alcohol_3OH	0
78371|Arisaema triphyllum	C23_trihydroxy	1
78371|Arisaema triphyllum	C24_trihydroxy	2
78371|Arisaema triphyllum	C27_pentahydroxy	2
78371|Arisaema triphyllum	C28_alcohol_2OH	0
78371|Arisaema triphyllum	C28_alcohol_3OH	0
78374|Zamioculcas zamiifolia	C24_alkamine_tetrahydroxy	2
78374|Zamioculcas zamiifolia	C26_dihydroxy	1
78374|Zamioculcas zamiifolia	C27_tetrahydroxy	4
78374|Zamioculcas zamiifolia	C27_trihydroxy	4
78374|Zamioculcas zamiifolia	C28_alcohol_3OH	0
78394|Eptatretus cirrhatus	C23_dihydroxy	2
78394|Eptatretus cirrhatus	C24_alkamine_pentahydroxy	2
78394|Eptatretus cirrhatus	C24_dihydroxy	10
78394|Eptatretus cirrhatus	C24_monohydroxy	4
78394|Eptatretus cirrhatus	C24_pentahydroxy	2
78394|Eptatretus cirrhatus	C24_tetrahydroxy	10
78394|Eptatretus cirrhatus	C24_trihydroxy	18
78394|Eptatretus cirrhatus	C27_dihydroxy	8
78394|Eptatretus cirrhatus	C27_monohydroxy	4
78394|Eptatretus cirrhatus	C27_tetrahydroxy	2
78394|Eptatretus cirrhatus	C27_trihydroxy	2
78510|Streptomyces yanii	C28_alcohol_3OH	0
7852|Alopias vulpinus	C24_dihydroxy	2
7852|Alopias vulpinus	C24_trihydroxy	3
7852|Alopias vulpinus	C27_dihydroxy	1
7883|Lepidosiren paradoxa	C23_dihydroxy	4
7883|Lepidosiren paradoxa	C24_alkamine_trihydroxy	3
7883|Lepidosiren paradoxa	C24_dihydroxy	10
7883|Lepidosiren paradoxa	C24_trihydroxy	2
7883|Lepidosiren paradoxa	C27_dihydroxy	4
7883|Lepidosiren paradoxa	C27_monohydroxy	2
7883|Lepidosiren paradoxa	C28_alcohol_3OH	0
7892|Neoceratodus forsteri	C23_dihydroxy	27
7892|Neoceratodus forsteri	C23_trihydroxy	2
7892|Neoceratodus forsteri	C24_alkamine_trihydroxy	6
7892|Neoceratodus forsteri	C24_alkamine_dihydroxy	2
7892|Neoceratodus forsteri	C24_alkamine_monohydroxy	1
7892|Neoceratodus forsteri	C24_alkamine_tetrahydroxy	1
7892|Neoceratodus forsteri	C24_dihydroxy	10
7892|Neoceratodus forsteri	C24_trihydroxy	5
7892|Neoceratodus forsteri	C27_dihydroxy	68
7892|Neoceratodus forsteri	C27_monohydroxy	47
7892|Neoceratodus forsteri	C27_tetrahydroxy	5
7892|Neoceratodus forsteri	C27_trihydroxy	5
7892|Neoceratodus forsteri	C28_alcohol_2OH	0
7892|Neoceratodus forsteri	C28_alcohol_3OH	0
7897|Latimeria chalumnae	C24_alkamine_trihydroxy	1
7897|Latimeria chalumnae	C24_alkamine_tetrahydroxy	2
7897|Latimeria chalumnae	C24_dihydroxy	14
7897|Latimeria chalumnae	C24_monohydroxy	2
7897|Latimeria chalumnae	C24_tetrahydroxy	4
7897|Latimeria chalumnae	C24_trihydroxy	12
7897|Latimeria chalumnae	C27_dihydroxy	35
7897|Latimeria chalumnae	C27_monohydroxy	7
7897|Latimeria chalumnae	C27_tetrahydroxy	8
7897|Latimeria chalumnae	C27_trihydroxy	8
79022|Thapsia garganica	C24_alkamine_dihydroxy	6
79022|Thapsia garganica	C24_alkamine_monohydroxy	2
79022|Thapsia garganica	C24_alkamine_pentahydroxy	4
79022|Thapsia garganica	C24_monohydroxy	2
79022|Thapsia garganica	C26_dihydroxy	6
79022|Thapsia garganica	C27_dihydroxy	8
79022|Thapsia garganica	C27_monohydroxy	10
79022|Thapsia garganica	C27_pentahydroxy	2
79022|Thapsia garganica	C27_tetrahydroxy	2
79022|Thapsia garganica	C27_trihydroxy	2
79022|Thapsia garganica	C28_alcohol_2OH	0
79022|Thapsia garganica	C28_alcohol_3OH	0
7902|Acipenser gueldenstaedtii	C23_dihydroxy	1
7902|Acipenser gueldenstaedtii	C23_trihydroxy	1
7902|Acipenser gueldenstaedtii	C24_alkamine_trihydroxy	2
7902|Acipenser gueldenstaedtii	C24_alkamine_pentahydroxy	2
7902|Acipenser gueldenstaedtii	C24_alkamine_tetrahydroxy	2
7902|Acipenser gueldenstaedtii	C24_dihydroxy	2
7902|Acipenser gueldenstaedtii	C24_pentahydroxy	4
7902|Acipenser gueldenstaedtii	C24_tetrahydroxy	6
7902|Acipenser gueldenstaedtii	C24_trihydroxy	9
7902|Acipenser gueldenstaedtii	C27_dihydroxy	14
7902|Acipenser gueldenstaedtii	C27_monohydroxy	7
7902|Acipenser gueldenstaedtii	C27_tetrahydroxy	1
7902|Acipenser gueldenstaedtii	C27_trihydroxy	1
7903|Acipenser stellatus	C24_alkamine_trihydroxy	1
7903|Acipenser stellatus	C24_alkamine_pentahydroxy	1
7903|Acipenser stellatus	C24_dihydroxy	5
7903|Acipenser stellatus	C24_pentahydroxy	2
7903|Acipenser stellatus	C24_tetrahydroxy	3
7903|Acipenser stellatus	C24_trihydroxy	11
7903|Acipenser stellatus	C27_dihydroxy	5
7903|Acipenser stellatus	C27_monohydroxy	2
7903|Acipenser stellatus	C27_tetrahydroxy	1
7903|Acipenser stellatus	C27_trihydroxy	1
7911|Polyodontidae	C24_alkamine_trihydroxy	8
7911|Polyodontidae	C24_alkamine_tetrahydroxy	3
7911|Polyodontidae	C24_dihydroxy	2
7911|Polyodontidae	C24_tetrahydroxy	4
7911|Polyodontidae	C24_trihydroxy	11
7911|Polyodontidae	C27_dihydroxy	5
7911|Polyodontidae	C27_monohydroxy	1
7911|Polyodontidae	C27_tetrahydroxy	3
7911|Polyodontidae	C27_trihydroxy	3
7918|Lepisosteus oculatus	C24_dihydroxy	1
7918|Lepisosteus oculatus	C24_tetrahydroxy	2
7918|Lepisosteus oculatus	C24_trihydroxy	12
7918|Lepisosteus oculatus	C27_dihydroxy	3
7918|Lepisosteus oculatus	C27_monohydroxy	2
7918|Lepisosteus oculatus	C27_tetrahydroxy	2
7918|Lepisosteus oculatus	C27_trihydroxy	2
7924|Amia calva	C24_alkamine_trihydroxy	14
7924|Amia calva	C24_alkamine_dihydroxy	7
7924|Amia calva	C24_alkamine_pentahydroxy	2
7924|Amia calva	C24_alkamine_tetrahydroxy	2
7924|Amia calva	C24_nonhydroxy	2
7924|Amia calva	C24_tetrahydroxy	1
7924|Amia calva	C24_trihydroxy	7
7924|Amia calva	C27_dihydroxy	3
7924|Amia calva	C27_monohydroxy	1
7924|Amia calva	C27_tetrahydroxy	1
7924|Amia calva	C27_trihydroxy	1
79261|Streptomyces castaneoglobisporus	C28_alcohol_3OH	0
7933|Anguilliformes	C24_alkamine_trihydroxy	1
7933|Anguilliformes	C24_alkamine_pentahydroxy	2
7933|Anguilliformes	C24_dihydroxy	3
7933|Anguilliformes	C24_pentahydroxy	2
7933|Anguilliformes	C24_tetrahydroxy	5
7933|Anguilliformes	C24_trihydroxy	8
7933|Anguilliformes	C27_dihydroxy	2
7933|Anguilliformes	C27_monohydroxy	1
7933|Anguilliformes	C27_tetrahydroxy	1
7933|Anguilliformes	C27_trihydroxy	1
7936|Anguilla anguilla	C24_dihydroxy	3
7936|Anguilla anguilla	C24_pentahydroxy	1
7936|Anguilla anguilla	C24_tetrahydroxy	2
7936|Anguilla anguilla	C24_trihydroxy	9
7936|Anguilla anguilla	C27_dihydroxy	2
7936|Anguilla anguilla	C27_monohydroxy	1
796003|Myoporum platycarpum	C28_alcohol_3OH	0
79626|Eudyptes chrysocome	C24_alkamine_pentahydroxy	1
79626|Eudyptes chrysocome	C24_alkamine_tetrahydroxy	1
79626|Eudyptes chrysocome	C24_dihydroxy	7
79626|Eudyptes chrysocome	C24_tetrahydroxy	4
79626|Eudyptes chrysocome	C24_trihydroxy	7
79626|Eudyptes chrysocome	C27_dihydroxy	5
79626|Eudyptes chrysocome	C27_monohydroxy	3
79626|Eudyptes chrysocome	C27_tetrahydroxy	1
79626|Eudyptes chrysocome	C27_trihydroxy	1
79627|Eudyptes chrysolophus	C24_alkamine_trihydroxy	3
79627|Eudyptes chrysolophus	C24_alkamine_pentahydroxy	3
79627|Eudyptes chrysolophus	C24_alkamine_tetrahydroxy	1
79627|Eudyptes chrysolophus	C24_dihydroxy	9
79627|Eudyptes chrysolophus	C24_pentahydroxy	2
79627|Eudyptes chrysolophus	C24_tetrahydroxy	9
79627|Eudyptes chrysolophus	C24_trihydroxy	9
79627|Eudyptes chrysolophus	C27_dihydroxy	4
79627|Eudyptes chrysolophus	C27_monohydroxy	3
79627|Eudyptes chrysolophus	C27_pentahydroxy	1
79627|Eudyptes chrysolophus	C27_tetrahydroxy	8
79627|Eudyptes chrysolophus	C27_trihydroxy	8
7962|Cyprinus carpio	C23_trihydroxy	1
7962|Cyprinus carpio	C24_alkamine_trihydroxy	1
7962|Cyprinus carpio	C24_dihydroxy	2
7962|Cyprinus carpio	C24_tetrahydroxy	1
7962|Cyprinus carpio	C24_trihydroxy	3
7962|Cyprinus carpio	C27_dihydroxy	1
7962|Cyprinus carpio	C27_monohydroxy	1
79631|Oceanodroma furcata	C24_alkamine_pentahydroxy	1
79631|Oceanodroma furcata	C24_alkamine_tetrahydroxy	1
79631|Oceanodroma furcata	C24_dihydroxy	6
79631|Oceanodroma furcata	C24_monohydroxy	1
79631|Oceanodroma furcata	C24_tetrahydroxy	4
79631|Oceanodroma furcata	C24_trihydroxy	5
79631|Oceanodroma furcata	C27_dihydroxy	3
79631|Oceanodroma furcata	C27_monohydroxy	1
79631|Oceanodroma furcata	C27_tetrahydroxy	3
79631|Oceanodroma furcata	C27_trihydroxy	3
796400|Ptilinopus magnificus	C24_dihydroxy	8
796400|Ptilinopus magnificus	C24_trihydroxy	11
79643|Pygoscelis antarcticus	C24_alkamine_trihydroxy	2
79643|Pygoscelis antarcticus	C24_alkamine_tetrahydroxy	2
79643|Pygoscelis antarcticus	C24_dihydroxy	12
79643|Pygoscelis antarcticus	C24_monohydroxy	5
79643|Pygoscelis antarcticus	C24_tetrahydroxy	4
79643|Pygoscelis antarcticus	C24_trihydroxy	11
79643|Pygoscelis antarcticus	C27_monohydroxy	2
79690|Hypanus sabinus	C27_dihydroxy	1
796942|Stomatobaculum longum	C24_alkamine_trihydroxy	20
796942|Stomatobaculum longum	C24_alkamine_dihydroxy	37
796942|Stomatobaculum longum	C24_dihydroxy	4
796942|Stomatobaculum longum	C24_trihydroxy	5
797473|Cardiobacterium valvarum F0432	C24_alkamine_trihydroxy	1
79805|Solenodon paradoxus	C23_dihydroxy	1
79805|Solenodon paradoxus	C24_alkamine_trihydroxy	1
79805|Solenodon paradoxus	C24_alkamine_pentahydroxy	2
79805|Solenodon paradoxus	C24_dihydroxy	4
79805|Solenodon paradoxus	C24_pentahydroxy	1
79805|Solenodon paradoxus	C24_tetrahydroxy	5
79805|Solenodon paradoxus	C24_trihydroxy	20
79805|Solenodon paradoxus	C27_dihydroxy	2
79805|Solenodon paradoxus	C27_monohydroxy	2
79805|Solenodon paradoxus	C27_pentahydroxy	3
79805|Solenodon paradoxus	C27_tetrahydroxy	3
79805|Solenodon paradoxus	C27_trihydroxy	3
79855|Schizachyrium scoparium	C24_alkamine_trihydroxy	1
79855|Schizachyrium scoparium	C28_alcohol_3OH	0
7995|Siluriformes	C24_alkamine_trihydroxy	2
7995|Siluriformes	C24_alkamine_pentahydroxy	1
7995|Siluriformes	C24_dihydroxy	3
7995|Siluriformes	C24_tetrahydroxy	7
7995|Siluriformes	C24_trihydroxy	9
7995|Siluriformes	C27_dihydroxy	2
7995|Siluriformes	C27_monohydroxy	2
7995|Siluriformes	C27_tetrahydroxy	1
7995|Siluriformes	C27_trihydroxy	1
8005|Electrophorus electricus	C24_alkamine_trihydroxy	2
8005|Electrophorus electricus	C24_alkamine_pentahydroxy	1
8005|Electrophorus electricus	C24_dihydroxy	11
8005|Electrophorus electricus	C24_tetrahydroxy	4
8005|Electrophorus electricus	C24_trihydroxy	28
8010|Esox lucius	C24_alkamine_trihydroxy	1
8010|Esox lucius	C24_alkamine_pentahydroxy	2
8010|Esox lucius	C24_dihydroxy	2
8010|Esox lucius	C24_tetrahydroxy	2
8010|Esox lucius	C24_trihydroxy	43
8010|Esox lucius	C27_dihydroxy	2
8022|Oncorhynchus mykiss	C24_alkamine_trihydroxy	2
8022|Oncorhynchus mykiss	C24_alkamine_pentahydroxy	3
8022|Oncorhynchus mykiss	C24_alkamine_tetrahydroxy	2
8022|Oncorhynchus mykiss	C24_dihydroxy	5
8022|Oncorhynchus mykiss	C24_pentahydroxy	4
8022|Oncorhynchus mykiss	C24_tetrahydroxy	8
8022|Oncorhynchus mykiss	C24_trihydroxy	12
8022|Oncorhynchus mykiss	C27_dihydroxy	5
8022|Oncorhynchus mykiss	C27_monohydroxy	2
8022|Oncorhynchus mykiss	C27_tetrahydroxy	2
8022|Oncorhynchus mykiss	C27_trihydroxy	2
80249|Phaedon cochleariae	C28_alcohol_3OH	0
8030|Salmo salar	C24_alkamine_trihydroxy	144
8030|Salmo salar	C24_alkamine_dihydroxy	34
8030|Salmo salar	C24_alkamine_monohydroxy	8
8030|Salmo salar	C24_alkamine_pentahydroxy	36
8030|Salmo salar	C24_alkamine_tetrahydroxy	3
8030|Salmo salar	C24_dihydroxy	28
8030|Salmo salar	C24_pentahydroxy	95
8030|Salmo salar	C24_tetrahydroxy	5229
8030|Salmo salar	C24_trihydroxy	3463
8030|Salmo salar	C27_dihydroxy	1244
8030|Salmo salar	C27_monohydroxy	421
8030|Salmo salar	C27_tetrahydroxy	40
8030|Salmo salar	C27_trihydroxy	40
8030|Salmo salar	C28_alcohol_2OH	0
8030|Salmo salar	C28_alcohol_3OH	0
803241|Acrochordus arafurae	C24_alkamine_pentahydroxy	1
803241|Acrochordus arafurae	C24_dihydroxy	6
803241|Acrochordus arafurae	C24_tetrahydroxy	4
803241|Acrochordus arafurae	C24_trihydroxy	10
803241|Acrochordus arafurae	C27_dihydroxy	1
8032|Salmo trutta	C24_alkamine_pentahydroxy	1
8032|Salmo trutta	C24_dihydroxy	2
8032|Salmo trutta	C24_tetrahydroxy	3
8032|Salmo trutta	C24_trihydroxy	3
80419|Capra pyrenaica	C24_dihydroxy	8
80419|Capra pyrenaica	C24_tetrahydroxy	1
80419|Capra pyrenaica	C24_trihydroxy	4
80419|Capra pyrenaica	C27_dihydroxy	1
80419|Capra pyrenaica	C27_monohydroxy	2
80442|Lacerta schreiberi	C24_alkamine_pentahydroxy	1
80442|Lacerta schreiberi	C24_alkamine_tetrahydroxy	2
80442|Lacerta schreiberi	C24_dihydroxy	8
80442|Lacerta schreiberi	C24_tetrahydroxy	7
80442|Lacerta schreiberi	C24_trihydroxy	19
80442|Lacerta schreiberi	C27_dihydroxy	1
80442|Lacerta schreiberi	C27_monohydroxy	1
80588|Gomphus clavatus	C24_alkamine_trihydroxy	1
80588|Gomphus clavatus	C24_monohydroxy	1
80664|Pisolithus arhizus	C24_monohydroxy	2
80772|Paratilapia polleni	C24_alkamine_dihydroxy	2
80772|Paratilapia polleni	C24_dihydroxy	6
80772|Paratilapia polleni	C24_monohydroxy	2
80772|Paratilapia polleni	C24_trihydroxy	2
80858|Streptomyces thermotolerans	C23_pentahydroxy	2
80858|Streptomyces thermotolerans	C24_alkamine_dihydroxy	2
80858|Streptomyces thermotolerans	C24_pentahydroxy	8
80858|Streptomyces thermotolerans	C24_trihydroxy	4
80858|Streptomyces thermotolerans	C28_alcohol_2OH	0
80858|Streptomyces thermotolerans	C28_alcohol_3OH	0
80859|Streptomyces ribosidificus	C28_alcohol_3OH	0
8090|Oryzias latipes	C24_alkamine_trihydroxy	5
8090|Oryzias latipes	C24_dihydroxy	2
8090|Oryzias latipes	C24_monohydroxy	1
8090|Oryzias latipes	C24_tetrahydroxy	3
8090|Oryzias latipes	C24_trihydroxy	7
8090|Oryzias latipes	C27_dihydroxy	6
8090|Oryzias latipes	C27_monohydroxy	6
8090|Oryzias latipes	C27_pentahydroxy	2
8090|Oryzias latipes	C27_tetrahydroxy	4
8090|Oryzias latipes	C27_trihydroxy	4
80972|Amphiprion ocellaris	C24_dihydroxy	3
80972|Amphiprion ocellaris	C24_trihydroxy	3
8110|Sebastolobus altivelis	C24_alkamine_trihydroxy	1
8110|Sebastolobus altivelis	C24_dihydroxy	5
8110|Sebastolobus altivelis	C24_tetrahydroxy	2
8110|Sebastolobus altivelis	C24_trihydroxy	14
8110|Sebastolobus altivelis	C27_dihydroxy	3
8110|Sebastolobus altivelis	C27_monohydroxy	2
81389|Regalecus glesne	C24_dihydroxy	10
81389|Regalecus glesne	C24_tetrahydroxy	2
81389|Regalecus glesne	C24_trihydroxy	10
81389|Regalecus glesne	C27_dihydroxy	2
81389|Regalecus glesne	C27_monohydroxy	1
81389|Regalecus glesne	C27_tetrahydroxy	1
81389|Regalecus glesne	C27_trihydroxy	1
815|Bacteroidaceae	C24_alkamine_trihydroxy	179
815|Bacteroidaceae	C24_alkamine_dihydroxy	92
815|Bacteroidaceae	C24_alkamine_monohydroxy	2
815|Bacteroidaceae	C24_alkamine_pentahydroxy	1
815|Bacteroidaceae	C24_alkamine_tetrahydroxy	4
815|Bacteroidaceae	C28_alcohol_2OH	0
815|Bacteroidaceae	C28_alcohol_3OH	0
8164|Lateolabrax japonicus	C24_dihydroxy	3
8164|Lateolabrax japonicus	C24_tetrahydroxy	3
8164|Lateolabrax japonicus	C24_trihydroxy	9
8164|Lateolabrax japonicus	C27_dihydroxy	1
8167|Perca flavescens	C24_dihydroxy	2
8167|Perca flavescens	C24_trihydroxy	3
8167|Perca flavescens	C27_dihydroxy	1
8167|Perca flavescens	C27_monohydroxy	1
8167|Perca flavescens	C28_alcohol_3OH	0
8175|Sparus aurata	C23_dihydroxy	1
8175|Sparus aurata	C24_dihydroxy	7
8175|Sparus aurata	C24_tetrahydroxy	1
8175|Sparus aurata	C24_trihydroxy	15
8175|Sparus aurata	C27_dihydroxy	6
8175|Sparus aurata	C27_monohydroxy	3
8175|Sparus aurata	C27_tetrahydroxy	1
8175|Sparus aurata	C27_trihydroxy	1
817|Bacteroides fragilis	C24_alkamine_trihydroxy	1
817|Bacteroides fragilis	C28_alcohol_3OH	0
81879|Rupicola rupicola	C24_dihydroxy	5
81879|Rupicola rupicola	C24_trihydroxy	2
81879|Rupicola rupicola	C27_dihydroxy	6
81879|Rupicola rupicola	C27_monohydroxy	1
81879|Rupicola rupicola	C27_tetrahydroxy	2
81879|Rupicola rupicola	C27_trihydroxy	2
818|Bacteroides thetaiotaomicron	C23_dihydroxy	6
818|Bacteroides thetaiotaomicron	C24_alkamine_trihydroxy	736
818|Bacteroides thetaiotaomicron	C24_alkamine_dihydroxy	6
818|Bacteroides thetaiotaomicron	C24_dihydroxy	971
818|Bacteroides thetaiotaomicron	C24_tetrahydroxy	56
818|Bacteroides thetaiotaomicron	C24_trihydroxy	1809
818|Bacteroides thetaiotaomicron	C27_dihydroxy	10
818|Bacteroides thetaiotaomicron	C27_monohydroxy	8
818|Bacteroides thetaiotaomicron	C28_alcohol_2OH	0
818|Bacteroides thetaiotaomicron	C28_alcohol_3OH	0
81903|Fulica americana	C24_alkamine_trihydroxy	2
81903|Fulica americana	C24_alkamine_dihydroxy	4
81903|Fulica americana	C24_dihydroxy	14
81903|Fulica americana	C24_monohydroxy	4
81903|Fulica americana	C24_tetrahydroxy	6
81903|Fulica americana	C24_trihydroxy	22
81903|Fulica americana	C27_dihydroxy	10
81903|Fulica americana	C27_monohydroxy	10
81903|Fulica americana	C27_pentahydroxy	4
81903|Fulica americana	C27_tetrahydroxy	6
81903|Fulica americana	C27_trihydroxy	4
81969|Corytophaninae	C24_alkamine_pentahydroxy	1
81969|Corytophaninae	C24_dihydroxy	2
81969|Corytophaninae	C24_tetrahydroxy	5
81969|Corytophaninae	C24_trihydroxy	9
81969|Corytophaninae	C27_dihydroxy	1
81969|Corytophaninae	C27_tetrahydroxy	2
81969|Corytophaninae	C27_trihydroxy	2
82047|Albuca bracteata	C23_pentahydroxy	8
82047|Albuca bracteata	C27_dihydroxy	1
82047|Albuca bracteata	C28_alcohol_3OH	0
820|Bacteroides uniformis	C24_alkamine_trihydroxy	167
820|Bacteroides uniformis	C24_alkamine_dihydroxy	113
820|Bacteroides uniformis	C24_alkamine_pentahydroxy	2
820|Bacteroides uniformis	C24_alkamine_tetrahydroxy	3
820|Bacteroides uniformis	C24_dihydroxy	1
820|Bacteroides uniformis	C24_trihydroxy	5
820|Bacteroides uniformis	C27_pentahydroxy	1
820|Bacteroides uniformis	C28_alcohol_2OH	0
820|Bacteroides uniformis	C28_alcohol_3OH	0
82174|Pseudorca crassidens	C24_dihydroxy	2
82174|Pseudorca crassidens	C24_tetrahydroxy	1
82174|Pseudorca crassidens	C24_trihydroxy	2
821|Phocaeicola vulgatus	C24_alkamine_trihydroxy	485
821|Phocaeicola vulgatus	C24_alkamine_dihydroxy	186
821|Phocaeicola vulgatus	C24_alkamine_monohydroxy	1
821|Phocaeicola vulgatus	C24_alkamine_pentahydroxy	1
821|Phocaeicola vulgatus	C24_alkamine_tetrahydroxy	10
821|Phocaeicola vulgatus	C24_dihydroxy	102
821|Phocaeicola vulgatus	C24_trihydroxy	212
821|Phocaeicola vulgatus	C28_alcohol_2OH	0
821|Phocaeicola vulgatus	C28_alcohol_3OH	0
8226|Katsuwonus pelamis	C24_alkamine_trihydroxy	2
8226|Katsuwonus pelamis	C24_alkamine_pentahydroxy	1
8226|Katsuwonus pelamis	C24_alkamine_tetrahydroxy	4
8226|Katsuwonus pelamis	C24_dihydroxy	5
8226|Katsuwonus pelamis	C24_tetrahydroxy	4
8226|Katsuwonus pelamis	C24_trihydroxy	12
8226|Katsuwonus pelamis	C27_dihydroxy	4
8226|Katsuwonus pelamis	C27_monohydroxy	1
8236|Thunnus albacares	C24_alkamine_tetrahydroxy	2
8236|Thunnus albacares	C24_dihydroxy	7
8236|Thunnus albacares	C24_monohydroxy	2
8236|Thunnus albacares	C24_trihydroxy	11
8236|Thunnus albacares	C27_dihydroxy	3
8236|Thunnus albacares	C27_monohydroxy	2
8236|Thunnus albacares	C27_tetrahydroxy	1
8236|Thunnus albacares	C27_trihydroxy	1
8238|Thunnus orientalis	C24_alkamine_tetrahydroxy	5
8238|Thunnus orientalis	C24_dihydroxy	6
8238|Thunnus orientalis	C24_tetrahydroxy	1
8238|Thunnus orientalis	C24_trihydroxy	9
8238|Thunnus orientalis	C27_dihydroxy	3
8238|Thunnus orientalis	C27_monohydroxy	4
82454|Abroma augustum	C28_alcohol_3OH	0
82457|Cola nitida	C24_alkamine_tetrahydroxy	1
82457|Cola nitida	C27_dihydroxy	2
82457|Cola nitida	C27_pentahydroxy	1
82457|Cola nitida	C28_alcohol_3OH	0
82655|Conger conger	C24_alkamine_trihydroxy	1
82655|Conger conger	C24_alkamine_pentahydroxy	2
82655|Conger conger	C24_dihydroxy	1
82655|Conger conger	C24_pentahydroxy	2
82655|Conger conger	C24_tetrahydroxy	6
82655|Conger conger	C24_trihydroxy	6
82655|Conger conger	C27_dihydroxy	7
82655|Conger conger	C27_monohydroxy	2
82655|Conger conger	C27_tetrahydroxy	5
82655|Conger conger	C27_trihydroxy	5
8305|Ambystoma tigrinum	C23_dihydroxy	1
8305|Ambystoma tigrinum	C24_alkamine_trihydroxy	2
8305|Ambystoma tigrinum	C24_trihydroxy	3
8305|Ambystoma tigrinum	C27_dihydroxy	9
8305|Ambystoma tigrinum	C27_monohydroxy	2
8305|Ambystoma tigrinum	C27_tetrahydroxy	1
8305|Ambystoma tigrinum	C27_trihydroxy	1
83154|Bassia scoparia	C28_alcohol_3OH	0
83378|Streptomyces ruber	C23_pentahydroxy	4
83378|Streptomyces ruber	C24_alkamine_trihydroxy	150
83378|Streptomyces ruber	C24_alkamine_dihydroxy	6
83378|Streptomyces ruber	C24_alkamine_pentahydroxy	6
83378|Streptomyces ruber	C24_alkamine_tetrahydroxy	40
83378|Streptomyces ruber	C24_trihydroxy	2
83378|Streptomyces ruber	C27_monohydroxy	2
83378|Streptomyces ruber	C27_pentahydroxy	4
83378|Streptomyces ruber	C28_alcohol_2OH	0
83378|Streptomyces ruber	C28_alcohol_3OH	0
83391|Coryphaenoides cinereus	C24_alkamine_trihydroxy	1
83391|Coryphaenoides cinereus	C24_alkamine_pentahydroxy	2
83391|Coryphaenoides cinereus	C24_dihydroxy	16
83391|Coryphaenoides cinereus	C24_pentahydroxy	2
83391|Coryphaenoides cinereus	C24_tetrahydroxy	19
83391|Coryphaenoides cinereus	C24_trihydroxy	34
83391|Coryphaenoides cinereus	C27_dihydroxy	6
83391|Coryphaenoides cinereus	C27_monohydroxy	3
83391|Coryphaenoides cinereus	C28_alcohol_2OH	0
83391|Coryphaenoides cinereus	C28_alcohol_3OH	0
83513|Agaricus semotus	C24_tetrahydroxy	5
8355|Xenopus laevis	C24_alkamine_trihydroxy	18
8355|Xenopus laevis	C24_alkamine_pentahydroxy	1
8355|Xenopus laevis	C24_dihydroxy	6
8355|Xenopus laevis	C24_pentahydroxy	3
8355|Xenopus laevis	C24_tetrahydroxy	7
8355|Xenopus laevis	C24_trihydroxy	43
8355|Xenopus laevis	C27_dihydroxy	16
8355|Xenopus laevis	C27_monohydroxy	9
8355|Xenopus laevis	C27_tetrahydroxy	8
8355|Xenopus laevis	C27_trihydroxy	7
8355|Xenopus laevis	C28_alcohol_2OH	0
8355|Xenopus laevis	C28_alcohol_3OH	0
8361|Hymenochirus	C24_dihydroxy	2
8361|Hymenochirus	C24_trihydroxy	2
83725|Macadamia jansenii	C28_alcohol_3OH	0
8389|Anaxyrus americanus	C24_alkamine_trihydroxy	1
8389|Anaxyrus americanus	C24_dihydroxy	2
8389|Anaxyrus americanus	C24_trihydroxy	1
8389|Anaxyrus americanus	C27_dihydroxy	3
8389|Anaxyrus americanus	C27_tetrahydroxy	1
8389|Anaxyrus americanus	C27_trihydroxy	1
83906|Boehmeria nivea	C24_alkamine_pentahydroxy	2
83906|Boehmeria nivea	C28_alcohol_3OH	0
8395|Phyllomedusa sauvagii	C24_dihydroxy	2
8395|Phyllomedusa sauvagii	C24_trihydroxy	1
8395|Phyllomedusa sauvagii	C27_monohydroxy	1
84009|Arctostaphylos uva-ursi	C28_alcohol_2OH	0
84009|Arctostaphylos uva-ursi	C28_alcohol_3OH	0
8400|Aquarana catesbeiana	C23_dihydroxy	1
8400|Aquarana catesbeiana	C24_alkamine_trihydroxy	3
8400|Aquarana catesbeiana	C24_alkamine_tetrahydroxy	2
8400|Aquarana catesbeiana	C27_dihydroxy	2
8400|Aquarana catesbeiana	C27_monohydroxy	5
8400|Aquarana catesbeiana	C27_tetrahydroxy	2
8400|Aquarana catesbeiana	C27_trihydroxy	2
8404|Lithobates pipiens	C24_dihydroxy	1
8404|Lithobates pipiens	C27_dihydroxy	2
8404|Lithobates pipiens	C27_tetrahydroxy	1
8404|Lithobates pipiens	C27_trihydroxy	1
8406|Pelophylax ridibundus	C24_trihydroxy	2
8406|Pelophylax ridibundus	C27_dihydroxy	4
8406|Pelophylax ridibundus	C27_tetrahydroxy	7
8406|Pelophylax ridibundus	C27_trihydroxy	7
8407|Rana temporaria	C24_dihydroxy	4
8407|Rana temporaria	C24_tetrahydroxy	1
8407|Rana temporaria	C24_trihydroxy	5
8407|Rana temporaria	C27_dihydroxy	3
8407|Rana temporaria	C27_monohydroxy	2
84112|Eggerthella lenta	C24_alkamine_pentahydroxy	96
84112|Eggerthella lenta	C27_dihydroxy	52
8450|Hypogeophis rostratus	C24_alkamine_trihydroxy	2
8450|Hypogeophis rostratus	C24_alkamine_tetrahydroxy	1
8450|Hypogeophis rostratus	C24_dihydroxy	15
8450|Hypogeophis rostratus	C24_monohydroxy	6
8450|Hypogeophis rostratus	C24_tetrahydroxy	6
8450|Hypogeophis rostratus	C24_trihydroxy	21
8450|Hypogeophis rostratus	C27_dihydroxy	2
84594|Micromonospora gifhornensis	C24_alkamine_trihydroxy	34
84594|Micromonospora gifhornensis	C24_alkamine_dihydroxy	1
84594|Micromonospora gifhornensis	C24_alkamine_pentahydroxy	8
84594|Micromonospora gifhornensis	C24_alkamine_tetrahydroxy	27
84594|Micromonospora gifhornensis	C24_dihydroxy	8
84594|Micromonospora gifhornensis	C24_monohydroxy	1
84594|Micromonospora gifhornensis	C24_tetrahydroxy	6
84594|Micromonospora gifhornensis	C24_trihydroxy	4
8467|Caretta caretta	C24_alkamine_trihydroxy	5
8467|Caretta caretta	C24_dihydroxy	3
8467|Caretta caretta	C24_monohydroxy	4
8467|Caretta caretta	C24_trihydroxy	3
8467|Caretta caretta	C27_dihydroxy	15
8467|Caretta caretta	C27_monohydroxy	12
8467|Caretta caretta	C27_pentahydroxy	17
8467|Caretta caretta	C27_tetrahydroxy	13
8467|Caretta caretta	C27_trihydroxy	15
8469|Chelonia mydas	C24_alkamine_trihydroxy	1
8469|Chelonia mydas	C24_dihydroxy	1
8469|Chelonia mydas	C24_tetrahydroxy	1
8469|Chelonia mydas	C24_trihydroxy	3
8469|Chelonia mydas	C27_pentahydroxy	5
8469|Chelonia mydas	C27_tetrahydroxy	2
8469|Chelonia mydas	C27_trihydroxy	2
84785|Sturnella neglecta	C24_alkamine_tetrahydroxy	1
84785|Sturnella neglecta	C24_dihydroxy	2
84785|Sturnella neglecta	C24_tetrahydroxy	2
84785|Sturnella neglecta	C24_trihydroxy	4
84785|Sturnella neglecta	C27_dihydroxy	5
84785|Sturnella neglecta	C27_monohydroxy	2
84785|Sturnella neglecta	C27_pentahydroxy	3
84785|Sturnella neglecta	C27_tetrahydroxy	4
84785|Sturnella neglecta	C27_trihydroxy	4
8479|Chrysemys picta	C24_alkamine_trihydroxy	2
8479|Chrysemys picta	C24_alkamine_tetrahydroxy	1
8479|Chrysemys picta	C24_dihydroxy	3
8479|Chrysemys picta	C24_tetrahydroxy	3
8479|Chrysemys picta	C24_trihydroxy	4
8479|Chrysemys picta	C27_dihydroxy	1
84834|Molothrus ater	C24_dihydroxy	2
84834|Molothrus ater	C24_trihydroxy	2
84834|Molothrus ater	C28_alcohol_2OH	0
8485|Malaclemys terrapin	C24_alkamine_trihydroxy	4
8485|Malaclemys terrapin	C24_alkamine_tetrahydroxy	1
8485|Malaclemys terrapin	C24_dihydroxy	1
8485|Malaclemys terrapin	C24_tetrahydroxy	2
8485|Malaclemys terrapin	C24_trihydroxy	2
8496|Alligator mississippiensis	C23_dihydroxy	2
8496|Alligator mississippiensis	C24_alkamine_dihydroxy	4
8496|Alligator mississippiensis	C24_dihydroxy	13
8496|Alligator mississippiensis	C24_trihydroxy	13
8496|Alligator mississippiensis	C27_dihydroxy	22
8496|Alligator mississippiensis	C27_monohydroxy	6
8496|Alligator mississippiensis	C27_pentahydroxy	4
8496|Alligator mississippiensis	C27_tetrahydroxy	8
8496|Alligator mississippiensis	C27_trihydroxy	7
8496|Alligator mississippiensis	C28_alcohol_3OH	0
84984|Crax alberti	C24_alkamine_trihydroxy	1
84984|Crax alberti	C24_alkamine_tetrahydroxy	1
84984|Crax alberti	C24_dihydroxy	8
84984|Crax alberti	C24_monohydroxy	1
84984|Crax alberti	C24_tetrahydroxy	4
84984|Crax alberti	C24_trihydroxy	7
84984|Crax alberti	C27_dihydroxy	2
84984|Crax alberti	C27_monohydroxy	3
84985|Crax alector	C24_alkamine_tetrahydroxy	1
84985|Crax alector	C24_dihydroxy	12
84985|Crax alector	C24_monohydroxy	2
84985|Crax alector	C24_tetrahydroxy	5
84985|Crax alector	C24_trihydroxy	12
84985|Crax alector	C27_dihydroxy	4
84985|Crax alector	C27_monohydroxy	3
84986|Crax daubentoni	C24_dihydroxy	3
84986|Crax daubentoni	C24_trihydroxy	6
8499|Caiman crocodilus	C24_dihydroxy	3
8499|Caiman crocodilus	C24_trihydroxy	4
8499|Caiman crocodilus	C27_dihydroxy	3
8499|Caiman crocodilus	C27_tetrahydroxy	3
8499|Caiman crocodilus	C27_trihydroxy	3
8501|Crocodylus niloticus	C24_dihydroxy	1
8501|Crocodylus niloticus	C24_trihydroxy	1
8501|Crocodylus niloticus	C27_dihydroxy	10
8501|Crocodylus niloticus	C27_monohydroxy	2
8501|Crocodylus niloticus	C27_tetrahydroxy	9
8501|Crocodylus niloticus	C27_trihydroxy	10
85023|Microbacteriaceae	C24_alkamine_trihydroxy	43
85023|Microbacteriaceae	C24_alkamine_dihydroxy	26
85023|Microbacteriaceae	C24_alkamine_pentahydroxy	1
85023|Microbacteriaceae	C24_alkamine_tetrahydroxy	11
85023|Microbacteriaceae	C24_dihydroxy	5
85023|Microbacteriaceae	C24_monohydroxy	3
85023|Microbacteriaceae	C24_tetrahydroxy	2
85023|Microbacteriaceae	C24_trihydroxy	11
8502|Crocodylus porosus	C24_dihydroxy	3
8502|Crocodylus porosus	C24_tetrahydroxy	3
8502|Crocodylus porosus	C24_trihydroxy	4
8502|Crocodylus porosus	C27_dihydroxy	5
8502|Crocodylus porosus	C27_monohydroxy	1
8502|Crocodylus porosus	C27_pentahydroxy	2
8502|Crocodylus porosus	C27_tetrahydroxy	10
8502|Crocodylus porosus	C27_trihydroxy	10
8503|Crocodylus novaeguineae	C23_trihydroxy	4
8503|Crocodylus novaeguineae	C24_dihydroxy	16
8503|Crocodylus novaeguineae	C24_monohydroxy	4
8503|Crocodylus novaeguineae	C24_tetrahydroxy	4
8503|Crocodylus novaeguineae	C24_trihydroxy	20
8503|Crocodylus novaeguineae	C27_dihydroxy	14
8503|Crocodylus novaeguineae	C27_monohydroxy	4
8503|Crocodylus novaeguineae	C27_pentahydroxy	4
8503|Crocodylus novaeguineae	C27_tetrahydroxy	4
8503|Crocodylus novaeguineae	C27_trihydroxy	4
85044|Williamsia muralis	C24_alkamine_trihydroxy	5
85044|Williamsia muralis	C24_alkamine_pentahydroxy	12
85044|Williamsia muralis	C24_alkamine_tetrahydroxy	11
85044|Williamsia muralis	C24_dihydroxy	4
85044|Williamsia muralis	C24_tetrahydroxy	7
85044|Williamsia muralis	C24_trihydroxy	6
85071|Lamprotornis caudatus	C24_alkamine_trihydroxy	3
85071|Lamprotornis caudatus	C24_alkamine_tetrahydroxy	1
85071|Lamprotornis caudatus	C24_dihydroxy	5
85071|Lamprotornis caudatus	C24_tetrahydroxy	4
85071|Lamprotornis caudatus	C24_trihydroxy	8
85071|Lamprotornis caudatus	C27_monohydroxy	1
85071|Lamprotornis caudatus	C27_tetrahydroxy	1
85071|Lamprotornis caudatus	C27_trihydroxy	1
85099|Podiceps nigricollis	C24_alkamine_trihydroxy	7
85099|Podiceps nigricollis	C24_alkamine_dihydroxy	12
85099|Podiceps nigricollis	C24_alkamine_tetrahydroxy	3
85099|Podiceps nigricollis	C24_dihydroxy	5
85099|Podiceps nigricollis	C24_tetrahydroxy	5
85099|Podiceps nigricollis	C24_trihydroxy	16
85099|Podiceps nigricollis	C27_dihydroxy	1
85099|Podiceps nigricollis	C27_monohydroxy	2
85099|Podiceps nigricollis	C27_pentahydroxy	1
85099|Podiceps nigricollis	C27_tetrahydroxy	1
85099|Podiceps nigricollis	C27_trihydroxy	1
85099|Podiceps nigricollis	C28_alcohol_3OH	0
850|Fusobacterium mortiferum	C24_alkamine_trihydroxy	8
850|Fusobacterium mortiferum	C24_alkamine_dihydroxy	4
850|Fusobacterium mortiferum	C24_alkamine_tetrahydroxy	1
850|Fusobacterium mortiferum	C24_dihydroxy	3
850|Fusobacterium mortiferum	C24_tetrahydroxy	1
850|Fusobacterium mortiferum	C24_trihydroxy	6
850|Fusobacterium mortiferum	C28_alcohol_3OH	0
85101|Urocolius macrourus	C24_dihydroxy	8
85101|Urocolius macrourus	C24_monohydroxy	1
85101|Urocolius macrourus	C24_trihydroxy	10
85101|Urocolius macrourus	C27_dihydroxy	6
85101|Urocolius macrourus	C27_monohydroxy	4
8517|Iguana iguana	C24_alkamine_trihydroxy	4
8517|Iguana iguana	C24_dihydroxy	6
8517|Iguana iguana	C24_monohydroxy	1
8517|Iguana iguana	C24_tetrahydroxy	6
8517|Iguana iguana	C24_trihydroxy	10
8517|Iguana iguana	C27_dihydroxy	7
8517|Iguana iguana	C27_monohydroxy	6
8517|Iguana iguana	C27_pentahydroxy	1
8517|Iguana iguana	C27_tetrahydroxy	6
8517|Iguana iguana	C27_trihydroxy	6
85195|Dischidia	C23_dihydroxy	1
85195|Dischidia	C23_pentahydroxy	1
85195|Dischidia	C24_alkamine_trihydroxy	3
85195|Dischidia	C27_dihydroxy	2
85195|Dischidia	C27_monohydroxy	1
85195|Dischidia	C28_alcohol_2OH	0
85195|Dischidia	C28_alcohol_3OH	0
85206|Fuchsia procumbens	C28_alcohol_2OH	0
85206|Fuchsia procumbens	C28_alcohol_3OH	0
85222|Laurus	C24_alkamine_tetrahydroxy	4
85222|Laurus	C24_tetrahydroxy	1
85222|Laurus	C26_dihydroxy	2
85222|Laurus	C27_pentahydroxy	2
85222|Laurus	C28_alcohol_3OH	0
85223|Laurus nobilis	C24_dihydroxy	18
85223|Laurus nobilis	C24_tetrahydroxy	1
85223|Laurus nobilis	C24_trihydroxy	21
85223|Laurus nobilis	C28_alcohol_3OH	0
8527|Tiliqua rugosa	C24_alkamine_trihydroxy	4
8527|Tiliqua rugosa	C24_dihydroxy	7
8527|Tiliqua rugosa	C24_monohydroxy	2
8527|Tiliqua rugosa	C24_trihydroxy	5
8527|Tiliqua rugosa	C27_dihydroxy	9
8527|Tiliqua rugosa	C27_monohydroxy	1
8527|Tiliqua rugosa	C27_pentahydroxy	3
8527|Tiliqua rugosa	C27_tetrahydroxy	6
8527|Tiliqua rugosa	C27_trihydroxy	6
85351|Hedera canariensis	C23_pentahydroxy	1
85351|Hedera canariensis	C24_alkamine_pentahydroxy	6
85351|Hedera canariensis	C24_pentahydroxy	2
85351|Hedera canariensis	C28_alcohol_3OH	0
853|Faecalibacterium prausnitzii	C24_alkamine_trihydroxy	5
853|Faecalibacterium prausnitzii	C24_alkamine_dihydroxy	3
853|Faecalibacterium prausnitzii	C24_dihydroxy	4
853|Faecalibacterium prausnitzii	C24_trihydroxy	6
8552|Heloderma horridum horridum	C24_alkamine_tetrahydroxy	4
8552|Heloderma horridum horridum	C24_dihydroxy	7
8552|Heloderma horridum horridum	C24_tetrahydroxy	3
8552|Heloderma horridum horridum	C24_trihydroxy	7
8552|Heloderma horridum horridum	C27_dihydroxy	2
8552|Heloderma horridum horridum	C27_pentahydroxy	2
8552|Heloderma horridum horridum	C27_tetrahydroxy	3
8552|Heloderma horridum horridum	C27_trihydroxy	3
8556|Varanus	C24_dihydroxy	3
8556|Varanus	C24_trihydroxy	5
8556|Varanus	C27_dihydroxy	1
8556|Varanus	C27_monohydroxy	1
8556|Varanus	C27_pentahydroxy	5
8556|Varanus	C27_tetrahydroxy	2
8556|Varanus	C27_trihydroxy	2
8557|Varanus exanthematicus	C23_dihydroxy	7
8557|Varanus exanthematicus	C24_alkamine_trihydroxy	8
8557|Varanus exanthematicus	C24_dihydroxy	38
8557|Varanus exanthematicus	C24_monohydroxy	8
8557|Varanus exanthematicus	C24_tetrahydroxy	13
8557|Varanus exanthematicus	C24_trihydroxy	39
8557|Varanus exanthematicus	C27_dihydroxy	9
8557|Varanus exanthematicus	C27_monohydroxy	5
8557|Varanus exanthematicus	C27_pentahydroxy	8
8557|Varanus exanthematicus	C27_tetrahydroxy	2
8557|Varanus exanthematicus	C27_trihydroxy	2
8558|Varanus albigularis	C24_alkamine_tetrahydroxy	2
8558|Varanus albigularis	C24_trihydroxy	2
8558|Varanus albigularis	C27_monohydroxy	2
8558|Varanus albigularis	C28_alcohol_3OH	0
8559|Varanus varius	C24_dihydroxy	6
8559|Varanus varius	C24_tetrahydroxy	1
8559|Varanus varius	C24_trihydroxy	6
8559|Varanus varius	C27_pentahydroxy	5
85698|Achromobacter xylosoxidans	C24_dihydroxy	5
85698|Achromobacter xylosoxidans	C24_monohydroxy	35
85698|Achromobacter xylosoxidans	C24_nonhydroxy	1
85698|Achromobacter xylosoxidans	C27_pentahydroxy	1
85698|Achromobacter xylosoxidans	C28_alcohol_3OH	0
857291|Prevotella histicola F0411	C24_alkamine_trihydroxy	22
857291|Prevotella histicola F0411	C24_alkamine_dihydroxy	32
857291|Prevotella histicola F0411	C24_dihydroxy	5
857291|Prevotella histicola F0411	C24_trihydroxy	10
8574|Boa constrictor	C24_alkamine_trihydroxy	2
8574|Boa constrictor	C24_alkamine_pentahydroxy	4
8574|Boa constrictor	C24_alkamine_tetrahydroxy	6
8574|Boa constrictor	C24_dihydroxy	5
8574|Boa constrictor	C24_tetrahydroxy	9
8574|Boa constrictor	C24_trihydroxy	28
8574|Boa constrictor	C27_dihydroxy	2
8574|Boa constrictor	C27_monohydroxy	2
8574|Boa constrictor	C27_tetrahydroxy	1
8574|Boa constrictor	C27_trihydroxy	2
857502|Bathymodiolus manusensis	C24_alkamine_trihydroxy	2
857502|Bathymodiolus manusensis	C28_alcohol_3OH	0
858649|Lactobacillus crispatus EX849587VC01	C24_alkamine_trihydroxy	1
858649|Lactobacillus crispatus EX849587VC01	C24_dihydroxy	1
858649|Lactobacillus crispatus EX849587VC01	C24_trihydroxy	1
858663|Lactobacillus jensenii EX849587VC03	C24_alkamine_trihydroxy	26
858663|Lactobacillus jensenii EX849587VC03	C24_alkamine_dihydroxy	34
858663|Lactobacillus jensenii EX849587VC03	C24_dihydroxy	3
858663|Lactobacillus jensenii EX849587VC03	C24_trihydroxy	6
858665|Lactobacillus jensenii EX849587VC06	C24_alkamine_trihydroxy	27
858665|Lactobacillus jensenii EX849587VC06	C24_alkamine_dihydroxy	33
858665|Lactobacillus jensenii EX849587VC06	C24_dihydroxy	2
858665|Lactobacillus jensenii EX849587VC06	C24_trihydroxy	7
858666|Lactobacillus gasseri EX336960VC01	C24_alkamine_trihydroxy	34
858666|Lactobacillus gasseri EX336960VC01	C24_alkamine_dihydroxy	39
858666|Lactobacillus gasseri EX336960VC01	C24_dihydroxy	1
858666|Lactobacillus gasseri EX336960VC01	C24_trihydroxy	7
858667|Lactobacillus gasseri EX336960VC02	C24_alkamine_trihydroxy	2
858667|Lactobacillus gasseri EX336960VC02	C24_dihydroxy	1
858668|Lactobacillus gasseri EX336960VC03	C24_alkamine_trihydroxy	30
858668|Lactobacillus gasseri EX336960VC03	C24_alkamine_dihydroxy	41
858668|Lactobacillus gasseri EX336960VC03	C24_dihydroxy	2
858668|Lactobacillus gasseri EX336960VC03	C24_trihydroxy	4
858669|Lactobacillus gasseri EX336960VC06	C24_alkamine_trihydroxy	22
858669|Lactobacillus gasseri EX336960VC06	C24_alkamine_dihydroxy	36
858669|Lactobacillus gasseri EX336960VC06	C24_dihydroxy	3
858669|Lactobacillus gasseri EX336960VC06	C24_trihydroxy	3
858670|Lactobacillus gasseri EX336960VC07	C24_alkamine_trihydroxy	23
858670|Lactobacillus gasseri EX336960VC07	C24_alkamine_dihydroxy	34
858670|Lactobacillus gasseri EX336960VC07	C24_dihydroxy	1
858670|Lactobacillus gasseri EX336960VC07	C24_trihydroxy	7
858672|Lactobacillus gasseri EX336960VC13	C24_alkamine_trihydroxy	27
858672|Lactobacillus gasseri EX336960VC13	C24_alkamine_dihydroxy	36
858672|Lactobacillus gasseri EX336960VC13	C24_dihydroxy	1
858672|Lactobacillus gasseri EX336960VC13	C24_trihydroxy	6
858673|Lactobacillus gasseri EX336960VC15	C24_alkamine_trihydroxy	29
858673|Lactobacillus gasseri EX336960VC15	C24_alkamine_dihydroxy	41
858673|Lactobacillus gasseri EX336960VC15	C24_dihydroxy	2
858673|Lactobacillus gasseri EX336960VC15	C24_trihydroxy	4
858674|Limosilactobacillus vaginalis EX336960VC05	C24_alkamine_trihydroxy	25
858674|Limosilactobacillus vaginalis EX336960VC05	C24_alkamine_dihydroxy	41
858674|Limosilactobacillus vaginalis EX336960VC05	C24_dihydroxy	1
858674|Limosilactobacillus vaginalis EX336960VC05	C24_trihydroxy	5
858675|Limosilactobacillus vaginalis EX336960VC11	C24_alkamine_trihydroxy	24
858675|Limosilactobacillus vaginalis EX336960VC11	C24_alkamine_dihydroxy	37
858675|Limosilactobacillus vaginalis EX336960VC11	C24_dihydroxy	3
858675|Limosilactobacillus vaginalis EX336960VC11	C24_trihydroxy	8
858676|Limosilactobacillus vaginalis EX336960VC12	C24_alkamine_trihydroxy	22
858676|Limosilactobacillus vaginalis EX336960VC12	C24_alkamine_dihydroxy	40
858676|Limosilactobacillus vaginalis EX336960VC12	C24_dihydroxy	2
858676|Limosilactobacillus vaginalis EX336960VC12	C24_trihydroxy	6
858694|Bifidobacterium breve EX336960VC18	C24_alkamine_trihydroxy	30
858694|Bifidobacterium breve EX336960VC18	C24_alkamine_dihydroxy	37
858694|Bifidobacterium breve EX336960VC18	C24_dihydroxy	2
858694|Bifidobacterium breve EX336960VC18	C24_trihydroxy	3
858695|Bifidobacterium breve EX336960VC19	C24_alkamine_trihydroxy	24
858695|Bifidobacterium breve EX336960VC19	C24_alkamine_dihydroxy	42
858695|Bifidobacterium breve EX336960VC19	C24_alkamine_tetrahydroxy	1
858695|Bifidobacterium breve EX336960VC19	C24_dihydroxy	13
858695|Bifidobacterium breve EX336960VC19	C24_trihydroxy	7
858695|Bifidobacterium breve EX336960VC19	C28_alcohol_3OH	0
859256|Drymarchon couperi	C24_alkamine_trihydroxy	4
859256|Drymarchon couperi	C24_dihydroxy	5
859256|Drymarchon couperi	C24_tetrahydroxy	6
859256|Drymarchon couperi	C24_trihydroxy	24
859256|Drymarchon couperi	C27_dihydroxy	4
8605|Acanthophis antarcticus	C24_alkamine_pentahydroxy	2
8605|Acanthophis antarcticus	C24_alkamine_tetrahydroxy	2
8605|Acanthophis antarcticus	C24_dihydroxy	4
8605|Acanthophis antarcticus	C24_pentahydroxy	1
8605|Acanthophis antarcticus	C24_tetrahydroxy	14
8605|Acanthophis antarcticus	C24_trihydroxy	27
8605|Acanthophis antarcticus	C27_dihydroxy	4
8605|Acanthophis antarcticus	C27_monohydroxy	4
86063|Galeorhinus galeus	C23_dihydroxy	2
86063|Galeorhinus galeus	C24_alkamine_trihydroxy	2
86063|Galeorhinus galeus	C24_dihydroxy	3
86063|Galeorhinus galeus	C24_trihydroxy	1
86063|Galeorhinus galeus	C27_dihydroxy	1
86063|Galeorhinus galeus	C27_monohydroxy	3
86063|Galeorhinus galeus	C27_tetrahydroxy	1
86063|Galeorhinus galeus	C27_trihydroxy	1
860|Fusobacterium periodonticum	C24_alkamine_trihydroxy	27
860|Fusobacterium periodonticum	C24_alkamine_dihydroxy	35
860|Fusobacterium periodonticum	C24_dihydroxy	1
860|Fusobacterium periodonticum	C24_trihydroxy	6
8610|Naja annulata annulata	C24_alkamine_trihydroxy	19
8610|Naja annulata annulata	C24_alkamine_dihydroxy	10
8610|Naja annulata annulata	C24_alkamine_monohydroxy	2
8610|Naja annulata annulata	C24_alkamine_pentahydroxy	2
8610|Naja annulata annulata	C24_alkamine_tetrahydroxy	6
8610|Naja annulata annulata	C24_dihydroxy	8
8610|Naja annulata annulata	C24_tetrahydroxy	6
8610|Naja annulata annulata	C24_trihydroxy	16
8610|Naja annulata annulata	C27_dihydroxy	4
8610|Naja annulata annulata	C27_tetrahydroxy	2
8610|Naja annulata annulata	C27_trihydroxy	2
8614|Bungarus flaviceps	C24_dihydroxy	4
8614|Bungarus flaviceps	C24_pentahydroxy	2
8614|Bungarus flaviceps	C24_tetrahydroxy	3
8614|Bungarus flaviceps	C24_trihydroxy	3
8614|Bungarus flaviceps	C27_tetrahydroxy	1
8614|Bungarus flaviceps	C27_trihydroxy	1
8618|Dendroaspis angusticeps	C24_alkamine_pentahydroxy	2
8618|Dendroaspis angusticeps	C24_dihydroxy	7
8618|Dendroaspis angusticeps	C24_pentahydroxy	1
8618|Dendroaspis angusticeps	C24_tetrahydroxy	8
8618|Dendroaspis angusticeps	C24_trihydroxy	14
8618|Dendroaspis angusticeps	C27_dihydroxy	2
8618|Dendroaspis angusticeps	C27_monohydroxy	1
8618|Dendroaspis angusticeps	C27_tetrahydroxy	1
8618|Dendroaspis angusticeps	C27_trihydroxy	1
86207|Ptereleotris heteroptera	C24_alkamine_dihydroxy	3
86207|Ptereleotris heteroptera	C24_dihydroxy	11
86207|Ptereleotris heteroptera	C24_trihydroxy	9
86207|Ptereleotris heteroptera	C27_dihydroxy	1
86207|Ptereleotris heteroptera	C27_monohydroxy	1
8624|Dendroaspis polylepis	C24_alkamine_trihydroxy	3
8624|Dendroaspis polylepis	C24_alkamine_pentahydroxy	1
8624|Dendroaspis polylepis	C24_alkamine_tetrahydroxy	4
8624|Dendroaspis polylepis	C24_dihydroxy	6
8624|Dendroaspis polylepis	C24_pentahydroxy	3
8624|Dendroaspis polylepis	C24_tetrahydroxy	10
8624|Dendroaspis polylepis	C24_trihydroxy	23
8624|Dendroaspis polylepis	C27_dihydroxy	1
8624|Dendroaspis polylepis	C27_monohydroxy	1
8626|Hemachatus haemachatus	C24_alkamine_pentahydroxy	1
8626|Hemachatus haemachatus	C24_alkamine_tetrahydroxy	1
8626|Hemachatus haemachatus	C24_dihydroxy	4
8626|Hemachatus haemachatus	C24_pentahydroxy	2
8626|Hemachatus haemachatus	C24_tetrahydroxy	11
8626|Hemachatus haemachatus	C24_trihydroxy	29
8626|Hemachatus haemachatus	C27_dihydroxy	1
8626|Hemachatus haemachatus	C27_monohydroxy	1
8628|Laticauda colubrina	C24_alkamine_pentahydroxy	1
8628|Laticauda colubrina	C24_alkamine_tetrahydroxy	1
8628|Laticauda colubrina	C24_dihydroxy	2
8628|Laticauda colubrina	C24_tetrahydroxy	2
8628|Laticauda colubrina	C24_trihydroxy	10
8631|Laticauda semifasciata	C24_alkamine_trihydroxy	1
8631|Laticauda semifasciata	C24_alkamine_pentahydroxy	1
8631|Laticauda semifasciata	C24_dihydroxy	2
8631|Laticauda semifasciata	C24_tetrahydroxy	3
8631|Laticauda semifasciata	C24_trihydroxy	10
8633|Calliophis bivirgatus	C24_dihydroxy	4
8633|Calliophis bivirgatus	C24_pentahydroxy	2
8633|Calliophis bivirgatus	C24_tetrahydroxy	3
8633|Calliophis bivirgatus	C24_trihydroxy	9
86377|Taeniura lymma	C24_dihydroxy	22
86377|Taeniura lymma	C24_monohydroxy	1
86377|Taeniura lymma	C24_tetrahydroxy	6
86377|Taeniura lymma	C24_trihydroxy	10
86377|Taeniura lymma	C27_dihydroxy	3
86377|Taeniura lymma	C27_monohydroxy	8
86377|Taeniura lymma	C28_alcohol_3OH	0
8637|Micrurus fulvius	C23_dihydroxy	1
8637|Micrurus fulvius	C23_trihydroxy	2
8637|Micrurus fulvius	C24_alkamine_tetrahydroxy	1
8637|Micrurus fulvius	C24_dihydroxy	3
8637|Micrurus fulvius	C24_tetrahydroxy	17
8637|Micrurus fulvius	C24_trihydroxy	23
8637|Micrurus fulvius	C27_monohydroxy	1
864585|Trachylepis affinis	C24_dihydroxy	8
864585|Trachylepis affinis	C24_monohydroxy	3
864585|Trachylepis affinis	C24_tetrahydroxy	5
864585|Trachylepis affinis	C24_trihydroxy	11
864585|Trachylepis affinis	C27_dihydroxy	4
864585|Trachylepis affinis	C27_monohydroxy	2
864585|Trachylepis affinis	C27_pentahydroxy	3
864585|Trachylepis affinis	C27_tetrahydroxy	8
864585|Trachylepis affinis	C27_trihydroxy	8
86557|Eunicea	C24_alkamine_tetrahydroxy	2
86557|Eunicea	C27_pentahydroxy	2
8658|Naja pallida	C24_alkamine_pentahydroxy	2
8658|Naja pallida	C24_dihydroxy	9
8658|Naja pallida	C24_pentahydroxy	1
8658|Naja pallida	C24_tetrahydroxy	6
8658|Naja pallida	C24_trihydroxy	23
8658|Naja pallida	C27_dihydroxy	1
8658|Naja pallida	C27_monohydroxy	1
8658|Naja pallida	C27_tetrahydroxy	2
8658|Naja pallida	C27_trihydroxy	2
865996|Onychostoma alticorpus	C23_dihydroxy	5
865996|Onychostoma alticorpus	C24_alkamine_trihydroxy	1
865996|Onychostoma alticorpus	C24_dihydroxy	4
865996|Onychostoma alticorpus	C24_tetrahydroxy	2
865996|Onychostoma alticorpus	C24_trihydroxy	14
865996|Onychostoma alticorpus	C27_dihydroxy	11
865996|Onychostoma alticorpus	C27_monohydroxy	9
865996|Onychostoma alticorpus	C27_tetrahydroxy	3
865996|Onychostoma alticorpus	C27_trihydroxy	3
865996|Onychostoma alticorpus	C28_alcohol_3OH	0
8663|Notechis scutatus	C24_alkamine_pentahydroxy	2
8663|Notechis scutatus	C24_dihydroxy	4
8663|Notechis scutatus	C24_tetrahydroxy	4
8663|Notechis scutatus	C24_trihydroxy	15
86640|Myoporum parvifolium	C24_alkamine_pentahydroxy	2
86640|Myoporum parvifolium	C28_alcohol_2OH	0
86640|Myoporum parvifolium	C28_alcohol_3OH	0
866438|Rhyticeros undulatus	C24_alkamine_tetrahydroxy	2
866438|Rhyticeros undulatus	C24_tetrahydroxy	4
866438|Rhyticeros undulatus	C24_trihydroxy	2
866438|Rhyticeros undulatus	C27_dihydroxy	2
866438|Rhyticeros undulatus	C27_monohydroxy	2
866438|Rhyticeros undulatus	C27_pentahydroxy	4
866438|Rhyticeros undulatus	C27_tetrahydroxy	2
866438|Rhyticeros undulatus	C27_trihydroxy	2
866438|Rhyticeros undulatus	C28_alcohol_3OH	0
86643|Leucophyllum frutescens	C28_alcohol_3OH	0
8665|Ophiophagus hannah	C24_dihydroxy	3
8665|Ophiophagus hannah	C24_pentahydroxy	1
8665|Ophiophagus hannah	C24_tetrahydroxy	2
8665|Ophiophagus hannah	C24_trihydroxy	10
8682|Hydrophis schistosus	C24_dihydroxy	8
8682|Hydrophis schistosus	C24_monohydroxy	1
8682|Hydrophis schistosus	C24_tetrahydroxy	1
8682|Hydrophis schistosus	C24_trihydroxy	7
8682|Hydrophis schistosus	C27_dihydroxy	2
8682|Hydrophis schistosus	C27_monohydroxy	2
8694|Bitis gabonica	C23_dihydroxy	2
8694|Bitis gabonica	C23_trihydroxy	2
8694|Bitis gabonica	C24_alkamine_trihydroxy	2
8694|Bitis gabonica	C24_dihydroxy	2
8694|Bitis gabonica	C24_tetrahydroxy	8
8694|Bitis gabonica	C24_trihydroxy	9
8694|Bitis gabonica	C27_dihydroxy	1
8694|Bitis gabonica	C27_monohydroxy	1
8695|Bitis nasicornis	C23_trihydroxy	1
8695|Bitis nasicornis	C24_alkamine_trihydroxy	3
8695|Bitis nasicornis	C24_alkamine_tetrahydroxy	3
8695|Bitis nasicornis	C24_dihydroxy	4
8695|Bitis nasicornis	C24_pentahydroxy	5
8695|Bitis nasicornis	C24_tetrahydroxy	6
8695|Bitis nasicornis	C24_trihydroxy	10
8695|Bitis nasicornis	C27_monohydroxy	1
86973|Okapia johnstoni	C24_dihydroxy	5
86973|Okapia johnstoni	C24_tetrahydroxy	2
86973|Okapia johnstoni	C24_trihydroxy	6
86975|Testudo graeca	C24_alkamine_pentahydroxy	1
86975|Testudo graeca	C24_dihydroxy	1
86975|Testudo graeca	C24_trihydroxy	1
86975|Testudo graeca	C27_dihydroxy	4
86975|Testudo graeca	C27_pentahydroxy	2
86975|Testudo graeca	C27_tetrahydroxy	7
86975|Testudo graeca	C27_trihydroxy	7
8697|Cerastes cerastes	C24_alkamine_trihydroxy	2
8697|Cerastes cerastes	C24_alkamine_pentahydroxy	3
8697|Cerastes cerastes	C24_dihydroxy	6
8697|Cerastes cerastes	C24_pentahydroxy	5
8697|Cerastes cerastes	C24_tetrahydroxy	16
8697|Cerastes cerastes	C24_trihydroxy	18
8697|Cerastes cerastes	C27_dihydroxy	1
8697|Cerastes cerastes	C27_monohydroxy	2
8697|Cerastes cerastes	C27_pentahydroxy	3
8697|Cerastes cerastes	C27_tetrahydroxy	1
8697|Cerastes cerastes	C27_trihydroxy	1
869905|Cossypha heuglini	C24_alkamine_pentahydroxy	2
869905|Cossypha heuglini	C24_dihydroxy	3
869905|Cossypha heuglini	C24_pentahydroxy	2
869905|Cossypha heuglini	C24_tetrahydroxy	4
869905|Cossypha heuglini	C24_trihydroxy	3
869905|Cossypha heuglini	C27_dihydroxy	1
8704|Vipera ammodytes	C23_dihydroxy	1
8704|Vipera ammodytes	C24_dihydroxy	3
8704|Vipera ammodytes	C24_pentahydroxy	6
8704|Vipera ammodytes	C24_tetrahydroxy	7
8704|Vipera ammodytes	C24_trihydroxy	8
8704|Vipera ammodytes	C27_monohydroxy	1
8704|Vipera ammodytes	C27_pentahydroxy	3
8704|Vipera ammodytes	C27_tetrahydroxy	1
8704|Vipera ammodytes	C27_trihydroxy	1
8707|Daboia russelii	C23_dihydroxy	8
8707|Daboia russelii	C23_trihydroxy	2
8707|Daboia russelii	C24_alkamine_trihydroxy	1
8707|Daboia russelii	C24_dihydroxy	3
8707|Daboia russelii	C24_pentahydroxy	1
8707|Daboia russelii	C24_tetrahydroxy	3
8707|Daboia russelii	C24_trihydroxy	5
8707|Daboia russelii	C27_monohydroxy	1
87140|Aetobatus narinari	C23_dihydroxy	1
87140|Aetobatus narinari	C24_alkamine_trihydroxy	3
87140|Aetobatus narinari	C24_dihydroxy	1
87140|Aetobatus narinari	C24_trihydroxy	1
87140|Aetobatus narinari	C27_monohydroxy	1
8718|Agkistrodon bilineatus	C24_alkamine_tetrahydroxy	1
8718|Agkistrodon bilineatus	C24_dihydroxy	7
8718|Agkistrodon bilineatus	C24_tetrahydroxy	5
8718|Agkistrodon bilineatus	C24_trihydroxy	22
8720|Agkistrodon contortrix	C24_alkamine_trihydroxy	32
8720|Agkistrodon contortrix	C24_alkamine_dihydroxy	14
8720|Agkistrodon contortrix	C24_alkamine_monohydroxy	3
8720|Agkistrodon contortrix	C24_alkamine_pentahydroxy	1
8720|Agkistrodon contortrix	C24_alkamine_tetrahydroxy	9
8720|Agkistrodon contortrix	C24_dihydroxy	15
8720|Agkistrodon contortrix	C24_monohydroxy	2
8720|Agkistrodon contortrix	C24_pentahydroxy	1
8720|Agkistrodon contortrix	C24_tetrahydroxy	17
8720|Agkistrodon contortrix	C24_trihydroxy	19
8724|Bothrops jararaca	C24_alkamine_trihydroxy	2
8724|Bothrops jararaca	C24_alkamine_pentahydroxy	1
8724|Bothrops jararaca	C24_dihydroxy	8
8724|Bothrops jararaca	C24_pentahydroxy	3
8724|Bothrops jararaca	C24_tetrahydroxy	6
8724|Bothrops jararaca	C24_trihydroxy	21
8724|Bothrops jararaca	C27_monohydroxy	2
87253|Agaricus subrutilescens	C24_tetrahydroxy	2
8729|Crotalus adamanteus	C23_trihydroxy	1
8729|Crotalus adamanteus	C24_alkamine_trihydroxy	1
8729|Crotalus adamanteus	C24_alkamine_pentahydroxy	1
8729|Crotalus adamanteus	C24_dihydroxy	5
8729|Crotalus adamanteus	C24_pentahydroxy	1
8729|Crotalus adamanteus	C24_tetrahydroxy	11
8729|Crotalus adamanteus	C24_trihydroxy	25
8729|Crotalus adamanteus	C27_dihydroxy	3
8729|Crotalus adamanteus	C27_monohydroxy	2
8729|Crotalus adamanteus	C27_pentahydroxy	1
8731|Crotalus durissus	C24_alkamine_trihydroxy	1
8731|Crotalus durissus	C24_dihydroxy	2
8731|Crotalus durissus	C24_pentahydroxy	2
8731|Crotalus durissus	C24_tetrahydroxy	8
8731|Crotalus durissus	C24_trihydroxy	10
873517|Capnocytophaga ochracea F0287	C24_alkamine_trihydroxy	1
8735|Crotalus ruber	C24_alkamine_trihydroxy	2
8735|Crotalus ruber	C24_alkamine_tetrahydroxy	2
8735|Crotalus ruber	C24_dihydroxy	3
8735|Crotalus ruber	C24_pentahydroxy	4
8735|Crotalus ruber	C24_tetrahydroxy	15
8735|Crotalus ruber	C24_trihydroxy	29
8735|Crotalus ruber	C27_monohydroxy	1
8735|Crotalus ruber	C27_pentahydroxy	1
8735|Crotalus ruber	C27_tetrahydroxy	1
8735|Crotalus ruber	C27_trihydroxy	1
8737|Crotalus scutulatus	C24_alkamine_pentahydroxy	3
8737|Crotalus scutulatus	C24_dihydroxy	9
8737|Crotalus scutulatus	C24_pentahydroxy	2
8737|Crotalus scutulatus	C24_tetrahydroxy	12
8737|Crotalus scutulatus	C24_trihydroxy	13
8737|Crotalus scutulatus	C27_dihydroxy	3
8737|Crotalus scutulatus	C27_tetrahydroxy	1
8737|Crotalus scutulatus	C27_trihydroxy	1
8741|Crotalus helleri	C24_alkamine_trihydroxy	3
8741|Crotalus helleri	C24_alkamine_pentahydroxy	1
8741|Crotalus helleri	C24_dihydroxy	19
8741|Crotalus helleri	C24_pentahydroxy	1
8741|Crotalus helleri	C24_tetrahydroxy	22
8741|Crotalus helleri	C24_trihydroxy	49
8741|Crotalus helleri	C27_dihydroxy	3
8741|Crotalus helleri	C27_pentahydroxy	5
8741|Crotalus helleri	C27_tetrahydroxy	1
8741|Crotalus helleri	C27_trihydroxy	1
8746|Crotalus cerastes	C24_dihydroxy	4
8746|Crotalus cerastes	C24_pentahydroxy	1
8746|Crotalus cerastes	C24_tetrahydroxy	3
8746|Crotalus cerastes	C24_trihydroxy	5
8746|Crotalus cerastes	C27_monohydroxy	1
87477|Trisetum flavescens	C23_trihydroxy	4
87477|Trisetum flavescens	C24_alkamine_pentahydroxy	3
87477|Trisetum flavescens	C24_alkamine_tetrahydroxy	1
87477|Trisetum flavescens	C24_nonhydroxy	3
87477|Trisetum flavescens	C24_tetrahydroxy	6
87477|Trisetum flavescens	C24_trihydroxy	30
87477|Trisetum flavescens	C27_pentahydroxy	7
8751|Lachesis	C24_alkamine_trihydroxy	1
8751|Lachesis	C24_alkamine_tetrahydroxy	1
8751|Lachesis	C24_dihydroxy	5
8751|Lachesis	C24_pentahydroxy	7
8751|Lachesis	C24_tetrahydroxy	7
8751|Lachesis	C24_trihydroxy	12
8751|Lachesis	C27_dihydroxy	2
8751|Lachesis	C27_monohydroxy	1
8770|Tropidolaemus wagleri	C24_alkamine_trihydroxy	6
8770|Tropidolaemus wagleri	C24_alkamine_pentahydroxy	2
8770|Tropidolaemus wagleri	C24_alkamine_tetrahydroxy	2
8770|Tropidolaemus wagleri	C24_dihydroxy	5
8770|Tropidolaemus wagleri	C24_tetrahydroxy	10
8770|Tropidolaemus wagleri	C24_trihydroxy	17
8770|Tropidolaemus wagleri	C27_dihydroxy	1
8770|Tropidolaemus wagleri	C27_trihydroxy	1
8787|Casuarius casuarius	C24_alkamine_tetrahydroxy	2
8787|Casuarius casuarius	C24_dihydroxy	3
8787|Casuarius casuarius	C24_monohydroxy	4
8787|Casuarius casuarius	C24_tetrahydroxy	2
8787|Casuarius casuarius	C24_trihydroxy	5
8787|Casuarius casuarius	C27_dihydroxy	14
8787|Casuarius casuarius	C27_monohydroxy	7
8787|Casuarius casuarius	C27_pentahydroxy	2
8787|Casuarius casuarius	C27_tetrahydroxy	5
8787|Casuarius casuarius	C27_trihydroxy	6
8787|Casuarius casuarius	C28_alcohol_3OH	0
8790|Dromaius novaehollandiae	C24_alkamine_trihydroxy	2
8790|Dromaius novaehollandiae	C24_dihydroxy	18
8790|Dromaius novaehollandiae	C24_monohydroxy	4
8790|Dromaius novaehollandiae	C24_tetrahydroxy	6
8790|Dromaius novaehollandiae	C24_trihydroxy	12
8790|Dromaius novaehollandiae	C27_dihydroxy	8
8790|Dromaius novaehollandiae	C27_monohydroxy	8
8790|Dromaius novaehollandiae	C27_tetrahydroxy	3
8790|Dromaius novaehollandiae	C27_trihydroxy	3
8790|Dromaius novaehollandiae	C28_alcohol_3OH	0
879307|Gardnerella vaginalis 315-A	C24_alkamine_trihydroxy	21
879307|Gardnerella vaginalis 315-A	C24_alkamine_dihydroxy	37
879307|Gardnerella vaginalis 315-A	C24_dihydroxy	5
879307|Gardnerella vaginalis 315-A	C24_trihydroxy	6
8797|Rhea americana	C24_alkamine_tetrahydroxy	2
8797|Rhea americana	C24_dihydroxy	12
8797|Rhea americana	C24_monohydroxy	1
8797|Rhea americana	C24_pentahydroxy	4
8797|Rhea americana	C24_tetrahydroxy	2
8797|Rhea americana	C24_trihydroxy	10
8797|Rhea americana	C27_dihydroxy	10
8797|Rhea americana	C27_monohydroxy	2
8797|Rhea americana	C27_tetrahydroxy	2
8797|Rhea americana	C27_trihydroxy	2
8797|Rhea americana	C28_alcohol_2OH	0
8797|Rhea americana	C28_alcohol_3OH	0
8801|Struthio camelus	C23_dihydroxy	2
8801|Struthio camelus	C24_alkamine_trihydroxy	4
8801|Struthio camelus	C24_dihydroxy	20
8801|Struthio camelus	C24_monohydroxy	12
8801|Struthio camelus	C24_tetrahydroxy	6
8801|Struthio camelus	C24_trihydroxy	22
8801|Struthio camelus	C27_dihydroxy	10
8801|Struthio camelus	C27_monohydroxy	4
8801|Struthio camelus	C27_pentahydroxy	2
8801|Struthio camelus	C27_tetrahydroxy	4
8801|Struthio camelus	C27_trihydroxy	4
8801|Struthio camelus	C28_alcohol_3OH	0
88029|Semnopithecus entellus	C24_alkamine_trihydroxy	2
88029|Semnopithecus entellus	C24_alkamine_dihydroxy	2
88029|Semnopithecus entellus	C24_alkamine_tetrahydroxy	1
88029|Semnopithecus entellus	C24_dihydroxy	19
88029|Semnopithecus entellus	C24_tetrahydroxy	3
88029|Semnopithecus entellus	C24_trihydroxy	18
88029|Semnopithecus entellus	C27_dihydroxy	1
88128|Agaricus californicus	C24_tetrahydroxy	5
8821|Apteryx	C23_dihydroxy	2
8821|Apteryx	C24_alkamine_trihydroxy	4
8821|Apteryx	C24_trihydroxy	2
8821|Apteryx	C27_dihydroxy	8
8821|Apteryx	C28_alcohol_3OH	0
883167|Streptococcus intermedius F0413	C24_trihydroxy	1
8832|Aix galericulata	C23_dihydroxy	5
8832|Aix galericulata	C23_trihydroxy	2
8832|Aix galericulata	C24_alkamine_tetrahydroxy	3
8832|Aix galericulata	C24_dihydroxy	14
8832|Aix galericulata	C24_monohydroxy	5
8832|Aix galericulata	C24_tetrahydroxy	3
8832|Aix galericulata	C24_trihydroxy	3
8832|Aix galericulata	C27_monohydroxy	2
8833|Aix sponsa	C23_dihydroxy	3
8833|Aix sponsa	C23_trihydroxy	1
8833|Aix sponsa	C24_alkamine_trihydroxy	1
8833|Aix sponsa	C24_alkamine_dihydroxy	1
8833|Aix sponsa	C24_alkamine_tetrahydroxy	1
8833|Aix sponsa	C24_dihydroxy	7
8833|Aix sponsa	C24_tetrahydroxy	4
8833|Aix sponsa	C24_trihydroxy	6
8837|Anas capensis	C23_dihydroxy	7
8837|Anas capensis	C24_alkamine_tetrahydroxy	2
8837|Anas capensis	C24_dihydroxy	14
8837|Anas capensis	C24_pentahydroxy	1
8837|Anas capensis	C24_tetrahydroxy	3
8837|Anas capensis	C24_trihydroxy	8
8837|Anas capensis	C27_dihydroxy	9
8837|Anas capensis	C27_monohydroxy	3
8837|Anas capensis	C27_tetrahydroxy	3
8837|Anas capensis	C27_trihydroxy	3
8839|Anas platyrhynchos	C23_dihydroxy	1
8839|Anas platyrhynchos	C24_dihydroxy	2
8839|Anas platyrhynchos	C24_trihydroxy	3
8839|Anas platyrhynchos	C27_dihydroxy	4
8839|Anas platyrhynchos	C27_monohydroxy	2
8839|Anas platyrhynchos	C27_trihydroxy	1
8839|Anas platyrhynchos	C28_alcohol_3OH	0
8840|Anas platyrhynchos platyrhynchos	C23_dihydroxy	2
8840|Anas platyrhynchos platyrhynchos	C24_dihydroxy	7
8840|Anas platyrhynchos platyrhynchos	C24_monohydroxy	2
8840|Anas platyrhynchos platyrhynchos	C24_tetrahydroxy	3
8840|Anas platyrhynchos platyrhynchos	C24_trihydroxy	5
8840|Anas platyrhynchos platyrhynchos	C27_dihydroxy	1
8840|Anas platyrhynchos platyrhynchos	C27_monohydroxy	4
8846|Anser indicus	C24_dihydroxy	4
8846|Anser indicus	C24_tetrahydroxy	1
8846|Anser indicus	C24_trihydroxy	5
8846|Anser indicus	C27_monohydroxy	2
8849|Anser caerulescens	C24_alkamine_tetrahydroxy	1
8849|Anser caerulescens	C24_dihydroxy	15
8849|Anser caerulescens	C24_tetrahydroxy	2
8849|Anser caerulescens	C24_trihydroxy	11
8849|Anser caerulescens	C27_dihydroxy	4
8849|Anser caerulescens	C27_monohydroxy	7
8849|Anser caerulescens	C27_tetrahydroxy	3
8849|Anser caerulescens	C27_trihydroxy	3
8851|Anseranas semipalmata	C24_dihydroxy	2
8851|Anseranas semipalmata	C24_trihydroxy	2
8853|Branta canadensis	C23_dihydroxy	2
8853|Branta canadensis	C24_alkamine_dihydroxy	2
8853|Branta canadensis	C24_dihydroxy	3
8853|Branta canadensis	C24_tetrahydroxy	1
8853|Branta canadensis	C24_trihydroxy	3
885424|Smaug warreni	C24_alkamine_trihydroxy	1
885424|Smaug warreni	C24_alkamine_tetrahydroxy	1
885424|Smaug warreni	C24_dihydroxy	5
885424|Smaug warreni	C24_tetrahydroxy	1
885424|Smaug warreni	C24_trihydroxy	7
885424|Smaug warreni	C27_dihydroxy	1
885424|Smaug warreni	C27_monohydroxy	1
885424|Smaug warreni	C27_pentahydroxy	9
885517|Ouroborus cataphractus	C24_dihydroxy	6
885517|Ouroborus cataphractus	C24_monohydroxy	1
885517|Ouroborus cataphractus	C24_pentahydroxy	1
885517|Ouroborus cataphractus	C24_tetrahydroxy	2
885517|Ouroborus cataphractus	C24_trihydroxy	9
885517|Ouroborus cataphractus	C27_dihydroxy	8
885517|Ouroborus cataphractus	C27_pentahydroxy	8
885517|Ouroborus cataphractus	C27_tetrahydroxy	1
885517|Ouroborus cataphractus	C27_trihydroxy	1
8858|Cereopsis novaehollandiae	C24_dihydroxy	2
8858|Cereopsis novaehollandiae	C24_tetrahydroxy	1
8858|Cereopsis novaehollandiae	C24_trihydroxy	3
8863|Coscoroba coscoroba	C24_alkamine_trihydroxy	2
8863|Coscoroba coscoroba	C24_alkamine_dihydroxy	6
8863|Coscoroba coscoroba	C24_alkamine_tetrahydroxy	2
8863|Coscoroba coscoroba	C24_dihydroxy	32
8863|Coscoroba coscoroba	C24_monohydroxy	4
8863|Coscoroba coscoroba	C24_tetrahydroxy	6
8863|Coscoroba coscoroba	C24_trihydroxy	32
8863|Coscoroba coscoroba	C27_dihydroxy	4
8863|Coscoroba coscoroba	C27_monohydroxy	2
88656|Anoplogaster cornuta	C24_dihydroxy	2
88656|Anoplogaster cornuta	C24_tetrahydroxy	1
88656|Anoplogaster cornuta	C24_trihydroxy	8
88656|Anoplogaster cornuta	C27_dihydroxy	4
88656|Anoplogaster cornuta	C27_monohydroxy	2
8865|Cyanochen cyanoptera	C24_alkamine_dihydroxy	1
8865|Cyanochen cyanoptera	C24_alkamine_tetrahydroxy	1
8865|Cyanochen cyanoptera	C24_dihydroxy	6
8865|Cyanochen cyanoptera	C24_tetrahydroxy	1
8865|Cyanochen cyanoptera	C24_trihydroxy	3
8865|Cyanochen cyanoptera	C27_monohydroxy	2
8868|Cygnus atratus	C23_dihydroxy	1
8868|Cygnus atratus	C24_alkamine_pentahydroxy	1
8868|Cygnus atratus	C24_dihydroxy	9
8868|Cygnus atratus	C24_monohydroxy	5
8868|Cygnus atratus	C24_tetrahydroxy	3
8868|Cygnus atratus	C24_trihydroxy	5
8868|Cygnus atratus	C27_dihydroxy	1
8868|Cygnus atratus	C27_tetrahydroxy	1
8868|Cygnus atratus	C27_trihydroxy	1
886939|Liatris spicata	C23_pentahydroxy	2
886939|Liatris spicata	C24_tetrahydroxy	76
886939|Liatris spicata	C24_trihydroxy	2
886939|Liatris spicata	C27_pentahydroxy	3
886939|Liatris spicata	C28_alcohol_3OH	0
8872|Dendrocygna arcuata	C24_dihydroxy	9
8872|Dendrocygna arcuata	C24_tetrahydroxy	5
8872|Dendrocygna arcuata	C24_trihydroxy	5
8872|Dendrocygna arcuata	C27_monohydroxy	1
8873|Dendrocygna autumnalis	C24_alkamine_trihydroxy	2
8873|Dendrocygna autumnalis	C24_alkamine_dihydroxy	2
8873|Dendrocygna autumnalis	C24_alkamine_tetrahydroxy	1
8873|Dendrocygna autumnalis	C24_dihydroxy	25
8873|Dendrocygna autumnalis	C24_monohydroxy	4
8873|Dendrocygna autumnalis	C24_tetrahydroxy	1
8873|Dendrocygna autumnalis	C24_trihydroxy	7
8873|Dendrocygna autumnalis	C27_dihydroxy	8
8873|Dendrocygna autumnalis	C27_monohydroxy	5
887463|Streptomyces sp. BK161	C28_alcohol_2OH	0
887463|Streptomyces sp. BK161	C28_alcohol_3OH	0
8874|Dendrocygna bicolor	C24_dihydroxy	8
8874|Dendrocygna bicolor	C24_monohydroxy	1
8874|Dendrocygna bicolor	C24_trihydroxy	8
8874|Dendrocygna bicolor	C27_monohydroxy	2
8875|Dendrocygna eytoni	C24_dihydroxy	8
8875|Dendrocygna eytoni	C24_tetrahydroxy	4
8875|Dendrocygna eytoni	C24_trihydroxy	18
8875|Dendrocygna eytoni	C27_dihydroxy	1
8876|Dendrocygna viduata	C24_alkamine_dihydroxy	2
8876|Dendrocygna viduata	C24_alkamine_tetrahydroxy	2
8876|Dendrocygna viduata	C24_dihydroxy	13
8876|Dendrocygna viduata	C24_tetrahydroxy	2
8876|Dendrocygna viduata	C24_trihydroxy	6
8876|Dendrocygna viduata	C27_dihydroxy	3
8876|Dendrocygna viduata	C27_monohydroxy	5
8876|Dendrocygna viduata	C28_alcohol_3OH	0
8880|Mergus merganser	C24_alkamine_tetrahydroxy	1
8880|Mergus merganser	C24_dihydroxy	8
8880|Mergus merganser	C24_monohydroxy	1
8880|Mergus merganser	C24_tetrahydroxy	4
8880|Mergus merganser	C24_trihydroxy	6
8880|Mergus merganser	C27_dihydroxy	3
8880|Mergus merganser	C27_monohydroxy	2
8882|Neochen jubata	C23_dihydroxy	2
8882|Neochen jubata	C23_trihydroxy	1
8882|Neochen jubata	C24_alkamine_dihydroxy	2
8882|Neochen jubata	C24_alkamine_pentahydroxy	2
8882|Neochen jubata	C24_dihydroxy	16
8882|Neochen jubata	C24_monohydroxy	3
8882|Neochen jubata	C24_pentahydroxy	2
8882|Neochen jubata	C24_tetrahydroxy	5
8882|Neochen jubata	C24_trihydroxy	12
8882|Neochen jubata	C27_dihydroxy	3
8882|Neochen jubata	C27_monohydroxy	1
88830|Nodularia sphaerocarpa PCC 7804	C28_alcohol_3OH	0
8884|Oxyura jamaicensis	C24_alkamine_trihydroxy	4
8884|Oxyura jamaicensis	C24_alkamine_dihydroxy	6
8884|Oxyura jamaicensis	C24_alkamine_tetrahydroxy	1
8884|Oxyura jamaicensis	C24_dihydroxy	10
8884|Oxyura jamaicensis	C24_monohydroxy	1
8884|Oxyura jamaicensis	C24_tetrahydroxy	5
8884|Oxyura jamaicensis	C24_trihydroxy	11
8884|Oxyura jamaicensis	C27_dihydroxy	4
8884|Oxyura jamaicensis	C27_monohydroxy	2
8884|Oxyura jamaicensis	C27_tetrahydroxy	1
8884|Oxyura jamaicensis	C27_trihydroxy	1
8885|Oxyura vittata	C24_alkamine_tetrahydroxy	1
8885|Oxyura vittata	C24_dihydroxy	14
8885|Oxyura vittata	C24_monohydroxy	4
8885|Oxyura vittata	C24_tetrahydroxy	4
8885|Oxyura vittata	C24_trihydroxy	10
8885|Oxyura vittata	C27_dihydroxy	4
8885|Oxyura vittata	C27_monohydroxy	4
8885|Oxyura vittata	C27_tetrahydroxy	1
8885|Oxyura vittata	C27_trihydroxy	1
88869|Notamacropus rufogriseus rufogriseus	C24_alkamine_trihydroxy	1
88869|Notamacropus rufogriseus rufogriseus	C24_dihydroxy	4
88869|Notamacropus rufogriseus rufogriseus	C24_tetrahydroxy	3
88869|Notamacropus rufogriseus rufogriseus	C24_trihydroxy	7
88869|Notamacropus rufogriseus rufogriseus	C27_dihydroxy	1
88869|Notamacropus rufogriseus rufogriseus	C27_monohydroxy	2
88869|Notamacropus rufogriseus rufogriseus	C27_tetrahydroxy	2
88869|Notamacropus rufogriseus rufogriseus	C27_trihydroxy	2
8887|Sarkidiornis melanotos	C23_dihydroxy	1
8887|Sarkidiornis melanotos	C24_alkamine_dihydroxy	1
8887|Sarkidiornis melanotos	C24_dihydroxy	2
8887|Sarkidiornis melanotos	C24_trihydroxy	3
889328|Aspidelaps lubricus	C24_alkamine_trihydroxy	1
889328|Aspidelaps lubricus	C24_dihydroxy	2
889328|Aspidelaps lubricus	C24_pentahydroxy	2
889328|Aspidelaps lubricus	C24_tetrahydroxy	8
889328|Aspidelaps lubricus	C24_trihydroxy	26
889328|Aspidelaps lubricus	C27_dihydroxy	1
8901|Nycticorax nycticorax	C24_dihydroxy	4
8901|Nycticorax nycticorax	C24_tetrahydroxy	7
8901|Nycticorax nycticorax	C24_trihydroxy	8
8901|Nycticorax nycticorax	C27_dihydroxy	2
8901|Nycticorax nycticorax	C27_monohydroxy	2
8901|Nycticorax nycticorax	C27_tetrahydroxy	1
8901|Nycticorax nycticorax	C27_trihydroxy	1
89050|Actinacidiphila yeochonensis	C28_alcohol_3OH	0
8905|Podargus strigoides	C24_alkamine_trihydroxy	2
8905|Podargus strigoides	C24_alkamine_pentahydroxy	3
8905|Podargus strigoides	C24_alkamine_tetrahydroxy	4
8905|Podargus strigoides	C24_dihydroxy	15
8905|Podargus strigoides	C24_monohydroxy	4
8905|Podargus strigoides	C24_tetrahydroxy	7
8905|Podargus strigoides	C24_trihydroxy	9
8905|Podargus strigoides	C27_dihydroxy	3
8905|Podargus strigoides	C27_monohydroxy	2
8924|Vultur gryphus	C23_dihydroxy	2
8924|Vultur gryphus	C24_alkamine_tetrahydroxy	2
8924|Vultur gryphus	C24_dihydroxy	18
8924|Vultur gryphus	C24_monohydroxy	4
8924|Vultur gryphus	C24_tetrahydroxy	8
8924|Vultur gryphus	C24_trihydroxy	30
8924|Vultur gryphus	C27_dihydroxy	12
8924|Vultur gryphus	C27_monohydroxy	4
8924|Vultur gryphus	C27_pentahydroxy	16
8924|Vultur gryphus	C27_tetrahydroxy	16
8924|Vultur gryphus	C27_trihydroxy	16
89250|Equus quagga boehmi	C24_alkamine_dihydroxy	3
89250|Equus quagga boehmi	C24_dihydroxy	4
89250|Equus quagga boehmi	C24_monohydroxy	1
89252|Equus quagga burchellii	C24_dihydroxy	4
89252|Equus quagga burchellii	C24_trihydroxy	2
89252|Equus quagga burchellii	C27_dihydroxy	1
8930|Columbidae	C24_dihydroxy	7
8930|Columbidae	C24_tetrahydroxy	1
8930|Columbidae	C24_trihydroxy	9
8932|Columba livia	C24_dihydroxy	5
8932|Columba livia	C24_trihydroxy	4
89379|Hypogeomys antimena	C24_trihydroxy	2
89379|Hypogeomys antimena	C27_monohydroxy	2
89379|Hypogeomys antimena	C28_alcohol_3OH	0
89385|Eupodotis senegalensis	C24_alkamine_trihydroxy	1
89385|Eupodotis senegalensis	C24_alkamine_dihydroxy	4
89385|Eupodotis senegalensis	C24_alkamine_tetrahydroxy	3
89385|Eupodotis senegalensis	C24_dihydroxy	16
89385|Eupodotis senegalensis	C24_monohydroxy	7
89385|Eupodotis senegalensis	C24_tetrahydroxy	7
89385|Eupodotis senegalensis	C24_trihydroxy	6
89385|Eupodotis senegalensis	C27_dihydroxy	9
89385|Eupodotis senegalensis	C27_monohydroxy	3
89386|Ardeotis kori	C24_alkamine_trihydroxy	4
89386|Ardeotis kori	C24_alkamine_dihydroxy	2
89386|Ardeotis kori	C24_alkamine_tetrahydroxy	3
89386|Ardeotis kori	C24_dihydroxy	29
89386|Ardeotis kori	C24_monohydroxy	4
89386|Ardeotis kori	C24_tetrahydroxy	6
89386|Ardeotis kori	C24_trihydroxy	14
89386|Ardeotis kori	C27_dihydroxy	5
89386|Ardeotis kori	C27_monohydroxy	4
89386|Ardeotis kori	C27_tetrahydroxy	2
89386|Ardeotis kori	C27_trihydroxy	2
89386|Ardeotis kori	C28_alcohol_2OH	0
89386|Ardeotis kori	C28_alcohol_3OH	0
89462|Bubalus bubalis	C23_dihydroxy	1
89462|Bubalus bubalis	C24_alkamine_tetrahydroxy	1
89462|Bubalus bubalis	C24_dihydroxy	16
89462|Bubalus bubalis	C24_monohydroxy	2
89462|Bubalus bubalis	C24_tetrahydroxy	7
89462|Bubalus bubalis	C24_trihydroxy	19
89462|Bubalus bubalis	C27_dihydroxy	4
89462|Bubalus bubalis	C27_monohydroxy	3
89462|Bubalus bubalis	C28_alcohol_3OH	0
8961|Aquila audax	C24_alkamine_pentahydroxy	2
8961|Aquila audax	C24_alkamine_tetrahydroxy	4
8961|Aquila audax	C24_dihydroxy	34
8961|Aquila audax	C24_monohydroxy	14
8961|Aquila audax	C24_pentahydroxy	12
8961|Aquila audax	C24_tetrahydroxy	16
8961|Aquila audax	C24_trihydroxy	28
8961|Aquila audax	C27_dihydroxy	14
8961|Aquila audax	C27_monohydroxy	6
8961|Aquila audax	C27_tetrahydroxy	4
8961|Aquila audax	C27_trihydroxy	4
8962|Aquila chrysaetos	C23_dihydroxy	1
8962|Aquila chrysaetos	C24_dihydroxy	13
8962|Aquila chrysaetos	C24_tetrahydroxy	9
8962|Aquila chrysaetos	C24_trihydroxy	12
8992|Acryllium vulturinum	C24_alkamine_tetrahydroxy	1
8992|Acryllium vulturinum	C24_dihydroxy	29
8992|Acryllium vulturinum	C24_monohydroxy	4
8992|Acryllium vulturinum	C24_tetrahydroxy	4
8992|Acryllium vulturinum	C24_trihydroxy	10
8992|Acryllium vulturinum	C27_dihydroxy	9
8992|Acryllium vulturinum	C27_monohydroxy	7
8992|Acryllium vulturinum	C28_alcohol_3OH	0
8994|Guttera pucherani	C23_dihydroxy	1
8994|Guttera pucherani	C24_alkamine_tetrahydroxy	3
8994|Guttera pucherani	C24_dihydroxy	17
8994|Guttera pucherani	C24_monohydroxy	8
8994|Guttera pucherani	C24_tetrahydroxy	9
8994|Guttera pucherani	C24_trihydroxy	8
8994|Guttera pucherani	C27_dihydroxy	3
8994|Guttera pucherani	C27_monohydroxy	2
8996|Numida meleagris	C23_trihydroxy	2
8996|Numida meleagris	C24_alkamine_pentahydroxy	2
8996|Numida meleagris	C24_dihydroxy	2
8996|Numida meleagris	C24_pentahydroxy	2
8996|Numida meleagris	C27_dihydroxy	6
8996|Numida meleagris	C27_monohydroxy	2
8996|Numida meleagris	C28_alcohol_2OH	0
8996|Numida meleagris	C28_alcohol_3OH	0
9031|Gallus gallus	C23_dihydroxy	125
9031|Gallus gallus	C23_monohydroxy	16
9031|Gallus gallus	C24_alkamine_trihydroxy	33
9031|Gallus gallus	C24_alkamine_dihydroxy	54
9031|Gallus gallus	C24_alkamine_monohydroxy	2
9031|Gallus gallus	C24_alkamine_tetrahydroxy	12
9031|Gallus gallus	C24_dihydroxy	71
9031|Gallus gallus	C24_monohydroxy	61
9031|Gallus gallus	C24_tetrahydroxy	9
9031|Gallus gallus	C24_trihydroxy	56
9031|Gallus gallus	C27_dihydroxy	3233
9031|Gallus gallus	C27_monohydroxy	7713
9031|Gallus gallus	C27_tetrahydroxy	283
9031|Gallus gallus	C27_trihydroxy	322
9031|Gallus gallus	C28_alcohol_2OH	0
9031|Gallus gallus	C28_alcohol_3OH	0
9034|Gallus varius	C24_dihydroxy	5
9034|Gallus varius	C24_monohydroxy	2
9034|Gallus varius	C24_trihydroxy	3
9034|Gallus varius	C27_dihydroxy	1
9034|Gallus varius	C27_monohydroxy	1
9040|Lophophorus impejanus	C24_dihydroxy	2
9040|Lophophorus impejanus	C24_tetrahydroxy	1
9040|Lophophorus impejanus	C24_trihydroxy	4
9040|Lophophorus impejanus	C27_monohydroxy	1
9042|Lophura bulweri	C24_alkamine_trihydroxy	1
9042|Lophura bulweri	C24_dihydroxy	7
9042|Lophura bulweri	C24_monohydroxy	4
9042|Lophura bulweri	C24_trihydroxy	5
9042|Lophura bulweri	C27_dihydroxy	2
9042|Lophura bulweri	C27_monohydroxy	2
9043|Lophura edwardsi	C24_alkamine_tetrahydroxy	1
9043|Lophura edwardsi	C24_dihydroxy	10
9043|Lophura edwardsi	C24_monohydroxy	7
9043|Lophura edwardsi	C24_tetrahydroxy	6
9043|Lophura edwardsi	C24_trihydroxy	5
9043|Lophura edwardsi	C27_dihydroxy	2
9043|Lophura edwardsi	C27_monohydroxy	1
90460|Eryngium yuccifolium	C24_alkamine_pentahydroxy	1
90460|Eryngium yuccifolium	C24_alkamine_tetrahydroxy	38
90460|Eryngium yuccifolium	C27_pentahydroxy	14
90460|Eryngium yuccifolium	C28_alcohol_3OH	0
9049|Pavo cristatus	C23_dihydroxy	1
9049|Pavo cristatus	C24_dihydroxy	26
9049|Pavo cristatus	C24_monohydroxy	2
9049|Pavo cristatus	C24_tetrahydroxy	4
9049|Pavo cristatus	C24_trihydroxy	3
9049|Pavo cristatus	C27_dihydroxy	12
9049|Pavo cristatus	C27_monohydroxy	6
9050|Pavo muticus	C24_dihydroxy	13
9050|Pavo muticus	C24_monohydroxy	4
9050|Pavo muticus	C24_tetrahydroxy	4
9050|Pavo muticus	C24_trihydroxy	8
9050|Pavo muticus	C27_dihydroxy	4
9050|Pavo muticus	C27_monohydroxy	3
90593|Strophostyles helvola	C24_alkamine_pentahydroxy	1
90593|Strophostyles helvola	C27_dihydroxy	18
90593|Strophostyles helvola	C27_monohydroxy	1
90593|Strophostyles helvola	C28_alcohol_3OH	0
9063|Syrmaticus ellioti	C24_alkamine_tetrahydroxy	1
9063|Syrmaticus ellioti	C24_dihydroxy	3
9063|Syrmaticus ellioti	C24_tetrahydroxy	1
9063|Syrmaticus ellioti	C24_trihydroxy	5
9063|Syrmaticus ellioti	C27_dihydroxy	1
9063|Syrmaticus ellioti	C27_monohydroxy	1
90659|Noturus flavipinnis	C24_dihydroxy	1
90659|Noturus flavipinnis	C24_trihydroxy	2
9069|Tragopan	C24_dihydroxy	3
9069|Tragopan	C24_trihydroxy	7
9069|Tragopan	C27_monohydroxy	2
9071|Tragopan temminckii	C24_dihydroxy	17
9071|Tragopan temminckii	C24_monohydroxy	4
9071|Tragopan temminckii	C24_tetrahydroxy	3
9071|Tragopan temminckii	C24_trihydroxy	7
9071|Tragopan temminckii	C27_dihydroxy	5
9071|Tragopan temminckii	C27_monohydroxy	2
9071|Tragopan temminckii	C27_tetrahydroxy	3
9071|Tragopan temminckii	C27_trihydroxy	3
9076|Afropavo congensis	C24_alkamine_trihydroxy	1
9076|Afropavo congensis	C24_alkamine_dihydroxy	2
9076|Afropavo congensis	C24_dihydroxy	14
9076|Afropavo congensis	C24_monohydroxy	5
9076|Afropavo congensis	C24_trihydroxy	4
9076|Afropavo congensis	C27_dihydroxy	4
9076|Afropavo congensis	C27_monohydroxy	2
907741|Philantomba maxwellii	C24_dihydroxy	8
907741|Philantomba maxwellii	C24_tetrahydroxy	1
907741|Philantomba maxwellii	C24_trihydroxy	7
9081|Argusianus argus	C24_dihydroxy	2
9081|Argusianus argus	C24_trihydroxy	3
908340|Clostridium sp. HGF2	C24_alkamine_trihydroxy	30
908340|Clostridium sp. HGF2	C24_alkamine_dihydroxy	34
908340|Clostridium sp. HGF2	C24_dihydroxy	3
908340|Clostridium sp. HGF2	C24_trihydroxy	7
9089|Chrysolophus pictus	C24_alkamine_trihydroxy	2
9089|Chrysolophus pictus	C24_alkamine_dihydroxy	1
9089|Chrysolophus pictus	C24_dihydroxy	31
9089|Chrysolophus pictus	C24_monohydroxy	5
9089|Chrysolophus pictus	C24_tetrahydroxy	7
9089|Chrysolophus pictus	C24_trihydroxy	20
9089|Chrysolophus pictus	C27_dihydroxy	6
9089|Chrysolophus pictus	C27_monohydroxy	6
9089|Chrysolophus pictus	C28_alcohol_3OH	0
9091|Coturnix coturnix	C23_dihydroxy	2
9091|Coturnix coturnix	C24_alkamine_trihydroxy	2
9091|Coturnix coturnix	C24_alkamine_monohydroxy	4
9091|Coturnix coturnix	C24_dihydroxy	10
9091|Coturnix coturnix	C24_tetrahydroxy	2
9091|Coturnix coturnix	C24_trihydroxy	10
9091|Coturnix coturnix	C28_alcohol_2OH	0
9091|Coturnix coturnix	C28_alcohol_3OH	0
9096|Crossoptilon auritum	C24_alkamine_pentahydroxy	1
9096|Crossoptilon auritum	C24_dihydroxy	5
9096|Crossoptilon auritum	C24_monohydroxy	2
9096|Crossoptilon auritum	C24_tetrahydroxy	3
9096|Crossoptilon auritum	C24_trihydroxy	9
9096|Crossoptilon auritum	C27_dihydroxy	2
9096|Crossoptilon auritum	C27_monohydroxy	1
9096|Crossoptilon auritum	C27_tetrahydroxy	1
9101|Meleagris ocellata	C24_alkamine_trihydroxy	4
9101|Meleagris ocellata	C24_alkamine_dihydroxy	3
9101|Meleagris ocellata	C24_dihydroxy	10
9101|Meleagris ocellata	C24_monohydroxy	3
9101|Meleagris ocellata	C24_tetrahydroxy	4
9101|Meleagris ocellata	C24_trihydroxy	14
9101|Meleagris ocellata	C27_dihydroxy	8
9101|Meleagris ocellata	C27_monohydroxy	5
9101|Meleagris ocellata	C27_tetrahydroxy	2
9101|Meleagris ocellata	C27_trihydroxy	2
910347|Streptomyces aidingensis	C23_pentahydroxy	2
910347|Streptomyces aidingensis	C28_alcohol_2OH	0
910347|Streptomyces aidingensis	C28_alcohol_3OH	0
910399|Ahaetulla nasuta	C24_alkamine_trihydroxy	6
910399|Ahaetulla nasuta	C24_dihydroxy	10
910399|Ahaetulla nasuta	C24_monohydroxy	2
910399|Ahaetulla nasuta	C24_tetrahydroxy	7
910399|Ahaetulla nasuta	C24_trihydroxy	25
910399|Ahaetulla nasuta	C27_dihydroxy	1
910399|Ahaetulla nasuta	C27_monohydroxy	1
910399|Ahaetulla nasuta	C27_pentahydroxy	2
9103|Meleagris gallopavo	C23_dihydroxy	1
9103|Meleagris gallopavo	C24_alkamine_trihydroxy	2
9103|Meleagris gallopavo	C24_alkamine_tetrahydroxy	1
9103|Meleagris gallopavo	C24_dihydroxy	18
9103|Meleagris gallopavo	C24_monohydroxy	3
9103|Meleagris gallopavo	C24_tetrahydroxy	7
9103|Meleagris gallopavo	C24_trihydroxy	7
9103|Meleagris gallopavo	C27_dihydroxy	2
9103|Meleagris gallopavo	C27_monohydroxy	4
9104|Arborophila	C23_dihydroxy	3
9104|Arborophila	C24_dihydroxy	4
9104|Arborophila	C24_monohydroxy	2
9104|Arborophila	C24_trihydroxy	2
9104|Arborophila	C27_monohydroxy	1
91082|Crassula rupestris	C23_dihydroxy	2
91082|Crassula rupestris	C26_dihydroxy	3
91082|Crassula rupestris	C28_alcohol_2OH	0
91082|Crassula rupestris	C28_alcohol_3OH	0
9111|Anthropoides virgo	C24_alkamine_trihydroxy	2
9111|Anthropoides virgo	C24_alkamine_dihydroxy	1
9111|Anthropoides virgo	C24_alkamine_tetrahydroxy	1
9111|Anthropoides virgo	C24_dihydroxy	6
9111|Anthropoides virgo	C24_tetrahydroxy	4
9111|Anthropoides virgo	C24_trihydroxy	13
9111|Anthropoides virgo	C27_dihydroxy	1
9111|Anthropoides virgo	C27_monohydroxy	1
9111|Anthropoides virgo	C27_pentahydroxy	1
9117|Grus americana	C24_alkamine_trihydroxy	2
9117|Grus americana	C24_alkamine_tetrahydroxy	2
9117|Grus americana	C24_dihydroxy	12
9117|Grus americana	C24_tetrahydroxy	2
9117|Grus americana	C24_trihydroxy	6
9117|Grus americana	C27_monohydroxy	2
9117|Grus americana	C28_alcohol_2OH	0
9117|Grus americana	C28_alcohol_3OH	0
9118|Grus carunculatus	C24_alkamine_pentahydroxy	1
9118|Grus carunculatus	C24_alkamine_tetrahydroxy	1
9118|Grus carunculatus	C24_dihydroxy	13
9118|Grus carunculatus	C24_monohydroxy	2
9118|Grus carunculatus	C24_tetrahydroxy	5
9118|Grus carunculatus	C24_trihydroxy	11
9118|Grus carunculatus	C27_dihydroxy	1
9118|Grus carunculatus	C27_tetrahydroxy	1
9118|Grus carunculatus	C27_trihydroxy	1
9121|Fulica atra	C24_alkamine_tetrahydroxy	3
9121|Fulica atra	C24_dihydroxy	9
9121|Fulica atra	C24_monohydroxy	3
9121|Fulica atra	C24_tetrahydroxy	3
9121|Fulica atra	C24_trihydroxy	6
9121|Fulica atra	C27_dihydroxy	2
9121|Fulica atra	C27_monohydroxy	2
9121|Fulica atra	C27_tetrahydroxy	1
9121|Fulica atra	C27_trihydroxy	1
9125|Gallirallus australis	C24_alkamine_trihydroxy	4
9125|Gallirallus australis	C24_alkamine_pentahydroxy	1
9125|Gallirallus australis	C24_alkamine_tetrahydroxy	1
9125|Gallirallus australis	C24_dihydroxy	9
9125|Gallirallus australis	C24_monohydroxy	1
9125|Gallirallus australis	C24_tetrahydroxy	8
9125|Gallirallus australis	C24_trihydroxy	20
9125|Gallirallus australis	C27_dihydroxy	9
9125|Gallirallus australis	C27_monohydroxy	3
9125|Gallirallus australis	C27_tetrahydroxy	1
9125|Gallirallus australis	C27_trihydroxy	1
9161|Pittidae	C24_alkamine_dihydroxy	1
9161|Pittidae	C24_dihydroxy	9
9161|Pittidae	C24_monohydroxy	1
9161|Pittidae	C24_tetrahydroxy	3
9161|Pittidae	C24_trihydroxy	5
9161|Pittidae	C27_dihydroxy	4
9161|Pittidae	C27_monohydroxy	4
9161|Pittidae	C27_tetrahydroxy	3
9161|Pittidae	C27_trihydroxy	3
91658|Stenobrachius leucopsarus	C24_alkamine_trihydroxy	1
91658|Stenobrachius leucopsarus	C24_alkamine_dihydroxy	1
91658|Stenobrachius leucopsarus	C24_trihydroxy	2
91658|Stenobrachius leucopsarus	C28_alcohol_3OH	0
91705|Bathymodiolus puteoserpentis	C23_dihydroxy	2
91705|Bathymodiolus puteoserpentis	C24_dihydroxy	3
91705|Bathymodiolus puteoserpentis	C24_monohydroxy	2
91705|Bathymodiolus puteoserpentis	C24_nonhydroxy	1
91705|Bathymodiolus puteoserpentis	C24_trihydroxy	1
91705|Bathymodiolus puteoserpentis	C27_dihydroxy	1
91705|Bathymodiolus puteoserpentis	C27_pentahydroxy	3
91705|Bathymodiolus puteoserpentis	C28_alcohol_3OH	0
91752|Hericium erinaceus	C23_dihydroxy	1
91752|Hericium erinaceus	C24_alkamine_pentahydroxy	2
91752|Hericium erinaceus	C24_dihydroxy	2
91752|Hericium erinaceus	C24_monohydroxy	2
91752|Hericium erinaceus	C24_trihydroxy	16
91752|Hericium erinaceus	C27_dihydroxy	17
91752|Hericium erinaceus	C27_monohydroxy	30
91752|Hericium erinaceus	C28_alcohol_2OH	0
91752|Hericium erinaceus	C28_alcohol_3OH	0
91777|Psilopogon pyrolophus	C24_dihydroxy	4
91777|Psilopogon pyrolophus	C24_tetrahydroxy	1
91777|Psilopogon pyrolophus	C24_trihydroxy	3
91777|Psilopogon pyrolophus	C27_dihydroxy	1
91777|Psilopogon pyrolophus	C27_tetrahydroxy	1
91777|Psilopogon pyrolophus	C27_trihydroxy	1
91787|Trachyphonus darnaudii	C24_dihydroxy	10
91787|Trachyphonus darnaudii	C24_monohydroxy	1
91787|Trachyphonus darnaudii	C24_tetrahydroxy	6
91787|Trachyphonus darnaudii	C24_trihydroxy	7
91787|Trachyphonus darnaudii	C27_dihydroxy	1
91787|Trachyphonus darnaudii	C27_monohydroxy	1
91787|Trachyphonus darnaudii	C27_tetrahydroxy	2
91787|Trachyphonus darnaudii	C27_trihydroxy	2
91788|Andigena laminirostris	C24_dihydroxy	2
91788|Andigena laminirostris	C24_trihydroxy	2
91788|Andigena laminirostris	C27_tetrahydroxy	2
91788|Andigena laminirostris	C27_trihydroxy	2
91789|Capito niger	C24_alkamine_tetrahydroxy	2
91789|Capito niger	C24_dihydroxy	8
91789|Capito niger	C24_monohydroxy	2
91789|Capito niger	C24_tetrahydroxy	8
91789|Capito niger	C24_trihydroxy	12
91789|Capito niger	C27_dihydroxy	2
91789|Capito niger	C27_monohydroxy	6
91789|Capito niger	C27_tetrahydroxy	2
91789|Capito niger	C27_trihydroxy	2
91877|Kobus ellipsiprymnus defassa	C24_alkamine_pentahydroxy	1
91877|Kobus ellipsiprymnus defassa	C24_dihydroxy	19
91877|Kobus ellipsiprymnus defassa	C24_monohydroxy	8
91877|Kobus ellipsiprymnus defassa	C24_pentahydroxy	2
91877|Kobus ellipsiprymnus defassa	C24_tetrahydroxy	12
91877|Kobus ellipsiprymnus defassa	C24_trihydroxy	16
91877|Kobus ellipsiprymnus defassa	C27_dihydroxy	2
91877|Kobus ellipsiprymnus defassa	C27_monohydroxy	2
91879|Kobus leche kafuensis	C24_alkamine_trihydroxy	8
91879|Kobus leche kafuensis	C24_dihydroxy	44
91879|Kobus leche kafuensis	C24_monohydroxy	5
91879|Kobus leche kafuensis	C24_pentahydroxy	3
91879|Kobus leche kafuensis	C24_tetrahydroxy	12
91879|Kobus leche kafuensis	C24_trihydroxy	48
91879|Kobus leche kafuensis	C27_dihydroxy	2
91879|Kobus leche kafuensis	C27_monohydroxy	2
91879|Kobus leche kafuensis	C28_alcohol_3OH	0
91951|Catharus ustulatus	C24_dihydroxy	3
91951|Catharus ustulatus	C24_monohydroxy	1
91951|Catharus ustulatus	C24_tetrahydroxy	2
91951|Catharus ustulatus	C24_trihydroxy	2
91951|Catharus ustulatus	C27_tetrahydroxy	2
91951|Catharus ustulatus	C27_trihydroxy	2
91962|Etheostoma percnurum	C24_dihydroxy	2
91962|Etheostoma percnurum	C24_trihydroxy	2
9217|Phoenicopterus ruber	C23_dihydroxy	2
9217|Phoenicopterus ruber	C24_alkamine_trihydroxy	1
9217|Phoenicopterus ruber	C24_alkamine_pentahydroxy	1
9217|Phoenicopterus ruber	C24_alkamine_tetrahydroxy	1
9217|Phoenicopterus ruber	C24_dihydroxy	14
9217|Phoenicopterus ruber	C24_tetrahydroxy	2
9217|Phoenicopterus ruber	C24_trihydroxy	6
9217|Phoenicopterus ruber	C27_dihydroxy	1
9217|Phoenicopterus ruber	C27_monohydroxy	2
9217|Phoenicopterus ruber	C27_tetrahydroxy	1
9217|Phoenicopterus ruber	C27_trihydroxy	1
9233|Aptenodytes forsteri	C24_alkamine_dihydroxy	2
9233|Aptenodytes forsteri	C24_alkamine_tetrahydroxy	1
9233|Aptenodytes forsteri	C24_dihydroxy	3
9233|Aptenodytes forsteri	C24_tetrahydroxy	5
9233|Aptenodytes forsteri	C24_trihydroxy	9
9233|Aptenodytes forsteri	C27_monohydroxy	2
9233|Aptenodytes forsteri	C27_tetrahydroxy	2
9233|Aptenodytes forsteri	C27_trihydroxy	2
9238|Pygoscelis adeliae	C24_alkamine_pentahydroxy	1
9238|Pygoscelis adeliae	C24_dihydroxy	3
9238|Pygoscelis adeliae	C24_monohydroxy	1
9238|Pygoscelis adeliae	C24_pentahydroxy	1
9238|Pygoscelis adeliae	C24_tetrahydroxy	2
9238|Pygoscelis adeliae	C24_trihydroxy	6
9238|Pygoscelis adeliae	C27_dihydroxy	1
9238|Pygoscelis adeliae	C27_monohydroxy	3
9238|Pygoscelis adeliae	C27_tetrahydroxy	1
9238|Pygoscelis adeliae	C27_trihydroxy	1
9240|Spheniscus humboldti	C24_alkamine_pentahydroxy	1
9240|Spheniscus humboldti	C24_dihydroxy	5
9240|Spheniscus humboldti	C24_tetrahydroxy	4
9240|Spheniscus humboldti	C24_trihydroxy	4
9240|Spheniscus humboldti	C27_dihydroxy	5
9240|Spheniscus humboldti	C27_monohydroxy	2
9240|Spheniscus humboldti	C27_tetrahydroxy	3
9240|Spheniscus humboldti	C27_trihydroxy	3
9244|Calypte anna	C24_dihydroxy	2
9244|Calypte anna	C24_trihydroxy	4
9247|Turnix	C24_alkamine_trihydroxy	1
9247|Turnix	C24_dihydroxy	2
9247|Turnix	C24_tetrahydroxy	3
9247|Turnix	C24_trihydroxy	6
9247|Turnix	C27_monohydroxy	1
9247|Turnix	C27_tetrahydroxy	1
9247|Turnix	C27_trihydroxy	1
92519|Boiga irregularis	C24_dihydroxy	2
92519|Boiga irregularis	C24_trihydroxy	5
925459|Balearica regulorum	C24_alkamine_pentahydroxy	1
925459|Balearica regulorum	C24_alkamine_tetrahydroxy	6
925459|Balearica regulorum	C24_dihydroxy	37
925459|Balearica regulorum	C24_monohydroxy	8
925459|Balearica regulorum	C24_tetrahydroxy	14
925459|Balearica regulorum	C24_trihydroxy	24
925459|Balearica regulorum	C27_dihydroxy	15
925459|Balearica regulorum	C27_monohydroxy	7
925459|Balearica regulorum	C27_tetrahydroxy	5
925459|Balearica regulorum	C27_trihydroxy	5
9258|Ornithorhynchus anatinus	C24_alkamine_trihydroxy	10
9258|Ornithorhynchus anatinus	C24_alkamine_dihydroxy	6
9258|Ornithorhynchus anatinus	C24_alkamine_tetrahydroxy	8
9258|Ornithorhynchus anatinus	C24_dihydroxy	34
9258|Ornithorhynchus anatinus	C24_tetrahydroxy	14
9258|Ornithorhynchus anatinus	C24_trihydroxy	26
9258|Ornithorhynchus anatinus	C27_dihydroxy	6
9258|Ornithorhynchus anatinus	C27_monohydroxy	2
9261|Tachyglossus aculeatus	C23_trihydroxy	1
9261|Tachyglossus aculeatus	C24_alkamine_trihydroxy	3
9261|Tachyglossus aculeatus	C24_alkamine_dihydroxy	2
9261|Tachyglossus aculeatus	C24_dihydroxy	9
9261|Tachyglossus aculeatus	C24_monohydroxy	1
9261|Tachyglossus aculeatus	C24_tetrahydroxy	5
9261|Tachyglossus aculeatus	C24_trihydroxy	11
9261|Tachyglossus aculeatus	C27_dihydroxy	1
9261|Tachyglossus aculeatus	C27_monohydroxy	1
92644|Streptomyces malaysiensis	C28_alcohol_3OH	0
9267|Didelphis virginiana	C24_alkamine_trihydroxy	2
9267|Didelphis virginiana	C24_dihydroxy	5
9267|Didelphis virginiana	C24_tetrahydroxy	1
9267|Didelphis virginiana	C24_trihydroxy	2
9267|Didelphis virginiana	C27_tetrahydroxy	1
9267|Didelphis virginiana	C27_trihydroxy	1
92683|Spheniscus demersus	C24_alkamine_pentahydroxy	5
92683|Spheniscus demersus	C24_alkamine_tetrahydroxy	7
92683|Spheniscus demersus	C24_dihydroxy	17
92683|Spheniscus demersus	C24_monohydroxy	2
92683|Spheniscus demersus	C24_pentahydroxy	1
92683|Spheniscus demersus	C24_tetrahydroxy	15
92683|Spheniscus demersus	C24_trihydroxy	14
92683|Spheniscus demersus	C27_dihydroxy	7
92683|Spheniscus demersus	C27_monohydroxy	5
92683|Spheniscus demersus	C27_tetrahydroxy	5
92683|Spheniscus demersus	C27_trihydroxy	5
92726|Phyllobates bicolor	C24_trihydroxy	1
92726|Phyllobates bicolor	C27_dihydroxy	1
9281|Dasyurus maculatus	C24_dihydroxy	5
9281|Dasyurus maculatus	C24_tetrahydroxy	5
9281|Dasyurus maculatus	C24_trihydroxy	17
9281|Dasyurus maculatus	C27_dihydroxy	3
9281|Dasyurus maculatus	C27_monohydroxy	3
9281|Dasyurus maculatus	C27_tetrahydroxy	1
9281|Dasyurus maculatus	C27_trihydroxy	1
928327|Lactobacillus iners UPII 143-D	C24_alkamine_trihydroxy	2
92836|Lacerta trilineata	C24_alkamine_trihydroxy	2
92836|Lacerta trilineata	C24_alkamine_pentahydroxy	1
92836|Lacerta trilineata	C24_alkamine_tetrahydroxy	2
92836|Lacerta trilineata	C24_dihydroxy	9
92836|Lacerta trilineata	C24_tetrahydroxy	7
92836|Lacerta trilineata	C24_trihydroxy	7
92836|Lacerta trilineata	C27_dihydroxy	1
92836|Lacerta trilineata	C27_pentahydroxy	1
92921|Silybum marianum	C24_alkamine_pentahydroxy	2
92921|Silybum marianum	C28_alcohol_3OH	0
9301|Sminthopsis crassicaudata	C24_alkamine_trihydroxy	1
9301|Sminthopsis crassicaudata	C24_alkamine_pentahydroxy	2
9301|Sminthopsis crassicaudata	C24_alkamine_tetrahydroxy	3
9301|Sminthopsis crassicaudata	C24_dihydroxy	3
9301|Sminthopsis crassicaudata	C24_pentahydroxy	2
9301|Sminthopsis crassicaudata	C24_tetrahydroxy	8
9301|Sminthopsis crassicaudata	C24_trihydroxy	8
9301|Sminthopsis crassicaudata	C27_monohydroxy	1
9301|Sminthopsis crassicaudata	C27_tetrahydroxy	2
9301|Sminthopsis crassicaudata	C27_trihydroxy	1
9316|Macropus fuliginosus	C23_dihydroxy	1
9316|Macropus fuliginosus	C24_alkamine_trihydroxy	7
9316|Macropus fuliginosus	C24_alkamine_dihydroxy	3
9316|Macropus fuliginosus	C24_alkamine_pentahydroxy	8
9316|Macropus fuliginosus	C24_alkamine_tetrahydroxy	4
9316|Macropus fuliginosus	C24_dihydroxy	33
9316|Macropus fuliginosus	C24_monohydroxy	14
9316|Macropus fuliginosus	C24_pentahydroxy	6
9316|Macropus fuliginosus	C24_tetrahydroxy	18
9316|Macropus fuliginosus	C24_trihydroxy	42
9316|Macropus fuliginosus	C27_dihydroxy	8
9316|Macropus fuliginosus	C27_monohydroxy	8
9316|Macropus fuliginosus	C27_tetrahydroxy	3
9316|Macropus fuliginosus	C27_trihydroxy	3
9319|Osphranter robustus	C24_alkamine_trihydroxy	3
9319|Osphranter robustus	C24_dihydroxy	11
9319|Osphranter robustus	C24_tetrahydroxy	4
9319|Osphranter robustus	C24_trihydroxy	8
9319|Osphranter robustus	C27_dihydroxy	5
9319|Osphranter robustus	C27_monohydroxy	2
9319|Osphranter robustus	C27_tetrahydroxy	1
9319|Osphranter robustus	C27_trihydroxy	1
932098|Desmodium canadense	C24_trihydroxy	2
9321|Osphranter rufus	C24_alkamine_trihydroxy	3
9321|Osphranter rufus	C24_alkamine_dihydroxy	4
9321|Osphranter rufus	C24_alkamine_monohydroxy	4
9321|Osphranter rufus	C24_dihydroxy	13
9321|Osphranter rufus	C24_tetrahydroxy	1
9321|Osphranter rufus	C24_trihydroxy	5
9321|Osphranter rufus	C27_dihydroxy	1
9321|Osphranter rufus	C27_monohydroxy	1
932683|Apalharpactes mackloti	C24_dihydroxy	6
932683|Apalharpactes mackloti	C24_monohydroxy	2
932683|Apalharpactes mackloti	C24_tetrahydroxy	6
932683|Apalharpactes mackloti	C24_trihydroxy	8
932683|Apalharpactes mackloti	C27_dihydroxy	1
932683|Apalharpactes mackloti	C27_monohydroxy	3
932683|Apalharpactes mackloti	C27_tetrahydroxy	2
932683|Apalharpactes mackloti	C27_trihydroxy	2
932702|Lamprophis aurora	C24_alkamine_trihydroxy	1
932702|Lamprophis aurora	C24_alkamine_pentahydroxy	1
932702|Lamprophis aurora	C24_alkamine_tetrahydroxy	2
932702|Lamprophis aurora	C24_dihydroxy	4
932702|Lamprophis aurora	C24_pentahydroxy	3
932702|Lamprophis aurora	C24_tetrahydroxy	8
932702|Lamprophis aurora	C24_trihydroxy	16
9330|Wallabia bicolor	C24_alkamine_trihydroxy	4
9330|Wallabia bicolor	C24_alkamine_pentahydroxy	1
9330|Wallabia bicolor	C24_dihydroxy	9
9330|Wallabia bicolor	C24_tetrahydroxy	3
9330|Wallabia bicolor	C24_trihydroxy	11
9330|Wallabia bicolor	C27_monohydroxy	1
9330|Wallabia bicolor	C27_tetrahydroxy	1
9330|Wallabia bicolor	C27_trihydroxy	1
9333|Pseudocheirus peregrinus	C23_dihydroxy	1
9333|Pseudocheirus peregrinus	C23_pentahydroxy	2
9333|Pseudocheirus peregrinus	C24_alkamine_trihydroxy	12
9333|Pseudocheirus peregrinus	C24_alkamine_pentahydroxy	6
9333|Pseudocheirus peregrinus	C24_alkamine_tetrahydroxy	19
9333|Pseudocheirus peregrinus	C24_dihydroxy	8
9333|Pseudocheirus peregrinus	C24_pentahydroxy	3
9333|Pseudocheirus peregrinus	C24_tetrahydroxy	11
9333|Pseudocheirus peregrinus	C24_trihydroxy	13
9333|Pseudocheirus peregrinus	C27_dihydroxy	1
9333|Pseudocheirus peregrinus	C27_monohydroxy	1
9333|Pseudocheirus peregrinus	C27_pentahydroxy	1
9353|Bradypus	C24_alkamine_trihydroxy	1
9353|Bradypus	C24_alkamine_pentahydroxy	3
9353|Bradypus	C24_dihydroxy	2
9353|Bradypus	C24_pentahydroxy	2
9353|Bradypus	C24_tetrahydroxy	14
9353|Bradypus	C24_trihydroxy	21
9353|Bradypus	C27_monohydroxy	2
9358|Choloepus hoffmanni	C23_dihydroxy	6
9358|Choloepus hoffmanni	C24_alkamine_trihydroxy	16
9358|Choloepus hoffmanni	C24_alkamine_dihydroxy	4
9358|Choloepus hoffmanni	C24_alkamine_pentahydroxy	1
9358|Choloepus hoffmanni	C24_alkamine_tetrahydroxy	4
9358|Choloepus hoffmanni	C24_dihydroxy	9
9358|Choloepus hoffmanni	C24_tetrahydroxy	13
9358|Choloepus hoffmanni	C24_trihydroxy	28
9358|Choloepus hoffmanni	C27_dihydroxy	4
9358|Choloepus hoffmanni	C27_monohydroxy	5
9358|Choloepus hoffmanni	C28_alcohol_2OH	0
9358|Choloepus hoffmanni	C28_alcohol_3OH	0
9361|Dasypus novemcinctus	C24_alkamine_pentahydroxy	1
9361|Dasypus novemcinctus	C24_dihydroxy	7
9361|Dasypus novemcinctus	C24_tetrahydroxy	4
9361|Dasypus novemcinctus	C24_trihydroxy	7
9361|Dasypus novemcinctus	C27_dihydroxy	1
9361|Dasypus novemcinctus	C27_tetrahydroxy	1
9361|Dasypus novemcinctus	C27_trihydroxy	1
936556|Peptostreptococcaceae bacterium AS15	C24_alkamine_trihydroxy	24
936556|Peptostreptococcaceae bacterium AS15	C24_alkamine_dihydroxy	31
936556|Peptostreptococcaceae bacterium AS15	C24_dihydroxy	2
936556|Peptostreptococcaceae bacterium AS15	C24_trihydroxy	7
936562|Fusobacterium sp. CM21	C24_alkamine_trihydroxy	30
936562|Fusobacterium sp. CM21	C24_alkamine_dihydroxy	30
936562|Fusobacterium sp. CM21	C24_dihydroxy	3
936562|Fusobacterium sp. CM21	C24_trihydroxy	7
936563|Fusobacterium sp. CM22	C24_alkamine_trihydroxy	29
936563|Fusobacterium sp. CM22	C24_alkamine_dihydroxy	34
936563|Fusobacterium sp. CM22	C24_dihydroxy	3
936563|Fusobacterium sp. CM22	C24_trihydroxy	8
936576|Streptococcus sp. ACS2	C24_alkamine_trihydroxy	1
936576|Streptococcus sp. ACS2	C24_dihydroxy	1
936576|Streptococcus sp. ACS2	C24_trihydroxy	1
936581|Streptococcus sp. CM7	C24_alkamine_trihydroxy	1
936581|Streptococcus sp. CM7	C24_dihydroxy	1
936581|Streptococcus sp. CM7	C24_trihydroxy	1
936587|Streptococcus sp. OBRC6	C24_alkamine_trihydroxy	1
936588|Veillonella sp. ACP1	C24_alkamine_trihydroxy	1
936589|Veillonella sp. AS16	C24_alkamine_trihydroxy	5
936589|Veillonella sp. AS16	C24_dihydroxy	1
936594|Lachnoanaerobaculum sp. ICM7	C24_alkamine_trihydroxy	29
936594|Lachnoanaerobaculum sp. ICM7	C24_alkamine_dihydroxy	37
936594|Lachnoanaerobaculum sp. ICM7	C24_dihydroxy	2
936594|Lachnoanaerobaculum sp. ICM7	C24_trihydroxy	8
936595|Lachnoanaerobaculum sp. OBRC5-5	C24_alkamine_trihydroxy	26
936595|Lachnoanaerobaculum sp. OBRC5-5	C24_alkamine_dihydroxy	35
936595|Lachnoanaerobaculum sp. OBRC5-5	C24_alkamine_tetrahydroxy	1
936595|Lachnoanaerobaculum sp. OBRC5-5	C24_dihydroxy	3
936595|Lachnoanaerobaculum sp. OBRC5-5	C24_trihydroxy	3
9368|Atelerix albiventris	C24_dihydroxy	2
9368|Atelerix albiventris	C24_trihydroxy	4
9368|Atelerix albiventris	C27_dihydroxy	1
9371|Echinops telfairi	C24_alkamine_trihydroxy	2
9371|Echinops telfairi	C24_alkamine_tetrahydroxy	2
9371|Echinops telfairi	C24_dihydroxy	6
9371|Echinops telfairi	C24_monohydroxy	2
9371|Echinops telfairi	C24_tetrahydroxy	2
9371|Echinops telfairi	C24_trihydroxy	10
9371|Echinops telfairi	C27_monohydroxy	2
9371|Echinops telfairi	C28_alcohol_3OH	0
937500|Russula americana	C24_monohydroxy	1
937500|Russula americana	C24_tetrahydroxy	1
93788|Malvaviscus arboreus	C23_pentahydroxy	1
93788|Malvaviscus arboreus	C24_trihydroxy	1
93788|Malvaviscus arboreus	C28_alcohol_2OH	0
93788|Malvaviscus arboreus	C28_alcohol_3OH	0
939152|Neoregelia carolinae	C24_alkamine_trihydroxy	1
939152|Neoregelia carolinae	C24_alkamine_pentahydroxy	2
939152|Neoregelia carolinae	C24_alkamine_tetrahydroxy	5
939152|Neoregelia carolinae	C24_dihydroxy	5
939152|Neoregelia carolinae	C24_monohydroxy	2
939152|Neoregelia carolinae	C24_trihydroxy	1
939152|Neoregelia carolinae	C28_alcohol_2OH	0
939152|Neoregelia carolinae	C28_alcohol_3OH	0
93977|Osmanthus fragrans	C23_dihydroxy	2
93977|Osmanthus fragrans	C28_alcohol_3OH	0
94186|Civettictis civetta	C24_dihydroxy	2
94186|Civettictis civetta	C24_trihydroxy	3
94188|Cryptoprocta ferox	C23_dihydroxy	1
94188|Cryptoprocta ferox	C24_alkamine_trihydroxy	1
94188|Cryptoprocta ferox	C24_dihydroxy	4
94188|Cryptoprocta ferox	C24_pentahydroxy	2
94188|Cryptoprocta ferox	C24_tetrahydroxy	8
94188|Cryptoprocta ferox	C24_trihydroxy	16
94188|Cryptoprocta ferox	C27_dihydroxy	3
94188|Cryptoprocta ferox	C27_monohydroxy	4
94188|Cryptoprocta ferox	C27_pentahydroxy	1
94194|Prionodon linsang	C24_alkamine_trihydroxy	4
94194|Prionodon linsang	C24_dihydroxy	3
94194|Prionodon linsang	C24_tetrahydroxy	3
94194|Prionodon linsang	C24_trihydroxy	15
94194|Prionodon linsang	C27_dihydroxy	1
94194|Prionodon linsang	C27_pentahydroxy	1
94194|Prionodon linsang	C27_tetrahydroxy	1
94194|Prionodon linsang	C27_trihydroxy	1
94286|Platycodon grandiflorus	C24_alkamine_tetrahydroxy	7
94286|Platycodon grandiflorus	C28_alcohol_3OH	0
9430|Desmodus rotundus	C24_alkamine_trihydroxy	2
9430|Desmodus rotundus	C24_dihydroxy	7
9430|Desmodus rotundus	C24_tetrahydroxy	7
9430|Desmodus rotundus	C24_trihydroxy	15
9430|Desmodus rotundus	C27_dihydroxy	1
9430|Desmodus rotundus	C27_monohydroxy	3
9430|Desmodus rotundus	C27_pentahydroxy	1
9430|Desmodus rotundus	C27_tetrahydroxy	1
9430|Desmodus rotundus	C27_trihydroxy	1
94328|Zingiber officinale	C27_trihydroxy	4
94328|Zingiber officinale	C28_alcohol_3OH	0
94345|Goeppertia zebrina	C23_pentahydroxy	5
94345|Goeppertia zebrina	C24_alkamine_pentahydroxy	2
94345|Goeppertia zebrina	C24_trihydroxy	1
94345|Goeppertia zebrina	C28_alcohol_3OH	0
943941|Postechiella marina	C24_alkamine_trihydroxy	28
943941|Postechiella marina	C24_monohydroxy	2
943941|Postechiella marina	C24_trihydroxy	60
943941|Postechiella marina	C28_alcohol_2OH	0
943941|Postechiella marina	C28_alcohol_3OH	0
94398|Equus kiang	C24_alkamine_tetrahydroxy	1
94398|Equus kiang	C24_dihydroxy	3
94398|Equus kiang	C24_tetrahydroxy	4
94398|Equus kiang	C24_trihydroxy	8
9447|Lemur catta	C24_alkamine_tetrahydroxy	2
9447|Lemur catta	C24_dihydroxy	18
9447|Lemur catta	C24_trihydroxy	9
9447|Lemur catta	C26_dihydroxy	2
9447|Lemur catta	C27_dihydroxy	2
9447|Lemur catta	C27_monohydroxy	4
9447|Lemur catta	C28_alcohol_3OH	0
9455|Varecia variegata	C23_dihydroxy	1
9455|Varecia variegata	C24_alkamine_trihydroxy	1
9455|Varecia variegata	C24_alkamine_dihydroxy	1
9455|Varecia variegata	C24_dihydroxy	10
9455|Varecia variegata	C24_monohydroxy	4
9455|Varecia variegata	C24_pentahydroxy	1
9455|Varecia variegata	C24_tetrahydroxy	1
9455|Varecia variegata	C24_trihydroxy	6
9455|Varecia variegata	C27_dihydroxy	4
9455|Varecia variegata	C27_monohydroxy	3
9455|Varecia variegata	C28_alcohol_3OH	0
9460|Cheirogaleus medius	C23_dihydroxy	1
9460|Cheirogaleus medius	C24_dihydroxy	7
9460|Cheirogaleus medius	C24_tetrahydroxy	5
9460|Cheirogaleus medius	C24_trihydroxy	5
9460|Cheirogaleus medius	C27_monohydroxy	1
9460|Cheirogaleus medius	C27_tetrahydroxy	1
9460|Cheirogaleus medius	C27_trihydroxy	1
9462|Galago	C23_dihydroxy	1
9462|Galago	C24_dihydroxy	5
9462|Galago	C24_tetrahydroxy	3
9462|Galago	C24_trihydroxy	14
9468|Loris tardigradus	C24_alkamine_pentahydroxy	1
9468|Loris tardigradus	C24_dihydroxy	5
9468|Loris tardigradus	C24_pentahydroxy	1
9468|Loris tardigradus	C24_tetrahydroxy	3
9468|Loris tardigradus	C24_trihydroxy	6
9468|Loris tardigradus	C27_monohydroxy	1
9470|Nycticebus coucang	C24_dihydroxy	9
9470|Nycticebus coucang	C24_tetrahydroxy	1
9470|Nycticebus coucang	C24_trihydroxy	11
9470|Nycticebus coucang	C27_pentahydroxy	1
94835|Gavialis gangeticus	C24_alkamine_trihydroxy	3
94835|Gavialis gangeticus	C24_alkamine_dihydroxy	4
94835|Gavialis gangeticus	C24_alkamine_tetrahydroxy	2
94835|Gavialis gangeticus	C24_dihydroxy	4
94835|Gavialis gangeticus	C24_tetrahydroxy	3
94835|Gavialis gangeticus	C24_trihydroxy	5
94835|Gavialis gangeticus	C27_dihydroxy	5
94835|Gavialis gangeticus	C27_monohydroxy	2
94835|Gavialis gangeticus	C27_pentahydroxy	1
94835|Gavialis gangeticus	C27_tetrahydroxy	8
94835|Gavialis gangeticus	C27_trihydroxy	8
9483|Callithrix jacchus	C23_dihydroxy	5
9483|Callithrix jacchus	C23_trihydroxy	8
9483|Callithrix jacchus	C24_alkamine_trihydroxy	345
9483|Callithrix jacchus	C24_alkamine_dihydroxy	341
9483|Callithrix jacchus	C24_alkamine_monohydroxy	22
9483|Callithrix jacchus	C24_alkamine_pentahydroxy	5
9483|Callithrix jacchus	C24_alkamine_tetrahydroxy	124
9483|Callithrix jacchus	C24_dihydroxy	279
9483|Callithrix jacchus	C24_monohydroxy	23
9483|Callithrix jacchus	C24_pentahydroxy	3
9483|Callithrix jacchus	C24_tetrahydroxy	50
9483|Callithrix jacchus	C24_trihydroxy	210
9483|Callithrix jacchus	C27_dihydroxy	175
9483|Callithrix jacchus	C27_monohydroxy	14
9483|Callithrix jacchus	C27_trihydroxy	3
9483|Callithrix jacchus	C28_alcohol_2OH	0
9483|Callithrix jacchus	C28_alcohol_3OH	0
94850|Pituophis catenifer	C24_alkamine_trihydroxy	2
94850|Pituophis catenifer	C24_alkamine_tetrahydroxy	8
94850|Pituophis catenifer	C24_dihydroxy	15
94850|Pituophis catenifer	C24_pentahydroxy	3
94850|Pituophis catenifer	C24_tetrahydroxy	11
94850|Pituophis catenifer	C24_trihydroxy	48
94850|Pituophis catenifer	C27_dihydroxy	2
94850|Pituophis catenifer	C27_monohydroxy	2
94858|Pituophis catenifer sayi	C24_dihydroxy	6
94858|Pituophis catenifer sayi	C24_tetrahydroxy	5
94858|Pituophis catenifer sayi	C24_trihydroxy	7
94858|Pituophis catenifer sayi	C27_tetrahydroxy	2
94858|Pituophis catenifer sayi	C27_trihydroxy	2
94874|Lampropeltis zonata	C24_alkamine_trihydroxy	3
94874|Lampropeltis zonata	C24_dihydroxy	12
94874|Lampropeltis zonata	C24_tetrahydroxy	9
94874|Lampropeltis zonata	C24_trihydroxy	27
94874|Lampropeltis zonata	C27_dihydroxy	1
94924|Dactylopterus volitans	C24_alkamine_trihydroxy	3
94924|Dactylopterus volitans	C24_alkamine_dihydroxy	1
94924|Dactylopterus volitans	C24_dihydroxy	3
94924|Dactylopterus volitans	C24_tetrahydroxy	4
94924|Dactylopterus volitans	C24_trihydroxy	4
94924|Dactylopterus volitans	C27_dihydroxy	1
94936|Strongylura	C24_alkamine_trihydroxy	1
94936|Strongylura	C24_dihydroxy	4
94936|Strongylura	C24_monohydroxy	2
94936|Strongylura	C24_trihydroxy	16
94936|Strongylura	C27_dihydroxy	2
94936|Strongylura	C27_monohydroxy	5
94936|Strongylura	C27_pentahydroxy	1
94936|Strongylura	C27_tetrahydroxy	2
94936|Strongylura	C27_trihydroxy	2
9493|Cebuella pygmaea	C24_alkamine_trihydroxy	1
9493|Cebuella pygmaea	C24_dihydroxy	6
9493|Cebuella pygmaea	C24_tetrahydroxy	3
9493|Cebuella pygmaea	C24_trihydroxy	7
9493|Cebuella pygmaea	C27_dihydroxy	1
9493|Cebuella pygmaea	C27_monohydroxy	2
9495|Callimico goeldii	C24_alkamine_trihydroxy	2
9495|Callimico goeldii	C24_alkamine_dihydroxy	1
9495|Callimico goeldii	C24_alkamine_pentahydroxy	1
9495|Callimico goeldii	C24_dihydroxy	4
9495|Callimico goeldii	C24_monohydroxy	1
9495|Callimico goeldii	C24_tetrahydroxy	1
9495|Callimico goeldii	C24_trihydroxy	4
9495|Callimico goeldii	C27_dihydroxy	1
9495|Callimico goeldii	C27_tetrahydroxy	1
9495|Callimico goeldii	C27_trihydroxy	1
9499|Alouatta	C24_dihydroxy	6
9499|Alouatta	C24_tetrahydroxy	3
9499|Alouatta	C24_trihydroxy	4
9505|Aotus trivirgatus	C24_alkamine_pentahydroxy	2
9505|Aotus trivirgatus	C24_dihydroxy	7
9505|Aotus trivirgatus	C24_tetrahydroxy	5
9505|Aotus trivirgatus	C24_trihydroxy	11
9505|Aotus trivirgatus	C27_dihydroxy	1
9505|Aotus trivirgatus	C27_monohydroxy	2
9509|Ateles geoffroyi	C24_dihydroxy	2
9509|Ateles geoffroyi	C24_tetrahydroxy	1
9509|Ateles geoffroyi	C24_trihydroxy	4
95122|Rhacodactylus leachianus	C24_alkamine_trihydroxy	2
95122|Rhacodactylus leachianus	C24_tetrahydroxy	2
95122|Rhacodactylus leachianus	C24_trihydroxy	6
95122|Rhacodactylus leachianus	C28_alcohol_3OH	0
95145|Opsanus beta	C23_trihydroxy	1
95145|Opsanus beta	C24_dihydroxy	4
95145|Opsanus beta	C24_tetrahydroxy	6
95145|Opsanus beta	C24_trihydroxy	13
95145|Opsanus beta	C27_dihydroxy	1
95145|Opsanus beta	C28_alcohol_3OH	0
9519|Lagothrix lagotricha	C24_alkamine_dihydroxy	1
9519|Lagothrix lagotricha	C24_dihydroxy	6
9519|Lagothrix lagotricha	C24_tetrahydroxy	3
9519|Lagothrix lagotricha	C24_trihydroxy	6
9519|Lagothrix lagotricha	C27_dihydroxy	1
9519|Lagothrix lagotricha	C27_monohydroxy	1
9520|Saimiri	C24_dihydroxy	9
9520|Saimiri	C24_tetrahydroxy	3
9520|Saimiri	C24_trihydroxy	11
9520|Saimiri	C27_tetrahydroxy	1
9520|Saimiri	C27_trihydroxy	1
9523|Plecturocebus moloch	C24_alkamine_trihydroxy	1
9523|Plecturocebus moloch	C24_dihydroxy	5
9523|Plecturocebus moloch	C24_tetrahydroxy	1
9523|Plecturocebus moloch	C24_trihydroxy	5
9523|Plecturocebus moloch	C27_dihydroxy	2
9523|Plecturocebus moloch	C27_monohydroxy	1
9530|Cercocebus torquatus	C24_alkamine_trihydroxy	5
9530|Cercocebus torquatus	C24_alkamine_tetrahydroxy	2
9530|Cercocebus torquatus	C24_dihydroxy	33
9530|Cercocebus torquatus	C24_tetrahydroxy	4
9530|Cercocebus torquatus	C24_trihydroxy	23
9530|Cercocebus torquatus	C27_monohydroxy	1
9535|Cercopithecus cephus	C23_dihydroxy	1
9535|Cercopithecus cephus	C24_alkamine_tetrahydroxy	1
9535|Cercopithecus cephus	C24_dihydroxy	15
9535|Cercopithecus cephus	C24_tetrahydroxy	7
9535|Cercopithecus cephus	C24_trihydroxy	28
9535|Cercopithecus cephus	C27_dihydroxy	2
9535|Cercopithecus cephus	C27_monohydroxy	1
9535|Cercopithecus cephus	C28_alcohol_3OH	0
9544|Macaca mulatta	C24_alkamine_trihydroxy	3
9544|Macaca mulatta	C24_alkamine_dihydroxy	2
9544|Macaca mulatta	C24_alkamine_tetrahydroxy	1
9544|Macaca mulatta	C24_dihydroxy	15
9544|Macaca mulatta	C24_tetrahydroxy	5
9544|Macaca mulatta	C24_trihydroxy	14
95486|Burkholderia cenocepacia	C28_alcohol_3OH	0
9548|Macaca radiata	C24_alkamine_trihydroxy	6
9548|Macaca radiata	C24_alkamine_dihydroxy	4
9548|Macaca radiata	C24_alkamine_tetrahydroxy	1
9548|Macaca radiata	C24_dihydroxy	24
9548|Macaca radiata	C24_tetrahydroxy	8
9548|Macaca radiata	C24_trihydroxy	18
9548|Macaca radiata	C27_dihydroxy	1
9548|Macaca radiata	C27_monohydroxy	2
9555|Papio anubis	C24_nonhydroxy	2
9555|Papio anubis	C24_trihydroxy	1
9555|Papio anubis	C26_dihydroxy	9
9555|Papio anubis	C27_monohydroxy	1
9555|Papio anubis	C28_alcohol_2OH	0
9555|Papio anubis	C28_alcohol_3OH	0
9556|Papio cynocephalus	C24_alkamine_trihydroxy	2
9556|Papio cynocephalus	C24_alkamine_dihydroxy	1
9556|Papio cynocephalus	C24_dihydroxy	18
9556|Papio cynocephalus	C24_tetrahydroxy	2
9556|Papio cynocephalus	C24_trihydroxy	15
9556|Papio cynocephalus	C27_dihydroxy	1
9556|Papio cynocephalus	C27_monohydroxy	1
9561|Mandrillus sphinx	C23_dihydroxy	1
9561|Mandrillus sphinx	C23_trihydroxy	1
9561|Mandrillus sphinx	C24_alkamine_trihydroxy	19
9561|Mandrillus sphinx	C24_alkamine_dihydroxy	20
9561|Mandrillus sphinx	C24_alkamine_tetrahydroxy	4
9561|Mandrillus sphinx	C24_dihydroxy	46
9561|Mandrillus sphinx	C24_monohydroxy	12
9561|Mandrillus sphinx	C24_tetrahydroxy	1
9561|Mandrillus sphinx	C24_trihydroxy	18
9561|Mandrillus sphinx	C27_dihydroxy	1
9561|Mandrillus sphinx	C28_alcohol_2OH	0
9561|Mandrillus sphinx	C28_alcohol_3OH	0
95648|Bothrops neuwiedi	C24_alkamine_trihydroxy	3
95648|Bothrops neuwiedi	C24_dihydroxy	4
95648|Bothrops neuwiedi	C24_pentahydroxy	1
95648|Bothrops neuwiedi	C24_tetrahydroxy	10
95648|Bothrops neuwiedi	C24_trihydroxy	24
95648|Bothrops neuwiedi	C27_dihydroxy	1
95648|Bothrops neuwiedi	C27_tetrahydroxy	1
95648|Bothrops neuwiedi	C27_trihydroxy	1
9565|Theropithecus gelada	C24_alkamine_trihydroxy	2
9565|Theropithecus gelada	C24_alkamine_dihydroxy	1
9565|Theropithecus gelada	C24_dihydroxy	12
9565|Theropithecus gelada	C24_tetrahydroxy	2
9565|Theropithecus gelada	C24_trihydroxy	7
9568|Mandrillus leucophaeus	C24_alkamine_trihydroxy	2
9568|Mandrillus leucophaeus	C24_alkamine_dihydroxy	2
9568|Mandrillus leucophaeus	C24_alkamine_pentahydroxy	1
9568|Mandrillus leucophaeus	C24_alkamine_tetrahydroxy	4
9568|Mandrillus leucophaeus	C24_dihydroxy	19
9568|Mandrillus leucophaeus	C24_tetrahydroxy	10
9568|Mandrillus leucophaeus	C24_trihydroxy	37
9568|Mandrillus leucophaeus	C27_tetrahydroxy	1
9568|Mandrillus leucophaeus	C27_trihydroxy	1
9568|Mandrillus leucophaeus	C28_alcohol_2OH	0
9568|Mandrillus leucophaeus	C28_alcohol_3OH	0
95722|Pteroglossus beauharnaesii	C24_dihydroxy	4
95722|Pteroglossus beauharnaesii	C24_monohydroxy	1
95722|Pteroglossus beauharnaesii	C24_tetrahydroxy	2
95722|Pteroglossus beauharnaesii	C24_trihydroxy	5
95722|Pteroglossus beauharnaesii	C27_dihydroxy	1
95722|Pteroglossus beauharnaesii	C27_monohydroxy	1
95722|Pteroglossus beauharnaesii	C27_tetrahydroxy	1
95722|Pteroglossus beauharnaesii	C27_trihydroxy	1
9580|Hylobates lar	C24_alkamine_trihydroxy	4
9580|Hylobates lar	C24_alkamine_dihydroxy	1
9580|Hylobates lar	C24_dihydroxy	5
9580|Hylobates lar	C24_pentahydroxy	1
9580|Hylobates lar	C24_trihydroxy	7
9580|Hylobates lar	C28_alcohol_3OH	0
95912|Hyaena hyaena	C24_alkamine_trihydroxy	11
95912|Hyaena hyaena	C24_alkamine_dihydroxy	12
95912|Hyaena hyaena	C24_alkamine_pentahydroxy	1
95912|Hyaena hyaena	C24_alkamine_tetrahydroxy	4
95912|Hyaena hyaena	C24_dihydroxy	35
95912|Hyaena hyaena	C24_monohydroxy	7
95912|Hyaena hyaena	C24_tetrahydroxy	3
95912|Hyaena hyaena	C24_trihydroxy	23
95912|Hyaena hyaena	C27_dihydroxy	1
95912|Hyaena hyaena	C27_monohydroxy	2
9593|Gorilla gorilla	C24_alkamine_trihydroxy	23
9593|Gorilla gorilla	C24_alkamine_dihydroxy	8
9593|Gorilla gorilla	C24_alkamine_pentahydroxy	7
9593|Gorilla gorilla	C24_alkamine_tetrahydroxy	14
9593|Gorilla gorilla	C24_dihydroxy	10
9593|Gorilla gorilla	C24_monohydroxy	1
9593|Gorilla gorilla	C24_trihydroxy	16
9593|Gorilla gorilla	C27_dihydroxy	6
9593|Gorilla gorilla	C27_pentahydroxy	1
9593|Gorilla gorilla	C28_alcohol_2OH	0
9593|Gorilla gorilla	C28_alcohol_3OH	0
9595|Gorilla gorilla gorilla	C24_alkamine_trihydroxy	7
9595|Gorilla gorilla gorilla	C24_alkamine_dihydroxy	5
9595|Gorilla gorilla gorilla	C24_alkamine_pentahydroxy	2
9595|Gorilla gorilla gorilla	C24_dihydroxy	25
9595|Gorilla gorilla gorilla	C24_monohydroxy	5
9595|Gorilla gorilla gorilla	C24_pentahydroxy	1
9595|Gorilla gorilla gorilla	C24_tetrahydroxy	6
9595|Gorilla gorilla gorilla	C24_trihydroxy	22
9595|Gorilla gorilla gorilla	C28_alcohol_3OH	0
9597|Pan paniscus	C23_dihydroxy	1
9597|Pan paniscus	C24_alkamine_trihydroxy	5
9597|Pan paniscus	C24_alkamine_pentahydroxy	1
9597|Pan paniscus	C24_alkamine_tetrahydroxy	1
9597|Pan paniscus	C24_dihydroxy	22
9597|Pan paniscus	C24_pentahydroxy	4
9597|Pan paniscus	C24_tetrahydroxy	12
9597|Pan paniscus	C24_trihydroxy	36
9597|Pan paniscus	C27_tetrahydroxy	1
9597|Pan paniscus	C27_trihydroxy	1
9598|Pan troglodytes	C24_alkamine_trihydroxy	20
9598|Pan troglodytes	C24_alkamine_dihydroxy	17
9598|Pan troglodytes	C24_alkamine_pentahydroxy	4
9598|Pan troglodytes	C24_alkamine_tetrahydroxy	6
9598|Pan troglodytes	C24_dihydroxy	52
9598|Pan troglodytes	C24_tetrahydroxy	6
9598|Pan troglodytes	C24_trihydroxy	47
9598|Pan troglodytes	C27_monohydroxy	1
9598|Pan troglodytes	C27_pentahydroxy	1
9598|Pan troglodytes	C28_alcohol_3OH	0
9600|Pongo pygmaeus	C23_dihydroxy	2
9600|Pongo pygmaeus	C23_trihydroxy	4
9600|Pongo pygmaeus	C24_alkamine_trihydroxy	10
9600|Pongo pygmaeus	C24_alkamine_pentahydroxy	12
9600|Pongo pygmaeus	C24_alkamine_tetrahydroxy	4
9600|Pongo pygmaeus	C24_dihydroxy	47
9600|Pongo pygmaeus	C24_monohydroxy	28
9600|Pongo pygmaeus	C24_pentahydroxy	8
9600|Pongo pygmaeus	C24_tetrahydroxy	37
9600|Pongo pygmaeus	C24_trihydroxy	56
9600|Pongo pygmaeus	C27_dihydroxy	4
9600|Pongo pygmaeus	C27_monohydroxy	2
9600|Pongo pygmaeus	C27_pentahydroxy	4
9601|Pongo abelii	C24_alkamine_trihydroxy	3
9601|Pongo abelii	C24_dihydroxy	17
9601|Pongo abelii	C24_tetrahydroxy	4
9601|Pongo abelii	C24_trihydroxy	22
9601|Pongo abelii	C27_tetrahydroxy	1
9601|Pongo abelii	C27_trihydroxy	1
9602|Pongo pygmaeus pygmaeus	C24_dihydroxy	8
9602|Pongo pygmaeus pygmaeus	C24_tetrahydroxy	3
9602|Pongo pygmaeus pygmaeus	C24_trihydroxy	5
9602|Pongo pygmaeus pygmaeus	C27_dihydroxy	2
9606|Homo sapiens	C23_dihydroxy	619
9606|Homo sapiens	C23_monohydroxy	172
9606|Homo sapiens	C23_pentahydroxy	14
9606|Homo sapiens	C23_tetrahydroxy	7
9606|Homo sapiens	C23_trihydroxy	909
9606|Homo sapiens	C24_alkamine_trihydroxy	38017
9606|Homo sapiens	C24_alkamine_dihydroxy	36011
9606|Homo sapiens	C24_alkamine_monohydroxy	3666
9606|Homo sapiens	C24_alkamine_pentahydroxy	1156
9606|Homo sapiens	C24_alkamine_tetrahydroxy	9043
9606|Homo sapiens	C24_dihydroxy	37194
9606|Homo sapiens	C24_monohydroxy	7699
9606|Homo sapiens	C24_nonhydroxy	384
9606|Homo sapiens	C24_pentahydroxy	1621
9606|Homo sapiens	C24_tetrahydroxy	4457
9606|Homo sapiens	C24_trihydroxy	27963
9606|Homo sapiens	C26_dihydroxy	916
9606|Homo sapiens	C27_dihydroxy	5262
9606|Homo sapiens	C27_monohydroxy	4454
9606|Homo sapiens	C27_pentahydroxy	597
9606|Homo sapiens	C27_tetrahydroxy	1192
9606|Homo sapiens	C27_trihydroxy	1238
9606|Homo sapiens	C28_alcohol_1OH	0
9606|Homo sapiens	C28_alcohol_2OH	0
9606|Homo sapiens	C28_alcohol_3OH	0
9612|Canis lupus	C23_dihydroxy	1
9612|Canis lupus	C23_trihydroxy	1
9612|Canis lupus	C24_alkamine_trihydroxy	17
9612|Canis lupus	C24_alkamine_dihydroxy	20
9612|Canis lupus	C24_alkamine_tetrahydroxy	4
9612|Canis lupus	C24_dihydroxy	50
9612|Canis lupus	C24_monohydroxy	5
9612|Canis lupus	C24_tetrahydroxy	6
9612|Canis lupus	C24_trihydroxy	35
9612|Canis lupus	C27_dihydroxy	1
9612|Canis lupus	C27_monohydroxy	8
9612|Canis lupus	C27_tetrahydroxy	2
9612|Canis lupus	C27_trihydroxy	2
9614|Canis latrans	C24_dihydroxy	8
9614|Canis latrans	C24_tetrahydroxy	5
9614|Canis latrans	C24_trihydroxy	12
9614|Canis latrans	C27_dihydroxy	1
9620|Cerdocyon thous	C24_dihydroxy	7
9620|Cerdocyon thous	C24_tetrahydroxy	2
9620|Cerdocyon thous	C24_trihydroxy	12
9620|Cerdocyon thous	C27_dihydroxy	3
9620|Cerdocyon thous	C27_monohydroxy	3
9620|Cerdocyon thous	C27_pentahydroxy	1
9620|Cerdocyon thous	C27_tetrahydroxy	1
9620|Cerdocyon thous	C27_trihydroxy	1
9624|Otocyon megalotis	C24_alkamine_trihydroxy	1
9624|Otocyon megalotis	C24_dihydroxy	3
9624|Otocyon megalotis	C24_tetrahydroxy	3
9624|Otocyon megalotis	C24_trihydroxy	6
9624|Otocyon megalotis	C27_dihydroxy	2
9624|Otocyon megalotis	C27_monohydroxy	3
9624|Otocyon megalotis	C27_tetrahydroxy	1
9624|Otocyon megalotis	C27_trihydroxy	1
9629|Vulpes corsac	C24_dihydroxy	4
9629|Vulpes corsac	C24_tetrahydroxy	1
9629|Vulpes corsac	C24_trihydroxy	4
9630|Vulpes macrotis	C24_alkamine_trihydroxy	1
9630|Vulpes macrotis	C24_dihydroxy	2
9630|Vulpes macrotis	C24_tetrahydroxy	1
9630|Vulpes macrotis	C24_trihydroxy	2
9630|Vulpes macrotis	C28_alcohol_3OH	0
9634|Helarctos malayanus	C24_dihydroxy	5
9634|Helarctos malayanus	C24_tetrahydroxy	1
9634|Helarctos malayanus	C24_trihydroxy	6
9636|Melursus ursinus	C24_alkamine_trihydroxy	6
9636|Melursus ursinus	C24_alkamine_dihydroxy	2
9636|Melursus ursinus	C24_alkamine_pentahydroxy	2
9636|Melursus ursinus	C24_dihydroxy	23
9636|Melursus ursinus	C24_monohydroxy	4
9636|Melursus ursinus	C24_pentahydroxy	2
9636|Melursus ursinus	C24_tetrahydroxy	14
9636|Melursus ursinus	C24_trihydroxy	38
9636|Melursus ursinus	C27_dihydroxy	8
9636|Melursus ursinus	C27_monohydroxy	2
9636|Melursus ursinus	C27_tetrahydroxy	1
9636|Melursus ursinus	C27_trihydroxy	1
9636|Melursus ursinus	C28_alcohol_3OH	0
9638|Tremarctos ornatus	C24_alkamine_trihydroxy	1
9638|Tremarctos ornatus	C24_alkamine_pentahydroxy	5
9638|Tremarctos ornatus	C24_alkamine_tetrahydroxy	1
9638|Tremarctos ornatus	C24_dihydroxy	5
9638|Tremarctos ornatus	C24_tetrahydroxy	2
9638|Tremarctos ornatus	C24_trihydroxy	8
9638|Tremarctos ornatus	C27_dihydroxy	1
9638|Tremarctos ornatus	C27_monohydroxy	1
9642|Ursus thibetanus	C24_alkamine_trihydroxy	10
9642|Ursus thibetanus	C24_alkamine_dihydroxy	9
9642|Ursus thibetanus	C24_alkamine_tetrahydroxy	1
9642|Ursus thibetanus	C24_dihydroxy	20
9642|Ursus thibetanus	C24_monohydroxy	1
9642|Ursus thibetanus	C24_tetrahydroxy	6
9642|Ursus thibetanus	C24_trihydroxy	17
9642|Ursus thibetanus	C28_alcohol_3OH	0
9643|Ursus americanus	C24_alkamine_trihydroxy	4
9643|Ursus americanus	C24_alkamine_dihydroxy	3
9643|Ursus americanus	C24_alkamine_tetrahydroxy	1
9643|Ursus americanus	C24_dihydroxy	15
9643|Ursus americanus	C24_tetrahydroxy	2
9643|Ursus americanus	C24_trihydroxy	10
9643|Ursus americanus	C27_dihydroxy	1
96440|Salvator merianae	C24_alkamine_tetrahydroxy	1
96440|Salvator merianae	C24_dihydroxy	5
96440|Salvator merianae	C24_tetrahydroxy	5
96440|Salvator merianae	C24_trihydroxy	6
96440|Salvator merianae	C27_dihydroxy	2
9644|Ursus arctos	C24_alkamine_trihydroxy	31
9644|Ursus arctos	C24_alkamine_dihydroxy	16
9644|Ursus arctos	C24_alkamine_pentahydroxy	1
9644|Ursus arctos	C24_alkamine_tetrahydroxy	2
9644|Ursus arctos	C24_dihydroxy	39
9644|Ursus arctos	C24_monohydroxy	2
9644|Ursus arctos	C24_pentahydroxy	1
9644|Ursus arctos	C24_tetrahydroxy	14
9644|Ursus arctos	C24_trihydroxy	46
9644|Ursus arctos	C27_dihydroxy	2
9644|Ursus arctos	C28_alcohol_3OH	0
9646|Ailuropoda melanoleuca	C24_dihydroxy	2
9646|Ailuropoda melanoleuca	C24_tetrahydroxy	1
9646|Ailuropoda melanoleuca	C24_trihydroxy	2
9651|Nasua nasua	C23_dihydroxy	2
9651|Nasua nasua	C24_alkamine_trihydroxy	40
9651|Nasua nasua	C24_alkamine_dihydroxy	22
9651|Nasua nasua	C24_alkamine_tetrahydroxy	7
9651|Nasua nasua	C24_dihydroxy	79
9651|Nasua nasua	C24_monohydroxy	7
9651|Nasua nasua	C24_pentahydroxy	3
9651|Nasua nasua	C24_tetrahydroxy	20
9651|Nasua nasua	C24_trihydroxy	88
9651|Nasua nasua	C27_dihydroxy	1
9651|Nasua nasua	C27_monohydroxy	3
9651|Nasua nasua	C28_alcohol_3OH	0
9652|Nasua nasua rufa	C24_alkamine_pentahydroxy	1
9652|Nasua nasua rufa	C24_dihydroxy	5
9652|Nasua nasua rufa	C24_pentahydroxy	1
9652|Nasua nasua rufa	C24_tetrahydroxy	3
9652|Nasua nasua rufa	C24_trihydroxy	14
9652|Nasua nasua rufa	C27_dihydroxy	3
9652|Nasua nasua rufa	C27_tetrahydroxy	1
9652|Nasua nasua rufa	C27_trihydroxy	1
9654|Procyon lotor	C24_dihydroxy	7
9654|Procyon lotor	C24_tetrahydroxy	3
9654|Procyon lotor	C24_trihydroxy	14
9654|Procyon lotor	C27_dihydroxy	2
9654|Procyon lotor	C27_monohydroxy	1
9657|Lutra lutra	C23_dihydroxy	1
9657|Lutra lutra	C24_alkamine_trihydroxy	1
9657|Lutra lutra	C24_alkamine_pentahydroxy	1
9657|Lutra lutra	C24_dihydroxy	7
9657|Lutra lutra	C24_pentahydroxy	3
9657|Lutra lutra	C24_tetrahydroxy	6
9657|Lutra lutra	C24_trihydroxy	12
9657|Lutra lutra	C27_dihydroxy	1
9657|Lutra lutra	C27_monohydroxy	1
9657|Lutra lutra	C27_tetrahydroxy	1
9657|Lutra lutra	C27_trihydroxy	1
9664|Mellivora capensis	C24_dihydroxy	4
9664|Mellivora capensis	C24_tetrahydroxy	2
9664|Mellivora capensis	C24_trihydroxy	11
9664|Mellivora capensis	C27_dihydroxy	1
9664|Mellivora capensis	C27_tetrahydroxy	1
9664|Mellivora capensis	C27_trihydroxy	1
9666|Mustela lutreola	C24_dihydroxy	2
9666|Mustela lutreola	C24_pentahydroxy	1
9666|Mustela lutreola	C24_tetrahydroxy	1
9666|Mustela lutreola	C24_trihydroxy	8
9666|Mustela lutreola	C27_dihydroxy	1
9666|Mustela lutreola	C27_monohydroxy	4
9668|Mustela putorius	C24_dihydroxy	3
9668|Mustela putorius	C24_tetrahydroxy	2
9668|Mustela putorius	C24_trihydroxy	10
9668|Mustela putorius	C27_dihydroxy	1
9668|Mustela putorius	C27_monohydroxy	2
9672|Pteronura brasiliensis	C24_alkamine_trihydroxy	2
9672|Pteronura brasiliensis	C24_dihydroxy	6
9672|Pteronura brasiliensis	C24_pentahydroxy	2
9672|Pteronura brasiliensis	C24_tetrahydroxy	10
9672|Pteronura brasiliensis	C24_trihydroxy	14
9672|Pteronura brasiliensis	C27_dihydroxy	2
9672|Pteronura brasiliensis	C27_monohydroxy	2
9672|Pteronura brasiliensis	C27_pentahydroxy	4
9672|Pteronura brasiliensis	C28_alcohol_3OH	0
96731|Corucia zebrata	C24_alkamine_trihydroxy	1
96731|Corucia zebrata	C24_dihydroxy	10
96731|Corucia zebrata	C24_tetrahydroxy	2
96731|Corucia zebrata	C24_trihydroxy	6
96731|Corucia zebrata	C27_dihydroxy	2
96731|Corucia zebrata	C27_pentahydroxy	6
96731|Corucia zebrata	C27_tetrahydroxy	2
96731|Corucia zebrata	C27_trihydroxy	2
96741|Hemitheconyx caudicinctus	C24_dihydroxy	3
96741|Hemitheconyx caudicinctus	C24_tetrahydroxy	2
96741|Hemitheconyx caudicinctus	C24_trihydroxy	8
96741|Hemitheconyx caudicinctus	C27_monohydroxy	1
96741|Hemitheconyx caudicinctus	C27_pentahydroxy	1
96794|Naja annulifera	C24_alkamine_trihydroxy	2
96794|Naja annulifera	C24_dihydroxy	3
96794|Naja annulifera	C24_tetrahydroxy	7
96794|Naja annulifera	C24_trihydroxy	27
96794|Naja annulifera	C27_monohydroxy	2
9680|Proteles cristata	C24_dihydroxy	7
9680|Proteles cristata	C24_tetrahydroxy	1
9680|Proteles cristata	C24_trihydroxy	10
9680|Proteles cristata	C27_dihydroxy	1
9680|Proteles cristata	C27_monohydroxy	2
9680|Proteles cristata	C27_tetrahydroxy	1
9680|Proteles cristata	C27_trihydroxy	1
9683|Felis silvestris	C24_alkamine_trihydroxy	3
9683|Felis silvestris	C24_alkamine_tetrahydroxy	4
9683|Felis silvestris	C24_dihydroxy	13
9683|Felis silvestris	C24_tetrahydroxy	4
9683|Felis silvestris	C24_trihydroxy	10
9683|Felis silvestris	C27_monohydroxy	1
9683|Felis silvestris	C27_pentahydroxy	1
9685|Felis catus	C23_dihydroxy	5
9685|Felis catus	C24_alkamine_trihydroxy	91
9685|Felis catus	C24_alkamine_dihydroxy	43
9685|Felis catus	C24_alkamine_tetrahydroxy	4
9685|Felis catus	C24_dihydroxy	81
9685|Felis catus	C24_tetrahydroxy	24
9685|Felis catus	C24_trihydroxy	134
9685|Felis catus	C27_monohydroxy	2
9685|Felis catus	C28_alcohol_2OH	0
9685|Felis catus	C28_alcohol_3OH	0
9689|Panthera leo	C24_alkamine_trihydroxy	82
9689|Panthera leo	C24_alkamine_dihydroxy	39
9689|Panthera leo	C24_alkamine_pentahydroxy	1
9689|Panthera leo	C24_alkamine_tetrahydroxy	11
9689|Panthera leo	C24_dihydroxy	85
9689|Panthera leo	C24_monohydroxy	5
9689|Panthera leo	C24_tetrahydroxy	26
9689|Panthera leo	C24_trihydroxy	167
9689|Panthera leo	C27_dihydroxy	2
9689|Panthera leo	C27_monohydroxy	1
9689|Panthera leo	C27_pentahydroxy	3
9689|Panthera leo	C28_alcohol_3OH	0
9690|Panthera onca	C23_trihydroxy	3
9690|Panthera onca	C24_alkamine_trihydroxy	186
9690|Panthera onca	C24_alkamine_dihydroxy	70
9690|Panthera onca	C24_alkamine_pentahydroxy	8
9690|Panthera onca	C24_alkamine_tetrahydroxy	9
9690|Panthera onca	C24_dihydroxy	136
9690|Panthera onca	C24_tetrahydroxy	65
9690|Panthera onca	C24_trihydroxy	304
9690|Panthera onca	C27_dihydroxy	3
9690|Panthera onca	C27_monohydroxy	1
9690|Panthera onca	C27_pentahydroxy	2
9690|Panthera onca	C27_tetrahydroxy	2
9690|Panthera onca	C27_trihydroxy	2
9691|Panthera pardus	C23_trihydroxy	7
9691|Panthera pardus	C24_alkamine_trihydroxy	160
9691|Panthera pardus	C24_alkamine_dihydroxy	127
9691|Panthera pardus	C24_alkamine_pentahydroxy	5
9691|Panthera pardus	C24_alkamine_tetrahydroxy	44
9691|Panthera pardus	C24_dihydroxy	169
9691|Panthera pardus	C24_monohydroxy	4
9691|Panthera pardus	C24_pentahydroxy	5
9691|Panthera pardus	C24_tetrahydroxy	87
9691|Panthera pardus	C24_trihydroxy	211
9691|Panthera pardus	C27_dihydroxy	3
9691|Panthera pardus	C27_monohydroxy	3
9691|Panthera pardus	C27_pentahydroxy	4
9691|Panthera pardus	C27_tetrahydroxy	2
9691|Panthera pardus	C27_trihydroxy	2
9691|Panthera pardus	C28_alcohol_3OH	0
9692|Panthera pardus orientalis	C23_dihydroxy	1
9692|Panthera pardus orientalis	C24_alkamine_trihydroxy	133
9692|Panthera pardus orientalis	C24_alkamine_dihydroxy	36
9692|Panthera pardus orientalis	C24_alkamine_pentahydroxy	4
9692|Panthera pardus orientalis	C24_alkamine_tetrahydroxy	14
9692|Panthera pardus orientalis	C24_dihydroxy	99
9692|Panthera pardus orientalis	C24_tetrahydroxy	40
9692|Panthera pardus orientalis	C24_trihydroxy	193
9692|Panthera pardus orientalis	C27_dihydroxy	4
9692|Panthera pardus orientalis	C27_monohydroxy	4
9692|Panthera pardus orientalis	C27_pentahydroxy	2
9692|Panthera pardus orientalis	C27_tetrahydroxy	3
9692|Panthera pardus orientalis	C27_trihydroxy	3
9694|Panthera tigris	C23_trihydroxy	1
9694|Panthera tigris	C24_alkamine_trihydroxy	400
9694|Panthera tigris	C24_alkamine_dihydroxy	68
9694|Panthera tigris	C24_alkamine_monohydroxy	1
9694|Panthera tigris	C24_alkamine_pentahydroxy	2
9694|Panthera tigris	C24_alkamine_tetrahydroxy	19
9694|Panthera tigris	C24_dihydroxy	171
9694|Panthera tigris	C24_monohydroxy	10
9694|Panthera tigris	C24_pentahydroxy	7
9694|Panthera tigris	C24_tetrahydroxy	78
9694|Panthera tigris	C24_trihydroxy	551
9694|Panthera tigris	C27_dihydroxy	2
9694|Panthera tigris	C27_monohydroxy	2
9694|Panthera tigris	C27_pentahydroxy	1
9694|Panthera tigris	C27_tetrahydroxy	6
9694|Panthera tigris	C27_trihydroxy	5
9694|Panthera tigris	C28_alcohol_3OH	0
9696|Puma concolor	C24_alkamine_tetrahydroxy	1
9696|Puma concolor	C24_dihydroxy	5
9696|Puma concolor	C24_tetrahydroxy	7
9696|Puma concolor	C24_trihydroxy	10
9696|Puma concolor	C27_tetrahydroxy	1
9696|Puma concolor	C27_trihydroxy	1
97015|Trifolium campestre	C23_trihydroxy	2
97015|Trifolium campestre	C24_tetrahydroxy	1
97015|Trifolium campestre	C24_trihydroxy	2
97015|Trifolium campestre	C27_monohydroxy	1
97015|Trifolium campestre	C27_pentahydroxy	2
97021|Trifolium dubium	C27_monohydroxy	1
97021|Trifolium dubium	C27_pentahydroxy	1
97023|Trifolium fragiferum	C23_trihydroxy	2
97023|Trifolium fragiferum	C24_alkamine_pentahydroxy	2
97023|Trifolium fragiferum	C24_trihydroxy	2
97023|Trifolium fragiferum	C27_pentahydroxy	1
9702|Otariidae	C23_dihydroxy	4
9702|Otariidae	C23_trihydroxy	1
9702|Otariidae	C24_alkamine_trihydroxy	2
9702|Otariidae	C24_dihydroxy	3
9702|Otariidae	C24_tetrahydroxy	2
9702|Otariidae	C24_trihydroxy	9
9702|Otariidae	C27_dihydroxy	3
9702|Otariidae	C27_monohydroxy	3
9702|Otariidae	C27_tetrahydroxy	2
9702|Otariidae	C27_trihydroxy	2
9708|Odobenus rosmarus divergens	C23_dihydroxy	6
9708|Odobenus rosmarus divergens	C24_dihydroxy	7
9708|Odobenus rosmarus divergens	C24_tetrahydroxy	1
9708|Odobenus rosmarus divergens	C24_trihydroxy	6
9708|Odobenus rosmarus divergens	C27_monohydroxy	1
9711|Halichoerus grypus	C24_dihydroxy	3
9711|Halichoerus grypus	C24_pentahydroxy	1
9711|Halichoerus grypus	C24_tetrahydroxy	3
9711|Halichoerus grypus	C24_trihydroxy	6
9711|Halichoerus grypus	C27_dihydroxy	1
9711|Halichoerus grypus	C27_tetrahydroxy	1
9711|Halichoerus grypus	C27_trihydroxy	1
9714|Mirounga	C24_dihydroxy	4
9714|Mirounga	C24_tetrahydroxy	2
9714|Mirounga	C24_trihydroxy	2
9714|Mirounga	C27_dihydroxy	2
9718|Pusa hispida	C23_dihydroxy	2
9718|Pusa hispida	C24_alkamine_trihydroxy	2
9718|Pusa hispida	C24_alkamine_dihydroxy	1
9718|Pusa hispida	C24_alkamine_tetrahydroxy	1
9718|Pusa hispida	C24_dihydroxy	9
9718|Pusa hispida	C24_tetrahydroxy	4
9718|Pusa hispida	C24_trihydroxy	13
9718|Pusa hispida	C27_dihydroxy	7
9718|Pusa hispida	C27_monohydroxy	1
9718|Pusa hispida	C27_tetrahydroxy	1
9718|Pusa hispida	C27_trihydroxy	1
9719|Pusa sibirica	C23_dihydroxy	2
9719|Pusa sibirica	C24_dihydroxy	3
9719|Pusa sibirica	C24_monohydroxy	1
9719|Pusa sibirica	C24_tetrahydroxy	4
9719|Pusa sibirica	C24_trihydroxy	4
9719|Pusa sibirica	C27_monohydroxy	2
9720|Phoca vitulina	C23_dihydroxy	1
9720|Phoca vitulina	C24_alkamine_tetrahydroxy	1
9720|Phoca vitulina	C24_dihydroxy	2
9720|Phoca vitulina	C24_tetrahydroxy	4
9720|Phoca vitulina	C24_trihydroxy	6
9720|Phoca vitulina	C27_dihydroxy	1
9720|Phoca vitulina	C27_pentahydroxy	1
9720|Phoca vitulina	C27_tetrahydroxy	3
9720|Phoca vitulina	C27_trihydroxy	3
9728|Delphinus delphis	C24_dihydroxy	3
9728|Delphinus delphis	C24_tetrahydroxy	2
9728|Delphinus delphis	C24_trihydroxy	12
9733|Orcinus orca	C24_alkamine_trihydroxy	3
9733|Orcinus orca	C24_dihydroxy	9
9733|Orcinus orca	C24_tetrahydroxy	3
9733|Orcinus orca	C24_trihydroxy	7
9733|Orcinus orca	C28_alcohol_3OH	0
9736|Stenella longirostris	C24_alkamine_trihydroxy	6
9736|Stenella longirostris	C24_alkamine_dihydroxy	2
9736|Stenella longirostris	C24_alkamine_tetrahydroxy	2
9736|Stenella longirostris	C24_tetrahydroxy	1
9736|Stenella longirostris	C24_trihydroxy	13
9736|Stenella longirostris	C27_dihydroxy	1
9736|Stenella longirostris	C27_tetrahydroxy	1
9736|Stenella longirostris	C27_trihydroxy	1
97398|Streptomyces abikoensis	C23_dihydroxy	2
97398|Streptomyces abikoensis	C27_monohydroxy	2
97398|Streptomyces abikoensis	C28_alcohol_2OH	0
97398|Streptomyces abikoensis	C28_alcohol_3OH	0
9739|Tursiops truncatus	C24_alkamine_trihydroxy	1
9739|Tursiops truncatus	C24_alkamine_pentahydroxy	1
9739|Tursiops truncatus	C24_dihydroxy	6
9739|Tursiops truncatus	C24_tetrahydroxy	5
9739|Tursiops truncatus	C24_trihydroxy	16
9739|Tursiops truncatus	C28_alcohol_3OH	0
97405|Streptomyces kitasatoensis	C28_alcohol_3OH	0
9752|Kogia sima	C24_dihydroxy	12
9752|Kogia sima	C24_tetrahydroxy	1
9752|Kogia sima	C24_trihydroxy	8
9752|Kogia sima	C27_monohydroxy	1
9752|Kogia sima	C28_alcohol_3OH	0
9755|Physeter macrocephalus	C24_dihydroxy	31
9755|Physeter macrocephalus	C24_monohydroxy	1
9755|Physeter macrocephalus	C24_tetrahydroxy	5
9755|Physeter macrocephalus	C24_trihydroxy	23
9755|Physeter macrocephalus	C27_dihydroxy	1
9755|Physeter macrocephalus	C27_monohydroxy	4
9755|Physeter macrocephalus	C28_alcohol_3OH	0
9768|Balaenoptera borealis	C24_alkamine_trihydroxy	2
9768|Balaenoptera borealis	C24_alkamine_dihydroxy	4
9768|Balaenoptera borealis	C24_alkamine_monohydroxy	2
9768|Balaenoptera borealis	C24_dihydroxy	24
9768|Balaenoptera borealis	C24_monohydroxy	2
9768|Balaenoptera borealis	C24_trihydroxy	2
9770|Balaenoptera physalus	C24_alkamine_trihydroxy	32
9770|Balaenoptera physalus	C24_alkamine_dihydroxy	18
9770|Balaenoptera physalus	C24_alkamine_monohydroxy	4
9770|Balaenoptera physalus	C24_alkamine_pentahydroxy	2
9770|Balaenoptera physalus	C24_alkamine_tetrahydroxy	1
9770|Balaenoptera physalus	C24_dihydroxy	93
9770|Balaenoptera physalus	C24_monohydroxy	4
9770|Balaenoptera physalus	C24_tetrahydroxy	6
9770|Balaenoptera physalus	C24_trihydroxy	37
9770|Balaenoptera physalus	C27_monohydroxy	1
9770|Balaenoptera physalus	C27_tetrahydroxy	1
9770|Balaenoptera physalus	C27_trihydroxy	1
9770|Balaenoptera physalus	C28_alcohol_2OH	0
9770|Balaenoptera physalus	C28_alcohol_3OH	0
9773|Megaptera novaeangliae	C24_alkamine_trihydroxy	38
9773|Megaptera novaeangliae	C24_alkamine_dihydroxy	66
9773|Megaptera novaeangliae	C24_alkamine_tetrahydroxy	2
9773|Megaptera novaeangliae	C24_dihydroxy	92
9773|Megaptera novaeangliae	C24_monohydroxy	6
9773|Megaptera novaeangliae	C24_trihydroxy	34
9773|Megaptera novaeangliae	C28_alcohol_3OH	0
9776|Trichechus	C23_dihydroxy	5
9776|Trichechus	C23_monohydroxy	1
9776|Trichechus	C24_alkamine_dihydroxy	3
9776|Trichechus	C24_dihydroxy	11
9776|Trichechus	C24_tetrahydroxy	3
9776|Trichechus	C24_trihydroxy	5
9776|Trichechus	C27_dihydroxy	13
9776|Trichechus	C27_monohydroxy	19
9776|Trichechus	C27_tetrahydroxy	4
9776|Trichechus	C27_trihydroxy	4
9776|Trichechus	C28_alcohol_3OH	0
9777|Trichechus inunguis	C24_trihydroxy	2
9777|Trichechus inunguis	C27_dihydroxy	2
9777|Trichechus inunguis	C27_monohydroxy	1
977965|Gallicolumba rufigula	C24_dihydroxy	2
977965|Gallicolumba rufigula	C24_trihydroxy	2
977965|Gallicolumba rufigula	C27_monohydroxy	1
9783|Elephas maximus	C24_dihydroxy	7
9783|Elephas maximus	C24_tetrahydroxy	3
9783|Elephas maximus	C24_trihydroxy	12
9783|Elephas maximus	C27_tetrahydroxy	1
9783|Elephas maximus	C27_trihydroxy	1
9785|Loxodonta africana	C24_alkamine_tetrahydroxy	2
9785|Loxodonta africana	C24_dihydroxy	2
9785|Loxodonta africana	C24_tetrahydroxy	2
9785|Loxodonta africana	C24_trihydroxy	5
9785|Loxodonta africana	C27_monohydroxy	3
9785|Loxodonta africana	C27_tetrahydroxy	1
9785|Loxodonta africana	C27_trihydroxy	1
9785|Loxodonta africana	C28_alcohol_3OH	0
9793|Equus asinus	C23_trihydroxy	1
9796|Equus caballus	C24_alkamine_dihydroxy	1
9796|Equus caballus	C24_alkamine_monohydroxy	1
9796|Equus caballus	C24_dihydroxy	8
9796|Equus caballus	C24_tetrahydroxy	4
9796|Equus caballus	C24_trihydroxy	4
9796|Equus caballus	C27_dihydroxy	4
9796|Equus caballus	C27_monohydroxy	2
9796|Equus caballus	C27_tetrahydroxy	2
9796|Equus caballus	C27_trihydroxy	2
9798|Equus przewalskii	C24_dihydroxy	5
9798|Equus przewalskii	C24_trihydroxy	5
9798|Equus przewalskii	C27_dihydroxy	3
9798|Equus przewalskii	C27_monohydroxy	1
979|Cellulophaga lytica	C28_alcohol_2OH	0
979|Cellulophaga lytica	C28_alcohol_3OH	0
9809|Rhinoceros unicornis	C24_alkamine_trihydroxy	1
9809|Rhinoceros unicornis	C24_dihydroxy	7
9809|Rhinoceros unicornis	C24_trihydroxy	6
98127|Garrulax leucolophus	C24_alkamine_trihydroxy	4
98127|Garrulax leucolophus	C24_alkamine_pentahydroxy	1
98127|Garrulax leucolophus	C24_alkamine_tetrahydroxy	1
98127|Garrulax leucolophus	C24_dihydroxy	11
98127|Garrulax leucolophus	C24_monohydroxy	1
98127|Garrulax leucolophus	C24_tetrahydroxy	6
98127|Garrulax leucolophus	C24_trihydroxy	6
9813|Procavia capensis	C24_dihydroxy	2
9813|Procavia capensis	C24_trihydroxy	2
9813|Procavia capensis	C27_dihydroxy	2
98156|Yuhina gularis	C24_dihydroxy	5
98156|Yuhina gularis	C24_monohydroxy	1
98156|Yuhina gularis	C24_tetrahydroxy	1
98156|Yuhina gularis	C24_trihydroxy	6
98156|Yuhina gularis	C27_dihydroxy	2
98156|Yuhina gularis	C27_monohydroxy	1
98156|Yuhina gularis	C27_tetrahydroxy	2
98156|Yuhina gularis	C27_trihydroxy	2
9823|Sus scrofa	C23_dihydroxy	1
9823|Sus scrofa	C24_alkamine_trihydroxy	42
9823|Sus scrofa	C24_alkamine_dihydroxy	3
9823|Sus scrofa	C24_dihydroxy	389
9823|Sus scrofa	C24_monohydroxy	61
9823|Sus scrofa	C24_tetrahydroxy	14
9823|Sus scrofa	C24_trihydroxy	301
9823|Sus scrofa	C28_alcohol_3OH	0
9825|Sus scrofa domesticus	C23_dihydroxy	5
9825|Sus scrofa domesticus	C24_alkamine_trihydroxy	3
9825|Sus scrofa domesticus	C24_alkamine_dihydroxy	1
9825|Sus scrofa domesticus	C24_alkamine_pentahydroxy	1
9825|Sus scrofa domesticus	C24_dihydroxy	55
9825|Sus scrofa domesticus	C24_tetrahydroxy	7
9825|Sus scrofa domesticus	C24_trihydroxy	51
9825|Sus scrofa domesticus	C27_dihydroxy	2
9825|Sus scrofa domesticus	C27_monohydroxy	4
9829|Dicotyles tajacu	C24_alkamine_trihydroxy	4
9829|Dicotyles tajacu	C24_alkamine_dihydroxy	8
9829|Dicotyles tajacu	C24_alkamine_monohydroxy	3
9829|Dicotyles tajacu	C24_dihydroxy	8
9829|Dicotyles tajacu	C24_trihydroxy	7
9829|Dicotyles tajacu	C28_alcohol_3OH	0
98334|Bothrops moojeni	C24_dihydroxy	6
98334|Bothrops moojeni	C24_tetrahydroxy	2
98334|Bothrops moojeni	C24_trihydroxy	4
98334|Bothrops moojeni	C27_dihydroxy	2
9833|Hippopotamus amphibius	C24_alkamine_trihydroxy	4
9833|Hippopotamus amphibius	C24_alkamine_monohydroxy	1
9833|Hippopotamus amphibius	C24_dihydroxy	70
9833|Hippopotamus amphibius	C24_tetrahydroxy	8
9833|Hippopotamus amphibius	C24_trihydroxy	35
9833|Hippopotamus amphibius	C27_dihydroxy	2
9833|Hippopotamus amphibius	C27_monohydroxy	4
9833|Hippopotamus amphibius	C27_tetrahydroxy	1
9833|Hippopotamus amphibius	C27_trihydroxy	1
9833|Hippopotamus amphibius	C28_alcohol_3OH	0
983931|Praecereus saxicola	C24_alkamine_trihydroxy	4
983931|Praecereus saxicola	C24_alkamine_tetrahydroxy	2
983931|Praecereus saxicola	C27_dihydroxy	15
983931|Praecereus saxicola	C27_monohydroxy	1
983931|Praecereus saxicola	C28_alcohol_2OH	0
983931|Praecereus saxicola	C28_alcohol_3OH	0
9848|Tragulus napu	C24_alkamine_trihydroxy	4
9848|Tragulus napu	C24_alkamine_dihydroxy	3
9848|Tragulus napu	C24_dihydroxy	4
9848|Tragulus napu	C24_tetrahydroxy	3
9848|Tragulus napu	C24_trihydroxy	15
9848|Tragulus napu	C27_monohydroxy	1
9849|Tragulus javanicus	C24_alkamine_trihydroxy	4
9849|Tragulus javanicus	C24_alkamine_pentahydroxy	2
9849|Tragulus javanicus	C24_dihydroxy	10
9849|Tragulus javanicus	C24_pentahydroxy	1
9849|Tragulus javanicus	C24_tetrahydroxy	7
9849|Tragulus javanicus	C24_trihydroxy	40
9849|Tragulus javanicus	C27_monohydroxy	1
985075|Burkholderia cenocepacia K56-2Sokol	C28_alcohol_3OH	0
985078|Burkholderia multivorans CF2	C28_alcohol_3OH	0
985079|Burkholderia multivorans ATCC BAA-247	C24_trihydroxy	1
985079|Burkholderia multivorans ATCC BAA-247	C28_alcohol_3OH	0
985690|Anarhynchus pecuarius	C24_alkamine_trihydroxy	7
985690|Anarhynchus pecuarius	C24_alkamine_dihydroxy	3
985690|Anarhynchus pecuarius	C24_alkamine_tetrahydroxy	2
985690|Anarhynchus pecuarius	C24_dihydroxy	2
985690|Anarhynchus pecuarius	C24_tetrahydroxy	6
985690|Anarhynchus pecuarius	C24_trihydroxy	18
985690|Anarhynchus pecuarius	C27_dihydroxy	1
9858|Capreolus capreolus	C24_alkamine_trihydroxy	2
9858|Capreolus capreolus	C24_alkamine_dihydroxy	1
9858|Capreolus capreolus	C24_dihydroxy	5
9858|Capreolus capreolus	C24_trihydroxy	7
9860|Cervus elaphus	C24_alkamine_trihydroxy	53
9860|Cervus elaphus	C24_alkamine_dihydroxy	26
9860|Cervus elaphus	C24_alkamine_pentahydroxy	2
9860|Cervus elaphus	C24_dihydroxy	45
9860|Cervus elaphus	C24_monohydroxy	4
9860|Cervus elaphus	C24_tetrahydroxy	2
9860|Cervus elaphus	C24_trihydroxy	49
9860|Cervus elaphus	C28_alcohol_3OH	0
98745|Robinia hispida	C28_alcohol_2OH	0
9883|Hydropotes inermis	C24_dihydroxy	6
9883|Hydropotes inermis	C24_tetrahydroxy	3
9883|Hydropotes inermis	C24_trihydroxy	6
9886|Muntiacus reevesi	C24_alkamine_trihydroxy	1
9886|Muntiacus reevesi	C24_dihydroxy	9
9886|Muntiacus reevesi	C24_tetrahydroxy	1
9886|Muntiacus reevesi	C24_trihydroxy	6
9888|Muntiacus muntjak	C24_dihydroxy	7
9888|Muntiacus muntjak	C24_tetrahydroxy	4
9888|Muntiacus muntjak	C24_trihydroxy	12
9894|Giraffa camelopardalis	C24_alkamine_trihydroxy	1
9894|Giraffa camelopardalis	C24_dihydroxy	15
9894|Giraffa camelopardalis	C24_tetrahydroxy	3
9894|Giraffa camelopardalis	C24_trihydroxy	18
9894|Giraffa camelopardalis	C27_dihydroxy	1
9897|Aepyceros melampus	C23_dihydroxy	2
9897|Aepyceros melampus	C24_alkamine_trihydroxy	3
9897|Aepyceros melampus	C24_dihydroxy	29
9897|Aepyceros melampus	C24_monohydroxy	1
9897|Aepyceros melampus	C24_pentahydroxy	1
9897|Aepyceros melampus	C24_tetrahydroxy	10
9897|Aepyceros melampus	C24_trihydroxy	38
9897|Aepyceros melampus	C27_dihydroxy	6
9897|Aepyceros melampus	C27_monohydroxy	10
9899|Ammotragus lervia	C24_alkamine_trihydroxy	3
9899|Ammotragus lervia	C24_alkamine_dihydroxy	1
9899|Ammotragus lervia	C24_alkamine_pentahydroxy	2
9899|Ammotragus lervia	C24_dihydroxy	20
9899|Ammotragus lervia	C24_tetrahydroxy	7
9899|Ammotragus lervia	C24_trihydroxy	23
9899|Ammotragus lervia	C27_dihydroxy	4
9899|Ammotragus lervia	C27_monohydroxy	5
99037|Chamaemelum nobile	C24_alkamine_monohydroxy	2
99037|Chamaemelum nobile	C24_trihydroxy	2
99037|Chamaemelum nobile	C28_alcohol_3OH	0
9904|Bos gaurus	C24_alkamine_trihydroxy	1
9904|Bos gaurus	C24_dihydroxy	12
9904|Bos gaurus	C24_monohydroxy	3
9904|Bos gaurus	C24_tetrahydroxy	2
9904|Bos gaurus	C24_trihydroxy	15
9904|Bos gaurus	C27_monohydroxy	1
9904|Bos gaurus	C28_alcohol_3OH	0
99071|Leucanthemum	C28_alcohol_2OH	0
99071|Leucanthemum	C28_alcohol_3OH	0
99072|Leucanthemum vulgare	C27_pentahydroxy	2
9913|Bos taurus	C23_dihydroxy	2
9913|Bos taurus	C24_alkamine_trihydroxy	71
9913|Bos taurus	C24_alkamine_dihydroxy	18
9913|Bos taurus	C24_alkamine_monohydroxy	13
9913|Bos taurus	C24_alkamine_pentahydroxy	2
9913|Bos taurus	C24_alkamine_tetrahydroxy	10
9913|Bos taurus	C24_dihydroxy	80
9913|Bos taurus	C24_pentahydroxy	1
9913|Bos taurus	C24_tetrahydroxy	18
9913|Bos taurus	C24_trihydroxy	94
9913|Bos taurus	C27_monohydroxy	5
9913|Bos taurus	C28_alcohol_3OH	0
9917|Boselaphus tragocamelus	C24_alkamine_trihydroxy	8
9917|Boselaphus tragocamelus	C24_alkamine_dihydroxy	9
9917|Boselaphus tragocamelus	C24_alkamine_pentahydroxy	3
9917|Boselaphus tragocamelus	C24_dihydroxy	43
9917|Boselaphus tragocamelus	C24_pentahydroxy	2
9917|Boselaphus tragocamelus	C24_tetrahydroxy	18
9917|Boselaphus tragocamelus	C24_trihydroxy	60
9917|Boselaphus tragocamelus	C27_dihydroxy	1
9917|Boselaphus tragocamelus	C27_monohydroxy	2
9917|Boselaphus tragocamelus	C27_tetrahydroxy	1
9917|Boselaphus tragocamelus	C27_trihydroxy	1
9917|Boselaphus tragocamelus	C28_alcohol_3OH	0
9925|Capra hircus	C23_dihydroxy	2
9925|Capra hircus	C24_alkamine_trihydroxy	85
9925|Capra hircus	C24_alkamine_dihydroxy	33
9925|Capra hircus	C24_alkamine_pentahydroxy	1
9925|Capra hircus	C24_alkamine_tetrahydroxy	16
9925|Capra hircus	C24_dihydroxy	91
9925|Capra hircus	C24_monohydroxy	7
9925|Capra hircus	C24_pentahydroxy	2
9925|Capra hircus	C24_tetrahydroxy	13
9925|Capra hircus	C24_trihydroxy	99
9925|Capra hircus	C27_dihydroxy	19
9925|Capra hircus	C27_monohydroxy	12
9925|Capra hircus	C28_alcohol_3OH	0
992795|Tetradenia riparia	C24_monohydroxy	3
992795|Tetradenia riparia	C27_dihydroxy	3
992795|Tetradenia riparia	C28_alcohol_3OH	0
9927|Connochaetes taurinus	C24_alkamine_trihydroxy	3
9927|Connochaetes taurinus	C24_alkamine_pentahydroxy	1
9927|Connochaetes taurinus	C24_dihydroxy	32
9927|Connochaetes taurinus	C24_monohydroxy	1
9927|Connochaetes taurinus	C24_tetrahydroxy	10
9927|Connochaetes taurinus	C24_trihydroxy	41
9927|Connochaetes taurinus	C27_dihydroxy	6
9927|Connochaetes taurinus	C27_monohydroxy	3
9927|Connochaetes taurinus	C27_tetrahydroxy	1
9927|Connochaetes taurinus	C27_trihydroxy	1
9931|Damaliscus pygargus	C24_dihydroxy	19
9931|Damaliscus pygargus	C24_tetrahydroxy	6
9931|Damaliscus pygargus	C24_trihydroxy	19
9931|Damaliscus pygargus	C27_monohydroxy	1
9938|Ovis aries musimon	C24_alkamine_trihydroxy	1
9938|Ovis aries musimon	C24_alkamine_pentahydroxy	2
9938|Ovis aries musimon	C24_alkamine_tetrahydroxy	1
9938|Ovis aries musimon	C24_dihydroxy	16
9938|Ovis aries musimon	C24_monohydroxy	3
9938|Ovis aries musimon	C24_tetrahydroxy	7
9938|Ovis aries musimon	C24_trihydroxy	21
9938|Ovis aries musimon	C27_dihydroxy	1
9938|Ovis aries musimon	C27_monohydroxy	1
9938|Ovis aries musimon	C28_alcohol_3OH	0
9940|Ovis aries	C24_alkamine_trihydroxy	34
9940|Ovis aries	C24_alkamine_dihydroxy	9
9940|Ovis aries	C24_alkamine_tetrahydroxy	6
9940|Ovis aries	C24_dihydroxy	41
9940|Ovis aries	C24_monohydroxy	1
9940|Ovis aries	C24_tetrahydroxy	3
9940|Ovis aries	C24_trihydroxy	52
9940|Ovis aries	C28_alcohol_3OH	0
9946|Tragelaphus strepsiceros	C24_alkamine_trihydroxy	1
9946|Tragelaphus strepsiceros	C24_dihydroxy	9
9946|Tragelaphus strepsiceros	C24_tetrahydroxy	5
9946|Tragelaphus strepsiceros	C24_trihydroxy	21
9946|Tragelaphus strepsiceros	C27_dihydroxy	3
9946|Tragelaphus strepsiceros	C27_monohydroxy	3
9946|Tragelaphus strepsiceros	C28_alcohol_3OH	0
9947|Tragelaphus imberbis	C23_dihydroxy	1
9947|Tragelaphus imberbis	C24_alkamine_trihydroxy	6
9947|Tragelaphus imberbis	C24_alkamine_dihydroxy	1
9947|Tragelaphus imberbis	C24_alkamine_tetrahydroxy	1
9947|Tragelaphus imberbis	C24_dihydroxy	11
9947|Tragelaphus imberbis	C24_pentahydroxy	1
9947|Tragelaphus imberbis	C24_tetrahydroxy	7
9947|Tragelaphus imberbis	C24_trihydroxy	18
9947|Tragelaphus imberbis	C27_dihydroxy	2
9947|Tragelaphus imberbis	C27_monohydroxy	2
99490|Loxodonta cyclotis	C24_dihydroxy	1
99490|Loxodonta cyclotis	C24_trihydroxy	2
99490|Loxodonta cyclotis	C27_monohydroxy	2
99490|Loxodonta cyclotis	C27_tetrahydroxy	1
99490|Loxodonta cyclotis	C27_trihydroxy	1
99490|Loxodonta cyclotis	C28_alcohol_3OH	0
99568|Curcuma	C24_tetrahydroxy	1
99568|Curcuma	C24_trihydroxy	2
9958|Oryx gazella	C23_dihydroxy	1
9958|Oryx gazella	C24_alkamine_trihydroxy	14
9958|Oryx gazella	C24_alkamine_tetrahydroxy	1
9958|Oryx gazella	C24_dihydroxy	14
9958|Oryx gazella	C24_pentahydroxy	2
9958|Oryx gazella	C24_tetrahydroxy	9
9958|Oryx gazella	C24_trihydroxy	44
9958|Oryx gazella	C27_dihydroxy	1
9958|Oryx gazella	C27_monohydroxy	2
9962|Kobus ellipsiprymnus	C23_dihydroxy	2
9962|Kobus ellipsiprymnus	C23_trihydroxy	1
9962|Kobus ellipsiprymnus	C24_alkamine_pentahydroxy	1
9962|Kobus ellipsiprymnus	C24_dihydroxy	18
9962|Kobus ellipsiprymnus	C24_tetrahydroxy	8
9962|Kobus ellipsiprymnus	C24_trihydroxy	20
9962|Kobus ellipsiprymnus	C27_dihydroxy	2
9962|Kobus ellipsiprymnus	C27_monohydroxy	3
9962|Kobus ellipsiprymnus	C27_pentahydroxy	1
9966|Capricornis crispus	C24_alkamine_trihydroxy	4
9966|Capricornis crispus	C24_alkamine_dihydroxy	12
9966|Capricornis crispus	C24_alkamine_monohydroxy	1
9966|Capricornis crispus	C24_dihydroxy	22
9966|Capricornis crispus	C24_tetrahydroxy	3
9966|Capricornis crispus	C24_trihydroxy	18
9966|Capricornis crispus	C27_dihydroxy	2
9966|Capricornis crispus	C27_monohydroxy	4
9970|Syncerus caffer	C24_alkamine_trihydroxy	6
9970|Syncerus caffer	C24_alkamine_pentahydroxy	1
9970|Syncerus caffer	C24_alkamine_tetrahydroxy	1
9970|Syncerus caffer	C24_dihydroxy	13
9970|Syncerus caffer	C24_pentahydroxy	2
9970|Syncerus caffer	C24_tetrahydroxy	7
9970|Syncerus caffer	C24_trihydroxy	28
9970|Syncerus caffer	C27_dihydroxy	1
9970|Syncerus caffer	C27_monohydroxy	1
997829|Porphyromonas sp. KLE 1280	C24_alkamine_trihydroxy	25
997829|Porphyromonas sp. KLE 1280	C24_alkamine_dihydroxy	34
997829|Porphyromonas sp. KLE 1280	C24_dihydroxy	3
997829|Porphyromonas sp. KLE 1280	C24_trihydroxy	7
997873|Bacteroides caccae CL03T12C61	C24_alkamine_trihydroxy	17
997873|Bacteroides caccae CL03T12C61	C24_alkamine_dihydroxy	31
997873|Bacteroides caccae CL03T12C61	C24_alkamine_tetrahydroxy	15
997873|Bacteroides caccae CL03T12C61	C24_dihydroxy	1
997873|Bacteroides caccae CL03T12C61	C24_tetrahydroxy	2
997873|Bacteroides caccae CL03T12C61	C24_trihydroxy	8
997874|Bacteroides cellulosilyticus CL02T12C19	C24_alkamine_trihydroxy	24
997874|Bacteroides cellulosilyticus CL02T12C19	C24_alkamine_dihydroxy	36
997874|Bacteroides cellulosilyticus CL02T12C19	C24_dihydroxy	3
997874|Bacteroides cellulosilyticus CL02T12C19	C24_trihydroxy	6
997875|Phocaeicola dorei CL02T00C15	C24_alkamine_trihydroxy	22
997875|Phocaeicola dorei CL02T00C15	C24_alkamine_dihydroxy	34
997875|Phocaeicola dorei CL02T00C15	C24_dihydroxy	2
997875|Phocaeicola dorei CL02T00C15	C24_trihydroxy	6
997875|Phocaeicola dorei CL02T00C15	C27_monohydroxy	2
997876|Phocaeicola dorei CL02T12C06	C24_alkamine_trihydroxy	23
997876|Phocaeicola dorei CL02T12C06	C24_alkamine_dihydroxy	32
997876|Phocaeicola dorei CL02T12C06	C24_dihydroxy	2
997876|Phocaeicola dorei CL02T12C06	C24_trihydroxy	4
997876|Phocaeicola dorei CL02T12C06	C27_monohydroxy	2
997877|Phocaeicola dorei CL03T12C01	C24_alkamine_trihydroxy	24
997877|Phocaeicola dorei CL03T12C01	C24_alkamine_dihydroxy	39
997877|Phocaeicola dorei CL03T12C01	C24_dihydroxy	2
997877|Phocaeicola dorei CL03T12C01	C24_trihydroxy	4
997877|Phocaeicola dorei CL03T12C01	C27_monohydroxy	1
997879|Bacteroides fragilis CL03T12C07	C24_alkamine_trihydroxy	20
997879|Bacteroides fragilis CL03T12C07	C24_alkamine_dihydroxy	33
997879|Bacteroides fragilis CL03T12C07	C24_alkamine_tetrahydroxy	6
997879|Bacteroides fragilis CL03T12C07	C24_dihydroxy	1
997879|Bacteroides fragilis CL03T12C07	C24_trihydroxy	6
997879|Bacteroides fragilis CL03T12C07	C27_monohydroxy	3
997880|Bacteroides fragilis CL05T00C42	C24_alkamine_trihydroxy	26
997880|Bacteroides fragilis CL05T00C42	C24_alkamine_dihydroxy	37
997880|Bacteroides fragilis CL05T00C42	C24_alkamine_tetrahydroxy	10
997882|Bacteroides fragilis CL07T00C01	C24_alkamine_trihydroxy	18
997882|Bacteroides fragilis CL07T00C01	C24_alkamine_dihydroxy	33
997882|Bacteroides fragilis CL07T00C01	C24_alkamine_tetrahydroxy	11
997882|Bacteroides fragilis CL07T00C01	C27_monohydroxy	4
997883|Bacteroides fragilis CL07T12C05	C24_alkamine_trihydroxy	22
997883|Bacteroides fragilis CL07T12C05	C24_alkamine_dihydroxy	33
997883|Bacteroides fragilis CL07T12C05	C24_alkamine_tetrahydroxy	13
997883|Bacteroides fragilis CL07T12C05	C27_monohydroxy	1
997887|Bacteroides salyersiae CL02T12C01	C24_alkamine_trihydroxy	24
997887|Bacteroides salyersiae CL02T12C01	C24_alkamine_dihydroxy	35
997887|Bacteroides salyersiae CL02T12C01	C24_alkamine_tetrahydroxy	8
997887|Bacteroides salyersiae CL02T12C01	C24_trihydroxy	2
997888|Bacteroides finegoldii CL09T03C10	C24_alkamine_trihydroxy	19
997888|Bacteroides finegoldii CL09T03C10	C24_alkamine_dihydroxy	32
997888|Bacteroides finegoldii CL09T03C10	C24_alkamine_tetrahydroxy	9
997888|Bacteroides finegoldii CL09T03C10	C24_dihydroxy	3
997888|Bacteroides finegoldii CL09T03C10	C24_trihydroxy	10
997891|Phocaeicola vulgatus CL09T03C04	C24_alkamine_trihydroxy	27
997891|Phocaeicola vulgatus CL09T03C04	C24_alkamine_dihydroxy	34
997891|Phocaeicola vulgatus CL09T03C04	C24_trihydroxy	5
997891|Phocaeicola vulgatus CL09T03C04	C27_monohydroxy	1
99814|Sequoiadendron giganteum	C24_trihydroxy	1
99814|Sequoiadendron giganteum	C28_alcohol_2OH	0
99814|Sequoiadendron giganteum	C28_alcohol_3OH	0
9986|Oryctolagus cuniculus	C24_alkamine_trihydroxy	6
9986|Oryctolagus cuniculus	C24_alkamine_dihydroxy	23
9986|Oryctolagus cuniculus	C24_alkamine_tetrahydroxy	2
9986|Oryctolagus cuniculus	C24_dihydroxy	82
9986|Oryctolagus cuniculus	C24_monohydroxy	6
9986|Oryctolagus cuniculus	C24_tetrahydroxy	8
9986|Oryctolagus cuniculus	C24_trihydroxy	36
9986|Oryctolagus cuniculus	C27_dihydroxy	3
9986|Oryctolagus cuniculus	C27_monohydroxy	3
999414|Fusobacterium animalis F0419	C24_alkamine_trihydroxy	24
999414|Fusobacterium animalis F0419	C24_alkamine_dihydroxy	31
999414|Fusobacterium animalis F0419	C24_dihydroxy	3
999414|Fusobacterium animalis F0419	C24_trihydroxy	7
999416|Parabacteroides distasonis CL03T12C09	C24_alkamine_trihydroxy	6
999416|Parabacteroides distasonis CL03T12C09	C24_alkamine_dihydroxy	4
999416|Parabacteroides distasonis CL03T12C09	C24_dihydroxy	3
999416|Parabacteroides distasonis CL03T12C09	C24_trihydroxy	4
999418|Parabacteroides goldsteinii CL02T12C30	C24_alkamine_trihydroxy	6
999418|Parabacteroides goldsteinii CL02T12C30	C24_alkamine_dihydroxy	4
999418|Parabacteroides goldsteinii CL02T12C30	C24_dihydroxy	2
999418|Parabacteroides goldsteinii CL02T12C30	C24_trihydroxy	3
999419|Parabacteroides johnsonii CL02T12C29	C24_alkamine_trihydroxy	28
999419|Parabacteroides johnsonii CL02T12C29	C24_alkamine_dihydroxy	35
999419|Parabacteroides johnsonii CL02T12C29	C24_dihydroxy	7
999419|Parabacteroides johnsonii CL02T12C29	C24_trihydroxy	8
999420|Parabacteroides merdae CL03T12C32	C24_alkamine_trihydroxy	42
999420|Parabacteroides merdae CL03T12C32	C24_alkamine_dihydroxy	45
999420|Parabacteroides merdae CL03T12C32	C24_dihydroxy	6
999420|Parabacteroides merdae CL03T12C32	C24_trihydroxy	11
999421|Parabacteroides merdae CL09T00C40	C24_alkamine_trihydroxy	26
999421|Parabacteroides merdae CL09T00C40	C24_alkamine_dihydroxy	33
999421|Parabacteroides merdae CL09T00C40	C24_dihydroxy	4
999421|Parabacteroides merdae CL09T00C40	C24_trihydroxy	8
999426|Treponema denticola AL-2	C24_alkamine_trihydroxy	25
999426|Treponema denticola AL-2	C24_alkamine_dihydroxy	38
999426|Treponema denticola AL-2	C24_dihydroxy	1
999426|Treponema denticola AL-2	C24_trihydroxy	4
999426|Treponema denticola AL-2	C27_monohydroxy	1
999427|Treponema denticola ASLM	C24_alkamine_trihydroxy	25
999427|Treponema denticola ASLM	C24_alkamine_dihydroxy	29
999427|Treponema denticola ASLM	C24_dihydroxy	1
999427|Treponema denticola ASLM	C24_trihydroxy	3
999427|Treponema denticola ASLM	C27_monohydroxy	3
999456|Goeppertia ornata	C23_pentahydroxy	1
999456|Goeppertia ornata	C24_pentahydroxy	2
999456|Goeppertia ornata	C24_tetrahydroxy	1
999456|Goeppertia ornata	C24_trihydroxy	1
999456|Goeppertia ornata	C28_alcohol_3OH	0
9995|Marmota monax	C24_dihydroxy	7
9995|Marmota monax	C24_tetrahydroxy	3
9995|Marmota monax	C24_trihydroxy	13
