NCBITaxonomy	BA_class_clean	count
100190|Embiotoca jacksoni	C24_dihydroxy	62
100190|Embiotoca jacksoni	C24_monohydroxy	2
100190|Embiotoca jacksoni	C24_tetrahydroxy	14
100190|Embiotoca jacksoni	C24_trihydroxy	130
100192|Hyperprosopon argenteum	C24_dihydroxy	7
100192|Hyperprosopon argenteum	C24_tetrahydroxy	1
100192|Hyperprosopon argenteum	C24_trihydroxy	9
100213|Apalone ferox	C24_trihydroxy	1
1002367|Leyella stercorea DSM 18206	C24_dihydroxy	9
1002367|Leyella stercorea DSM 18206	C24_trihydroxy	10
10026|Cricetinae	C24_dihydroxy	45
10026|Cricetinae	C24_monohydroxy	15
10026|Cricetinae	C24_tetrahydroxy	23
10026|Cricetinae	C24_trihydroxy	56
1003843|Halcyon smyrnensis	C24_dihydroxy	32
1003843|Halcyon smyrnensis	C24_monohydroxy	12
1003843|Halcyon smyrnensis	C24_tetrahydroxy	26
1003843|Halcyon smyrnensis	C24_trihydroxy	38
1003845|Vanellus indicus	C24_dihydroxy	18
1003845|Vanellus indicus	C24_pentahydroxy	3
1003845|Vanellus indicus	C24_tetrahydroxy	16
1003845|Vanellus indicus	C24_trihydroxy	21
1004507|Amanita muscaria subsp. flavivolvata	C24_tetrahydroxy	2
100496|Rohdea japonica	C24_pentahydroxy	1
1005443|Escherichia coli 0.1197	C24_dihydroxy	104
1005443|Escherichia coli 0.1197	C24_tetrahydroxy	802
1005443|Escherichia coli 0.1197	C24_trihydroxy	844
1005976|Egernia kingii	C24_dihydroxy	11
1005976|Egernia kingii	C24_monohydroxy	5
1005976|Egernia kingii	C24_pentahydroxy	1
1005976|Egernia kingii	C24_trihydroxy	7
1005977|Egernia depressa	C24_dihydroxy	8
1005977|Egernia depressa	C24_monohydroxy	3
1005977|Egernia depressa	C24_trihydroxy	1
10066|Muridae	C24_dihydroxy	42
10066|Muridae	C24_tetrahydroxy	17
10066|Muridae	C24_trihydroxy	77
1006753|Stachyris thoracica	C24_dihydroxy	8
1006753|Stachyris thoracica	C24_tetrahydroxy	11
1006753|Stachyris thoracica	C24_trihydroxy	8
100756|Hericium coralloides	C24_trihydroxy	1
100822|Geronticus eremita	C24_dihydroxy	18
100822|Geronticus eremita	C24_monohydroxy	4
100822|Geronticus eremita	C24_tetrahydroxy	8
100822|Geronticus eremita	C24_trihydroxy	29
100858|Threskiornis aethiopicus	C24_dihydroxy	56
100858|Threskiornis aethiopicus	C24_monohydroxy	8
100858|Threskiornis aethiopicus	C24_pentahydroxy	4
100858|Threskiornis aethiopicus	C24_tetrahydroxy	24
100858|Threskiornis aethiopicus	C24_trihydroxy	62
10088|Mus	C24_dihydroxy	31215
10088|Mus	C24_monohydroxy	2419
10088|Mus	C24_nonhydroxy	115
10088|Mus	C24_pentahydroxy	3728
10088|Mus	C24_tetrahydroxy	32983
10088|Mus	C24_trihydroxy	113910
1008903|Daphniphyllum oldhamii	C24_dihydroxy	88
1008903|Daphniphyllum oldhamii	C24_monohydroxy	168
1008903|Daphniphyllum oldhamii	C24_trihydroxy	5
10090|Mus musculus	C24_dihydroxy	33380
10090|Mus musculus	C24_monohydroxy	2672
10090|Mus musculus	C24_nonhydroxy	11
10090|Mus musculus	C24_pentahydroxy	6771
10090|Mus musculus	C24_tetrahydroxy	46112
10090|Mus musculus	C24_trihydroxy	189911
10095|Mus sp.	C24_dihydroxy	806
10095|Mus sp.	C24_monohydroxy	15
10095|Mus sp.	C24_nonhydroxy	91
10095|Mus sp.	C24_pentahydroxy	24
10095|Mus sp.	C24_tetrahydroxy	1360
10095|Mus sp.	C24_trihydroxy	3717
10105|Mus minutoides	C24_dihydroxy	9
10105|Mus minutoides	C24_tetrahydroxy	6
10105|Mus minutoides	C24_trihydroxy	14
10114|Rattus	C24_dihydroxy	14167
10114|Rattus	C24_monohydroxy	2296
10114|Rattus	C24_nonhydroxy	111
10114|Rattus	C24_pentahydroxy	797
10114|Rattus	C24_tetrahydroxy	8950
10114|Rattus	C24_trihydroxy	21649
10116|Rattus norvegicus	C24_dihydroxy	9937
10116|Rattus norvegicus	C24_monohydroxy	2922
10116|Rattus norvegicus	C24_nonhydroxy	62
10116|Rattus norvegicus	C24_pentahydroxy	512
10116|Rattus norvegicus	C24_tetrahydroxy	7740
10116|Rattus norvegicus	C24_trihydroxy	20245
101278|Xanthonycticebus pygmaeus	C24_dihydroxy	14
101278|Xanthonycticebus pygmaeus	C24_tetrahydroxy	7
101278|Xanthonycticebus pygmaeus	C24_trihydroxy	16
10141|Cavia porcellus	C24_dihydroxy	54
10141|Cavia porcellus	C24_monohydroxy	8
10141|Cavia porcellus	C24_pentahydroxy	2
10141|Cavia porcellus	C24_tetrahydroxy	5
10141|Cavia porcellus	C24_trihydroxy	42
101491|Trionyx triunguis	C24_trihydroxy	2
10149|Hydrochoerus hydrochaeris	C24_dihydroxy	38
10149|Hydrochoerus hydrochaeris	C24_monohydroxy	3
10149|Hydrochoerus hydrochaeris	C24_tetrahydroxy	1
10149|Hydrochoerus hydrochaeris	C24_trihydroxy	14
10151|Chinchilla	C24_dihydroxy	22
10151|Chinchilla	C24_monohydroxy	8
10151|Chinchilla	C24_trihydroxy	10
10157|Myocastor coypus	C24_dihydroxy	136
10157|Myocastor coypus	C24_monohydroxy	24
10157|Myocastor coypus	C24_pentahydroxy	16
10157|Myocastor coypus	C24_tetrahydroxy	70
10157|Myocastor coypus	C24_trihydroxy	179
101697|Chelonoidis denticulatus	C24_tetrahydroxy	2
101697|Chelonoidis denticulatus	C24_trihydroxy	1
10181|Heterocephalus glaber	C24_dihydroxy	24
10181|Heterocephalus glaber	C24_monohydroxy	5
10181|Heterocephalus glaber	C24_tetrahydroxy	3
10181|Heterocephalus glaber	C24_trihydroxy	18
101992|Plantago media	C24_dihydroxy	132
101992|Plantago media	C24_monohydroxy	787
101992|Plantago media	C24_nonhydroxy	5
101992|Plantago media	C24_tetrahydroxy	7
101992|Plantago media	C24_trihydroxy	42
102175|Teratoscincus scincus	C24_dihydroxy	14
102175|Teratoscincus scincus	C24_tetrahydroxy	19
102175|Teratoscincus scincus	C24_trihydroxy	34
102179|Celestus	C24_dihydroxy	8
102179|Celestus	C24_monohydroxy	2
102179|Celestus	C24_pentahydroxy	1
102179|Celestus	C24_tetrahydroxy	6
102179|Celestus	C24_trihydroxy	14
102190|Ophisaurus	C24_dihydroxy	16
102190|Ophisaurus	C24_monohydroxy	2
102190|Ophisaurus	C24_pentahydroxy	14
102190|Ophisaurus	C24_tetrahydroxy	22
102190|Ophisaurus	C24_trihydroxy	38
1027065|Banisteriopsis argyrophylla	C24_tetrahydroxy	2
1027069|Banisteriopsis harleyi	C24_dihydroxy	2
1027069|Banisteriopsis harleyi	C24_nonhydroxy	12
1027070|Banisteriopsis laevifolia	C24_tetrahydroxy	2
1027072|Banisteriopsis muricata	C24_dihydroxy	3
1027072|Banisteriopsis muricata	C24_monohydroxy	4
1027072|Banisteriopsis muricata	C24_nonhydroxy	2
1027072|Banisteriopsis muricata	C24_tetrahydroxy	1
1027072|Banisteriopsis muricata	C24_trihydroxy	2
1027090|Bunchosia glandulifera	C24_tetrahydroxy	4
1027110|Callaeum antifebrile	C24_tetrahydroxy	2
1027122|Dicella bracteosa	C24_tetrahydroxy	2
1027124|Dicella macroptera	C24_tetrahydroxy	1
1027129|Diplopterys pubipetala	C24_tetrahydroxy	2
1027163|Janusia janusioides	C24_monohydroxy	2
1027172|Malpighia mexicana	C24_tetrahydroxy	1
1027196|Peixotoa cordistipula	C24_tetrahydroxy	2
1027218|Tetrapterys phlomoides	C24_monohydroxy	1
1032505|Fusobacterium sp. OBRC1	C24_dihydroxy	2
1032505|Fusobacterium sp. OBRC1	C24_trihydroxy	3
103336|Agama agama	C24_dihydroxy	4
103336|Agama agama	C24_tetrahydroxy	7
103336|Agama agama	C24_trihydroxy	20
103489|Quercus glauca	C24_dihydroxy	48
103489|Quercus glauca	C24_monohydroxy	156
103489|Quercus glauca	C24_nonhydroxy	2
103489|Quercus glauca	C24_pentahydroxy	3
103489|Quercus glauca	C24_trihydroxy	5
103537|Phlox paniculata	C24_tetrahydroxy	364
103537|Phlox paniculata	C24_trihydroxy	1
103582|Cephalorhynchus commersonii	C24_dihydroxy	3
103582|Cephalorhynchus commersonii	C24_tetrahydroxy	1
103582|Cephalorhynchus commersonii	C24_trihydroxy	6
103588|Lissodelphis borealis	C24_dihydroxy	2
103588|Lissodelphis borealis	C24_tetrahydroxy	1
103588|Lissodelphis borealis	C24_trihydroxy	4
103590|Stenella frontalis	C24_dihydroxy	2
103590|Stenella frontalis	C24_trihydroxy	6
103592|Feresa attenuata	C24_dihydroxy	15
103592|Feresa attenuata	C24_tetrahydroxy	4
103592|Feresa attenuata	C24_trihydroxy	36
103600|Sousa chinensis	C24_dihydroxy	4
103600|Sousa chinensis	C24_tetrahydroxy	2
103600|Sousa chinensis	C24_trihydroxy	7
103694|Intellagama lesueurii	C24_dihydroxy	16
103694|Intellagama lesueurii	C24_pentahydroxy	2
103694|Intellagama lesueurii	C24_tetrahydroxy	14
103694|Intellagama lesueurii	C24_trihydroxy	41
103695|Pogona vitticeps	C24_dihydroxy	19
103695|Pogona vitticeps	C24_monohydroxy	3
103695|Pogona vitticeps	C24_pentahydroxy	1
103695|Pogona vitticeps	C24_tetrahydroxy	14
103695|Pogona vitticeps	C24_trihydroxy	45
103696|Laudakia stellio	C24_dihydroxy	5
103696|Laudakia stellio	C24_tetrahydroxy	5
103696|Laudakia stellio	C24_trihydroxy	8
103697|Uromastyx aegyptia	C24_dihydroxy	3
103697|Uromastyx aegyptia	C24_tetrahydroxy	1
103697|Uromastyx aegyptia	C24_trihydroxy	10
103699|Chlamydosaurus kingii	C24_dihydroxy	9
103699|Chlamydosaurus kingii	C24_tetrahydroxy	19
103699|Chlamydosaurus kingii	C24_trihydroxy	44
1038014|Aquimarina amphilecti	C24_dihydroxy	2
103954|Corythaeola cristata	C24_dihydroxy	6
103954|Corythaeola cristata	C24_trihydroxy	2
103959|Musophaga violacea	C24_dihydroxy	3
103959|Musophaga violacea	C24_trihydroxy	3
104202|Clavulina cinerea	C24_trihydroxy	1
1046378|Postia ptychogaster	C24_trihydroxy	2
1050198|Salinispora pacifica DSM 45546 = CNT-133	C24_monohydroxy	2
1050198|Salinispora pacifica DSM 45546 = CNT-133	C24_pentahydroxy	1
1050198|Salinispora pacifica DSM 45546 = CNT-133	C24_tetrahydroxy	1
1050198|Salinispora pacifica DSM 45546 = CNT-133	C24_trihydroxy	1
105181|Elettaria cardamomum	C24_monohydroxy	3
105258|Ammocrypta pellucida	C24_dihydroxy	3
105258|Ammocrypta pellucida	C24_trihydroxy	3
105271|Knautia arvensis	C24_dihydroxy	93
105271|Knautia arvensis	C24_monohydroxy	542
105271|Knautia arvensis	C24_nonhydroxy	5
105271|Knautia arvensis	C24_tetrahydroxy	4
105271|Knautia arvensis	C24_trihydroxy	33
105427|Xenopus muelleri	C24_trihydroxy	1
1055845|Pachypodium horombense	C24_trihydroxy	1
107022|Bucephala clangula	C24_dihydroxy	43
107022|Bucephala clangula	C24_monohydroxy	7
107022|Bucephala clangula	C24_tetrahydroxy	4
107022|Bucephala clangula	C24_trihydroxy	22
107024|Tadorna variegata	C24_dihydroxy	16
107024|Tadorna variegata	C24_monohydroxy	3
107024|Tadorna variegata	C24_tetrahydroxy	1
107024|Tadorna variegata	C24_trihydroxy	13
107026|Mergellus albellus	C24_dihydroxy	13
107026|Mergellus albellus	C24_monohydroxy	2
107026|Mergellus albellus	C24_tetrahydroxy	2
107026|Mergellus albellus	C24_trihydroxy	14
1073351|Bacteroides stercoris CC31F	C24_dihydroxy	27
1073351|Bacteroides stercoris CC31F	C24_trihydroxy	9
1073356|Clostridium cadaveris CC44_001G	C24_dihydroxy	24
1073356|Clostridium cadaveris CC44_001G	C24_trihydroxy	9
1073357|Clostridium cadaveris CC88A	C24_dihydroxy	31
1073357|Clostridium cadaveris CC88A	C24_tetrahydroxy	21
1073357|Clostridium cadaveris CC88A	C24_trihydroxy	3
1073358|Flavonifractor plautii CC43_001K	C24_dihydroxy	25
1073358|Flavonifractor plautii CC43_001K	C24_trihydroxy	8
1073364|Parabacteroides goldsteinii CC87F	C24_dihydroxy	31
1073364|Parabacteroides goldsteinii CC87F	C24_trihydroxy	7
1073365|Peptostreptococcus anaerobius CC14N	C24_dihydroxy	29
1073365|Peptostreptococcus anaerobius CC14N	C24_tetrahydroxy	4
1073365|Peptostreptococcus anaerobius CC14N	C24_trihydroxy	10
1073366|Prevotella nigrescens CC14M	C24_dihydroxy	23
1073366|Prevotella nigrescens CC14M	C24_trihydroxy	7
1073374|Parvimonas micra CC57A	C24_dihydroxy	22
1073374|Parvimonas micra CC57A	C24_trihydroxy	8
1073376|[Ruminococcus] lactaris CC59_002D	C24_trihydroxy	1
1079985|Streptomyces chartreusis NRRL 3882	C24_trihydroxy	2
1081613|Streptomyces albus subsp. albus DSM 41398	C24_tetrahydroxy	1
1087481|Paenibacillus peoriae KCTC 3763	C24_dihydroxy	216
1087481|Paenibacillus peoriae KCTC 3763	C24_tetrahydroxy	38
1087481|Paenibacillus peoriae KCTC 3763	C24_trihydroxy	518
1087776|Euphorbia pithyusa	C24_pentahydroxy	2
1087776|Euphorbia pithyusa	C24_tetrahydroxy	2
1088058|Cervus albirostris	C24_dihydroxy	9
1088058|Cervus albirostris	C24_monohydroxy	1
1088058|Cervus albirostris	C24_tetrahydroxy	2
1088058|Cervus albirostris	C24_trihydroxy	9
1088130|Rusa timorensis	C24_dihydroxy	4
1088130|Rusa timorensis	C24_trihydroxy	3
108858|Dinomys branickii	C24_dihydroxy	41
108858|Dinomys branickii	C24_monohydroxy	7
108858|Dinomys branickii	C24_tetrahydroxy	5
108858|Dinomys branickii	C24_trihydroxy	28
1088720|Lacticaseibacillus rhamnosus ATCC 8530	C24_dihydroxy	11
1088720|Lacticaseibacillus rhamnosus ATCC 8530	C24_trihydroxy	12
109044|Tetraogallus himalayensis	C24_dihydroxy	9
109044|Tetraogallus himalayensis	C24_monohydroxy	2
109044|Tetraogallus himalayensis	C24_trihydroxy	2
109273|Ambloplites rupestris	C24_dihydroxy	10
109273|Ambloplites rupestris	C24_monohydroxy	4
109273|Ambloplites rupestris	C24_tetrahydroxy	3
109273|Ambloplites rupestris	C24_trihydroxy	18
109274|Hippocampus abdominalis	C24_dihydroxy	10
109274|Hippocampus abdominalis	C24_tetrahydroxy	2
109274|Hippocampus abdominalis	C24_trihydroxy	24
109281|Hippocampus erectus	C24_dihydroxy	11
109281|Hippocampus erectus	C24_monohydroxy	6
109281|Hippocampus erectus	C24_tetrahydroxy	1
109281|Hippocampus erectus	C24_trihydroxy	14
1093657|Pitcairnia flammea	C24_monohydroxy	72
1093657|Pitcairnia flammea	C24_pentahydroxy	5
1093657|Pitcairnia flammea	C24_tetrahydroxy	6
1095733|Streptococcus parasanguinis F0449	C24_trihydroxy	1
109689|Chaetodon ephippium	C24_dihydroxy	30
109689|Chaetodon ephippium	C24_monohydroxy	2
109689|Chaetodon ephippium	C24_tetrahydroxy	4
109689|Chaetodon ephippium	C24_trihydroxy	18
109695|Chaetodon melannotus	C24_dihydroxy	30
109695|Chaetodon melannotus	C24_monohydroxy	6
109695|Chaetodon melannotus	C24_tetrahydroxy	6
109695|Chaetodon melannotus	C24_trihydroxy	24
109712|Pomacanthus navarchus	C24_dihydroxy	26
109712|Pomacanthus navarchus	C24_monohydroxy	4
109712|Pomacanthus navarchus	C24_tetrahydroxy	8
109712|Pomacanthus navarchus	C24_trihydroxy	36
109723|Centropyge bicolor	C24_dihydroxy	8
109723|Centropyge bicolor	C24_tetrahydroxy	3
109723|Centropyge bicolor	C24_trihydroxy	15
109732|Centropyge nox	C24_dihydroxy	14
109732|Centropyge nox	C24_tetrahydroxy	4
109732|Centropyge nox	C24_trihydroxy	12
109734|Centropyge tibicen	C24_dihydroxy	16
109734|Centropyge tibicen	C24_pentahydroxy	1
109734|Centropyge tibicen	C24_tetrahydroxy	9
109734|Centropyge tibicen	C24_trihydroxy	20
109737|Chaetodontoplus duboulayi	C24_dihydroxy	12
109737|Chaetodontoplus duboulayi	C24_tetrahydroxy	6
109737|Chaetodontoplus duboulayi	C24_trihydroxy	19
109741|Pygoplites diacanthus	C24_dihydroxy	2
109741|Pygoplites diacanthus	C24_tetrahydroxy	1
109741|Pygoplites diacanthus	C24_trihydroxy	6
109780|Trimeresurus flavomaculatus	C24_dihydroxy	3
109780|Trimeresurus flavomaculatus	C24_pentahydroxy	1
109780|Trimeresurus flavomaculatus	C24_tetrahydroxy	17
109780|Trimeresurus flavomaculatus	C24_trihydroxy	31
109912|Genicanthus lamarck	C24_dihydroxy	5
109912|Genicanthus lamarck	C24_pentahydroxy	2
109912|Genicanthus lamarck	C24_tetrahydroxy	10
109912|Genicanthus lamarck	C24_trihydroxy	13
110196|Bitis atropos	C24_dihydroxy	64
110196|Bitis atropos	C24_monohydroxy	28
110196|Bitis atropos	C24_pentahydroxy	4
110196|Bitis atropos	C24_tetrahydroxy	44
110196|Bitis atropos	C24_trihydroxy	87
110225|Atheris squamigera	C24_dihydroxy	3
110225|Atheris squamigera	C24_pentahydroxy	1
110225|Atheris squamigera	C24_tetrahydroxy	4
110225|Atheris squamigera	C24_trihydroxy	9
110227|Eristicophis macmahoni	C24_dihydroxy	9
110227|Eristicophis macmahoni	C24_pentahydroxy	1
110227|Eristicophis macmahoni	C24_tetrahydroxy	11
110227|Eristicophis macmahoni	C24_trihydroxy	26
1105031|Clostridium sp. MSTE9	C24_dihydroxy	34
1105031|Clostridium sp. MSTE9	C24_trihydroxy	11
1105353|Carpodacus rhodochlamys	C24_dihydroxy	8
1105353|Carpodacus rhodochlamys	C24_tetrahydroxy	2
1105353|Carpodacus rhodochlamys	C24_trihydroxy	5
110555|Myxine	C24_dihydroxy	14
110555|Myxine	C24_tetrahydroxy	4
110555|Myxine	C24_trihydroxy	12
110620|Ardea alba	C24_dihydroxy	9
110620|Ardea alba	C24_tetrahydroxy	8
110620|Ardea alba	C24_trihydroxy	10
110681|Egretta thula	C24_dihydroxy	19
110681|Egretta thula	C24_tetrahydroxy	10
110681|Egretta thula	C24_trihydroxy	18
110682|Egretta caerulea	C24_dihydroxy	12
110682|Egretta caerulea	C24_tetrahydroxy	8
110682|Egretta caerulea	C24_trihydroxy	11
110687|Syrigma sibilatrix	C24_dihydroxy	13
110687|Syrigma sibilatrix	C24_pentahydroxy	2
110687|Syrigma sibilatrix	C24_tetrahydroxy	5
110687|Syrigma sibilatrix	C24_trihydroxy	24
1107404|Vini peruviana	C24_dihydroxy	9
1107404|Vini peruviana	C24_tetrahydroxy	2
1107404|Vini peruviana	C24_trihydroxy	6
110915|Aythya valisineria	C24_dihydroxy	14
110915|Aythya valisineria	C24_tetrahydroxy	1
110915|Aythya valisineria	C24_trihydroxy	11
1111133|Peptoniphilus sp. BV3AC2	C24_dihydroxy	31
1111133|Peptoniphilus sp. BV3AC2	C24_trihydroxy	11
111122|Cardioglossa leucomystax	C24_trihydroxy	2
1111454|Megasphaera vaginalis (ex Srinivasan et al. 2021)	C24_dihydroxy	1
1114792|Equus ferus	C24_trihydroxy	2
1117|Cyanobacteriota	C24_monohydroxy	13
1117|Cyanobacteriota	C24_pentahydroxy	5
1117|Cyanobacteriota	C24_tetrahydroxy	14
1117|Cyanobacteriota	C24_trihydroxy	1455
111818|Phodilus badius	C24_dihydroxy	12
111818|Phodilus badius	C24_pentahydroxy	1
111818|Phodilus badius	C24_tetrahydroxy	11
111818|Phodilus badius	C24_trihydroxy	13
111820|Pulsatrix perspicillata	C24_dihydroxy	13
111820|Pulsatrix perspicillata	C24_monohydroxy	2
111820|Pulsatrix perspicillata	C24_tetrahydroxy	5
111820|Pulsatrix perspicillata	C24_trihydroxy	11
111981|Dumetella carolinensis	C24_dihydroxy	2
111981|Dumetella carolinensis	C24_trihydroxy	1
112068|Phyllospora comosa	C24_monohydroxy	4
112068|Phyllospora comosa	C24_pentahydroxy	2
112068|Phyllospora comosa	C24_tetrahydroxy	8
112068|Phyllospora comosa	C24_trihydroxy	6
1121098|Phocaeicola massiliensis B84634 = Timone 84634 = DSM 17679 = JCM 13223	C24_dihydroxy	10
1121098|Phocaeicola massiliensis B84634 = Timone 84634 = DSM 17679 = JCM 13223	C24_trihydroxy	12
112163|Chitala chitala	C24_dihydroxy	6
112163|Chitala chitala	C24_tetrahydroxy	6
112163|Chitala chitala	C24_trihydroxy	13
112230|Mustelus mustelus	C24_trihydroxy	2
112261|Ovis canadensis nelsoni	C24_dihydroxy	28
112261|Ovis canadensis nelsoni	C24_tetrahydroxy	3
112261|Ovis canadensis nelsoni	C24_trihydroxy	24
1125694|Proteus mirabilis WGLW6	C24_dihydroxy	1
1129973|Euphorbia balsamifera subsp. balsamifera	C24_monohydroxy	2
1129973|Euphorbia balsamifera subsp. balsamifera	C24_nonhydroxy	40
1129973|Euphorbia balsamifera subsp. balsamifera	C24_pentahydroxy	2
1129973|Euphorbia balsamifera subsp. balsamifera	C24_trihydroxy	2
1130723|Maribacter aestuarii	C24_dihydroxy	4
1130723|Maribacter aestuarii	C24_monohydroxy	4
1130723|Maribacter aestuarii	C24_trihydroxy	4
113085|Ramaria claviramulata	C24_trihydroxy	1
1134785|Enterococcus faecalis ERV103	C24_dihydroxy	24
1134785|Enterococcus faecalis ERV103	C24_tetrahydroxy	1
1134785|Enterococcus faecalis ERV103	C24_trihydroxy	8
1134804|Enterococcus faecium 503	C24_dihydroxy	45
1134804|Enterococcus faecium 503	C24_tetrahydroxy	1
1134804|Enterococcus faecium 503	C24_trihydroxy	8
1134811|Enterococcus faecium 513	C24_dihydroxy	44
1134811|Enterococcus faecium 513	C24_trihydroxy	9
1134817|Enterococcus faecium E417	C24_dihydroxy	24
1134817|Enterococcus faecium E417	C24_trihydroxy	9
1134820|Enterococcus faecium ERV102	C24_dihydroxy	42
1134820|Enterococcus faecium ERV102	C24_tetrahydroxy	1
1134820|Enterococcus faecium ERV102	C24_trihydroxy	3
1134822|Enterococcus faecium ERV165	C24_dihydroxy	31
1134822|Enterococcus faecium ERV165	C24_trihydroxy	2
1134827|Enterococcus faecium ERV99	C24_dihydroxy	33
1134827|Enterococcus faecium ERV99	C24_trihydroxy	3
113540|Scleropages formosus	C24_dihydroxy	11
113540|Scleropages formosus	C24_pentahydroxy	3
113540|Scleropages formosus	C24_tetrahydroxy	7
113540|Scleropages formosus	C24_trihydroxy	17
113542|Scleropages leichardti	C24_dihydroxy	10
113542|Scleropages leichardti	C24_tetrahydroxy	8
113542|Scleropages leichardti	C24_trihydroxy	16
113544|Arapaima gigas	C24_dihydroxy	27
113544|Arapaima gigas	C24_tetrahydroxy	21
113544|Arapaima gigas	C24_trihydroxy	42
113566|Winogradskya humida	C24_pentahydroxy	2
113566|Winogradskya humida	C24_trihydroxy	2
113568|Actinoplanes lobatus	C24_monohydroxy	6
1136416|Salinispora pacifica CNT001	C24_monohydroxy	1
1136420|Salinispora pacifica CNT131	C24_monohydroxy	1
1136420|Salinispora pacifica CNT131	C24_pentahydroxy	1
1136424|Salinispora pacifica CNT603	C24_monohydroxy	1
1136426|Salinispora arenicola CNX482	C24_dihydroxy	2
1136426|Salinispora arenicola CNX482	C24_monohydroxy	2
1136427|Salinispora arenicola CNH646	C24_monohydroxy	2
1136428|Salinispora arenicola CNT850	C24_nonhydroxy	1
1136428|Salinispora arenicola CNT850	C24_pentahydroxy	1
1136428|Salinispora arenicola CNT850	C24_trihydroxy	1
1136431|Salinispora tropica CNB536	C24_dihydroxy	1
1137248|Salinispora tropica CNH898	C24_trihydroxy	1
1137252|Salinispora arenicola CNH941	C24_pentahydroxy	1
1137254|Salinispora arenicola CNT857	C24_pentahydroxy	1
1137254|Salinispora arenicola CNT857	C24_trihydroxy	1
1137255|Salinispora arenicola CNT005	C24_dihydroxy	2
1137255|Salinispora arenicola CNT005	C24_monohydroxy	1
1137255|Salinispora arenicola CNT005	C24_pentahydroxy	1
1137257|Salinispora arenicola CNX508	C24_pentahydroxy	1
1137263|Salinispora fenicalii	C24_tetrahydroxy	1
1137481|Cercopithecus kandti	C24_dihydroxy	20
1137481|Cercopithecus kandti	C24_monohydroxy	1
1137481|Cercopithecus kandti	C24_pentahydroxy	1
1137481|Cercopithecus kandti	C24_tetrahydroxy	7
1137481|Cercopithecus kandti	C24_trihydroxy	14
1137780|Polaribacter porphyrae	C24_dihydroxy	2
1137780|Polaribacter porphyrae	C24_monohydroxy	32
1137780|Polaribacter porphyrae	C24_trihydroxy	4
1138355|Euphorbia ornithopus	C24_dihydroxy	2
1138355|Euphorbia ornithopus	C24_monohydroxy	4
1138355|Euphorbia ornithopus	C24_nonhydroxy	96
1138355|Euphorbia ornithopus	C24_pentahydroxy	2
1138428|Phacochoerus africanus sundevallii	C24_dihydroxy	66
1138428|Phacochoerus africanus sundevallii	C24_monohydroxy	17
1138428|Phacochoerus africanus sundevallii	C24_tetrahydroxy	16
1138428|Phacochoerus africanus sundevallii	C24_trihydroxy	57
1140|Synechococcus elongatus PCC 7942 = FACHB-805	C24_tetrahydroxy	8
1143261|Phylloporus arenicola	C24_tetrahydroxy	3
114336|Perissocephalus tricolor	C24_dihydroxy	4
114336|Perissocephalus tricolor	C24_trihydroxy	3
1143719|Cervus nippon mantchuricus	C24_dihydroxy	5
1143719|Cervus nippon mantchuricus	C24_tetrahydroxy	1
1143719|Cervus nippon mantchuricus	C24_trihydroxy	10
1144308|Brevibacillus sp. BC25	C24_dihydroxy	4
1144308|Brevibacillus sp. BC25	C24_trihydroxy	8
1144311|Brevibacillus sp. CF112	C24_dihydroxy	2
1144311|Brevibacillus sp. CF112	C24_pentahydroxy	2
1144311|Brevibacillus sp. CF112	C24_trihydroxy	9
1144319|Herbaspirillum sp. CF444	C24_dihydroxy	1
1144319|Herbaspirillum sp. CF444	C24_trihydroxy	7
1144321|Pseudomonas sp. GM102	C24_trihydroxy	4
1144322|Pseudomonas sp. GM16	C24_dihydroxy	2
1144322|Pseudomonas sp. GM16	C24_trihydroxy	8
1144324|Pseudomonas sp. GM18	C24_dihydroxy	1
1144324|Pseudomonas sp. GM18	C24_pentahydroxy	2
1144324|Pseudomonas sp. GM18	C24_tetrahydroxy	2
1144324|Pseudomonas sp. GM18	C24_trihydroxy	2
1144326|Pseudomonas sp. GM24	C24_trihydroxy	8
1144327|Pseudomonas sp. GM25	C24_dihydroxy	1
1144327|Pseudomonas sp. GM25	C24_trihydroxy	2
1144330|Pseudomonas sp. GM48	C24_trihydroxy	1
1144332|Pseudomonas sp. GM50	C24_dihydroxy	29
1144332|Pseudomonas sp. GM50	C24_trihydroxy	6
1144334|Pseudomonas sp. GM60	C24_dihydroxy	4
1144334|Pseudomonas sp. GM60	C24_trihydroxy	9
1144335|Pseudomonas sp. GM67	C24_trihydroxy	1
1144336|Pseudomonas sp. GM74	C24_dihydroxy	4
1144336|Pseudomonas sp. GM74	C24_trihydroxy	8
1144337|Pseudomonas sp. GM78	C24_trihydroxy	10
1144338|Pseudomonas sp. GM79	C24_trihydroxy	6
1144339|Pseudomonas sp. GM80	C24_trihydroxy	5
114453|Bathymodiolus heckerae	C24_monohydroxy	1
114476|Gardenia jasminoides	C24_dihydroxy	11
114476|Gardenia jasminoides	C24_tetrahydroxy	2
114476|Gardenia jasminoides	C24_trihydroxy	25
1144929|Salinispora arenicola CNQ748	C24_dihydroxy	1
1144930|Salinispora arenicola CNS673	C24_dihydroxy	1
1144930|Salinispora arenicola CNS673	C24_monohydroxy	1
1144930|Salinispora arenicola CNS673	C24_nonhydroxy	1
114688|Streptomyces griseiniger	C24_nonhydroxy	2
114688|Streptomyces griseiniger	C24_pentahydroxy	4
114698|Streptomyces javensis	C24_nonhydroxy	10
114700|Streptomyces indonesiensis	C24_pentahydroxy	4
114700|Streptomyces indonesiensis	C24_trihydroxy	6
1150298|Fusicatenibacter saccharivorans	C24_dihydroxy	8
1150298|Fusicatenibacter saccharivorans	C24_trihydroxy	11
1150460|Bifidobacterium catenulatum subsp. kashiwanohense JCM 15439 = DSM 21854	C24_dihydroxy	4
1150460|Bifidobacterium catenulatum subsp. kashiwanohense JCM 15439 = DSM 21854	C24_trihydroxy	38
1155552|Morella pensylvanica	C24_trihydroxy	1
115594|Grimmia pulvinata	C24_dihydroxy	2
115594|Grimmia pulvinata	C24_trihydroxy	3
115645|Ducula bicolor	C24_dihydroxy	50
115645|Ducula bicolor	C24_monohydroxy	4
115645|Ducula bicolor	C24_tetrahydroxy	6
115645|Ducula bicolor	C24_trihydroxy	38
115654|Goura cristata	C24_dihydroxy	8
115654|Goura cristata	C24_trihydroxy	3
115697|Ptilinopus leclancheri	C24_dihydroxy	41
115697|Ptilinopus leclancheri	C24_tetrahydroxy	1
115697|Ptilinopus leclancheri	C24_trihydroxy	19
115701|Treron	C24_dihydroxy	35
115701|Treron	C24_monohydroxy	5
115701|Treron	C24_pentahydroxy	1
115701|Treron	C24_tetrahydroxy	7
115701|Treron	C24_trihydroxy	27
1158629|Enterococcus faecalis EnGen0248	C24_dihydroxy	10
1158629|Enterococcus faecalis EnGen0248	C24_trihydroxy	13
1158920|Ardeola grayii	C24_dihydroxy	16
1158920|Ardeola grayii	C24_tetrahydroxy	10
1158920|Ardeola grayii	C24_trihydroxy	25
1159231|Acmispon argophyllus	C24_dihydroxy	1
116114|Trioceros jacksonii	C24_dihydroxy	12
116114|Trioceros jacksonii	C24_tetrahydroxy	18
116114|Trioceros jacksonii	C24_trihydroxy	41
1161409|Bifidobacterium sp. MSTE12	C24_dihydroxy	25
1161409|Bifidobacterium sp. MSTE12	C24_tetrahydroxy	1
1161409|Bifidobacterium sp. MSTE12	C24_trihydroxy	3
1161743|Bifidobacterium longum subsp. longum 44B	C24_dihydroxy	36
1161743|Bifidobacterium longum subsp. longum 44B	C24_tetrahydroxy	1
1161743|Bifidobacterium longum subsp. longum 44B	C24_trihydroxy	11
1161744|Bifidobacterium longum subsp. longum 1-6B	C24_dihydroxy	30
1161744|Bifidobacterium longum subsp. longum 1-6B	C24_trihydroxy	4
1161745|Bifidobacterium longum subsp. longum 2-2B	C24_dihydroxy	31
1161745|Bifidobacterium longum subsp. longum 2-2B	C24_trihydroxy	3
1161904|Bifidobacterium longum subsp. longum 35B	C24_dihydroxy	39
1161904|Bifidobacterium longum subsp. longum 35B	C24_trihydroxy	2
1163398|Pseudomonas donghuensis	C24_monohydroxy	1
1163405|Aspergillus oryzae AS 3.951	C24_trihydroxy	3
1163663|Plagiodontia aedium	C24_dihydroxy	14
1163663|Plagiodontia aedium	C24_monohydroxy	4
1163663|Plagiodontia aedium	C24_pentahydroxy	2
1163663|Plagiodontia aedium	C24_tetrahydroxy	28
1163663|Plagiodontia aedium	C24_trihydroxy	19
1169164|Salinispora arenicola CNY282	C24_nonhydroxy	1
1169164|Salinispora arenicola CNY282	C24_trihydroxy	3
1169165|Salinispora arenicola CNY234	C24_dihydroxy	1
1169165|Salinispora arenicola CNY234	C24_trihydroxy	1
1169166|Salinispora arenicola CNY256	C24_dihydroxy	1
1169166|Salinispora arenicola CNY256	C24_monohydroxy	1
1169166|Salinispora arenicola CNY256	C24_trihydroxy	2
1169169|Salinispora arenicola CNX481	C24_monohydroxy	1
1169169|Salinispora arenicola CNX481	C24_nonhydroxy	1
1169170|Salinispora arenicola CNP193	C24_nonhydroxy	1
1169173|Salinispora arenicola CNY280	C24_pentahydroxy	1
1169175|Salinispora arenicola CNH962	C24_monohydroxy	2
1169175|Salinispora arenicola CNH962	C24_nonhydroxy	1
1169176|Salinispora arenicola CNH877	C24_nonhydroxy	1
1169176|Salinispora arenicola CNH877	C24_pentahydroxy	1
1169181|Salinispora pacifica CNY331	C24_nonhydroxy	1
1169181|Salinispora pacifica CNY331	C24_pentahydroxy	1
1169185|Salinispora arenicola CNY237	C24_nonhydroxy	2
1169185|Salinispora arenicola CNY237	C24_pentahydroxy	1
1169185|Salinispora arenicola CNY237	C24_tetrahydroxy	1
1169188|Salinispora pacifica CNT124	C24_nonhydroxy	1
1169188|Salinispora pacifica CNT124	C24_pentahydroxy	1
1169191|Salinispora pacifica CNT584	C24_dihydroxy	2
1169191|Salinispora pacifica CNT584	C24_monohydroxy	1
1169191|Salinispora pacifica CNT584	C24_pentahydroxy	1
1169192|Salinispora pacifica CNY330	C24_tetrahydroxy	1
1169193|Salinispora pacifica CNQ768	C24_monohydroxy	1
1169193|Salinispora pacifica CNQ768	C24_pentahydroxy	1
1169196|Salinispora tropica CNT250	C24_monohydroxy	1
1169196|Salinispora tropica CNT250	C24_pentahydroxy	1
1169196|Salinispora tropica CNT250	C24_tetrahydroxy	1
117000|Phoenicopterus chilensis	C24_dihydroxy	24
117000|Phoenicopterus chilensis	C24_monohydroxy	1
117000|Phoenicopterus chilensis	C24_tetrahydroxy	14
117000|Phoenicopterus chilensis	C24_trihydroxy	40
117017|Asterophora lycoperdoides	C24_tetrahydroxy	1
117024|Clitocybe nebularis	C24_monohydroxy	12
1170828|Daboia palaestinae	C24_dihydroxy	18
1170828|Daboia palaestinae	C24_pentahydroxy	13
1170828|Daboia palaestinae	C24_tetrahydroxy	28
1170828|Daboia palaestinae	C24_trihydroxy	36
1171711|Anthropoides paradiseus	C24_dihydroxy	19
1171711|Anthropoides paradiseus	C24_monohydroxy	1
1171711|Anthropoides paradiseus	C24_tetrahydroxy	9
1171711|Anthropoides paradiseus	C24_trihydroxy	37
1175437|Pseudoxyrhopus tritaeniatus	C24_pentahydroxy	2
1175437|Pseudoxyrhopus tritaeniatus	C24_tetrahydroxy	13
1175437|Pseudoxyrhopus tritaeniatus	C24_trihydroxy	18
1179|Desmonostoc muscorum	C24_monohydroxy	25
1179|Desmonostoc muscorum	C24_trihydroxy	1
118183|Chordeiles acutipennis	C24_dihydroxy	6
118183|Chordeiles acutipennis	C24_tetrahydroxy	3
118183|Chordeiles acutipennis	C24_trihydroxy	8
1181|Desmonostoc sp. PCC 7906	C24_monohydroxy	8
1181|Desmonostoc sp. PCC 7906	C24_nonhydroxy	4
1182252|Gymnothorax funebris	C24_dihydroxy	26
1182252|Gymnothorax funebris	C24_monohydroxy	10
1182252|Gymnothorax funebris	C24_tetrahydroxy	15
1182252|Gymnothorax funebris	C24_trihydroxy	49
118255|Rhinoptera bonasus	C24_dihydroxy	3
118255|Rhinoptera bonasus	C24_tetrahydroxy	1
118255|Rhinoptera bonasus	C24_trihydroxy	10
1182847|Scorpaena bergii	C24_dihydroxy	6
1182847|Scorpaena bergii	C24_monohydroxy	1
1182847|Scorpaena bergii	C24_tetrahydroxy	3
1182847|Scorpaena bergii	C24_trihydroxy	18
1183243|Ptychozoon lionotum	C24_dihydroxy	4
1183243|Ptychozoon lionotum	C24_tetrahydroxy	1
1183243|Ptychozoon lionotum	C24_trihydroxy	5
118565|Pennahia argentata	C24_dihydroxy	4
118565|Pennahia argentata	C24_trihydroxy	5
1185|Rivulariaceae	C24_pentahydroxy	3
1185|Rivulariaceae	C24_tetrahydroxy	4
1185|Rivulariaceae	C24_trihydroxy	2
118677|Cyclura carinata	C24_dihydroxy	11
118677|Cyclura carinata	C24_tetrahydroxy	2
118677|Cyclura carinata	C24_trihydroxy	19
118783|Actophilornis africanus	C24_dihydroxy	16
118783|Actophilornis africanus	C24_monohydroxy	1
118783|Actophilornis africanus	C24_tetrahydroxy	1
118783|Actophilornis africanus	C24_trihydroxy	12
118791|Rostratulidae	C24_dihydroxy	12
118791|Rostratulidae	C24_tetrahydroxy	4
118791|Rostratulidae	C24_trihydroxy	12
118793|Rostratula benghalensis	C24_dihydroxy	11
118793|Rostratula benghalensis	C24_tetrahydroxy	7
118793|Rostratula benghalensis	C24_trihydroxy	18
1189126|Paraburkholderia eburnea	C24_monohydroxy	1
1190621|Olsenella uli MSTE5	C24_trihydroxy	1
119409|Crinifer zonurus	C24_dihydroxy	6
119409|Crinifer zonurus	C24_trihydroxy	3
119412|Musophaga rossae	C24_dihydroxy	3
119412|Musophaga rossae	C24_trihydroxy	4
119417|Tauraco livingstonii	C24_dihydroxy	1
119417|Tauraco livingstonii	C24_trihydroxy	1
119419|Tauraco schalowi	C24_dihydroxy	36
119419|Tauraco schalowi	C24_monohydroxy	4
119419|Tauraco schalowi	C24_tetrahydroxy	12
119419|Tauraco schalowi	C24_trihydroxy	31
119562|Sylvicapra grimmia	C24_dihydroxy	3
119562|Sylvicapra grimmia	C24_monohydroxy	4
119562|Sylvicapra grimmia	C24_trihydroxy	4
1197248|Sargassum vestitum	C24_tetrahydroxy	4
1197248|Sargassum vestitum	C24_trihydroxy	4
119825|Mephitidae	C24_dihydroxy	20
119825|Mephitidae	C24_tetrahydroxy	5
119825|Mephitidae	C24_trihydroxy	22
119949|Myrtus communis	C24_pentahydroxy	2
119949|Myrtus communis	C24_tetrahydroxy	1
119949|Myrtus communis	C24_trihydroxy	1
1200966|Pericrocotus speciosus	C24_dihydroxy	9
1200966|Pericrocotus speciosus	C24_tetrahydroxy	14
1200966|Pericrocotus speciosus	C24_trihydroxy	7
1203540|Bifidobacterium breve HPH0326	C24_dihydroxy	28
1203540|Bifidobacterium breve HPH0326	C24_tetrahydroxy	1
1203540|Bifidobacterium breve HPH0326	C24_trihydroxy	3
1203549|Microbacterium sp. oral taxon 186 str. F0373	C24_dihydroxy	1
1203549|Microbacterium sp. oral taxon 186 str. F0373	C24_trihydroxy	2
1203550|Hoylesella oralis HGA0225	C24_dihydroxy	32
1203550|Hoylesella oralis HGA0225	C24_trihydroxy	8
1203554|Sutterella wadsworthensis HGA0223	C24_dihydroxy	40
1203554|Sutterella wadsworthensis HGA0223	C24_trihydroxy	25
1204474|Fusobacterium nucleatum CTI-1	C24_dihydroxy	26
1204474|Fusobacterium nucleatum CTI-1	C24_trihydroxy	8
1204476|Fusobacterium nucleatum CTI-3	C24_dihydroxy	35
1204476|Fusobacterium nucleatum CTI-3	C24_tetrahydroxy	1
1204476|Fusobacterium nucleatum CTI-3	C24_trihydroxy	4
1206781|Paenibacillus alvei DSM 29	C24_dihydroxy	216
1206781|Paenibacillus alvei DSM 29	C24_tetrahydroxy	24
1206781|Paenibacillus alvei DSM 29	C24_trihydroxy	496
120794|Falco rusticolus	C24_dihydroxy	4
120794|Falco rusticolus	C24_tetrahydroxy	14
120794|Falco rusticolus	C24_trihydroxy	2
1208051|Pachydactylus rangei	C24_dihydroxy	11
1208051|Pachydactylus rangei	C24_tetrahydroxy	2
1208051|Pachydactylus rangei	C24_trihydroxy	19
121123|Alouatta sara	C24_dihydroxy	233
121123|Alouatta sara	C24_monohydroxy	24
121123|Alouatta sara	C24_tetrahydroxy	66
121123|Alouatta sara	C24_trihydroxy	164
121322|Clelia clelia	C24_dihydroxy	2
121322|Clelia clelia	C24_pentahydroxy	1
121322|Clelia clelia	C24_tetrahydroxy	10
121322|Clelia clelia	C24_trihydroxy	12
1213717|Torpedo torpedo	C24_dihydroxy	10
1213717|Torpedo torpedo	C24_tetrahydroxy	10
1213717|Torpedo torpedo	C24_trihydroxy	31
121526|Corythaixoides leucogaster	C24_dihydroxy	7
121526|Corythaixoides leucogaster	C24_trihydroxy	4
1217839|Suillus ponderosus	C24_tetrahydroxy	1
1223523|Streptomyces mobaraensis NBRC 13819 = DSM 40847	C24_pentahydroxy	2
122355|Pseudomonas psychrophila	C24_dihydroxy	22
122355|Pseudomonas psychrophila	C24_trihydroxy	58
122532|Crepis biennis	C24_dihydroxy	3
122532|Crepis biennis	C24_monohydroxy	26
122532|Crepis biennis	C24_trihydroxy	3
1226210|Sicalis taczanowskii	C24_dihydroxy	4
1226210|Sicalis taczanowskii	C24_tetrahydroxy	2
1226210|Sicalis taczanowskii	C24_trihydroxy	5
1226325|Clostridium sp. KLE 1755	C24_dihydroxy	31
1226325|Clostridium sp. KLE 1755	C24_tetrahydroxy	1
1226325|Clostridium sp. KLE 1755	C24_trihydroxy	16
122933|Zamenis scalaris	C24_dihydroxy	17
122933|Zamenis scalaris	C24_monohydroxy	1
122933|Zamenis scalaris	C24_tetrahydroxy	3
122933|Zamenis scalaris	C24_trihydroxy	28
122934|Elaphe quatuorlineata	C24_dihydroxy	11
122934|Elaphe quatuorlineata	C24_tetrahydroxy	13
122934|Elaphe quatuorlineata	C24_trihydroxy	30
123240|Stenobrachius nannochir	C24_dihydroxy	7
123240|Stenobrachius nannochir	C24_tetrahydroxy	2
123240|Stenobrachius nannochir	C24_trihydroxy	10
123380|Myadestes	C24_dihydroxy	10
123380|Myadestes	C24_monohydroxy	2
123380|Myadestes	C24_tetrahydroxy	7
123380|Myadestes	C24_trihydroxy	7
123934|Gazella subgutturosa marica	C24_dihydroxy	20
123934|Gazella subgutturosa marica	C24_monohydroxy	5
123934|Gazella subgutturosa marica	C24_tetrahydroxy	7
123934|Gazella subgutturosa marica	C24_trihydroxy	20
1240243|Lampropeltis holbrooki	C24_dihydroxy	11
1240243|Lampropeltis holbrooki	C24_tetrahydroxy	10
1240243|Lampropeltis holbrooki	C24_trihydroxy	25
1243780|Pelecanus occidentalis californicus	C24_dihydroxy	34
1243780|Pelecanus occidentalis californicus	C24_monohydroxy	8
1243780|Pelecanus occidentalis californicus	C24_pentahydroxy	2
1243780|Pelecanus occidentalis californicus	C24_tetrahydroxy	46
1243780|Pelecanus occidentalis californicus	C24_trihydroxy	68
1244804|Penelopides manillae manillae	C24_dihydroxy	4
1244804|Penelopides manillae manillae	C24_monohydroxy	6
1244804|Penelopides manillae manillae	C24_trihydroxy	4
124778|Illicium verum	C24_pentahydroxy	2
124937|Barnebya	C24_monohydroxy	1
125070|Pauxi pauxi	C24_dihydroxy	8
125070|Pauxi pauxi	C24_monohydroxy	2
125070|Pauxi pauxi	C24_tetrahydroxy	2
125070|Pauxi pauxi	C24_trihydroxy	11
125280|Laniarius ferrugineus	C24_dihydroxy	8
125280|Laniarius ferrugineus	C24_monohydroxy	2
125280|Laniarius ferrugineus	C24_tetrahydroxy	1
125280|Laniarius ferrugineus	C24_trihydroxy	9
125866|Crotalus catalinensis	C24_dihydroxy	16
125866|Crotalus catalinensis	C24_tetrahydroxy	8
125866|Crotalus catalinensis	C24_trihydroxy	24
125877|Crotalus lepidus klauberi	C24_dihydroxy	29
125877|Crotalus lepidus klauberi	C24_pentahydroxy	11
125877|Crotalus lepidus klauberi	C24_tetrahydroxy	41
125877|Crotalus lepidus klauberi	C24_trihydroxy	67
1260|Finegoldia magna	C24_dihydroxy	33
1260|Finegoldia magna	C24_tetrahydroxy	1
1260|Finegoldia magna	C24_trihydroxy	19
1261057|Gardnerella vaginalis JCP7275	C24_dihydroxy	25
1261057|Gardnerella vaginalis JCP7275	C24_trihydroxy	7
1261058|Gardnerella vaginalis JCP7276	C24_dihydroxy	27
1261058|Gardnerella vaginalis JCP7276	C24_trihydroxy	8
1261059|Gardnerella pickettii JCP7659	C24_dihydroxy	34
1261059|Gardnerella pickettii JCP7659	C24_trihydroxy	9
1261060|Gardnerella vaginalis JCP7672	C24_dihydroxy	26
1261060|Gardnerella vaginalis JCP7672	C24_trihydroxy	3
1261061|Gardnerella pickettii JCP7719	C24_dihydroxy	26
1261061|Gardnerella pickettii JCP7719	C24_trihydroxy	8
1261062|Gardnerella pickettii JCP8017A	C24_dihydroxy	29
1261062|Gardnerella pickettii JCP8017A	C24_trihydroxy	7
1261063|Gardnerella pickettii JCP8017B	C24_dihydroxy	29
1261063|Gardnerella pickettii JCP8017B	C24_trihydroxy	8
1261064|Gardnerella vaginalis JCP8066	C24_dihydroxy	30
1261064|Gardnerella vaginalis JCP8066	C24_trihydroxy	8
1261066|Gardnerella vaginalis JCP8108	C24_dihydroxy	53
1261066|Gardnerella vaginalis JCP8108	C24_trihydroxy	14
1261067|Gardnerella vaginalis JCP8151A	C24_dihydroxy	27
1261067|Gardnerella vaginalis JCP8151A	C24_trihydroxy	9
1261068|Gardnerella vaginalis JCP8151B	C24_dihydroxy	29
1261068|Gardnerella vaginalis JCP8151B	C24_trihydroxy	8
1261070|Gardnerella vaginalis JCP8481B	C24_dihydroxy	28
1261070|Gardnerella vaginalis JCP8481B	C24_trihydroxy	7
1261071|Gardnerella vaginalis JCP8522	C24_dihydroxy	30
1261071|Gardnerella vaginalis JCP8522	C24_trihydroxy	9
1261072|Bifidobacterium breve JCP7499	C24_dihydroxy	31
1261072|Bifidobacterium breve JCP7499	C24_trihydroxy	3
126479|Kobus kob thomasi	C24_dihydroxy	35
126479|Kobus kob thomasi	C24_monohydroxy	2
126479|Kobus kob thomasi	C24_pentahydroxy	1
126479|Kobus kob thomasi	C24_tetrahydroxy	4
126479|Kobus kob thomasi	C24_trihydroxy	39
126612|Cordylus tropidosternum	C24_dihydroxy	5
126612|Cordylus tropidosternum	C24_trihydroxy	5
1266343|Quercus muehlenbergii	C24_monohydroxy	11
1266343|Quercus muehlenbergii	C24_tetrahydroxy	3
1266343|Quercus muehlenbergii	C24_trihydroxy	8
126713|Larus occidentalis	C24_dihydroxy	13
126713|Larus occidentalis	C24_tetrahydroxy	6
126713|Larus occidentalis	C24_trihydroxy	28
126867|Phalacrocorax aristotelis	C24_dihydroxy	15
126867|Phalacrocorax aristotelis	C24_pentahydroxy	2
126867|Phalacrocorax aristotelis	C24_tetrahydroxy	17
126867|Phalacrocorax aristotelis	C24_trihydroxy	26
1270|Micrococcus luteus	C24_monohydroxy	3
1272|Kocuria varians	C24_trihydroxy	2
127582|Trichechus manatus latirostris	C24_dihydroxy	8
127582|Trichechus manatus latirostris	C24_trihydroxy	4
1275|Kocuria rosea	C24_dihydroxy	8
1275|Kocuria rosea	C24_monohydroxy	64
1275|Kocuria rosea	C24_pentahydroxy	6
1275|Kocuria rosea	C24_tetrahydroxy	26
1275|Kocuria rosea	C24_trihydroxy	40
1278208|Pterocles exustus	C24_dihydroxy	6
1278208|Pterocles exustus	C24_tetrahydroxy	2
1278208|Pterocles exustus	C24_trihydroxy	4
127986|Matricaria chamomilla var. recutita	C24_monohydroxy	2
127986|Matricaria chamomilla var. recutita	C24_tetrahydroxy	1
127999|Tanacetum parthenium	C24_monohydroxy	3
127999|Tanacetum parthenium	C24_tetrahydroxy	2
127999|Tanacetum parthenium	C24_trihydroxy	15
1279|Staphylococcus	C24_dihydroxy	2
1279|Staphylococcus	C24_pentahydroxy	2
1280|Staphylococcus aureus	C24_tetrahydroxy	17
1280|Staphylococcus aureus	C24_trihydroxy	1
1281447|Bostrychia hagedash	C24_dihydroxy	10
1281447|Bostrychia hagedash	C24_tetrahydroxy	6
1281447|Bostrychia hagedash	C24_trihydroxy	16
1285933|Megasphaera sp. DNF00872	C24_trihydroxy	1
1285934|Megasphaera sp. DNF00912	C24_trihydroxy	2
128608|Cinnamomum verum	C24_pentahydroxy	1
128655|Neolitsea sericea	C24_dihydroxy	2
128655|Neolitsea sericea	C24_trihydroxy	1
1287474|Lancefieldella parvula DNF00906	C24_dihydroxy	1
1287476|Prevotella bivia DNF00188	C24_dihydroxy	25
1287476|Prevotella bivia DNF00188	C24_trihydroxy	7
1288085|Salinispora arenicola CNH963	C24_monohydroxy	1
1288085|Salinispora arenicola CNH963	C24_pentahydroxy	1
1288086|Salinispora arenicola CNS299	C24_dihydroxy	1
1288090|Salinispora pacifica CNY239	C24_monohydroxy	1
1288090|Salinispora pacifica CNY239	C24_trihydroxy	1
129029|Clinotarsus curtipes	C24_dihydroxy	1
129029|Clinotarsus curtipes	C24_tetrahydroxy	1
129035|Ablennes hians	C24_dihydroxy	13
129035|Ablennes hians	C24_tetrahydroxy	5
129035|Ablennes hians	C24_trihydroxy	22
129037|Belone belone	C24_dihydroxy	33
129037|Belone belone	C24_pentahydroxy	8
129037|Belone belone	C24_tetrahydroxy	27
129037|Belone belone	C24_trihydroxy	72
129326|Leiopython albertisii	C24_dihydroxy	1
129326|Leiopython albertisii	C24_pentahydroxy	1
129326|Leiopython albertisii	C24_tetrahydroxy	6
129326|Leiopython albertisii	C24_trihydroxy	8
129328|Simalia boeleni	C24_dihydroxy	7
129328|Simalia boeleni	C24_pentahydroxy	2
129328|Simalia boeleni	C24_tetrahydroxy	15
129328|Simalia boeleni	C24_trihydroxy	34
129333|Morelia viridis	C24_dihydroxy	10
129333|Morelia viridis	C24_pentahydroxy	5
129333|Morelia viridis	C24_tetrahydroxy	22
129333|Morelia viridis	C24_trihydroxy	48
12957|Atta cephalotes	C24_dihydroxy	4
12957|Atta cephalotes	C24_monohydroxy	20
12957|Atta cephalotes	C24_pentahydroxy	2
12957|Atta cephalotes	C24_tetrahydroxy	26
12957|Atta cephalotes	C24_trihydroxy	16
1296375|Micromonospora schwarzwaldensis	C24_dihydroxy	11
1296375|Micromonospora schwarzwaldensis	C24_pentahydroxy	1
1296375|Micromonospora schwarzwaldensis	C24_tetrahydroxy	11
1296375|Micromonospora schwarzwaldensis	C24_trihydroxy	4
1296673|Chrysopelea ornata	C24_dihydroxy	8
1296673|Chrysopelea ornata	C24_tetrahydroxy	9
1296673|Chrysopelea ornata	C24_trihydroxy	23
12966|Bathymodiolus thermophilus	C24_dihydroxy	1
12966|Bathymodiolus thermophilus	C24_monohydroxy	6
12966|Bathymodiolus thermophilus	C24_nonhydroxy	2
1296|Mammaliicoccus sciuri	C24_dihydroxy	4
1296|Mammaliicoccus sciuri	C24_monohydroxy	1
1296|Mammaliicoccus sciuri	C24_tetrahydroxy	3
1296|Mammaliicoccus sciuri	C24_trihydroxy	4
1297046|Butyriboletus autumniregius	C24_pentahydroxy	1
1297064|Trichechus manatus manatus	C24_dihydroxy	22
1297064|Trichechus manatus manatus	C24_monohydroxy	2
1297064|Trichechus manatus manatus	C24_tetrahydroxy	2
1297064|Trichechus manatus manatus	C24_trihydroxy	16
1298919|Salinispora arenicola CNR425	C24_nonhydroxy	1
1298919|Salinispora arenicola CNR425	C24_pentahydroxy	1
12990|Carpinus betulus	C24_monohydroxy	23
12990|Carpinus betulus	C24_tetrahydroxy	92
1303000|Babyrousa celebensis	C24_dihydroxy	72
1303000|Babyrousa celebensis	C24_monohydroxy	8
1303000|Babyrousa celebensis	C24_tetrahydroxy	6
1303000|Babyrousa celebensis	C24_trihydroxy	50
1303066|Bycanistes cylindricus	C24_dihydroxy	2
1303066|Bycanistes cylindricus	C24_monohydroxy	4
1303066|Bycanistes cylindricus	C24_trihydroxy	3
1303258|Rhyticeros plicatus	C24_dihydroxy	4
1303258|Rhyticeros plicatus	C24_monohydroxy	3
1303258|Rhyticeros plicatus	C24_trihydroxy	3
1305843|Salinispora cortesiana	C24_nonhydroxy	1
130897|Collybia cirrhata	C24_tetrahydroxy	1
130898|Rupicapra rupicapra rupicapra	C24_dihydroxy	16
130898|Rupicapra rupicapra rupicapra	C24_monohydroxy	2
130898|Rupicapra rupicapra rupicapra	C24_tetrahydroxy	14
130898|Rupicapra rupicapra rupicapra	C24_trihydroxy	24
1311532|Atherinopsis californiensis	C24_dihydroxy	6
1311532|Atherinopsis californiensis	C24_tetrahydroxy	6
1311532|Atherinopsis californiensis	C24_trihydroxy	24
13125|Lynx lynx	C24_dihydroxy	77
13125|Lynx lynx	C24_pentahydroxy	47
13125|Lynx lynx	C24_tetrahydroxy	103
13125|Lynx lynx	C24_trihydroxy	194
1316586|Fusobacterium nucleatum CTI-5	C24_dihydroxy	1
1316587|Fusobacterium nucleatum CTI-6	C24_dihydroxy	22
1316587|Fusobacterium nucleatum CTI-6	C24_trihydroxy	7
1316588|Fusobacterium nucleatum CTI-7	C24_trihydroxy	1
13169|Nematanthus	C24_trihydroxy	1
13180|Nymphicus hollandicus	C24_dihydroxy	16
13180|Nymphicus hollandicus	C24_tetrahydroxy	6
13180|Nymphicus hollandicus	C24_trihydroxy	24
13215|Piper	C24_monohydroxy	2
13216|Piper nigrum	C24_pentahydroxy	1
1321778|Clostridiales bacterium oral taxon 876 str. F0540	C24_dihydroxy	30
1321778|Clostridiales bacterium oral taxon 876 str. F0540	C24_trihydroxy	10
132473|Streptomyces alboniger	C24_pentahydroxy	14
132474|Streptomyces rimosus subsp. rimosus	C24_dihydroxy	2
132474|Streptomyces rimosus subsp. rimosus	C24_pentahydroxy	64
132474|Streptomyces rimosus subsp. rimosus	C24_trihydroxy	2
132548|Colobus guereza kikuyuensis	C24_dihydroxy	28
132548|Colobus guereza kikuyuensis	C24_monohydroxy	1
132548|Colobus guereza kikuyuensis	C24_trihydroxy	14
1328037|Thelotornis usambaricus	C24_dihydroxy	1
1328037|Thelotornis usambaricus	C24_pentahydroxy	1
1328037|Thelotornis usambaricus	C24_tetrahydroxy	18
1328037|Thelotornis usambaricus	C24_trihydroxy	39
133197|Musa basjoo	C24_monohydroxy	2
13329|Achillea millefolium	C24_dihydroxy	2
13329|Achillea millefolium	C24_monohydroxy	13
13329|Achillea millefolium	C24_trihydroxy	3
13345|Ardisia crenata	C24_tetrahydroxy	1
13345|Ardisia crenata	C24_trihydroxy	4
13353|Auxis thazard	C24_dihydroxy	15
13353|Auxis thazard	C24_tetrahydroxy	3
13353|Auxis thazard	C24_trihydroxy	8
133561|Commersonia	C24_dihydroxy	2
133561|Commersonia	C24_tetrahydroxy	16
133561|Commersonia	C24_trihydroxy	10
13422|Chrysanthemum	C24_trihydroxy	1
134262|Streptococcus mitis bv. 2	C24_dihydroxy	9
134262|Streptococcus mitis bv. 2	C24_trihydroxy	14
13429|Cinnamomum camphora	C24_dihydroxy	47
13429|Cinnamomum camphora	C24_monohydroxy	186
13429|Cinnamomum camphora	C24_trihydroxy	2
1343485|Coracias benghalensis	C24_dihydroxy	4
1343485|Coracias benghalensis	C24_tetrahydroxy	5
1343485|Coracias benghalensis	C24_trihydroxy	3
1343486|Dinopium benghalense	C24_dihydroxy	24
1343486|Dinopium benghalense	C24_tetrahydroxy	13
1343486|Dinopium benghalense	C24_trihydroxy	18
13442|Coffea	C24_pentahydroxy	2
13443|Coffea arabica	C24_dihydroxy	8
13443|Coffea arabica	C24_trihydroxy	8
13451|Corylus avellana	C24_trihydroxy	2
134618|Alepocephalus bairdii	C24_dihydroxy	3
134618|Alepocephalus bairdii	C24_monohydroxy	3
134618|Alepocephalus bairdii	C24_tetrahydroxy	3
134618|Alepocephalus bairdii	C24_trihydroxy	12
13489|Dicentrarchus labrax	C24_dihydroxy	50
13489|Dicentrarchus labrax	C24_monohydroxy	14
13489|Dicentrarchus labrax	C24_pentahydroxy	48
13489|Dicentrarchus labrax	C24_tetrahydroxy	82
13489|Dicentrarchus labrax	C24_trihydroxy	154
13514|Eulemur coronatus	C24_dihydroxy	16
13514|Eulemur coronatus	C24_monohydroxy	2
13514|Eulemur coronatus	C24_tetrahydroxy	8
13514|Eulemur coronatus	C24_trihydroxy	18
135207|Hericium abietis	C24_trihydroxy	1
13557|Hapalemur griseus	C24_dihydroxy	9
13557|Hapalemur griseus	C24_tetrahydroxy	1
13557|Hapalemur griseus	C24_trihydroxy	17
135627|Columba guinea	C24_dihydroxy	2
135627|Columba guinea	C24_trihydroxy	2
135635|Spilopelia senegalensis	C24_dihydroxy	8
135635|Spilopelia senegalensis	C24_trihydroxy	3
1357382|Bifidobacterium angulatum F16_22	C24_dihydroxy	30
1357382|Bifidobacterium angulatum F16_22	C24_tetrahydroxy	2
1357382|Bifidobacterium angulatum F16_22	C24_trihydroxy	13
1357384|Christensenella hongkongensis AB8_9	C24_dihydroxy	41
1357384|Christensenella hongkongensis AB8_9	C24_trihydroxy	5
1357716|Batrachochytrium salamandrivorans	C24_nonhydroxy	1
1357716|Batrachochytrium salamandrivorans	C24_trihydroxy	3
135972|Calyptomena viridis	C24_dihydroxy	9
135972|Calyptomena viridis	C24_trihydroxy	6
13625|Paeonia	C24_dihydroxy	8
13625|Paeonia	C24_monohydroxy	11
136416|Nothrotheriops shastensis	C24_dihydroxy	9
136416|Nothrotheriops shastensis	C24_trihydroxy	7
136468|Vibrio lentus	C24_dihydroxy	4
1366891|Holacanthus clarionensis	C24_trihydroxy	1
13668|Sansevieria cylindrica	C24_pentahydroxy	1
13677|Scomber scombrus	C24_dihydroxy	5
13677|Scomber scombrus	C24_tetrahydroxy	3
13677|Scomber scombrus	C24_trihydroxy	6
13695|Stokesia	C24_dihydroxy	1
13695|Stokesia	C24_monohydroxy	3
13707|Tagetes	C24_trihydroxy	1
13735|Pelodiscus sinensis	C24_dihydroxy	7
13735|Pelodiscus sinensis	C24_trihydroxy	2
137456|Sanguisorba minor	C24_tetrahydroxy	2
137457|Sanguisorba officinalis	C24_dihydroxy	6
137457|Sanguisorba officinalis	C24_monohydroxy	27
137457|Sanguisorba officinalis	C24_tetrahydroxy	1
137457|Sanguisorba officinalis	C24_trihydroxy	2
13746|Uria aalge	C24_dihydroxy	26
13746|Uria aalge	C24_tetrahydroxy	13
13746|Uria aalge	C24_trihydroxy	21
13749|Vaccinium	C24_dihydroxy	2
137665|Ranunculus repens	C24_dihydroxy	3
137665|Ranunculus repens	C24_monohydroxy	24
137665|Ranunculus repens	C24_nonhydroxy	1
137665|Ranunculus repens	C24_pentahydroxy	1
137665|Ranunculus repens	C24_trihydroxy	1
1377|Aerococcus viridans	C24_dihydroxy	10
1377|Aerococcus viridans	C24_monohydroxy	2
1377|Aerococcus viridans	C24_tetrahydroxy	12
1377|Aerococcus viridans	C24_trihydroxy	24
138336|Blastococcus saxobsidens	C24_dihydroxy	10
138336|Blastococcus saxobsidens	C24_trihydroxy	10
1384484|Adlercreutzia equolifaciens DSM 19450	C24_dihydroxy	2
1384484|Adlercreutzia equolifaciens DSM 19450	C24_pentahydroxy	2
1384484|Adlercreutzia equolifaciens DSM 19450	C24_tetrahydroxy	22
1384484|Adlercreutzia equolifaciens DSM 19450	C24_trihydroxy	44
1385488|Clitocybe salmonilamella	C24_tetrahydroxy	2
1386|Bacillus	C24_dihydroxy	107
1386|Bacillus	C24_monohydroxy	29
1386|Bacillus	C24_nonhydroxy	9
1386|Bacillus	C24_tetrahydroxy	72
1386|Bacillus	C24_trihydroxy	141
1387305|Metynnis argenteus	C24_dihydroxy	9
1387305|Metynnis argenteus	C24_monohydroxy	1
1387305|Metynnis argenteus	C24_tetrahydroxy	5
1387305|Metynnis argenteus	C24_trihydroxy	21
1390561|Ptilinopus coronulatus	C24_dihydroxy	6
1390561|Ptilinopus coronulatus	C24_trihydroxy	4
1390567|Ptilinopus cinctus	C24_dihydroxy	94
1390567|Ptilinopus cinctus	C24_monohydroxy	8
1390567|Ptilinopus cinctus	C24_tetrahydroxy	7
1390567|Ptilinopus cinctus	C24_trihydroxy	56
1390574|Ptilinopus iozonus	C24_dihydroxy	18
1390574|Ptilinopus iozonus	C24_tetrahydroxy	6
1390574|Ptilinopus iozonus	C24_trihydroxy	27
1390575|Ptilinopus jambu	C24_dihydroxy	54
1390575|Ptilinopus jambu	C24_tetrahydroxy	3
1390575|Ptilinopus jambu	C24_trihydroxy	20
1390577|Ptilinopus marchei	C24_dihydroxy	16
1390577|Ptilinopus marchei	C24_trihydroxy	15
1390993|Ptilinopus merrilli	C24_dihydroxy	14
1390993|Ptilinopus merrilli	C24_trihydroxy	9
1390996|Ptilinopus ornatus	C24_dihydroxy	13
1390996|Ptilinopus ornatus	C24_tetrahydroxy	8
1390996|Ptilinopus ornatus	C24_trihydroxy	32
1390998|Ptilinopus perlatus	C24_dihydroxy	18
1390998|Ptilinopus perlatus	C24_tetrahydroxy	5
1390998|Ptilinopus perlatus	C24_trihydroxy	15
1390|Bacillus amyloliquefaciens	C24_monohydroxy	6
1390|Bacillus amyloliquefaciens	C24_pentahydroxy	5
1390|Bacillus amyloliquefaciens	C24_tetrahydroxy	5
1391001|Ptilinopus porphyreus	C24_dihydroxy	17
1391001|Ptilinopus porphyreus	C24_tetrahydroxy	1
1391001|Ptilinopus porphyreus	C24_trihydroxy	9
1396|Bacillus cereus	C24_monohydroxy	1
1396|Bacillus cereus	C24_trihydroxy	29
1397|Niallia circulans	C24_dihydroxy	29
1397|Niallia circulans	C24_monohydroxy	9
1397|Niallia circulans	C24_tetrahydroxy	21
1397|Niallia circulans	C24_trihydroxy	51
140017|Lampropeltis triangulum	C24_dihydroxy	5
140017|Lampropeltis triangulum	C24_tetrahydroxy	1
140017|Lampropeltis triangulum	C24_trihydroxy	8
1401067|Veillonella montpellierensis DNF00314	C24_dihydroxy	24
1401067|Veillonella montpellierensis DNF00314	C24_trihydroxy	7
1401070|Peptoniphilus lacrimalis DNF00528	C24_dihydroxy	36
1401070|Peptoniphilus lacrimalis DNF00528	C24_trihydroxy	9
1401072|Prevotella bivia DNF00650	C24_dihydroxy	26
1401072|Prevotella bivia DNF00650	C24_tetrahydroxy	1
1401072|Prevotella bivia DNF00650	C24_trihydroxy	7
1401075|Prevotella disiens DNF00882	C24_dihydroxy	25
1401075|Prevotella disiens DNF00882	C24_trihydroxy	8
1401076|Megasphaera micronuciformis DNF00954	C24_trihydroxy	1
1401077|Prevotella denticola DNF00960	C24_dihydroxy	30
1401077|Prevotella denticola DNF00960	C24_tetrahydroxy	1
1401077|Prevotella denticola DNF00960	C24_trihydroxy	6
140419|Cunonia capensis	C24_dihydroxy	4
140419|Cunonia capensis	C24_trihydroxy	2
140443|Lophura erythrophthalma	C24_dihydroxy	38
140443|Lophura erythrophthalma	C24_monohydroxy	4
140443|Lophura erythrophthalma	C24_tetrahydroxy	9
140443|Lophura erythrophthalma	C24_trihydroxy	18
1406|Paenibacillus polymyxa	C24_dihydroxy	102
1406|Paenibacillus polymyxa	C24_tetrahydroxy	62
1406|Paenibacillus polymyxa	C24_trihydroxy	560
1409|Bacillus sp. (in: firmicutes)	C24_dihydroxy	9
1409|Bacillus sp. (in: firmicutes)	C24_tetrahydroxy	7
1409|Bacillus sp. (in: firmicutes)	C24_trihydroxy	11
141330|Rungia	C24_trihydroxy	5
141591|Ochrosia elliptica	C24_dihydroxy	7
141591|Ochrosia elliptica	C24_monohydroxy	23
141591|Ochrosia elliptica	C24_tetrahydroxy	1
141591|Ochrosia elliptica	C24_trihydroxy	4
1417980|Streptomyces odonnellii	C24_pentahydroxy	2
1417980|Streptomyces odonnellii	C24_tetrahydroxy	102
1421566|Bacillus amyloliquefaciens AB01	C24_monohydroxy	8
1421566|Bacillus amyloliquefaciens AB01	C24_pentahydroxy	2
1423|Bacillus subtilis	C24_dihydroxy	52
1423|Bacillus subtilis	C24_monohydroxy	12
1423|Bacillus subtilis	C24_tetrahydroxy	37
1423|Bacillus subtilis	C24_trihydroxy	80
142467|Baeolophus inornatus	C24_dihydroxy	5
142467|Baeolophus inornatus	C24_tetrahydroxy	5
142467|Baeolophus inornatus	C24_trihydroxy	9
142472|Vireo huttoni	C24_dihydroxy	5
142472|Vireo huttoni	C24_trihydroxy	1
142659|Polyplectron inopinatum	C24_dihydroxy	23
142659|Polyplectron inopinatum	C24_monohydroxy	1
142659|Polyplectron inopinatum	C24_tetrahydroxy	8
142659|Polyplectron inopinatum	C24_trihydroxy	27
143288|Cuniculus taczanowskii	C24_dihydroxy	17
143288|Cuniculus taczanowskii	C24_monohydroxy	6
143288|Cuniculus taczanowskii	C24_tetrahydroxy	33
143288|Cuniculus taczanowskii	C24_trihydroxy	39
143289|Tupaia minor	C24_dihydroxy	14
143289|Tupaia minor	C24_monohydroxy	1
143289|Tupaia minor	C24_tetrahydroxy	4
143289|Tupaia minor	C24_trihydroxy	18
143291|Pteropus medius	C24_dihydroxy	44
143291|Pteropus medius	C24_monohydroxy	4
143291|Pteropus medius	C24_tetrahydroxy	2
143291|Pteropus medius	C24_trihydroxy	18
143350|Pagrus major	C24_dihydroxy	21
143350|Pagrus major	C24_pentahydroxy	2
143350|Pagrus major	C24_tetrahydroxy	9
143350|Pagrus major	C24_trihydroxy	26
143419|Hyperolius semidiscus	C24_trihydroxy	2
143492|Ptychadena bibroni	C24_dihydroxy	7
143492|Ptychadena bibroni	C24_tetrahydroxy	4
143492|Ptychadena bibroni	C24_trihydroxy	8
143527|Microhyla pulchra	C24_dihydroxy	3
143527|Microhyla pulchra	C24_tetrahydroxy	2
143527|Microhyla pulchra	C24_trihydroxy	3
144055|Cellulomonas humilata	C24_trihydroxy	2
1456794|Aspergillus fumigatus GA-L7	C24_trihydroxy	3
145745|Althaea officinalis	C24_pentahydroxy	2
145745|Althaea officinalis	C24_tetrahydroxy	3
145745|Althaea officinalis	C24_trihydroxy	2
1458430|Dendrelaphis punctulatus	C24_dihydroxy	7
1458430|Dendrelaphis punctulatus	C24_tetrahydroxy	6
1458430|Dendrelaphis punctulatus	C24_trihydroxy	16
145996|Kibdelosporangium aridum subsp. largum	C24_monohydroxy	8
146142|Decapterus kurroides	C24_dihydroxy	14
146142|Decapterus kurroides	C24_monohydroxy	4
146142|Decapterus kurroides	C24_tetrahydroxy	4
146142|Decapterus kurroides	C24_trihydroxy	16
1464011|[Kitasatospora] papulosa	C24_monohydroxy	20
1464070|Streptomyces graminilatus	C24_trihydroxy	2
1464079|Streptomyces rimosus subsp. pseudoverticillatus	C24_monohydroxy	4
1464079|Streptomyces rimosus subsp. pseudoverticillatus	C24_pentahydroxy	20
146922|Streptomyces griseofuscus	C24_pentahydroxy	2
1470144|Leptopelis macrotis	C24_dihydroxy	6
1470144|Leptopelis macrotis	C24_tetrahydroxy	2
1470144|Leptopelis macrotis	C24_trihydroxy	5
1472305|Byrsonima ligustrifolia	C24_tetrahydroxy	1
147464|Dinornis giganteus	C24_dihydroxy	27
147464|Dinornis giganteus	C24_monohydroxy	4
147464|Dinornis giganteus	C24_tetrahydroxy	10
147464|Dinornis giganteus	C24_trihydroxy	25
1478142|Pseudomonas sp. 250J	C24_trihydroxy	2
1484106|Anemone tomentosa	C24_pentahydroxy	1
1484106|Anemone tomentosa	C24_tetrahydroxy	31
1484106|Anemone tomentosa	C24_trihydroxy	2
1496258|Halcyon pileata	C24_dihydroxy	7
1496258|Halcyon pileata	C24_pentahydroxy	2
1496258|Halcyon pileata	C24_tetrahydroxy	6
1496258|Halcyon pileata	C24_trihydroxy	7
1496311|Malayopython reticulatus	C24_dihydroxy	5
1496311|Malayopython reticulatus	C24_tetrahydroxy	9
1496311|Malayopython reticulatus	C24_trihydroxy	37
1497546|Ateles fusciceps rufiventris	C24_dihydroxy	29
1497546|Ateles fusciceps rufiventris	C24_monohydroxy	8
1497546|Ateles fusciceps rufiventris	C24_tetrahydroxy	5
1497546|Ateles fusciceps rufiventris	C24_trihydroxy	21
1498|Hathewaya histolytica	C24_dihydroxy	10
1498|Hathewaya histolytica	C24_tetrahydroxy	4
1498|Hathewaya histolytica	C24_trihydroxy	13
1500262|Methylibium sp. CF468	C24_trihydroxy	6
1500264|Rhizobacter sp. OV335	C24_trihydroxy	10
1500265|Methylibium sp. YR605	C24_dihydroxy	2
1500265|Methylibium sp. YR605	C24_trihydroxy	6
1500280|Herbiconiux sp. YR403	C24_trihydroxy	1
1500293|Chryseobacterium sp. YR221	C24_trihydroxy	6
1500294|Chryseobacterium sp. YR485	C24_trihydroxy	5
1500698|Sargassum linearifolium	C24_tetrahydroxy	2
150323|Ptereleotris evides	C24_dihydroxy	9
150323|Ptereleotris evides	C24_trihydroxy	3
150332|Valenciennea strigata	C24_dihydroxy	13
150332|Valenciennea strigata	C24_tetrahydroxy	2
150332|Valenciennea strigata	C24_trihydroxy	11
1506|Clostridium sp.	C24_dihydroxy	14
1506|Clostridium sp.	C24_trihydroxy	50
150808|Bathymodiolus azoricus	C24_dihydroxy	3
150808|Bathymodiolus azoricus	C24_monohydroxy	2
151797|Blepharandra heteropetala	C24_monohydroxy	1
151831|Heteropterys	C24_tetrahydroxy	4
151834|Hiptage benghalensis	C24_tetrahydroxy	2
151835|Hiraea	C24_tetrahydroxy	3
151863|Peixotoa glabra	C24_monohydroxy	1
151876|Stigmaphyllon	C24_tetrahydroxy	4
151881|Tetrapterys microphylla	C24_tetrahydroxy	2
1522394|Cephalopholis aurantia	C24_dihydroxy	15
1522394|Cephalopholis aurantia	C24_monohydroxy	4
1522394|Cephalopholis aurantia	C24_tetrahydroxy	14
1522394|Cephalopholis aurantia	C24_trihydroxy	33
1522885|Phalacrocorax lucidus	C24_dihydroxy	7
1522885|Phalacrocorax lucidus	C24_tetrahydroxy	2
1522885|Phalacrocorax lucidus	C24_trihydroxy	5
1524257|Limimaricola aestuariicola	C24_dihydroxy	4
1524257|Limimaricola aestuariicola	C24_trihydroxy	2
1524318|Payena leerii	C24_trihydroxy	2
15304|Alopecurus pratensis	C24_dihydroxy	3
15304|Alopecurus pratensis	C24_monohydroxy	31
15304|Alopecurus pratensis	C24_trihydroxy	5
1532|Blautia coccoides	C24_dihydroxy	14
1532|Blautia coccoides	C24_trihydroxy	52
153581|Sarcococca ruscifolia	C24_nonhydroxy	2
153581|Sarcococca ruscifolia	C24_trihydroxy	1
1543402|Geocapromys brownii	C24_dihydroxy	29
1543402|Geocapromys brownii	C24_monohydroxy	8
1543402|Geocapromys brownii	C24_pentahydroxy	5
1543402|Geocapromys brownii	C24_tetrahydroxy	66
1543402|Geocapromys brownii	C24_trihydroxy	66
1543403|Geocapromys ingrahami	C24_dihydroxy	36
1543403|Geocapromys ingrahami	C24_pentahydroxy	4
1543403|Geocapromys ingrahami	C24_tetrahydroxy	38
1543403|Geocapromys ingrahami	C24_trihydroxy	57
1545012|Lycodon albofuscus	C24_dihydroxy	5
1545012|Lycodon albofuscus	C24_pentahydroxy	3
1545012|Lycodon albofuscus	C24_tetrahydroxy	20
1545012|Lycodon albofuscus	C24_trihydroxy	32
154518|Atheniella aurantiidisca	C24_monohydroxy	2
1546107|Streptomyces lydicamycinicus	C24_dihydroxy	2
1546107|Streptomyces lydicamycinicus	C24_monohydroxy	4
1546107|Streptomyces lydicamycinicus	C24_trihydroxy	2
1547491|Coracias spatulatus	C24_dihydroxy	1
1547491|Coracias spatulatus	C24_tetrahydroxy	3
1547491|Coracias spatulatus	C24_trihydroxy	2
1547|Thomasclavelia ramosa	C24_dihydroxy	9
1547|Thomasclavelia ramosa	C24_trihydroxy	10
1548965|Charmosyna josefinae	C24_dihydroxy	5
1548965|Charmosyna josefinae	C24_tetrahydroxy	1
1548965|Charmosyna josefinae	C24_trihydroxy	3
154990|Euphorbia helioscopia	C24_nonhydroxy	10
154990|Euphorbia helioscopia	C24_trihydroxy	2
1550618|Streptomyces olivicoloratus	C24_monohydroxy	2
1550618|Streptomyces olivicoloratus	C24_trihydroxy	4
155086|Bucorvus leadbeateri	C24_dihydroxy	11
155086|Bucorvus leadbeateri	C24_tetrahydroxy	2
155086|Bucorvus leadbeateri	C24_trihydroxy	12
155307|Tiliqua nigrolutea	C24_dihydroxy	6
155307|Tiliqua nigrolutea	C24_tetrahydroxy	1
155307|Tiliqua nigrolutea	C24_trihydroxy	10
1561394|Alicia	C24_tetrahydroxy	13
1561735|Amorimia septentrionalis	C24_tetrahydroxy	1
1561738|Banisteriopsis anisandra	C24_tetrahydroxy	1
1561740|Banisteriopsis campestris	C24_tetrahydroxy	2
1561743|Banisteriopsis malifolia	C24_tetrahydroxy	2
1561750|Banisteriopsis stellaris	C24_monohydroxy	2
1561750|Banisteriopsis stellaris	C24_tetrahydroxy	2
1561753|Bronwenia megaptera	C24_monohydroxy	1
1561753|Bronwenia megaptera	C24_tetrahydroxy	1
1561762|Bunchosia montana	C24_tetrahydroxy	1
1561795|Janusia schwannioides	C24_monohydroxy	1
1561816|Peixotoa tomentosa	C24_tetrahydroxy	3
156476|Clusia rosea	C24_dihydroxy	3
156476|Clusia rosea	C24_monohydroxy	3
156476|Clusia rosea	C24_tetrahydroxy	2
1565035|Streptomyces andamanensis	C24_dihydroxy	4
1565035|Streptomyces andamanensis	C24_monohydroxy	2
1567149|Rallus crepitans	C24_dihydroxy	11
1567149|Rallus crepitans	C24_monohydroxy	1
1567149|Rallus crepitans	C24_tetrahydroxy	3
1567149|Rallus crepitans	C24_trihydroxy	21
156759|Rallus limicola	C24_dihydroxy	8
156759|Rallus limicola	C24_tetrahydroxy	2
156759|Rallus limicola	C24_trihydroxy	10
157001|Lobophora variegata	C24_dihydroxy	8
157001|Lobophora variegata	C24_tetrahydroxy	4
157005|Padina crassa	C24_pentahydroxy	4
157005|Padina crassa	C24_tetrahydroxy	12
157005|Padina crassa	C24_trihydroxy	8
157652|Mucuna pruriens	C24_tetrahydroxy	71
1577861|Pristis pristis	C24_dihydroxy	7
1577861|Pristis pristis	C24_trihydroxy	2
1579108|Amanita protecta	C24_tetrahydroxy	1
1579530|Cercopithecus sclateri	C24_dihydroxy	48
1579530|Cercopithecus sclateri	C24_monohydroxy	10
1579530|Cercopithecus sclateri	C24_tetrahydroxy	9
1579530|Cercopithecus sclateri	C24_trihydroxy	39
1579|Lactobacillus acidophilus	C24_dihydroxy	9
1579|Lactobacillus acidophilus	C24_trihydroxy	10
1583|Weissella confusa	C24_trihydroxy	5
1585|Lactobacillus delbrueckii subsp. bulgaricus	C24_dihydroxy	2
1585|Lactobacillus delbrueckii subsp. bulgaricus	C24_trihydroxy	10
1590|Lactiplantibacillus plantarum	C24_dihydroxy	8
1590|Lactiplantibacillus plantarum	C24_trihydroxy	11
1592326|Actinobacteria bacterium OK006	C24_trihydroxy	1
1592327|Actinobacteria bacterium OK074	C24_dihydroxy	2
1592327|Actinobacteria bacterium OK074	C24_trihydroxy	8
1592328|Actinobacteria bacterium OV450	C24_trihydroxy	1
1592329|Actinobacteria bacterium OV320	C24_dihydroxy	2
1592329|Actinobacteria bacterium OV320	C24_trihydroxy	8
1593063|Aloe camperi	C24_trihydroxy	2
159337|Myotis yumanensis	C24_dihydroxy	3
159337|Myotis yumanensis	C24_tetrahydroxy	2
159337|Myotis yumanensis	C24_trihydroxy	10
159346|Roseicyclus elongatus	C24_dihydroxy	6
159346|Roseicyclus elongatus	C24_monohydroxy	2
159346|Roseicyclus elongatus	C24_trihydroxy	12
159425|Passiflora incarnata	C24_tetrahydroxy	168
1594397|Lepidobatrachus asper	C24_dihydroxy	2
1594397|Lepidobatrachus asper	C24_tetrahydroxy	4
1594397|Lepidobatrachus asper	C24_trihydroxy	2
15957|Phleum pratense	C24_dihydroxy	2
15957|Phleum pratense	C24_monohydroxy	18
15957|Phleum pratense	C24_tetrahydroxy	1
15957|Phleum pratense	C24_trihydroxy	2
159644|Elgaria multicarinata multicarinata	C24_dihydroxy	16
159644|Elgaria multicarinata multicarinata	C24_tetrahydroxy	6
159644|Elgaria multicarinata multicarinata	C24_trihydroxy	17
1596|Lactobacillus gasseri	C24_dihydroxy	27
1596|Lactobacillus gasseri	C24_trihydroxy	8
1598|Limosilactobacillus reuteri	C24_trihydroxy	1
160468|Cortinarius collinitus	C24_tetrahydroxy	3
16049|Clivia miniata	C24_pentahydroxy	2
1605|Ligilactobacillus animalis	C24_trihydroxy	1
160714|Epinephelus analogus	C24_dihydroxy	16
160714|Epinephelus analogus	C24_monohydroxy	1
160714|Epinephelus analogus	C24_tetrahydroxy	5
160714|Epinephelus analogus	C24_trihydroxy	8
160765|Candidia barbata	C24_trihydroxy	4
1608482|Puma yagouaroundi	C24_dihydroxy	150
1608482|Puma yagouaroundi	C24_monohydroxy	1
1608482|Puma yagouaroundi	C24_pentahydroxy	67
1608482|Puma yagouaroundi	C24_tetrahydroxy	214
1608482|Puma yagouaroundi	C24_trihydroxy	455
161482|Streptomyces thermospinosisporus	C24_monohydroxy	2
161934|Beta vulgaris	C24_dihydroxy	2
162425|Aspergillus nidulans	C24_trihydroxy	2
163131|Terapon jarbua	C24_dihydroxy	26
163131|Terapon jarbua	C24_trihydroxy	7
163361|Streptomyces beijiangensis	C24_pentahydroxy	8
1634506|Ficus mexicana	C24_dihydroxy	2
1634506|Ficus mexicana	C24_tetrahydroxy	1
1634506|Ficus mexicana	C24_trihydroxy	7
163813|Percina burtoni	C24_dihydroxy	2
163813|Percina burtoni	C24_trihydroxy	3
163847|Crithagra flaviventris	C24_dihydroxy	13
163847|Crithagra flaviventris	C24_monohydroxy	2
163847|Crithagra flaviventris	C24_tetrahydroxy	11
163847|Crithagra flaviventris	C24_trihydroxy	9
163852|Serinus pusillus	C24_dihydroxy	10
163852|Serinus pusillus	C24_tetrahydroxy	5
163852|Serinus pusillus	C24_trihydroxy	13
163861|Pudu puda	C24_dihydroxy	13
163861|Pudu puda	C24_tetrahydroxy	5
163861|Pudu puda	C24_trihydroxy	12
163991|Hypostomus plecostomus	C24_dihydroxy	1
163991|Hypostomus plecostomus	C24_trihydroxy	2
164405|Melaleuca alternifolia	C24_tetrahydroxy	56
164630|Passerina ciris	C24_dihydroxy	4
164630|Passerina ciris	C24_trihydroxy	2
164740|Amnirana galamensis	C24_trihydroxy	4
1648207|Xerocomellus mendocinensis	C24_tetrahydroxy	1
164931|Cervus hanglu bactrianus	C24_dihydroxy	46
164931|Cervus hanglu bactrianus	C24_monohydroxy	1
164931|Cervus hanglu bactrianus	C24_tetrahydroxy	8
164931|Cervus hanglu bactrianus	C24_trihydroxy	54
1650571|Streptomyces pathocidini	C24_monohydroxy	4
1651823|Todiramphus cinnamominus cinnamominus	C24_dihydroxy	4
1651823|Todiramphus cinnamominus cinnamominus	C24_tetrahydroxy	8
1651823|Todiramphus cinnamominus cinnamominus	C24_trihydroxy	11
165330|Veronica chamaedrys	C24_dihydroxy	3
165330|Veronica chamaedrys	C24_monohydroxy	27
165330|Veronica chamaedrys	C24_trihydroxy	1
1655439|Micromonospora craterilacus	C24_dihydroxy	10
1655439|Micromonospora craterilacus	C24_monohydroxy	3
1655439|Micromonospora craterilacus	C24_tetrahydroxy	5
1655439|Micromonospora craterilacus	C24_trihydroxy	12
165753|Chelonoidis niger galapagoensis	C24_trihydroxy	4
166082|Hemorrhois ravergieri	C24_dihydroxy	17
166082|Hemorrhois ravergieri	C24_tetrahydroxy	14
166082|Hemorrhois ravergieri	C24_trihydroxy	44
166084|Spalerosophis diadema	C24_dihydroxy	15
166084|Spalerosophis diadema	C24_pentahydroxy	1
166084|Spalerosophis diadema	C24_tetrahydroxy	12
166084|Spalerosophis diadema	C24_trihydroxy	55
166087|Hierophis gemonensis	C24_dihydroxy	19
166087|Hierophis gemonensis	C24_pentahydroxy	4
166087|Hierophis gemonensis	C24_tetrahydroxy	32
166087|Hierophis gemonensis	C24_trihydroxy	50
1661726|Aureoboletus mirabilis	C24_tetrahydroxy	1
1663611|Geranium maculatum	C24_pentahydroxy	2
1663611|Geranium maculatum	C24_tetrahydroxy	239
166442|Tetragonisca angustula	C24_dihydroxy	16
166442|Tetragonisca angustula	C24_monohydroxy	32
166442|Tetragonisca angustula	C24_nonhydroxy	26
166442|Tetragonisca angustula	C24_tetrahydroxy	4
166442|Tetragonisca angustula	C24_trihydroxy	4
1670|Arthrobacter citreus	C24_dihydroxy	20
1671|Pseudarthrobacter oxydans	C24_dihydroxy	9
1671|Pseudarthrobacter oxydans	C24_monohydroxy	3
1671|Pseudarthrobacter oxydans	C24_tetrahydroxy	7
1671|Pseudarthrobacter oxydans	C24_trihydroxy	13
1677|Arthrobacter pascens	C24_nonhydroxy	2
167804|Aldabrachelys gigantea	C24_monohydroxy	2
167804|Aldabrachelys gigantea	C24_tetrahydroxy	2
167804|Aldabrachelys gigantea	C24_trihydroxy	2
168063|Cochliostema odoratissimum	C24_monohydroxy	3
168063|Cochliostema odoratissimum	C24_trihydroxy	3
1680|Bifidobacterium adolescentis	C24_dihydroxy	4
1680|Bifidobacterium adolescentis	C24_trihydroxy	24
168159|Cantharellus cascadensis	C24_pentahydroxy	1
168159|Cantharellus cascadensis	C24_trihydroxy	3
1684310|Bathymodiolus antarcticus	C24_dihydroxy	1
1684310|Bathymodiolus antarcticus	C24_monohydroxy	3
1684310|Bathymodiolus antarcticus	C24_trihydroxy	1
1685|Bifidobacterium breve	C24_trihydroxy	1
168694|Salinispora	C24_dihydroxy	27
168694|Salinispora	C24_monohydroxy	45
168694|Salinispora	C24_nonhydroxy	26
168694|Salinispora	C24_pentahydroxy	37
168694|Salinispora	C24_tetrahydroxy	19
168694|Salinispora	C24_trihydroxy	32
168697|Salinispora arenicola	C24_dihydroxy	8
168697|Salinispora arenicola	C24_monohydroxy	1
168697|Salinispora arenicola	C24_tetrahydroxy	6
168697|Salinispora arenicola	C24_trihydroxy	15
16901|Aucuba japonica	C24_dihydroxy	4
16901|Aucuba japonica	C24_tetrahydroxy	1
16901|Aucuba japonica	C24_trihydroxy	5
169836|Varanus doreanus	C24_dihydroxy	10
169836|Varanus doreanus	C24_tetrahydroxy	3
169836|Varanus doreanus	C24_trihydroxy	10
169846|Varanus melinus	C24_dihydroxy	9
169846|Varanus melinus	C24_trihydroxy	11
1701|Brevibacterium sp.	C24_dihydroxy	3
1701|Brevibacterium sp.	C24_monohydroxy	5
1701|Brevibacterium sp.	C24_trihydroxy	1
170817|Dalatias licha	C24_dihydroxy	7
170817|Dalatias licha	C24_tetrahydroxy	6
170817|Dalatias licha	C24_trihydroxy	6
170820|Hemiscyllium ocellatum	C24_dihydroxy	20
170820|Hemiscyllium ocellatum	C24_monohydroxy	6
170820|Hemiscyllium ocellatum	C24_trihydroxy	4
170866|Halcyon malimbica	C24_dihydroxy	6
170866|Halcyon malimbica	C24_tetrahydroxy	5
170866|Halcyon malimbica	C24_trihydroxy	3
1710|Cellulosimicrobium cellulans	C24_dihydroxy	2
1710|Cellulosimicrobium cellulans	C24_nonhydroxy	2
1712000|Agaricus thiersii	C24_tetrahydroxy	1
171249|Citrus limonia	C24_pentahydroxy	1
171275|Recurvirostra avosetta	C24_dihydroxy	18
171275|Recurvirostra avosetta	C24_monohydroxy	2
171275|Recurvirostra avosetta	C24_pentahydroxy	1
171275|Recurvirostra avosetta	C24_tetrahydroxy	14
171275|Recurvirostra avosetta	C24_trihydroxy	27
1713|Oerskovia turbata	C24_dihydroxy	44
1713|Oerskovia turbata	C24_tetrahydroxy	6
1713|Oerskovia turbata	C24_trihydroxy	32
171793|Pelochelys cantorii	C24_dihydroxy	3
171793|Pelochelys cantorii	C24_tetrahydroxy	5
171793|Pelochelys cantorii	C24_trihydroxy	3
171798|Chitra indica	C24_tetrahydroxy	4
171798|Chitra indica	C24_trihydroxy	1
171928|Anacardium	C24_dihydroxy	16
171928|Anacardium	C24_trihydroxy	4
171|Leptospira	C24_dihydroxy	4
172131|Trachinocephalus myops	C24_dihydroxy	12
172131|Trachinocephalus myops	C24_tetrahydroxy	1
172131|Trachinocephalus myops	C24_trihydroxy	15
172271|Parahyaena brunnea	C24_dihydroxy	24
172271|Parahyaena brunnea	C24_monohydroxy	6
172271|Parahyaena brunnea	C24_tetrahydroxy	6
172271|Parahyaena brunnea	C24_trihydroxy	18
172532|Hypselecara temporalis	C24_dihydroxy	13
172532|Hypselecara temporalis	C24_tetrahydroxy	3
172532|Hypselecara temporalis	C24_trihydroxy	15
172697|Lophotis gindiana	C24_dihydroxy	28
172697|Lophotis gindiana	C24_monohydroxy	9
172697|Lophotis gindiana	C24_trihydroxy	19
172714|Paralabrax clathratus	C24_dihydroxy	13
172714|Paralabrax clathratus	C24_tetrahydroxy	3
172714|Paralabrax clathratus	C24_trihydroxy	17
173341|Scomberoides commersonnianus	C24_dihydroxy	12
173341|Scomberoides commersonnianus	C24_monohydroxy	1
173341|Scomberoides commersonnianus	C24_tetrahydroxy	6
173341|Scomberoides commersonnianus	C24_trihydroxy	19
173365|Methylobacter tundripaludum	C24_dihydroxy	10
173862|Streptomyces viridiflavus	C24_dihydroxy	10
173862|Streptomyces viridiflavus	C24_trihydroxy	16
174280|Broadleysaurus major	C24_dihydroxy	12
174280|Broadleysaurus major	C24_monohydroxy	2
174280|Broadleysaurus major	C24_tetrahydroxy	12
174280|Broadleysaurus major	C24_trihydroxy	31
1743270|Geokichla citrina	C24_dihydroxy	17
1743270|Geokichla citrina	C24_monohydroxy	1
1743270|Geokichla citrina	C24_tetrahydroxy	10
1743270|Geokichla citrina	C24_trihydroxy	18
1743383|Trochalopteron milnei	C24_dihydroxy	19
1743383|Trochalopteron milnei	C24_monohydroxy	1
1743383|Trochalopteron milnei	C24_tetrahydroxy	4
1743383|Trochalopteron milnei	C24_trihydroxy	14
1744888|Nepenthes ventricosa x Nepenthes alata	C24_dihydroxy	40
1744888|Nepenthes ventricosa x Nepenthes alata	C24_monohydroxy	172
1744888|Nepenthes ventricosa x Nepenthes alata	C24_nonhydroxy	129
1744888|Nepenthes ventricosa x Nepenthes alata	C24_pentahydroxy	38
1744888|Nepenthes ventricosa x Nepenthes alata	C24_tetrahydroxy	28
1744888|Nepenthes ventricosa x Nepenthes alata	C24_trihydroxy	18
1750|Arachnia propionica	C24_dihydroxy	25
1750|Arachnia propionica	C24_trihydroxy	8
175117|Chloropsis cochinchinensis	C24_dihydroxy	2
175117|Chloropsis cochinchinensis	C24_tetrahydroxy	11
175117|Chloropsis cochinchinensis	C24_trihydroxy	3
175135|Psarisomus dalhousiae	C24_dihydroxy	14
175135|Psarisomus dalhousiae	C24_tetrahydroxy	4
175135|Psarisomus dalhousiae	C24_trihydroxy	13
175438|Prionurus microlepidotus	C24_dihydroxy	25
175438|Prionurus microlepidotus	C24_monohydroxy	7
175438|Prionurus microlepidotus	C24_tetrahydroxy	10
175438|Prionurus microlepidotus	C24_trihydroxy	34
175810|Spilocuscus maculatus	C24_dihydroxy	34
175810|Spilocuscus maculatus	C24_monohydroxy	15
175810|Spilocuscus maculatus	C24_tetrahydroxy	9
175810|Spilocuscus maculatus	C24_trihydroxy	22
175830|Buceros bicornis	C24_dihydroxy	4
175830|Buceros bicornis	C24_monohydroxy	1
175830|Buceros bicornis	C24_trihydroxy	3
175832|Ceratogymna atrata	C24_dihydroxy	3
175832|Ceratogymna atrata	C24_monohydroxy	1
175832|Ceratogymna atrata	C24_trihydroxy	6
175835|Buceros rhinoceros	C24_dihydroxy	1
175835|Buceros rhinoceros	C24_tetrahydroxy	2
175835|Buceros rhinoceros	C24_trihydroxy	6
175844|Bycanistes bucinator	C24_dihydroxy	3
175844|Bycanistes bucinator	C24_trihydroxy	4
176013|Ara chloropterus	C24_dihydroxy	6
176013|Ara chloropterus	C24_tetrahydroxy	3
176013|Ara chloropterus	C24_trihydroxy	5
176051|Vini australis	C24_dihydroxy	9
176051|Vini australis	C24_monohydroxy	1
176051|Vini australis	C24_tetrahydroxy	4
176051|Vini australis	C24_trihydroxy	7
1760|Actinomycetes	C24_dihydroxy	3
1760|Actinomycetes	C24_monohydroxy	36
1760|Actinomycetes	C24_trihydroxy	113
1761758|Bacillus sp. bc15	C24_dihydroxy	6
1761758|Bacillus sp. bc15	C24_trihydroxy	5
1761766|Bacillus sp. ok061	C24_dihydroxy	2
1761766|Bacillus sp. ok061	C24_trihydroxy	3
1761771|Bradyrhizobium sp. cf659	C24_trihydroxy	11
1761784|Flavobacterium sp. fv08	C24_monohydroxy	2
1761784|Flavobacterium sp. fv08	C24_trihydroxy	7
1761785|Flavobacterium sp. ov086	C24_trihydroxy	1
1761791|Lysobacter sp. yr284	C24_dihydroxy	2
1761791|Lysobacter sp. yr284	C24_trihydroxy	6
1761879|Paenibacillus sp. ov031	C24_trihydroxy	6
1761896|Pseudomonas sp. ok266	C24_trihydroxy	14
1761903|Streptomyces sp. cf124	C24_dihydroxy	2
1761903|Streptomyces sp. cf124	C24_trihydroxy	10
1761905|Streptomyces sp. ok210	C24_trihydroxy	11
1761906|Streptomyces sp. yr375	C24_trihydroxy	10
176192|Cuora trifasciata	C24_dihydroxy	1
176192|Cuora trifasciata	C24_pentahydroxy	1
176192|Cuora trifasciata	C24_tetrahydroxy	7
176192|Cuora trifasciata	C24_trihydroxy	3
176946|Python bivittatus	C24_dihydroxy	1
176946|Python bivittatus	C24_pentahydroxy	1
176946|Python bivittatus	C24_tetrahydroxy	5
176946|Python bivittatus	C24_trihydroxy	28
177143|Columba pulchricollis	C24_dihydroxy	9
177143|Columba pulchricollis	C24_trihydroxy	5
1776954|Asplenium musifolium	C24_monohydroxy	732
1776954|Asplenium musifolium	C24_nonhydroxy	192
1784714|Arcticibacterium luteifluviistationis	C24_dihydroxy	6
1784714|Arcticibacterium luteifluviistationis	C24_monohydroxy	2
1784714|Arcticibacterium luteifluviistationis	C24_trihydroxy	2
179894|Brookesia perarmata	C24_dihydroxy	5
179894|Brookesia perarmata	C24_tetrahydroxy	3
179894|Brookesia perarmata	C24_trihydroxy	30
179907|Calumma parsonii	C24_dihydroxy	7
179907|Calumma parsonii	C24_tetrahydroxy	5
179907|Calumma parsonii	C24_trihydroxy	19
179908|Chamaeleo calyptratus	C24_dihydroxy	89
179908|Chamaeleo calyptratus	C24_monohydroxy	3
179908|Chamaeleo calyptratus	C24_tetrahydroxy	93
179908|Chamaeleo calyptratus	C24_trihydroxy	227
179916|Trioceros montium	C24_dihydroxy	2
179916|Trioceros montium	C24_tetrahydroxy	3
179916|Trioceros montium	C24_trihydroxy	15
179927|Furcifer oustaleti	C24_dihydroxy	2
179927|Furcifer oustaleti	C24_tetrahydroxy	8
179927|Furcifer oustaleti	C24_trihydroxy	19
179929|Rhampholeon spectrum	C24_trihydroxy	8
1799599|Medinilla magnifica	C24_pentahydroxy	4
1801599|Byrsonima verbascifolia	C24_tetrahydroxy	1
1801619|Collimonas sp. OK412	C24_trihydroxy	8
1804186|Stigmaphyllon angustilobum	C24_tetrahydroxy	2
1804193|Stigmaphyllon cavernulosum	C24_tetrahydroxy	1
1804196|Stigmaphyllon harleyi	C24_monohydroxy	1
1804197|Stigmaphyllon hatschbachii	C24_tetrahydroxy	1
1804199|Stigmaphyllon lalandianum	C24_monohydroxy	1
1804199|Stigmaphyllon lalandianum	C24_tetrahydroxy	10
1804201|Stigmaphyllon puberulum	C24_tetrahydroxy	1
1804203|Stigmaphyllon saxicola	C24_tetrahydroxy	2
1804206|Stigmaphyllon urenifolium	C24_monohydroxy	1
1804207|Stigmaphyllon vitifolium	C24_tetrahydroxy	1
1806640|Eremophila clarkei	C24_pentahydroxy	2
1806642|Eremophila scoparia	C24_pentahydroxy	4
1807871|Streptomyces xylanilyticus	C24_dihydroxy	39
1807871|Streptomyces xylanilyticus	C24_monohydroxy	4
1807871|Streptomyces xylanilyticus	C24_tetrahydroxy	26
1807871|Streptomyces xylanilyticus	C24_trihydroxy	41
1813|Amycolatopsis	C24_dihydroxy	6
1813|Amycolatopsis	C24_monohydroxy	51
1813|Amycolatopsis	C24_pentahydroxy	7
1813|Amycolatopsis	C24_tetrahydroxy	2
1813|Amycolatopsis	C24_trihydroxy	6
181539|Kerodon rupestris	C24_dihydroxy	24
181539|Kerodon rupestris	C24_monohydroxy	2
181539|Kerodon rupestris	C24_trihydroxy	38
1816325|Niedenzuella poeppigiana	C24_tetrahydroxy	1
181635|Yuhina brunneiceps	C24_dihydroxy	16
181635|Yuhina brunneiceps	C24_monohydroxy	1
181635|Yuhina brunneiceps	C24_tetrahydroxy	11
181635|Yuhina brunneiceps	C24_trihydroxy	14
1816|Actinokineospora fastidiosa	C24_monohydroxy	2
1817|Nocardia	C24_monohydroxy	2
1818|Nocardia globerula	C24_pentahydroxy	2
1818|Nocardia globerula	C24_tetrahydroxy	2
1818|Nocardia globerula	C24_trihydroxy	2
1821582|Leptopelis viridis	C24_dihydroxy	2
1821582|Leptopelis viridis	C24_trihydroxy	1
1821|Nocardia sp.	C24_monohydroxy	2
182253|Alouatta pigra	C24_dihydroxy	53
182253|Alouatta pigra	C24_monohydroxy	8
182253|Alouatta pigra	C24_tetrahydroxy	6
182253|Alouatta pigra	C24_trihydroxy	35
182387|Monarda punctata	C24_dihydroxy	1
182387|Monarda punctata	C24_monohydroxy	4
182387|Monarda punctata	C24_pentahydroxy	1
182387|Monarda punctata	C24_tetrahydroxy	124
182387|Monarda punctata	C24_trihydroxy	1
182438|Gymnothorax moringa	C24_dihydroxy	25
182438|Gymnothorax moringa	C24_monohydroxy	8
182438|Gymnothorax moringa	C24_tetrahydroxy	9
182438|Gymnothorax moringa	C24_trihydroxy	42
182865|Lepiota spheniscispora	C24_trihydroxy	7
1828|Rhodococcoides fascians	C24_dihydroxy	4
182944|Protonotaria citrea	C24_tetrahydroxy	1
1829|Rhodococcus rhodochrous	C24_dihydroxy	4
1829|Rhodococcus rhodochrous	C24_tetrahydroxy	2
1829|Rhodococcus rhodochrous	C24_trihydroxy	16
183260|Hibiscus sabdariffa	C24_tetrahydroxy	109
183260|Hibiscus sabdariffa	C24_trihydroxy	2
1833|Rhodococcus erythropolis	C24_monohydroxy	2
183532|Sayornis saya	C24_dihydroxy	3
183532|Sayornis saya	C24_trihydroxy	2
183589|Pseudo-nitzschia multistriata	C24_pentahydroxy	10
183589|Pseudo-nitzschia multistriata	C24_tetrahydroxy	40
183589|Pseudo-nitzschia multistriata	C24_trihydroxy	8
183602|Liodytes alleni	C24_dihydroxy	9
183602|Liodytes alleni	C24_pentahydroxy	2
183602|Liodytes alleni	C24_tetrahydroxy	21
183602|Liodytes alleni	C24_trihydroxy	29
183607|Nerodia cyclopion	C24_dihydroxy	9
183607|Nerodia cyclopion	C24_tetrahydroxy	10
183607|Nerodia cyclopion	C24_trihydroxy	52
183610|Nerodia rhombifer	C24_dihydroxy	19
183610|Nerodia rhombifer	C24_pentahydroxy	1
183610|Nerodia rhombifer	C24_tetrahydroxy	23
183610|Nerodia rhombifer	C24_trihydroxy	57
183749|Tolypeutes matacus	C24_dihydroxy	28
183749|Tolypeutes matacus	C24_monohydroxy	6
183749|Tolypeutes matacus	C24_pentahydroxy	22
183749|Tolypeutes matacus	C24_tetrahydroxy	26
183749|Tolypeutes matacus	C24_trihydroxy	22
184168|Pseudaspis cana	C24_dihydroxy	17
184168|Pseudaspis cana	C24_pentahydroxy	2
184168|Pseudaspis cana	C24_tetrahydroxy	16
184168|Pseudaspis cana	C24_trihydroxy	59
184238|Crocodylus palustris	C24_dihydroxy	10
184238|Crocodylus palustris	C24_monohydroxy	1
184238|Crocodylus palustris	C24_tetrahydroxy	9
184238|Crocodylus palustris	C24_trihydroxy	23
184239|Crocodylus rhombifer	C24_tetrahydroxy	4
184240|Crocodylus intermedius	C24_dihydroxy	1
184240|Crocodylus intermedius	C24_trihydroxy	7
184242|Osteolaemus tetraspis	C24_dihydroxy	3
184242|Osteolaemus tetraspis	C24_trihydroxy	4
184245|Tomistoma schlegelii	C24_dihydroxy	27
184245|Tomistoma schlegelii	C24_monohydroxy	4
184245|Tomistoma schlegelii	C24_nonhydroxy	4
184245|Tomistoma schlegelii	C24_pentahydroxy	10
184245|Tomistoma schlegelii	C24_tetrahydroxy	14
184245|Tomistoma schlegelii	C24_trihydroxy	42
1843784|Apagesoma australe	C24_trihydroxy	2
1843792|Holcomycteronus brucei	C24_dihydroxy	9
1843792|Holcomycteronus brucei	C24_trihydroxy	10
184449|Stereolepis gigas	C24_dihydroxy	10
184449|Stereolepis gigas	C24_monohydroxy	1
184449|Stereolepis gigas	C24_tetrahydroxy	3
184449|Stereolepis gigas	C24_trihydroxy	17
184544|Crotalus unicolor	C24_dihydroxy	6
184544|Crotalus unicolor	C24_pentahydroxy	7
184544|Crotalus unicolor	C24_tetrahydroxy	14
184544|Crotalus unicolor	C24_trihydroxy	35
184545|Crotalus vegrandis	C24_dihydroxy	15
184545|Crotalus vegrandis	C24_pentahydroxy	2
184545|Crotalus vegrandis	C24_tetrahydroxy	16
184545|Crotalus vegrandis	C24_trihydroxy	50
184598|Branta canadensis occidentalis	C24_dihydroxy	16
184598|Branta canadensis occidentalis	C24_monohydroxy	3
184598|Branta canadensis occidentalis	C24_trihydroxy	20
184711|Branta leucopsis	C24_dihydroxy	29
184711|Branta leucopsis	C24_monohydroxy	2
184711|Branta leucopsis	C24_pentahydroxy	2
184711|Branta leucopsis	C24_tetrahydroxy	11
184711|Branta leucopsis	C24_trihydroxy	20
184715|Branta ruficollis	C24_dihydroxy	44
184715|Branta ruficollis	C24_monohydroxy	5
184715|Branta ruficollis	C24_tetrahydroxy	5
184715|Branta ruficollis	C24_trihydroxy	19
1847|Pseudonocardia	C24_dihydroxy	5
1847|Pseudonocardia	C24_monohydroxy	12
1847|Pseudonocardia	C24_pentahydroxy	12
1847|Pseudonocardia	C24_tetrahydroxy	13
1847|Pseudonocardia	C24_trihydroxy	16
185152|Espeletia	C24_pentahydroxy	159
185169|Libanothamnus	C24_monohydroxy	1
185169|Libanothamnus	C24_pentahydroxy	35
185179|Ruilopezia	C24_pentahydroxy	51
185202|Smallanthus sonchifolius	C24_dihydroxy	10
185202|Smallanthus sonchifolius	C24_monohydroxy	10
185202|Smallanthus sonchifolius	C24_pentahydroxy	63
185202|Smallanthus sonchifolius	C24_tetrahydroxy	60
185202|Smallanthus sonchifolius	C24_trihydroxy	11
1853311|Lutibacter oceani	C24_dihydroxy	2
1853311|Lutibacter oceani	C24_monohydroxy	6
1855285|Rhodoferax sp. OV413	C24_trihydroxy	2
1855296|Lysinibacillus sp. YR326	C24_trihydroxy	9
1855297|Mucilaginibacter sp. OK098	C24_trihydroxy	1
1855298|Mucilaginibacter sp. YR332	C24_dihydroxy	1
1855305|Roseateles sp. YR242	C24_dihydroxy	3
1855305|Roseateles sp. YR242	C24_trihydroxy	1
185559|Ilex verticillata	C24_tetrahydroxy	2
185702|Apios americana	C24_monohydroxy	5
186578|Cylindrophis ruffus	C24_dihydroxy	3
186578|Cylindrophis ruffus	C24_pentahydroxy	1
186578|Cylindrophis ruffus	C24_tetrahydroxy	12
186578|Cylindrophis ruffus	C24_trihydroxy	10
186585|Duberria lutrix	C24_dihydroxy	11
186585|Duberria lutrix	C24_pentahydroxy	5
186585|Duberria lutrix	C24_tetrahydroxy	32
186585|Duberria lutrix	C24_trihydroxy	47
186613|Toxicodryas pulverulenta	C24_dihydroxy	38
186613|Toxicodryas pulverulenta	C24_tetrahydroxy	15
186613|Toxicodryas pulverulenta	C24_trihydroxy	54
186803|Lachnospiraceae	C24_dihydroxy	37
186803|Lachnospiraceae	C24_trihydroxy	6
1869337|Parabacteroides sp.	C24_dihydroxy	34
1869337|Parabacteroides sp.	C24_trihydroxy	8
187114|Ducula aenea	C24_dihydroxy	106
187114|Ducula aenea	C24_monohydroxy	9
187114|Ducula aenea	C24_pentahydroxy	2
187114|Ducula aenea	C24_tetrahydroxy	14
187114|Ducula aenea	C24_trihydroxy	76
187115|Ducula pinon	C24_dihydroxy	17
187115|Ducula pinon	C24_tetrahydroxy	2
187115|Ducula pinon	C24_trihydroxy	16
187116|Ducula zoeae	C24_dihydroxy	21
187116|Ducula zoeae	C24_tetrahydroxy	2
187116|Ducula zoeae	C24_trihydroxy	6
1871188|Kitasatospora sp.	C24_dihydroxy	4
1871188|Kitasatospora sp.	C24_tetrahydroxy	4
1871188|Kitasatospora sp.	C24_trihydroxy	16
187121|Gallicolumba luzonica	C24_dihydroxy	9
187121|Gallicolumba luzonica	C24_trihydroxy	2
187122|Gallicolumba tristigmata	C24_dihydroxy	3
187122|Gallicolumba tristigmata	C24_trihydroxy	1
187124|Goura victoria	C24_dihydroxy	19
187124|Goura victoria	C24_monohydroxy	10
187124|Goura victoria	C24_tetrahydroxy	3
187124|Goura victoria	C24_trihydroxy	17
187130|Otidiphaps nobilis	C24_dihydroxy	5
187130|Otidiphaps nobilis	C24_trihydroxy	2
187139|Ptilinopus superbus	C24_dihydroxy	25
187139|Ptilinopus superbus	C24_tetrahydroxy	1
187139|Ptilinopus superbus	C24_trihydroxy	11
1871551|Agaricus buckmacadooi	C24_tetrahydroxy	10
187327|Acidaminococcus intestini	C24_dihydroxy	29
187327|Acidaminococcus intestini	C24_trihydroxy	6
1873428|Bondarzewia occidentalis	C24_monohydroxy	3
1873428|Bondarzewia occidentalis	C24_trihydroxy	4
1873719|Streptomyces hydrogenans	C24_nonhydroxy	2
1873|Micromonospora	C24_dihydroxy	8
1873|Micromonospora	C24_monohydroxy	2
1873|Micromonospora	C24_tetrahydroxy	7
1873|Micromonospora	C24_trihydroxy	12
1874132|Bison bonasus caucasicus	C24_dihydroxy	39
1874132|Bison bonasus caucasicus	C24_monohydroxy	8
1874132|Bison bonasus caucasicus	C24_tetrahydroxy	5
1874132|Bison bonasus caucasicus	C24_trihydroxy	35
187426|Estrilda	C24_dihydroxy	7
187426|Estrilda	C24_tetrahydroxy	2
187426|Estrilda	C24_trihydroxy	5
187433|Hypargos niveoguttatus	C24_dihydroxy	6
187433|Hypargos niveoguttatus	C24_tetrahydroxy	4
187433|Hypargos niveoguttatus	C24_trihydroxy	4
1874|Micromonospora chalcea	C24_dihydroxy	2
1874|Micromonospora chalcea	C24_monohydroxy	4
1874|Micromonospora chalcea	C24_trihydroxy	2
187938|Furcifer bifidus	C24_trihydroxy	4
187985|Coendou prehensilis	C24_dihydroxy	6
187985|Coendou prehensilis	C24_monohydroxy	6
187985|Coendou prehensilis	C24_trihydroxy	6
1881035|Mitsuaria sp. PDC51	C24_dihydroxy	2
1881035|Mitsuaria sp. PDC51	C24_trihydroxy	9
1881040|Chitinophaga sp. YR573	C24_dihydroxy	4
1881040|Chitinophaga sp. YR573	C24_trihydroxy	12
1881041|Chitinophaga sp. YR627	C24_dihydroxy	2
1881041|Chitinophaga sp. YR627	C24_trihydroxy	13
1881063|Pseudomonas sp. OV546	C24_trihydroxy	5
1882758|Flavobacterium sp. CF108	C24_trihydroxy	8
1882762|Bacillus sp. OK838	C24_trihydroxy	11
1882770|Streptomyces sp. OK885	C24_dihydroxy	6
1882770|Streptomyces sp. OK885	C24_trihydroxy	3
1882771|Kitasatospora sp. OK780	C24_dihydroxy	2
1882771|Kitasatospora sp. OK780	C24_trihydroxy	10
1882775|Variovorax sp. OK212	C24_dihydroxy	2
1882775|Variovorax sp. OK212	C24_trihydroxy	10
1882777|Variovorax sp. OV084	C24_dihydroxy	90
1882777|Variovorax sp. OV084	C24_trihydroxy	6
1882786|Streptomyces sp. OK228	C24_trihydroxy	7
1882787|Streptomyces sp. OV198	C24_dihydroxy	2
1882787|Streptomyces sp. OV198	C24_trihydroxy	7
1882814|Rhodococcus sp. OK270	C24_trihydroxy	4
1882826|Variovorax sp. OV700	C24_trihydroxy	6
1882827|Variovorax sp. PDC80	C24_dihydroxy	42
1882827|Variovorax sp. PDC80	C24_trihydroxy	8
188338|Coracias garrulus	C24_dihydroxy	1
188338|Coracias garrulus	C24_tetrahydroxy	2
188338|Coracias garrulus	C24_trihydroxy	1
188340|Eurystomus glaucurus	C24_tetrahydroxy	4
188340|Eurystomus glaucurus	C24_trihydroxy	1
1883|Streptomyces	C24_dihydroxy	180
1883|Streptomyces	C24_monohydroxy	72
1883|Streptomyces	C24_nonhydroxy	5
1883|Streptomyces	C24_pentahydroxy	16
1883|Streptomyces	C24_tetrahydroxy	114
1883|Streptomyces	C24_trihydroxy	213
1884311|Variovorax sp. OK202	C24_dihydroxy	4
1884311|Variovorax sp. OK202	C24_trihydroxy	6
1884360|Viridibacillus sp. OK051	C24_dihydroxy	2
1884360|Viridibacillus sp. OK051	C24_pentahydroxy	2
1884360|Viridibacillus sp. OK051	C24_trihydroxy	8
1884364|Novosphingobium sp. CF614	C24_trihydroxy	1
1884367|Chitinophaga sp. CF118	C24_dihydroxy	2
1884367|Chitinophaga sp. CF118	C24_trihydroxy	2
1884380|Paenibacillus sp. OK003	C24_trihydroxy	1
1884383|Variovorax sp. YR752	C24_dihydroxy	136
1884383|Variovorax sp. YR752	C24_trihydroxy	2
1884384|Variovorax sp. YR750	C24_dihydroxy	145
1884384|Variovorax sp. YR750	C24_trihydroxy	8
1884385|Variovorax sp. YR634	C24_dihydroxy	190
1884385|Variovorax sp. YR634	C24_trihydroxy	3
1884386|Variovorax sp. YR266	C24_dihydroxy	144
1884386|Variovorax sp. YR266	C24_monohydroxy	2
1884386|Variovorax sp. YR266	C24_trihydroxy	5
1884818|Escherichia sp.	C24_dihydroxy	1
1885016|Rothia sp. (in: high G+C Gram-positive bacteria)	C24_dihydroxy	3
1885016|Rothia sp. (in: high G+C Gram-positive bacteria)	C24_trihydroxy	5
1887|Streptomyces albogriseolus	C24_dihydroxy	4
1887|Streptomyces albogriseolus	C24_monohydroxy	4
1887|Streptomyces albogriseolus	C24_pentahydroxy	2
1887|Streptomyces albogriseolus	C24_tetrahydroxy	6
1887|Streptomyces albogriseolus	C24_trihydroxy	10
1888|Streptomyces albus	C24_dihydroxy	4
1888|Streptomyces albus	C24_monohydroxy	6
1888|Streptomyces albus	C24_trihydroxy	6
1889|Streptomyces ambofaciens	C24_dihydroxy	9
1889|Streptomyces ambofaciens	C24_pentahydroxy	8
1889|Streptomyces ambofaciens	C24_tetrahydroxy	5
1889|Streptomyces ambofaciens	C24_trihydroxy	9
1892170|Crithagra mozambica	C24_dihydroxy	3
1892170|Crithagra mozambica	C24_trihydroxy	1
1892|Streptomyces anulatus	C24_nonhydroxy	2
1892|Streptomyces anulatus	C24_pentahydroxy	2
1892|Streptomyces anulatus	C24_tetrahydroxy	2
1893|Streptomyces atratus	C24_pentahydroxy	3
1893|Streptomyces atratus	C24_trihydroxy	6
1894|Kitasatospora aureofaciens	C24_pentahydroxy	80
1894|Kitasatospora aureofaciens	C24_trihydroxy	2
189533|Aythya affinis	C24_dihydroxy	10
189533|Aythya affinis	C24_tetrahydroxy	2
189533|Aythya affinis	C24_trihydroxy	15
189535|Aythya collaris	C24_dihydroxy	32
189535|Aythya collaris	C24_monohydroxy	2
189535|Aythya collaris	C24_tetrahydroxy	4
189535|Aythya collaris	C24_trihydroxy	18
1895|Streptomyces avidinii	C24_monohydroxy	2
1895|Streptomyces avidinii	C24_nonhydroxy	6
1895|Streptomyces avidinii	C24_pentahydroxy	14
1895|Streptomyces avidinii	C24_trihydroxy	2
1898207|Clostridiales bacterium	C24_dihydroxy	17
1898207|Clostridiales bacterium	C24_tetrahydroxy	15
1898207|Clostridiales bacterium	C24_trihydroxy	7
1898|Streptomyces cacaoi	C24_nonhydroxy	2
1898|Streptomyces cacaoi	C24_pentahydroxy	2
190013|Chlorophyllum brunneum	C24_tetrahydroxy	2
1901|Streptomyces clavuligerus	C24_dihydroxy	4
1901|Streptomyces clavuligerus	C24_monohydroxy	1
1901|Streptomyces clavuligerus	C24_tetrahydroxy	1
1902|Streptomyces coelicolor	C24_pentahydroxy	2
1902|Streptomyces coelicolor	C24_tetrahydroxy	3
1903203|Artemisia heptapotamica	C24_pentahydroxy	4
1903203|Artemisia heptapotamica	C24_trihydroxy	2
1904441|Paracoccaceae bacterium	C24_dihydroxy	2
1904441|Paracoccaceae bacterium	C24_tetrahydroxy	4
1904441|Paracoccaceae bacterium	C24_trihydroxy	6
190476|Caiman latirostris	C24_trihydroxy	1
1906136|Barbonymus schwanefeldii	C24_pentahydroxy	2
1906136|Barbonymus schwanefeldii	C24_tetrahydroxy	2
1906136|Barbonymus schwanefeldii	C24_trihydroxy	13
190696|Myiarchus cinerascens	C24_dihydroxy	7
190696|Myiarchus cinerascens	C24_trihydroxy	2
1906|Streptomyces fradiae	C24_dihydroxy	4
1906|Streptomyces fradiae	C24_pentahydroxy	2
1906|Streptomyces fradiae	C24_tetrahydroxy	10
1906|Streptomyces fradiae	C24_trihydroxy	20
190720|Acrobates pygmaeus	C24_trihydroxy	2
1907|Streptomyces glaucescens	C24_pentahydroxy	58
190824|Crotaphopeltis hotamboeia	C24_dihydroxy	7
190824|Crotaphopeltis hotamboeia	C24_tetrahydroxy	22
190824|Crotaphopeltis hotamboeia	C24_trihydroxy	42
1908|Streptomyces globisporus	C24_pentahydroxy	2
1909|Streptomyces griseolus	C24_dihydroxy	2
1910|Streptomyces griseosporeus	C24_nonhydroxy	2
1910|Streptomyces griseosporeus	C24_pentahydroxy	32
1910|Streptomyces griseosporeus	C24_tetrahydroxy	26
1910|Streptomyces griseosporeus	C24_trihydroxy	6
1911|Streptomyces griseus	C24_pentahydroxy	2
19151|Eruca	C24_dihydroxy	1
191607|Ovis vignei arkal	C24_dihydroxy	16
191607|Ovis vignei arkal	C24_monohydroxy	6
191607|Ovis vignei arkal	C24_pentahydroxy	1
191607|Ovis vignei arkal	C24_tetrahydroxy	5
191607|Ovis vignei arkal	C24_trihydroxy	26
1916|Streptomyces lividans	C24_pentahydroxy	14
1916|Streptomyces lividans	C24_tetrahydroxy	3
191925|Hoffmannseggia drepanocarpa	C24_pentahydroxy	1
1919|Streptomyces microflavus	C24_pentahydroxy	2
192421|Planococcus maritimus	C24_dihydroxy	2
192421|Planococcus maritimus	C24_monohydroxy	2
1924944|Porphyromonas sp.	C24_dihydroxy	26
1924944|Porphyromonas sp.	C24_trihydroxy	7
1924|Streptomyces purpurascens	C24_trihydroxy	4
192599|Homalopsis buccata	C24_dihydroxy	8
192599|Homalopsis buccata	C24_tetrahydroxy	13
192599|Homalopsis buccata	C24_trihydroxy	20
1926307|Veillonella sp.	C24_trihydroxy	3
1927884|Rhinochimaera atlantica	C24_trihydroxy	1
192857|Cercopithecus ascanius schmidti	C24_dihydroxy	27
192857|Cercopithecus ascanius schmidti	C24_monohydroxy	10
192857|Cercopithecus ascanius schmidti	C24_tetrahydroxy	13
192857|Cercopithecus ascanius schmidti	C24_trihydroxy	34
193059|Cyanopica cyanus	C24_dihydroxy	15
193059|Cyanopica cyanus	C24_tetrahydroxy	5
193059|Cyanopica cyanus	C24_trihydroxy	6
1931066|Melipotes gymnops	C24_dihydroxy	3
1931066|Melipotes gymnops	C24_tetrahydroxy	1
1931066|Melipotes gymnops	C24_trihydroxy	4
1931|Streptomyces sp.	C24_dihydroxy	172
1931|Streptomyces sp.	C24_monohydroxy	140
1931|Streptomyces sp.	C24_nonhydroxy	48
1931|Streptomyces sp.	C24_pentahydroxy	214
1931|Streptomyces sp.	C24_tetrahydroxy	210
1931|Streptomyces sp.	C24_trihydroxy	659
1933508|Espeletia annemariana	C24_monohydroxy	1
1933508|Espeletia annemariana	C24_pentahydroxy	289
1933509|Espeletia arbelaezii	C24_pentahydroxy	1
1933510|Espeletia argentea	C24_pentahydroxy	8
1933511|Espeletia ariana	C24_pentahydroxy	2
1933513|Espeletia azucarina	C24_pentahydroxy	1
1933519|Espeletia cayetana	C24_pentahydroxy	2
1933529|Espeletia estanislana	C24_pentahydroxy	5
1933530|Espeletia formosa	C24_pentahydroxy	1
1933531|Espeletia frontinoensis	C24_pentahydroxy	10
1933535|Espeletia jaramilloi	C24_pentahydroxy	8
1933540|Espeletia occidentalis	C24_pentahydroxy	10
1933549|Espeletia schultesiana	C24_pentahydroxy	1
1933|Streptoalloteichus tenebrarius	C24_trihydroxy	11
193462|Streptomyces niveus	C24_monohydroxy	2
193462|Streptomyces niveus	C24_pentahydroxy	2
193462|Streptomyces niveus	C24_trihydroxy	4
1934|Streptomyces thermovulgaris	C24_dihydroxy	2
1934|Streptomyces thermovulgaris	C24_monohydroxy	2
1935|Streptomyces violaceoruber	C24_trihydroxy	12
1936|Streptomyces violaceus	C24_pentahydroxy	8
1936|Streptomyces violaceus	C24_tetrahydroxy	12
1938360|Lycodon rufozonatus rufozonatus	C24_dihydroxy	5
1938360|Lycodon rufozonatus rufozonatus	C24_tetrahydroxy	9
1938360|Lycodon rufozonatus rufozonatus	C24_trihydroxy	15
1938377|Hypsiscopus plumbea	C24_dihydroxy	3
1938377|Hypsiscopus plumbea	C24_tetrahydroxy	3
1938377|Hypsiscopus plumbea	C24_trihydroxy	15
1938|Streptomyces viridochromogenes	C24_monohydroxy	20
1938|Streptomyces viridochromogenes	C24_pentahydroxy	4
1938|Streptomyces viridochromogenes	C24_trihydroxy	12
194401|Uraeotyphlus	C24_dihydroxy	4
194401|Uraeotyphlus	C24_tetrahydroxy	1
194401|Uraeotyphlus	C24_trihydroxy	6
194402|Uraeotyphlus narayani	C24_dihydroxy	1
194408|Rhinatrema bivittatum	C24_tetrahydroxy	1
194408|Rhinatrema bivittatum	C24_trihydroxy	8
194414|Ichthyophis orthoplicatus	C24_dihydroxy	4
194414|Ichthyophis orthoplicatus	C24_tetrahydroxy	1
194414|Ichthyophis orthoplicatus	C24_trihydroxy	9
194415|Ichthyophis glutinosus	C24_dihydroxy	1
194415|Ichthyophis glutinosus	C24_trihydroxy	1
1944660|Parvimonas sp.	C24_dihydroxy	36
1944660|Parvimonas sp.	C24_tetrahydroxy	1
1944660|Parvimonas sp.	C24_trihydroxy	7
194526|Gegeneophis ramaswamii	C24_dihydroxy	30
194526|Gegeneophis ramaswamii	C24_monohydroxy	8
194526|Gegeneophis ramaswamii	C24_tetrahydroxy	9
194526|Gegeneophis ramaswamii	C24_trihydroxy	39
194527|Ichthyophis tricolor	C24_tetrahydroxy	1
1948888|Copsychus malabaricus	C24_dihydroxy	24
1948888|Copsychus malabaricus	C24_monohydroxy	1
1948888|Copsychus malabaricus	C24_pentahydroxy	1
1948888|Copsychus malabaricus	C24_tetrahydroxy	15
1948888|Copsychus malabaricus	C24_trihydroxy	24
194944|Erythrura prasina	C24_dihydroxy	6
194944|Erythrura prasina	C24_trihydroxy	8
194947|Tangara mexicana	C24_dihydroxy	14
194947|Tangara mexicana	C24_monohydroxy	1
194947|Tangara mexicana	C24_tetrahydroxy	5
194947|Tangara mexicana	C24_trihydroxy	6
1950|Streptomyces peucetius	C24_pentahydroxy	30
195103|Clostridium perfringens ATCC 13124	C24_dihydroxy	11
195103|Clostridium perfringens ATCC 13124	C24_trihydroxy	14
1954|Streptomyces brasiliensis	C24_dihydroxy	2
195635|Pleuronichthys verticalis	C24_dihydroxy	26
195635|Pleuronichthys verticalis	C24_monohydroxy	8
195635|Pleuronichthys verticalis	C24_tetrahydroxy	2
195635|Pleuronichthys verticalis	C24_trihydroxy	12
1956|Streptomyces diastaticus	C24_dihydroxy	1
1956|Streptomyces diastaticus	C24_monohydroxy	1
1957|Streptomyces sclerotialus	C24_nonhydroxy	30
1957|Streptomyces sclerotialus	C24_pentahydroxy	4
195913|Loktanella salsilacus	C24_dihydroxy	14
195913|Loktanella salsilacus	C24_monohydroxy	1
195913|Loktanella salsilacus	C24_tetrahydroxy	11
195913|Loktanella salsilacus	C24_trihydroxy	17
196023|Aeromonas hydrophila subsp. hydrophila	C24_trihydroxy	2
196037|Manacus manacus	C24_dihydroxy	2
1961834|Ceuthmochares aereus	C24_dihydroxy	5
1961834|Ceuthmochares aereus	C24_tetrahydroxy	1
1961834|Ceuthmochares aereus	C24_trihydroxy	8
1965262|Ducula forsteni	C24_dihydroxy	29
1965262|Ducula forsteni	C24_monohydroxy	2
1965262|Ducula forsteni	C24_tetrahydroxy	8
1965262|Ducula forsteni	C24_trihydroxy	35
1965264|Ducula mullerii	C24_dihydroxy	21
1965264|Ducula mullerii	C24_tetrahydroxy	4
1965264|Ducula mullerii	C24_trihydroxy	13
1967|Streptomyces kanamyceticus	C24_monohydroxy	2
1967|Streptomyces kanamyceticus	C24_pentahydroxy	2
1971214|Peptoniphilus sp.	C24_dihydroxy	23
1971214|Peptoniphilus sp.	C24_trihydroxy	2
1971|Streptomyces noursei	C24_monohydroxy	6
1971|Streptomyces noursei	C24_pentahydroxy	6
1971|Streptomyces noursei	C24_tetrahydroxy	6
1971|Streptomyces noursei	C24_trihydroxy	8
1972512|Yoonia acticola	C24_dihydroxy	4
1972512|Yoonia acticola	C24_monohydroxy	2
1972512|Yoonia acticola	C24_trihydroxy	2
1977160|Antigone canadensis	C24_dihydroxy	10
1977160|Antigone canadensis	C24_tetrahydroxy	2
1977160|Antigone canadensis	C24_trihydroxy	8
1978138|Sclerophrys latifrons	C24_dihydroxy	2
1978138|Sclerophrys latifrons	C24_trihydroxy	1
1979206|Salinispora sp.	C24_dihydroxy	5
1979206|Salinispora sp.	C24_tetrahydroxy	12
1979206|Salinispora sp.	C24_trihydroxy	6
197|Campylobacter jejuni	C24_dihydroxy	9
197|Campylobacter jejuni	C24_trihydroxy	11
1983724|Capra hircus cretica	C24_dihydroxy	15
1983724|Capra hircus cretica	C24_tetrahydroxy	5
1983724|Capra hircus cretica	C24_trihydroxy	22
1983725|Ovis nivicola nivicola	C24_dihydroxy	29
1983725|Ovis nivicola nivicola	C24_pentahydroxy	1
1983725|Ovis nivicola nivicola	C24_tetrahydroxy	6
1983725|Ovis nivicola nivicola	C24_trihydroxy	24
198471|Crypturellus parvirostris	C24_dihydroxy	6
198471|Crypturellus parvirostris	C24_trihydroxy	6
198618|Pseudomonas umsongensis	C24_monohydroxy	1
198914|Indigofera tinctoria	C24_dihydroxy	2
1989|Actinomadura sp.	C24_dihydroxy	12
1989|Actinomadura sp.	C24_tetrahydroxy	6
1989|Actinomadura sp.	C24_trihydroxy	12
1993|Actinomadura madurae	C24_tetrahydroxy	4
199592|Microbacterium paraoxydans	C24_dihydroxy	1
199592|Microbacterium paraoxydans	C24_tetrahydroxy	7
199592|Microbacterium paraoxydans	C24_trihydroxy	1
199623|Alpinia officinarum	C24_dihydroxy	47
199623|Alpinia officinarum	C24_monohydroxy	79
199623|Alpinia officinarum	C24_nonhydroxy	3
199623|Alpinia officinarum	C24_pentahydroxy	1
199623|Alpinia officinarum	C24_trihydroxy	1
1996|Microtetraspora glauca	C24_dihydroxy	2
1996|Microtetraspora glauca	C24_monohydroxy	78
1996|Microtetraspora glauca	C24_tetrahydroxy	8
2001|Streptosporangium roseum	C24_pentahydroxy	14
2001|Streptosporangium roseum	C24_tetrahydroxy	8
2001|Streptosporangium roseum	C24_trihydroxy	2
2002|Streptosporangium amethystogenes	C24_nonhydroxy	4
2002|Streptosporangium amethystogenes	C24_pentahydroxy	14
2002|Streptosporangium amethystogenes	C24_tetrahydroxy	4
201174|Actinomycetota	C24_dihydroxy	417
201174|Actinomycetota	C24_monohydroxy	77
201174|Actinomycetota	C24_nonhydroxy	3
201174|Actinomycetota	C24_tetrahydroxy	37
201174|Actinomycetota	C24_trihydroxy	3798
201299|Lioparus chrysotis	C24_dihydroxy	2
201299|Lioparus chrysotis	C24_tetrahydroxy	2
201299|Lioparus chrysotis	C24_trihydroxy	4
201311|Ianthocincla ocellata	C24_dihydroxy	59
201311|Ianthocincla ocellata	C24_monohydroxy	8
201311|Ianthocincla ocellata	C24_tetrahydroxy	5
201311|Ianthocincla ocellata	C24_trihydroxy	31
201338|Liocichla phoenicea	C24_dihydroxy	4
201338|Liocichla phoenicea	C24_tetrahydroxy	1
201338|Liocichla phoenicea	C24_trihydroxy	3
201348|Minla ignotincta	C24_dihydroxy	7
201348|Minla ignotincta	C24_tetrahydroxy	1
201348|Minla ignotincta	C24_trihydroxy	3
201383|Masticophis taeniatus	C24_dihydroxy	3
201383|Masticophis taeniatus	C24_pentahydroxy	1
201383|Masticophis taeniatus	C24_tetrahydroxy	7
201383|Masticophis taeniatus	C24_trihydroxy	20
201439|Zamenis longissimus	C24_dihydroxy	19
201439|Zamenis longissimus	C24_pentahydroxy	1
201439|Zamenis longissimus	C24_tetrahydroxy	14
201439|Zamenis longissimus	C24_trihydroxy	52
2015|Nocardiopsis prasina	C24_dihydroxy	11
2015|Nocardiopsis prasina	C24_monohydroxy	1
2015|Nocardiopsis prasina	C24_tetrahydroxy	7
2015|Nocardiopsis prasina	C24_trihydroxy	13
2020714|Olleya algicola	C24_dihydroxy	2
2020714|Olleya algicola	C24_monohydroxy	12
202280|Harpia harpyja	C24_dihydroxy	25
202280|Harpia harpyja	C24_monohydroxy	1
202280|Harpia harpyja	C24_tetrahydroxy	13
202280|Harpia harpyja	C24_trihydroxy	33
202946|Apteryx mantelli mantelli	C24_dihydroxy	48
202946|Apteryx mantelli mantelli	C24_monohydroxy	12
202946|Apteryx mantelli mantelli	C24_tetrahydroxy	12
202946|Apteryx mantelli mantelli	C24_trihydroxy	39
203270|Berberis aquifolium	C24_tetrahydroxy	45
203270|Berberis aquifolium	C24_trihydroxy	1
20408|Astragalus canadensis	C24_dihydroxy	32
204263|Eira barbara	C24_dihydroxy	19
204263|Eira barbara	C24_tetrahydroxy	15
204263|Eira barbara	C24_trihydroxy	38
2042683|Olsenella sp.	C24_dihydroxy	28
2042683|Olsenella sp.	C24_trihydroxy	7
2045|Pimelobacter simplex	C24_dihydroxy	2
204814|Lagocephalus lunaris	C24_dihydroxy	9
204814|Lagocephalus lunaris	C24_monohydroxy	1
204814|Lagocephalus lunaris	C24_tetrahydroxy	3
204814|Lagocephalus lunaris	C24_trihydroxy	32
204968|Cuora galbinifrons	C24_dihydroxy	9
204968|Cuora galbinifrons	C24_monohydroxy	1
204968|Cuora galbinifrons	C24_tetrahydroxy	1
204968|Cuora galbinifrons	C24_trihydroxy	7
205097|Sarcophyton trocheliophorum	C24_monohydroxy	1
205097|Sarcophyton trocheliophorum	C24_pentahydroxy	2
205097|Sarcophyton trocheliophorum	C24_tetrahydroxy	15
205130|Mastacembelus armatus	C24_dihydroxy	8
205130|Mastacembelus armatus	C24_trihydroxy	3
2052|Mobiluncus mulieris	C24_dihydroxy	31
2052|Mobiluncus mulieris	C24_tetrahydroxy	1
2052|Mobiluncus mulieris	C24_trihydroxy	6
206108|Ceratias holboelli	C24_dihydroxy	9
206108|Ceratias holboelli	C24_pentahydroxy	1
206108|Ceratias holboelli	C24_tetrahydroxy	14
206108|Ceratias holboelli	C24_trihydroxy	31
206145|Mene maculata	C24_dihydroxy	10
206145|Mene maculata	C24_monohydroxy	5
206145|Mene maculata	C24_tetrahydroxy	3
206145|Mene maculata	C24_trihydroxy	9
206348|Bathymodiolus brooksi	C24_dihydroxy	2
206348|Bathymodiolus brooksi	C24_monohydroxy	4
206348|Bathymodiolus brooksi	C24_trihydroxy	1
2066993|Rhodofomes cajanderi	C24_monohydroxy	21
2066993|Rhodofomes cajanderi	C24_trihydroxy	2
2067842|Cortinarius athabascus	C24_monohydroxy	7
2067842|Cortinarius athabascus	C24_tetrahydroxy	1
208364|Rucervus eldii thamin	C24_dihydroxy	4
208364|Rucervus eldii thamin	C24_trihydroxy	3
208441|Amycolatopsis decaplanina	C24_dihydroxy	12
208442|Amycolatopsis keratiniphila subsp. nogabecina	C24_dihydroxy	2
208443|Amycolatopsis balhimycina	C24_dihydroxy	198
208443|Amycolatopsis balhimycina	C24_monohydroxy	2
208443|Amycolatopsis balhimycina	C24_tetrahydroxy	22
208443|Amycolatopsis balhimycina	C24_trihydroxy	86
208444|Amycolatopsis vancoresmycina	C24_dihydroxy	44
208444|Amycolatopsis vancoresmycina	C24_monohydroxy	2
208444|Amycolatopsis vancoresmycina	C24_nonhydroxy	52
208444|Amycolatopsis vancoresmycina	C24_trihydroxy	16
208445|Amycolatopsis tolypomycina	C24_dihydroxy	2
210139|Eleutheronema tetradactylum	C24_dihydroxy	10
210139|Eleutheronema tetradactylum	C24_tetrahydroxy	2
210139|Eleutheronema tetradactylum	C24_trihydroxy	16
210336|Ptelea trifoliata	C24_dihydroxy	5
210336|Ptelea trifoliata	C24_trihydroxy	6
210647|Helogale parvula	C24_dihydroxy	25
210647|Helogale parvula	C24_pentahydroxy	4
210647|Helogale parvula	C24_tetrahydroxy	35
210647|Helogale parvula	C24_trihydroxy	73
210652|Mungos mungo	C24_dihydroxy	38
210652|Mungos mungo	C24_pentahydroxy	2
210652|Mungos mungo	C24_tetrahydroxy	18
210652|Mungos mungo	C24_trihydroxy	50
211815|Rubus fruticosus	C24_trihydroxy	1
212844|Euphorbia acanthothamnos	C24_monohydroxy	2
212844|Euphorbia acanthothamnos	C24_nonhydroxy	34
212925|Euphorbia lathyris	C24_nonhydroxy	10
212925|Euphorbia lathyris	C24_pentahydroxy	4
212925|Euphorbia lathyris	C24_tetrahydroxy	4
2135469|Filimonas sp. YR581	C24_trihydroxy	9
2135501|Variovorax sp. GV004	C24_dihydroxy	3
2135501|Variovorax sp. GV004	C24_trihydroxy	11
2135503|Variovorax sp. GV035	C24_trihydroxy	1
2135576|Pseudomonas sp. GV034	C24_trihydroxy	8
2135577|Pseudomonas sp. GV062	C24_trihydroxy	2
2135578|Pseudomonas sp. GV082	C24_trihydroxy	2
2135581|Pseudomonas sp. GV101	C24_dihydroxy	2
2135581|Pseudomonas sp. GV101	C24_trihydroxy	4
2135582|Pseudomonas sp. NP10-3	C24_trihydroxy	8
2135583|Pseudomonas sp. NP28-5	C24_dihydroxy	2
2135583|Pseudomonas sp. NP28-5	C24_trihydroxy	8
2135586|Pseudomonas sp. OV184	C24_dihydroxy	6
2135586|Pseudomonas sp. OV184	C24_trihydroxy	6
2135587|Pseudomonas sp. OV221	C24_trihydroxy	2
2135589|Pseudomonas sp. OV286	C24_trihydroxy	7
2135590|Pseudomonas sp. OV341	C24_trihydroxy	6
2135591|Pseudomonas sp. OV397	C24_pentahydroxy	1
2135591|Pseudomonas sp. OV397	C24_tetrahydroxy	1
2135591|Pseudomonas sp. OV397	C24_trihydroxy	1
2135593|Pseudomonas sp. OV508	C24_dihydroxy	1
2135593|Pseudomonas sp. OV508	C24_trihydroxy	6
2135594|Pseudomonas sp. OV529	C24_dihydroxy	2
2135594|Pseudomonas sp. OV529	C24_trihydroxy	10
2135596|Pseudomonas sp. OV657	C24_trihydroxy	9
2135605|Chitinophaga sp. OK723	C24_trihydroxy	8
2135684|Niastella sp. CF465	C24_trihydroxy	2
2135695|Paraburkholderia sp. GV052	C24_trihydroxy	5
2135697|Paraburkholderia sp. GV068	C24_dihydroxy	4
2135697|Paraburkholderia sp. GV068	C24_trihydroxy	8
2135698|Paraburkholderia sp. GV072	C24_trihydroxy	8
2135699|Paraburkholderia sp. GV073	C24_trihydroxy	5
2135714|Pedobacter sp. CF074	C24_pentahydroxy	1
2135714|Pedobacter sp. CF074	C24_trihydroxy	9
2135722|Pleomorphomonas sp. CF100	C24_trihydroxy	8
2135728|Rhodococcus sp. OK269	C24_trihydroxy	5
2135735|Variovorax sp. GV051	C24_dihydroxy	2
2135735|Variovorax sp. GV051	C24_trihydroxy	5
2135739|Bacillus sp. OK077	C24_dihydroxy	6
2135739|Bacillus sp. OK077	C24_trihydroxy	5
2135742|Bacillus sp. OV752	C24_pentahydroxy	2
2135742|Bacillus sp. OV752	C24_trihydroxy	8
2135743|Bacillus sp. YR335	C24_trihydroxy	12
2135744|Mycobacterium sp. OK887	C24_trihydroxy	6
2135745|Mycobacterium sp. OK889	C24_dihydroxy	1
2135745|Mycobacterium sp. OK889	C24_trihydroxy	7
2135746|Mycobacterium sp. YR708	C24_dihydroxy	2
2135749|Pseudomonas sp. GV021	C24_dihydroxy	2
2135749|Pseudomonas sp. GV021	C24_trihydroxy	4
2135752|Pseudomonas sp. GV054	C24_dihydroxy	2
2135752|Pseudomonas sp. GV054	C24_trihydroxy	6
2135753|Pseudomonas sp. GV058	C24_trihydroxy	2
2135754|Pseudomonas sp. GV071	C24_dihydroxy	2
2135754|Pseudomonas sp. GV071	C24_trihydroxy	6
2135755|Pseudomonas sp. GV077	C24_trihydroxy	2
2135756|Pseudomonas sp. GV085	C24_dihydroxy	1
2135756|Pseudomonas sp. GV085	C24_trihydroxy	6
2135758|Pseudomonas sp. GV091	C24_dihydroxy	2
2135758|Pseudomonas sp. GV091	C24_trihydroxy	8
2135761|Flavobacterium sp. GV030	C24_monohydroxy	6
2135761|Flavobacterium sp. GV030	C24_trihydroxy	6
2135762|Flavobacterium sp. GV063	C24_trihydroxy	8
2135763|Flavobacterium sp. GV069	C24_dihydroxy	1
2135763|Flavobacterium sp. GV069	C24_monohydroxy	2
2135763|Flavobacterium sp. GV069	C24_trihydroxy	9
2137881|Coprobacillus sp.	C24_dihydroxy	29
2137881|Coprobacillus sp.	C24_trihydroxy	6
214657|Girella nigricans	C24_dihydroxy	106
214657|Girella nigricans	C24_monohydroxy	4
214657|Girella nigricans	C24_tetrahydroxy	20
214657|Girella nigricans	C24_trihydroxy	238
214663|Colibri coruscans	C24_dihydroxy	9
214663|Colibri coruscans	C24_monohydroxy	1
214663|Colibri coruscans	C24_tetrahydroxy	1
214663|Colibri coruscans	C24_trihydroxy	7
216591|Burkholderia cenocepacia J2315	C24_tetrahydroxy	1
216816|Bifidobacterium longum	C24_dihydroxy	220
216816|Bifidobacterium longum	C24_trihydroxy	518
216980|Coryphaenoides filifer	C24_dihydroxy	2
216980|Coryphaenoides filifer	C24_tetrahydroxy	4
216980|Coryphaenoides filifer	C24_trihydroxy	12
216989|Betula populifolia	C24_dihydroxy	11
216989|Betula populifolia	C24_monohydroxy	20
216989|Betula populifolia	C24_pentahydroxy	1
216989|Betula populifolia	C24_tetrahydroxy	5
216999|Euphorbia horrida	C24_nonhydroxy	12
2183843|Trochalopteron formosum	C24_dihydroxy	37
2183843|Trochalopteron formosum	C24_monohydroxy	5
2183843|Trochalopteron formosum	C24_tetrahydroxy	11
2183843|Trochalopteron formosum	C24_trihydroxy	12
21880|Salvia	C24_dihydroxy	7
21880|Salvia	C24_pentahydroxy	2
219594|Aythya fuligula	C24_dihydroxy	24
219594|Aythya fuligula	C24_monohydroxy	1
219594|Aythya fuligula	C24_tetrahydroxy	2
219594|Aythya fuligula	C24_trihydroxy	13
2200751|Stegonotus modestus	C24_dihydroxy	10
2200751|Stegonotus modestus	C24_pentahydroxy	5
2200751|Stegonotus modestus	C24_tetrahydroxy	33
2200751|Stegonotus modestus	C24_trihydroxy	32
220101|Genetta tigrina	C24_dihydroxy	7
220101|Genetta tigrina	C24_tetrahydroxy	3
220101|Genetta tigrina	C24_trihydroxy	19
220378|Nocardiopsis aegyptia	C24_dihydroxy	84
220378|Nocardiopsis aegyptia	C24_monohydroxy	4
220378|Nocardiopsis aegyptia	C24_tetrahydroxy	30
220378|Nocardiopsis aegyptia	C24_trihydroxy	68
220770|Tribolonotus gracilis	C24_dihydroxy	17
220770|Tribolonotus gracilis	C24_monohydroxy	6
220770|Tribolonotus gracilis	C24_tetrahydroxy	2
220770|Tribolonotus gracilis	C24_trihydroxy	17
220798|Cortinarius flexipes	C24_tetrahydroxy	4
221981|Equus hemionus onager	C24_dihydroxy	4
221981|Equus hemionus onager	C24_tetrahydroxy	1
221981|Equus hemionus onager	C24_trihydroxy	6
222879|Harpagophytum procumbens	C24_dihydroxy	70
222879|Harpagophytum procumbens	C24_monohydroxy	7
222879|Harpagophytum procumbens	C24_tetrahydroxy	231
222879|Harpagophytum procumbens	C24_trihydroxy	10
2231447|Halcyon albiventris	C24_dihydroxy	5
2231447|Halcyon albiventris	C24_tetrahydroxy	1
2231447|Halcyon albiventris	C24_trihydroxy	2
223475|Buteo lineatus	C24_dihydroxy	30
223475|Buteo lineatus	C24_monohydroxy	1
223475|Buteo lineatus	C24_tetrahydroxy	7
223475|Buteo lineatus	C24_trihydroxy	26
223492|Parabuteo unicinctus	C24_dihydroxy	9
223492|Parabuteo unicinctus	C24_monohydroxy	2
223492|Parabuteo unicinctus	C24_tetrahydroxy	5
223492|Parabuteo unicinctus	C24_trihydroxy	4
223958|Exiguobacterium oxidotolerans	C24_dihydroxy	2
223958|Exiguobacterium oxidotolerans	C24_monohydroxy	12
223958|Exiguobacterium oxidotolerans	C24_trihydroxy	2
224554|Langaha madagascariensis	C24_pentahydroxy	1
224554|Langaha madagascariensis	C24_tetrahydroxy	4
224554|Langaha madagascariensis	C24_trihydroxy	9
225042|Dendrolagus goodfellowi buergersi	C24_dihydroxy	28
225042|Dendrolagus goodfellowi buergersi	C24_monohydroxy	6
225042|Dendrolagus goodfellowi buergersi	C24_tetrahydroxy	7
225042|Dendrolagus goodfellowi buergersi	C24_trihydroxy	24
225430|Amanita constricta	C24_tetrahydroxy	1
225757|Siganus fuscescens	C24_dihydroxy	19
225757|Siganus fuscescens	C24_pentahydroxy	1
225757|Siganus fuscescens	C24_tetrahydroxy	5
225757|Siganus fuscescens	C24_trihydroxy	17
225759|Siganus virgatus	C24_dihydroxy	6
225759|Siganus virgatus	C24_trihydroxy	1
226185|Enterococcus faecalis V583	C24_dihydroxy	9
226185|Enterococcus faecalis V583	C24_trihydroxy	13
226677|Anthurium andraeanum	C24_dihydroxy	1
226|Alteromonas	C24_dihydroxy	437
226|Alteromonas	C24_pentahydroxy	23
226|Alteromonas	C24_tetrahydroxy	771
226|Alteromonas	C24_trihydroxy	1848
227231|Himantopus mexicanus	C24_dihydroxy	20
227231|Himantopus mexicanus	C24_monohydroxy	6
227231|Himantopus mexicanus	C24_tetrahydroxy	16
227231|Himantopus mexicanus	C24_trihydroxy	42
227236|Recurvirostra americana	C24_dihydroxy	12
227236|Recurvirostra americana	C24_tetrahydroxy	14
227236|Recurvirostra americana	C24_trihydroxy	32
227866|Bacillus tequilensis	C24_dihydroxy	67
227866|Bacillus tequilensis	C24_monohydroxy	24
227866|Bacillus tequilensis	C24_nonhydroxy	9
227866|Bacillus tequilensis	C24_pentahydroxy	1
227866|Bacillus tequilensis	C24_tetrahydroxy	31
227866|Bacillus tequilensis	C24_trihydroxy	73
228215|Pleurotus eryngii var. ferulae	C24_dihydroxy	325
228215|Pleurotus eryngii var. ferulae	C24_monohydroxy	15
228215|Pleurotus eryngii var. ferulae	C24_nonhydroxy	9
228215|Pleurotus eryngii var. ferulae	C24_tetrahydroxy	9
228215|Pleurotus eryngii var. ferulae	C24_trihydroxy	8
228248|Lophophorus lhuysii	C24_dihydroxy	28
228248|Lophophorus lhuysii	C24_monohydroxy	5
228248|Lophophorus lhuysii	C24_tetrahydroxy	2
228248|Lophophorus lhuysii	C24_trihydroxy	31
228307|Phoenicurus frontalis	C24_dihydroxy	8
228307|Phoenicurus frontalis	C24_tetrahydroxy	6
228307|Phoenicurus frontalis	C24_trihydroxy	3
228587|Celtis occidentalis	C24_pentahydroxy	1
229058|Ostracion cubicum	C24_dihydroxy	16
229058|Ostracion cubicum	C24_tetrahydroxy	8
229058|Ostracion cubicum	C24_trihydroxy	19
2291733|Amanita pantherinoides	C24_tetrahydroxy	1
2291932|Kassina cassinoides	C24_dihydroxy	1
2291932|Kassina cassinoides	C24_trihydroxy	9
2292167|Pseudobatos planiceps	C24_dihydroxy	3
2292167|Pseudobatos planiceps	C24_trihydroxy	1
22994|Aeonium	C24_trihydroxy	2
2307129|Streptomyces moroccanus	C24_monohydroxy	6
230766|Clitocybe fragrans	C24_tetrahydroxy	1
231578|Pholidoscelis taeniurus	C24_dihydroxy	15
231578|Pholidoscelis taeniurus	C24_monohydroxy	5
231578|Pholidoscelis taeniurus	C24_tetrahydroxy	8
231578|Pholidoscelis taeniurus	C24_trihydroxy	23
2316026|Vanellus albiceps	C24_dihydroxy	15
2316026|Vanellus albiceps	C24_tetrahydroxy	11
2316026|Vanellus albiceps	C24_trihydroxy	25
23216|Rubus	C24_trihydroxy	4
23461|Mangifera	C24_dihydroxy	1
234690|Xerus inauris	C24_dihydroxy	8
234690|Xerus inauris	C24_monohydroxy	2
234690|Xerus inauris	C24_tetrahydroxy	6
234690|Xerus inauris	C24_trihydroxy	19
235986|Actinacidiphila glaucinigra	C24_pentahydroxy	2
236510|Streptantibioticus ferralitis	C24_dihydroxy	6
236590|Noturus baileyi	C24_dihydroxy	1
236590|Noturus baileyi	C24_trihydroxy	2
236735|Uromastyx aegyptia aegyptia	C24_dihydroxy	26
236735|Uromastyx aegyptia aegyptia	C24_monohydroxy	6
236735|Uromastyx aegyptia aegyptia	C24_tetrahydroxy	13
236735|Uromastyx aegyptia aegyptia	C24_trihydroxy	51
236742|Uromastyx benti	C24_dihydroxy	11
236742|Uromastyx benti	C24_monohydroxy	2
236742|Uromastyx benti	C24_pentahydroxy	1
236742|Uromastyx benti	C24_tetrahydroxy	11
236742|Uromastyx benti	C24_trihydroxy	34
237128|Stylissa flabelliformis	C24_pentahydroxy	10
237128|Stylissa flabelliformis	C24_tetrahydroxy	8
237128|Stylissa flabelliformis	C24_trihydroxy	4
237439|Stelgidopteryx serripennis	C24_dihydroxy	2
237439|Stelgidopteryx serripennis	C24_tetrahydroxy	1
238051|Acanthurus dussumieri	C24_dihydroxy	27
238051|Acanthurus dussumieri	C24_tetrahydroxy	1
238051|Acanthurus dussumieri	C24_trihydroxy	13
239117|Cortinarius croceus	C24_tetrahydroxy	1
239368|Engraulis mordax	C24_dihydroxy	8
239368|Engraulis mordax	C24_tetrahydroxy	2
239368|Engraulis mordax	C24_trihydroxy	11
239378|Eurylaimus ochromalus	C24_dihydroxy	8
239378|Eurylaimus ochromalus	C24_tetrahydroxy	2
239378|Eurylaimus ochromalus	C24_trihydroxy	7
239754|Pseudechis colletti	C24_dihydroxy	6
239754|Pseudechis colletti	C24_tetrahydroxy	11
239754|Pseudechis colletti	C24_trihydroxy	44
239935|Akkermansia muciniphila	C24_dihydroxy	426
239935|Akkermansia muciniphila	C24_trihydroxy	528
240203|Chionis albus	C24_dihydroxy	13
240203|Chionis albus	C24_tetrahydroxy	4
240203|Chionis albus	C24_trihydroxy	12
240209|Rhinoptilus africanus	C24_dihydroxy	10
240209|Rhinoptilus africanus	C24_tetrahydroxy	7
240209|Rhinoptilus africanus	C24_trihydroxy	24
240722|Pogoniulus chrysoconus	C24_dihydroxy	6
240722|Pogoniulus chrysoconus	C24_monohydroxy	1
240722|Pogoniulus chrysoconus	C24_tetrahydroxy	1
240722|Pogoniulus chrysoconus	C24_trihydroxy	4
240734|Lybius dubius	C24_dihydroxy	14
240734|Lybius dubius	C24_tetrahydroxy	1
240734|Lybius dubius	C24_trihydroxy	5
240840|Actinomadura meyerae	C24_dihydroxy	4
241271|Cheilinus undulatus	C24_dihydroxy	9
241271|Cheilinus undulatus	C24_tetrahydroxy	7
241271|Cheilinus undulatus	C24_trihydroxy	17
241562|Amazona leucocephala	C24_dihydroxy	44
241562|Amazona leucocephala	C24_monohydroxy	16
241562|Amazona leucocephala	C24_tetrahydroxy	6
241562|Amazona leucocephala	C24_trihydroxy	48
241745|Scissirostrum dubium	C24_dihydroxy	58
241745|Scissirostrum dubium	C24_monohydroxy	8
241745|Scissirostrum dubium	C24_tetrahydroxy	10
241745|Scissirostrum dubium	C24_trihydroxy	44
241750|Arremon aurantiirostris	C24_dihydroxy	13
241750|Arremon aurantiirostris	C24_tetrahydroxy	2
241750|Arremon aurantiirostris	C24_trihydroxy	18
241763|Dinemellia dinemelli	C24_dihydroxy	2
241763|Dinemellia dinemelli	C24_tetrahydroxy	2
241763|Dinemellia dinemelli	C24_trihydroxy	5
241768|Pycnonotus melanicterus dispar	C24_dihydroxy	8
241768|Pycnonotus melanicterus dispar	C24_tetrahydroxy	1
241768|Pycnonotus melanicterus dispar	C24_trihydroxy	3
241774|Lamprotornis iris	C24_dihydroxy	6
241774|Lamprotornis iris	C24_tetrahydroxy	3
241774|Lamprotornis iris	C24_trihydroxy	6
241776|Creatophora cinerea	C24_dihydroxy	35
241776|Creatophora cinerea	C24_monohydroxy	1
241776|Creatophora cinerea	C24_tetrahydroxy	18
241776|Creatophora cinerea	C24_trihydroxy	24
241820|Antennarius striatus	C24_dihydroxy	10
241820|Antennarius striatus	C24_monohydroxy	9
241820|Antennarius striatus	C24_pentahydroxy	1
241820|Antennarius striatus	C24_tetrahydroxy	6
241820|Antennarius striatus	C24_trihydroxy	33
242287|Triphoturus mexicanus	C24_dihydroxy	1
242287|Triphoturus mexicanus	C24_trihydroxy	4
242958|Gigantactis vanhoeffeni	C24_dihydroxy	7
242958|Gigantactis vanhoeffeni	C24_trihydroxy	9
243556|Trimeresurus mcgregori	C24_dihydroxy	8
243556|Trimeresurus mcgregori	C24_pentahydroxy	4
243556|Trimeresurus mcgregori	C24_tetrahydroxy	14
243556|Trimeresurus mcgregori	C24_trihydroxy	38
244030|Hechtia texensis	C24_dihydroxy	22
244030|Hechtia texensis	C24_monohydroxy	4
244030|Hechtia texensis	C24_trihydroxy	5
244446|Fregata ariel	C24_dihydroxy	11
244446|Fregata ariel	C24_tetrahydroxy	1
244446|Fregata ariel	C24_trihydroxy	9
2448647|Coracias naevius	C24_tetrahydroxy	3
2448647|Coracias naevius	C24_trihydroxy	1
245040|Mino anais	C24_dihydroxy	32
245040|Mino anais	C24_monohydroxy	4
245040|Mino anais	C24_tetrahydroxy	7
245040|Mino anais	C24_trihydroxy	15
245042|Lamprotornis superbus	C24_dihydroxy	21
245042|Lamprotornis superbus	C24_tetrahydroxy	24
245042|Lamprotornis superbus	C24_trihydroxy	17
245044|Ampeliceps coronatus	C24_dihydroxy	20
245044|Ampeliceps coronatus	C24_monohydroxy	1
245044|Ampeliceps coronatus	C24_tetrahydroxy	3
245044|Ampeliceps coronatus	C24_trihydroxy	19
245067|Sarcops calvus	C24_dihydroxy	36
245067|Sarcops calvus	C24_monohydroxy	3
245067|Sarcops calvus	C24_tetrahydroxy	8
245067|Sarcops calvus	C24_trihydroxy	23
24663|Physalis	C24_pentahydroxy	2
24663|Physalis	C24_tetrahydroxy	2
246787|Bacteroides cellulosilyticus	C24_dihydroxy	10
246787|Bacteroides cellulosilyticus	C24_tetrahydroxy	2
246787|Bacteroides cellulosilyticus	C24_trihydroxy	44
246881|Canis lupus chanco	C24_dihydroxy	12
246881|Canis lupus chanco	C24_tetrahydroxy	9
246881|Canis lupus chanco	C24_trihydroxy	25
247516|Lagonosticta virata	C24_dihydroxy	7
247516|Lagonosticta virata	C24_trihydroxy	6
2478757|Chalcophaps indica indica	C24_dihydroxy	4
2478757|Chalcophaps indica indica	C24_tetrahydroxy	2
2478757|Chalcophaps indica indica	C24_trihydroxy	6
248315|Veillonella rodentium	C24_trihydroxy	2
2483457|Azemiops kharini	C24_dihydroxy	4
2483457|Azemiops kharini	C24_pentahydroxy	2
2483457|Azemiops kharini	C24_tetrahydroxy	14
2483457|Azemiops kharini	C24_trihydroxy	23
2485371|Plectranthus bipinnatus	C24_monohydroxy	2
248779|Ceratophrys cornuta	C24_tetrahydroxy	2
248779|Ceratophrys cornuta	C24_trihydroxy	4
2488690|Facciolella equatorialis	C24_dihydroxy	8
2488690|Facciolella equatorialis	C24_tetrahydroxy	10
2488690|Facciolella equatorialis	C24_trihydroxy	12
249567|Streptomyces decoyicus	C24_monohydroxy	6
249567|Streptomyces decoyicus	C24_pentahydroxy	2
249581|Streptomyces ossamyceticus	C24_nonhydroxy	2
2497456|Chryseobacterium aureum	C24_monohydroxy	1
2499217|Oneirodes eschrichtii	C24_dihydroxy	5
2499217|Oneirodes eschrichtii	C24_tetrahydroxy	2
2499217|Oneirodes eschrichtii	C24_trihydroxy	10
2506257|Pyrenopeziza sp.	C24_monohydroxy	1
2512123|Streptomyces sp. BK022	C24_dihydroxy	8
2512123|Streptomyces sp. BK022	C24_trihydroxy	8
2512127|Streptomyces sp. BK215	C24_trihydroxy	4
2512128|Streptomyces sp. BK387	C24_dihydroxy	8
2512134|Paenibacillus sp. BK673	C24_dihydroxy	6
2512150|Streptomyces sp. BK208	C24_trihydroxy	9
2512151|Streptomyces sp. BK438	C24_dihydroxy	2
2512151|Streptomyces sp. BK438	C24_trihydroxy	4
2512152|Variovorax sp. BK460	C24_dihydroxy	52
2512152|Variovorax sp. BK460	C24_trihydroxy	6
2512153|Streptomyces sp. BK674	C24_dihydroxy	7
2512153|Streptomyces sp. BK674	C24_trihydroxy	4
2512156|Streptomyces sp. BK038	C24_dihydroxy	21
2512156|Streptomyces sp. BK038	C24_trihydroxy	5
2512159|Streptomyces sp. BK447	C24_dihydroxy	1
2512159|Streptomyces sp. BK447	C24_pentahydroxy	3
2512159|Streptomyces sp. BK447	C24_trihydroxy	7
2512161|Lysinibacillus sp. BK089	C24_dihydroxy	40
2512161|Lysinibacillus sp. BK089	C24_trihydroxy	7
2512165|Mycobacterium sp. BK086	C24_trihydroxy	4
2512169|Tumebacillus sp. BK434	C24_dihydroxy	2
2512169|Tumebacillus sp. BK434	C24_trihydroxy	4
2512181|Bacillus sp. BK100	C24_dihydroxy	13
2512181|Bacillus sp. BK100	C24_monohydroxy	2
2512181|Bacillus sp. BK100	C24_trihydroxy	4
2512182|Bacillus sp. BK450	C24_dihydroxy	6
2512182|Bacillus sp. BK450	C24_trihydroxy	4
2517241|Bacillus velezensis A3	C24_monohydroxy	22
2517241|Bacillus velezensis A3	C24_tetrahydroxy	8
251750|Pipa pipa	C24_tetrahydroxy	2
251750|Pipa pipa	C24_trihydroxy	5
252782|Aquila verreauxii	C24_dihydroxy	15
252782|Aquila verreauxii	C24_monohydroxy	3
252782|Aquila verreauxii	C24_tetrahydroxy	8
252782|Aquila verreauxii	C24_trihydroxy	25
252794|Polemaetus bellicosus	C24_dihydroxy	12
252794|Polemaetus bellicosus	C24_tetrahydroxy	4
252794|Polemaetus bellicosus	C24_trihydroxy	11
2528942|Eremophila cuneifolia	C24_pentahydroxy	6
2528943|Eremophila forrestii	C24_dihydroxy	2
2528944|Eremophila lanceolata	C24_tetrahydroxy	2
2528951|Eremophila platycalyx	C24_pentahydroxy	4
2528951|Eremophila platycalyx	C24_tetrahydroxy	4
2528951|Eremophila platycalyx	C24_trihydroxy	2
25384|Pentas	C24_tetrahydroxy	2
254645|Prionops plumatus	C24_dihydroxy	11
254645|Prionops plumatus	C24_tetrahydroxy	15
254645|Prionops plumatus	C24_trihydroxy	13
254652|Promerops cafer	C24_dihydroxy	4
254652|Promerops cafer	C24_tetrahydroxy	6
254652|Promerops cafer	C24_trihydroxy	4
254777|Galium mollugo	C24_dihydroxy	64
254777|Galium mollugo	C24_monohydroxy	444
254777|Galium mollugo	C24_nonhydroxy	9
254777|Galium mollugo	C24_tetrahydroxy	5
254777|Galium mollugo	C24_trihydroxy	18
254779|Lathyrus pratensis	C24_dihydroxy	129
254779|Lathyrus pratensis	C24_monohydroxy	628
254779|Lathyrus pratensis	C24_nonhydroxy	3
254779|Lathyrus pratensis	C24_pentahydroxy	2
254779|Lathyrus pratensis	C24_tetrahydroxy	21
254779|Lathyrus pratensis	C24_trihydroxy	40
255189|Nephrurus levis	C24_dihydroxy	6
255189|Nephrurus levis	C24_tetrahydroxy	1
255189|Nephrurus levis	C24_trihydroxy	4
255387|Procnias nudicollis	C24_dihydroxy	2
255387|Procnias nudicollis	C24_trihydroxy	1
255984|Qipengyuania aquimaris	C24_dihydroxy	2
255984|Qipengyuania aquimaris	C24_monohydroxy	2
255984|Qipengyuania aquimaris	C24_trihydroxy	2
256439|Tangara dowii	C24_dihydroxy	11
256439|Tangara dowii	C24_trihydroxy	6
2572147|Homoroselaps dorsalis	C24_tetrahydroxy	10
2572147|Homoroselaps dorsalis	C24_trihydroxy	12
2572903|Streptomyces sp. BK340	C24_trihydroxy	7
257313|Bordetella pertussis Tohama I	C24_monohydroxy	35
2578135|Phormidesmis molle SAG 26.99	C24_dihydroxy	4
2578135|Phormidesmis molle SAG 26.99	C24_trihydroxy	4
257867|Platalea leucorodia	C24_dihydroxy	9
257867|Platalea leucorodia	C24_monohydroxy	4
257867|Platalea leucorodia	C24_tetrahydroxy	7
257867|Platalea leucorodia	C24_trihydroxy	13
258505|Mycolicibacterium fluoranthenivorans	C24_monohydroxy	1
2587097|Mycolicibacterium sp. BK598	C24_trihydroxy	4
2587098|Mycolicibacterium sp. BK607	C24_trihydroxy	4
2587122|Mitsuaria sp. BK037	C24_dihydroxy	2
2587122|Mitsuaria sp. BK037	C24_trihydroxy	7
2587123|Mitsuaria sp. BK041	C24_trihydroxy	6
2587124|Mitsuaria sp. BK045	C24_dihydroxy	2
2587124|Mitsuaria sp. BK045	C24_trihydroxy	6
2587125|Mycolicibacterium sp. BK556	C24_trihydroxy	7
258776|Pareas margaritophorus	C24_dihydroxy	10
258776|Pareas margaritophorus	C24_pentahydroxy	5
258776|Pareas margaritophorus	C24_tetrahydroxy	21
258776|Pareas margaritophorus	C24_trihydroxy	37
259665|Heteropterys pauciflora	C24_tetrahydroxy	1
2599082|Xylaria ellisii	C24_trihydroxy	2
2602419|x Rhyncholaeliocattleya	C24_dihydroxy	4
260554|Bacillus halotolerans	C24_dihydroxy	14
260554|Bacillus halotolerans	C24_tetrahydroxy	10
260554|Bacillus halotolerans	C24_trihydroxy	23
260592|Calamintha	C24_monohydroxy	4
260592|Calamintha	C24_pentahydroxy	7
260592|Calamintha	C24_tetrahydroxy	2
260615|Mauremys reevesii	C24_dihydroxy	2
260615|Mauremys reevesii	C24_tetrahydroxy	4
260615|Mauremys reevesii	C24_trihydroxy	3
2608428|Dichotomyctere nigroviridis	C24_dihydroxy	7
2608428|Dichotomyctere nigroviridis	C24_tetrahydroxy	5
2608428|Dichotomyctere nigroviridis	C24_trihydroxy	40
261001|Scolecomorphus vittatus	C24_dihydroxy	1
261001|Scolecomorphus vittatus	C24_tetrahydroxy	1
261001|Scolecomorphus vittatus	C24_trihydroxy	5
261198|Accipiter cooperii	C24_dihydroxy	24
261198|Accipiter cooperii	C24_monohydroxy	2
261198|Accipiter cooperii	C24_tetrahydroxy	8
261198|Accipiter cooperii	C24_trihydroxy	27
261669|Ptychadena aequiplicata	C24_trihydroxy	2
261670|Ptychadena longirostris	C24_dihydroxy	3
261670|Ptychadena longirostris	C24_trihydroxy	3
261672|Ptychadena tellinii	C24_dihydroxy	1
261672|Ptychadena tellinii	C24_trihydroxy	7
261741|Nycticebus bengalensis	C24_dihydroxy	12
261741|Nycticebus bengalensis	C24_monohydroxy	7
261741|Nycticebus bengalensis	C24_trihydroxy	8
262121|Gymnophaps albertisii	C24_dihydroxy	28
262121|Gymnophaps albertisii	C24_tetrahydroxy	7
262121|Gymnophaps albertisii	C24_trihydroxy	29
262130|Treron calvus	C24_dihydroxy	3
262130|Treron calvus	C24_trihydroxy	2
263686|Carcharhinus melanopterus	C24_dihydroxy	1
263686|Carcharhinus melanopterus	C24_trihydroxy	2
264957|Agaricus albolutescens	C24_monohydroxy	18
265143|Penstemon hirsutus	C24_pentahydroxy	1
265143|Penstemon hirsutus	C24_tetrahydroxy	167
2651911|Eremophila willsii	C24_pentahydroxy	4
2652452|Calamphoreus inflatus	C24_dihydroxy	12
2652454|Diocirea microphylla	C24_pentahydroxy	2
2652454|Diocirea microphylla	C24_tetrahydroxy	2
2652465|Glycocystis beckeri	C24_nonhydroxy	2
2652466|Myoporum bateae	C24_pentahydroxy	2
2652471|Eremophila abietina	C24_pentahydroxy	18
2652471|Eremophila abietina	C24_trihydroxy	22
2652474|Eremophila adenotricha	C24_tetrahydroxy	8
2652474|Eremophila adenotricha	C24_trihydroxy	4
2652478|Eremophila appressa	C24_pentahydroxy	6
2652479|Eremophila arachnoides	C24_monohydroxy	2
2652483|Eremophila aureivisca	C24_pentahydroxy	2
2652483|Eremophila aureivisca	C24_trihydroxy	2
2652484|Eremophila battii	C24_trihydroxy	2
2652489|Eremophila caerulea	C24_pentahydroxy	2
2652495|Eremophila canaliculata	C24_pentahydroxy	2
2652503|Eremophila complanata	C24_dihydroxy	2
2652503|Eremophila complanata	C24_pentahydroxy	4
2652509|Eremophila cryptothrix	C24_pentahydroxy	36
2652509|Eremophila cryptothrix	C24_tetrahydroxy	2
2652513|Eremophila demissa	C24_pentahydroxy	2
2652514|Eremophila dempsteri	C24_pentahydroxy	2
2652514|Eremophila dempsteri	C24_trihydroxy	2
2652519|Eremophila denticulata	C24_pentahydroxy	4
2652521|Eremophila deserti	C24_dihydroxy	2
2652524|Eremophila duttonii	C24_pentahydroxy	4
2652525|Eremophila enata	C24_dihydroxy	2
2652525|Eremophila enata	C24_monohydroxy	2
2652525|Eremophila enata	C24_pentahydroxy	2
2652525|Eremophila enata	C24_trihydroxy	2
2652527|Eremophila exilifolia	C24_pentahydroxy	2
2652531|Eremophila flabellata	C24_monohydroxy	10
2652531|Eremophila flabellata	C24_nonhydroxy	6
2652535|Eremophila fraseri	C24_trihydroxy	4
2652537|Eremophila freelingii	C24_pentahydroxy	2
2652537|Eremophila freelingii	C24_trihydroxy	2
2652538|Eremophila galeata	C24_trihydroxy	2
2652539|Eremophila georgei	C24_pentahydroxy	2
2652539|Eremophila georgei	C24_trihydroxy	8
2652544|Eremophila glutinosa	C24_pentahydroxy	6
2652547|Eremophila grandiflora	C24_pentahydroxy	8
2652548|Eremophila granitica	C24_monohydroxy	2
2652548|Eremophila granitica	C24_pentahydroxy	10
2652548|Eremophila granitica	C24_tetrahydroxy	2
2652548|Eremophila granitica	C24_trihydroxy	2
2652553|Eremophila incisa	C24_pentahydroxy	2
2652553|Eremophila incisa	C24_tetrahydroxy	4
2652557|Eremophila koobabbiensis	C24_tetrahydroxy	4
2652567|Eremophila macmillaniana	C24_pentahydroxy	10
2652567|Eremophila macmillaniana	C24_tetrahydroxy	2
2652567|Eremophila macmillaniana	C24_trihydroxy	2
2652570|Eremophila margarethae	C24_trihydroxy	6
2652571|Eremophila metallicorum	C24_pentahydroxy	2
2652571|Eremophila metallicorum	C24_trihydroxy	2
2652576|Eremophila mitchellii	C24_pentahydroxy	4
2652578|Eremophila neglecta	C24_pentahydroxy	4
2652579|Eremophila obliquisepala	C24_pentahydroxy	2
2652579|Eremophila obliquisepala	C24_trihydroxy	6
2652581|Eremophila obovata	C24_trihydroxy	2
2652586|Eremophila oppositifolia	C24_pentahydroxy	2
2652595|Eremophila parvifolia	C24_pentahydroxy	2
2652597|Eremophila pentaptera	C24_trihydroxy	4
2652610|Eremophila pungens	C24_pentahydroxy	4
2652613|Eremophila pustulata	C24_pentahydroxy	2
2652615|Eremophila ramiflora	C24_trihydroxy	8
2652617|Eremophila reticulata	C24_pentahydroxy	2
2652617|Eremophila reticulata	C24_tetrahydroxy	2
2652625|Eremophila rugosa	C24_dihydroxy	2
2652625|Eremophila rugosa	C24_pentahydroxy	6
2652630|Eremophila shonae	C24_pentahydroxy	2
2652632|Eremophila simulans	C24_pentahydroxy	12
2652635|Eremophila spectabilis	C24_pentahydroxy	8
2652640|Eremophila strongylophylla	C24_pentahydroxy	4
2652641|Eremophila subfloccosa	C24_pentahydroxy	4
2652645|Eremophila succinea	C24_tetrahydroxy	4
2652650|Eremophila undulata	C24_dihydroxy	2
2652650|Eremophila undulata	C24_pentahydroxy	4
2652654|Eremophila verticillata	C24_pentahydroxy	2
2652654|Eremophila verticillata	C24_trihydroxy	4
2652655|Eremophila virens	C24_pentahydroxy	2
2652656|Eremophila viscida	C24_pentahydroxy	2
2652670|Eremophila decipiens	C24_pentahydroxy	8
2652677|Eremophila gilesii	C24_dihydroxy	2
2652677|Eremophila gilesii	C24_pentahydroxy	14
2652677|Eremophila gilesii	C24_tetrahydroxy	6
2652677|Eremophila gilesii	C24_trihydroxy	16
2652679|Eremophila hughesii	C24_pentahydroxy	2
2662167|Stigmaphyllon palmatum	C24_tetrahydroxy	1
266327|Philemon buceroides	C24_dihydroxy	8
266327|Philemon buceroides	C24_tetrahydroxy	5
266327|Philemon buceroides	C24_trihydroxy	10
266349|Entomyzon cyanotis	C24_dihydroxy	17
266349|Entomyzon cyanotis	C24_monohydroxy	1
266349|Entomyzon cyanotis	C24_tetrahydroxy	8
266349|Entomyzon cyanotis	C24_trihydroxy	16
2690248|Streptomyces sp. SID1034	C24_dihydroxy	1
2690248|Streptomyces sp. SID1034	C24_trihydroxy	5
2690249|Streptomyces sp. SID1046	C24_dihydroxy	2
2690249|Streptomyces sp. SID1046	C24_tetrahydroxy	1
2690249|Streptomyces sp. SID1046	C24_trihydroxy	8
2690250|Streptomyces sp. SID1328	C24_dihydroxy	1
2690250|Streptomyces sp. SID1328	C24_trihydroxy	6
2690251|Streptomyces sp. SID161	C24_trihydroxy	4
2690252|Streptomyces sp. SID1	C24_tetrahydroxy	1
2690252|Streptomyces sp. SID1	C24_trihydroxy	7
2690253|Streptomyces sp. SID2119	C24_dihydroxy	1
2690253|Streptomyces sp. SID2119	C24_trihydroxy	6
2690254|Streptomyces sp. SID2131	C24_dihydroxy	2
2690254|Streptomyces sp. SID2131	C24_trihydroxy	6
2690255|Streptomyces sp. SID2563	C24_dihydroxy	1
2690255|Streptomyces sp. SID2563	C24_trihydroxy	5
2690256|Streptomyces sp. SID2888	C24_trihydroxy	5
2690257|Streptomyces sp. SID2955	C24_dihydroxy	4
2690257|Streptomyces sp. SID2955	C24_tetrahydroxy	1
2690257|Streptomyces sp. SID2955	C24_trihydroxy	5
2690258|Streptomyces sp. SID2999	C24_dihydroxy	1
2690258|Streptomyces sp. SID2999	C24_trihydroxy	4
2690260|Streptomyces sp. SID3343	C24_tetrahydroxy	1
2690260|Streptomyces sp. SID3343	C24_trihydroxy	6
2690261|Streptomyces sp. SID335	C24_trihydroxy	6
2690262|Streptomyces sp. SID337	C24_trihydroxy	8
2690263|Streptomyces sp. SID3915	C24_trihydroxy	3
2690264|Streptomyces sp. SID486	C24_pentahydroxy	2
2690264|Streptomyces sp. SID486	C24_tetrahydroxy	5
2690264|Streptomyces sp. SID486	C24_trihydroxy	8
2690290|Streptomyces sp. SID4956	C24_dihydroxy	3
2690290|Streptomyces sp. SID4956	C24_tetrahydroxy	1
2690290|Streptomyces sp. SID4956	C24_trihydroxy	6
2690291|Streptomyces sp. SID4982	C24_dihydroxy	3
2690291|Streptomyces sp. SID4982	C24_trihydroxy	6
2690292|Streptomyces sp. SID4985	C24_dihydroxy	1
2690292|Streptomyces sp. SID4985	C24_trihydroxy	6
2690305|Streptomyces sp. SID5606	C24_dihydroxy	1
2690305|Streptomyces sp. SID5606	C24_trihydroxy	4
2690306|Streptomyces sp. SID5614	C24_dihydroxy	1
2690306|Streptomyces sp. SID5614	C24_trihydroxy	5
2690307|Streptomyces sp. SID5643	C24_dihydroxy	1
2690307|Streptomyces sp. SID5643	C24_trihydroxy	5
2690308|Streptomyces sp. SID5770	C24_dihydroxy	1
2690308|Streptomyces sp. SID5770	C24_trihydroxy	8
2690309|Streptomyces sp. SID5785	C24_dihydroxy	1
2690309|Streptomyces sp. SID5785	C24_trihydroxy	6
2690310|Streptomyces sp. SID5789	C24_dihydroxy	1
2690310|Streptomyces sp. SID5789	C24_trihydroxy	7
2690311|Streptomyces sp. SID5840	C24_dihydroxy	2
2690311|Streptomyces sp. SID5840	C24_trihydroxy	9
2690312|Streptomyces sp. SID5910	C24_dihydroxy	1
2690312|Streptomyces sp. SID5910	C24_trihydroxy	8
2690313|Streptomyces sp. SID5914	C24_dihydroxy	1
2690313|Streptomyces sp. SID5914	C24_tetrahydroxy	2
2690313|Streptomyces sp. SID5914	C24_trihydroxy	5
2690314|Streptomyces sp. SID5926	C24_dihydroxy	1
2690314|Streptomyces sp. SID5926	C24_trihydroxy	2
2690316|Streptomyces sp. SID5998	C24_dihydroxy	1
2690316|Streptomyces sp. SID5998	C24_trihydroxy	6
2690317|Streptomyces sp. SID6013	C24_dihydroxy	1
2690317|Streptomyces sp. SID6013	C24_tetrahydroxy	2
2690317|Streptomyces sp. SID6013	C24_trihydroxy	6
2690318|Streptomyces sp. SID6041	C24_dihydroxy	1
2690318|Streptomyces sp. SID6041	C24_tetrahydroxy	1
2690318|Streptomyces sp. SID6041	C24_trihydroxy	7
2690319|Streptomyces sp. SID6137	C24_tetrahydroxy	1
2690319|Streptomyces sp. SID6137	C24_trihydroxy	6
2690320|Streptomyces sp. SID6139	C24_trihydroxy	5
2690321|Streptomyces sp. SID625	C24_dihydroxy	1
2690321|Streptomyces sp. SID625	C24_trihydroxy	4
2690322|Streptomyces sp. SID685	C24_dihydroxy	1
2690322|Streptomyces sp. SID685	C24_trihydroxy	6
2690323|Streptomyces sp. SID69	C24_trihydroxy	5
2690324|Streptomyces sp. SID724	C24_tetrahydroxy	1
2690324|Streptomyces sp. SID724	C24_trihydroxy	5
2690325|Streptomyces sp. SID7760	C24_dihydroxy	2
2690325|Streptomyces sp. SID7760	C24_trihydroxy	7
2690336|Streptomyces sp. SID7834	C24_dihydroxy	1
2690336|Streptomyces sp. SID7834	C24_tetrahydroxy	1
2690336|Streptomyces sp. SID7834	C24_trihydroxy	7
2690366|Streptomyces sp. SID89	C24_trihydroxy	18
2696508|Anastomus lamelligerus	C24_dihydroxy	9
2696508|Anastomus lamelligerus	C24_tetrahydroxy	4
2696508|Anastomus lamelligerus	C24_trihydroxy	13
2696577|Vanellus coronatus	C24_dihydroxy	9
2696577|Vanellus coronatus	C24_tetrahydroxy	1
2696577|Vanellus coronatus	C24_trihydroxy	5
2696672|Apteryx mantelli	C24_dihydroxy	2
2696672|Apteryx mantelli	C24_trihydroxy	2
270252|Pseudemys concinna	C24_trihydroxy	3
270330|Lepomis megalotis	C24_dihydroxy	9
270330|Lepomis megalotis	C24_monohydroxy	3
270330|Lepomis megalotis	C24_tetrahydroxy	2
270330|Lepomis megalotis	C24_trihydroxy	11
2704054|Cleistocactus winteri	C24_nonhydroxy	1
270689|Streptomyces aculeolatus	C24_monohydroxy	4
2711|Citrus sinensis	C24_dihydroxy	55
2711|Citrus sinensis	C24_monohydroxy	34
2711|Citrus sinensis	C24_nonhydroxy	12
2711|Citrus sinensis	C24_pentahydroxy	20
2711|Citrus sinensis	C24_tetrahydroxy	36
2711|Citrus sinensis	C24_trihydroxy	236
2713144|Thamnophis sirtalis tetrataenia	C24_dihydroxy	7
2713144|Thamnophis sirtalis tetrataenia	C24_tetrahydroxy	17
2713144|Thamnophis sirtalis tetrataenia	C24_trihydroxy	23
2715406|Atheniella adonis	C24_monohydroxy	14
2715624|Erythrura pealii	C24_dihydroxy	3
2715624|Erythrura pealii	C24_tetrahydroxy	2
2715624|Erythrura pealii	C24_trihydroxy	3
2717088|Antigone vipio	C24_dihydroxy	24
2717088|Antigone vipio	C24_monohydroxy	4
2717088|Antigone vipio	C24_pentahydroxy	1
2717088|Antigone vipio	C24_tetrahydroxy	11
2717088|Antigone vipio	C24_trihydroxy	26
271848|Burkholderia thailandensis E264	C24_monohydroxy	10
272164|Olleya marilimosa	C24_monohydroxy	14
272164|Olleya marilimosa	C24_trihydroxy	2
2724783|Eremophila ballythunnensis	C24_pentahydroxy	2
2724786|Eremophila crenulata	C24_pentahydroxy	8
272559|Bacteroides fragilis NCTC 9343	C24_dihydroxy	8
272559|Bacteroides fragilis NCTC 9343	C24_tetrahydroxy	3
272559|Bacteroides fragilis NCTC 9343	C24_trihydroxy	9
272785|Chaetodontoplus mesoleucus	C24_dihydroxy	3
272785|Chaetodontoplus mesoleucus	C24_tetrahydroxy	2
272785|Chaetodontoplus mesoleucus	C24_trihydroxy	9
272787|Pomacanthus asfur	C24_dihydroxy	14
272787|Pomacanthus asfur	C24_tetrahydroxy	4
272787|Pomacanthus asfur	C24_trihydroxy	16
272788|Holacanthus passer	C24_dihydroxy	2
272788|Holacanthus passer	C24_trihydroxy	4
272797|Holacanthus tricolor	C24_dihydroxy	17
272797|Holacanthus tricolor	C24_tetrahydroxy	9
272797|Holacanthus tricolor	C24_trihydroxy	25
273655|Eumeces schneiderii	C24_dihydroxy	10
273655|Eumeces schneiderii	C24_tetrahydroxy	2
273655|Eumeces schneiderii	C24_trihydroxy	7
273759|Gigantidas gladius	C24_monohydroxy	3
273759|Gigantidas gladius	C24_nonhydroxy	1
273791|Potamochoerus porcus	C24_dihydroxy	44
273791|Potamochoerus porcus	C24_monohydroxy	3
273791|Potamochoerus porcus	C24_tetrahydroxy	7
273791|Potamochoerus porcus	C24_trihydroxy	36
2740664|Giraffa tippelskirchi tippelskirchi	C24_dihydroxy	3
2740664|Giraffa tippelskirchi tippelskirchi	C24_tetrahydroxy	2
2740664|Giraffa tippelskirchi tippelskirchi	C24_trihydroxy	5
2746968|Solanum umbelliferum	C24_trihydroxy	116
2746|Halomonas elongata	C24_monohydroxy	2
274781|Cottunculus thomsonii	C24_dihydroxy	11
274781|Cottunculus thomsonii	C24_monohydroxy	2
274781|Cottunculus thomsonii	C24_tetrahydroxy	3
274781|Cottunculus thomsonii	C24_trihydroxy	44
2756165|Varanus albigularis microstictus	C24_dihydroxy	17
2756165|Varanus albigularis microstictus	C24_tetrahydroxy	9
2756165|Varanus albigularis microstictus	C24_trihydroxy	23
27591|Nanger granti	C24_dihydroxy	15
27591|Nanger granti	C24_pentahydroxy	1
27591|Nanger granti	C24_tetrahydroxy	5
27591|Nanger granti	C24_trihydroxy	17
27596|Bubalus depressicornis	C24_dihydroxy	19
27596|Bubalus depressicornis	C24_monohydroxy	7
27596|Bubalus depressicornis	C24_tetrahydroxy	10
27596|Bubalus depressicornis	C24_trihydroxy	46
27606|Eubalaena glacialis	C24_dihydroxy	200
27606|Eubalaena glacialis	C24_monohydroxy	62
27606|Eubalaena glacialis	C24_nonhydroxy	4
27606|Eubalaena glacialis	C24_pentahydroxy	6
27606|Eubalaena glacialis	C24_tetrahydroxy	76
27606|Eubalaena glacialis	C24_trihydroxy	322
27615|Kogia breviceps	C24_dihydroxy	26
27615|Kogia breviceps	C24_monohydroxy	2
27615|Kogia breviceps	C24_tetrahydroxy	6
27615|Kogia breviceps	C24_trihydroxy	18
2767355|Ardea goliath	C24_dihydroxy	15
2767355|Ardea goliath	C24_monohydroxy	2
2767355|Ardea goliath	C24_tetrahydroxy	10
2767355|Ardea goliath	C24_trihydroxy	23
2768408|Xerocomellus atropurpureus	C24_tetrahydroxy	3
27706|Micropterus salmoides	C24_dihydroxy	11
27706|Micropterus salmoides	C24_monohydroxy	3
27706|Micropterus salmoides	C24_pentahydroxy	1
27706|Micropterus salmoides	C24_tetrahydroxy	6
27706|Micropterus salmoides	C24_trihydroxy	20
2772652|Vischeria vischeri	C24_monohydroxy	33
2772652|Vischeria vischeri	C24_pentahydroxy	8
2772652|Vischeria vischeri	C24_tetrahydroxy	6
2772652|Vischeria vischeri	C24_trihydroxy	41
27788|Lepidochelys olivacea	C24_tetrahydroxy	1
27788|Lepidochelys olivacea	C24_trihydroxy	1
27794|Dermochelys coriacea	C24_tetrahydroxy	3
27794|Dermochelys coriacea	C24_trihydroxy	5
278165|Alosa fallax	C24_dihydroxy	24
278165|Alosa fallax	C24_pentahydroxy	7
278165|Alosa fallax	C24_tetrahydroxy	11
278165|Alosa fallax	C24_trihydroxy	31
278209|Rhodococcoides yunnanense	C24_dihydroxy	1
278672|Symphytum officinale	C24_trihydroxy	1
278673|Petasites hybridus	C24_tetrahydroxy	87
278673|Petasites hybridus	C24_trihydroxy	4
2792|Porphyridium aerugineum	C24_monohydroxy	28
2792|Porphyridium aerugineum	C24_trihydroxy	14
279934|Bucephala albeola	C24_dihydroxy	52
279934|Bucephala albeola	C24_monohydroxy	3
279934|Bucephala albeola	C24_tetrahydroxy	4
279934|Bucephala albeola	C24_trihydroxy	26
28035|Staphylococcus lugdunensis	C24_trihydroxy	2
28090|Acinetobacter lwoffii	C24_dihydroxy	9
28090|Acinetobacter lwoffii	C24_trihydroxy	12
281041|Ircinia ramosa	C24_monohydroxy	2
281041|Ircinia ramosa	C24_tetrahydroxy	4
28116|Bacteroides ovatus	C24_dihydroxy	2
28116|Bacteroides ovatus	C24_trihydroxy	26
28125|Prevotella bivia	C24_dihydroxy	8
28125|Prevotella bivia	C24_trihydroxy	10
28126|Segatella buccae	C24_dihydroxy	9
28126|Segatella buccae	C24_trihydroxy	9
28130|Prevotella disiens	C24_dihydroxy	8
28130|Prevotella disiens	C24_trihydroxy	8
283160|Pteroglossus bitorquatus	C24_dihydroxy	8
283160|Pteroglossus bitorquatus	C24_monohydroxy	2
283160|Pteroglossus bitorquatus	C24_tetrahydroxy	3
283160|Pteroglossus bitorquatus	C24_trihydroxy	8
283736|Leeuwenhoekiella aequorea	C24_dihydroxy	4
283736|Leeuwenhoekiella aequorea	C24_monohydroxy	2
283736|Leeuwenhoekiella aequorea	C24_trihydroxy	44
28377|Anolis carolinensis	C24_dihydroxy	3
28377|Anolis carolinensis	C24_trihydroxy	6
28381|Sardinops sagax	C24_dihydroxy	15
28381|Sardinops sagax	C24_tetrahydroxy	5
28381|Sardinops sagax	C24_trihydroxy	17
284028|Streptomyces fulvorobeus	C24_tetrahydroxy	6
284031|Streptomyces flavovariabilis	C24_dihydroxy	190
284031|Streptomyces flavovariabilis	C24_monohydroxy	2
284031|Streptomyces flavovariabilis	C24_pentahydroxy	4
284031|Streptomyces flavovariabilis	C24_tetrahydroxy	16
284031|Streptomyces flavovariabilis	C24_trihydroxy	54
284035|Streptomyces lienomycini	C24_tetrahydroxy	2
284042|Streptomyces violaceorubidus	C24_dihydroxy	22
284042|Streptomyces violaceorubidus	C24_tetrahydroxy	6
284671|Dipodomys deserti	C24_dihydroxy	11
284671|Dipodomys deserti	C24_trihydroxy	5
28509|Glechoma hederacea	C24_dihydroxy	4
28509|Glechoma hederacea	C24_monohydroxy	26
28509|Glechoma hederacea	C24_tetrahydroxy	2
28509|Glechoma hederacea	C24_trihydroxy	8
28511|Pogostemon cablin	C24_monohydroxy	8
285279|Pseudovibrio ascidiaceicola	C24_dihydroxy	2
285279|Pseudovibrio ascidiaceicola	C24_monohydroxy	44
285279|Pseudovibrio ascidiaceicola	C24_trihydroxy	2
285446|Streptomyces gelaticus	C24_trihydroxy	2
285493|Streptomyces adephospholyticus	C24_dihydroxy	14
285507|Streptomyces shiodaensis	C24_monohydroxy	4
285527|Streptomyces hygroscopicus subsp. duamyceticus	C24_monohydroxy	8
285555|Streptomyces albosporeus subsp. labilomyceticus	C24_monohydroxy	4
285555|Streptomyces albosporeus subsp. labilomyceticus	C24_trihydroxy	2
285556|Streptomyces atrovirens	C24_dihydroxy	17
285556|Streptomyces atrovirens	C24_monohydroxy	4
285556|Streptomyces atrovirens	C24_tetrahydroxy	10
285556|Streptomyces atrovirens	C24_trihydroxy	25
285563|Streptomyces coeruleoprunus	C24_monohydroxy	4
285566|Streptomyces levis	C24_dihydroxy	2
285569|Streptomyces labedae	C24_dihydroxy	3
285569|Streptomyces labedae	C24_trihydroxy	8
286011|Manouria emys emys	C24_dihydroxy	1
2861788|Aramides cajaneus	C24_dihydroxy	7
2861788|Aramides cajaneus	C24_pentahydroxy	1
2861788|Aramides cajaneus	C24_tetrahydroxy	21
2861788|Aramides cajaneus	C24_trihydroxy	36
28680|Anas acuta	C24_dihydroxy	20
28680|Anas acuta	C24_monohydroxy	4
28680|Anas acuta	C24_tetrahydroxy	4
28680|Anas acuta	C24_trihydroxy	19
286|Pseudomonas	C24_dihydroxy	82
286|Pseudomonas	C24_monohydroxy	6
286|Pseudomonas	C24_pentahydroxy	4
286|Pseudomonas	C24_trihydroxy	14802
28701|Fratercula arctica	C24_dihydroxy	9
28701|Fratercula arctica	C24_pentahydroxy	3
28701|Fratercula arctica	C24_tetrahydroxy	13
28701|Fratercula arctica	C24_trihydroxy	15
28713|Lanius ludovicianus	C24_dihydroxy	31
28713|Lanius ludovicianus	C24_monohydroxy	22
28713|Lanius ludovicianus	C24_tetrahydroxy	4
28713|Lanius ludovicianus	C24_trihydroxy	18
28724|Ptilonorhynchus violaceus	C24_dihydroxy	2
28724|Ptilonorhynchus violaceus	C24_tetrahydroxy	1
28724|Ptilonorhynchus violaceus	C24_trihydroxy	3
28735|Macroscelididae	C24_dihydroxy	22
28735|Macroscelididae	C24_monohydroxy	1
28735|Macroscelididae	C24_tetrahydroxy	8
28735|Macroscelididae	C24_trihydroxy	31
2878564|Tragelaphus eurycerus isaaci	C24_dihydroxy	20
2878564|Tragelaphus eurycerus isaaci	C24_tetrahydroxy	6
2878564|Tragelaphus eurycerus isaaci	C24_trihydroxy	17
287901|Eunicea clavigera	C24_monohydroxy	2
287901|Eunicea clavigera	C24_pentahydroxy	2
287901|Eunicea clavigera	C24_tetrahydroxy	4
287903|Pseudoplexaura flagellosa	C24_pentahydroxy	2
2879218|Cursorius cursor	C24_dihydroxy	4
2879218|Cursorius cursor	C24_tetrahydroxy	5
2879218|Cursorius cursor	C24_trihydroxy	17
287|Pseudomonas aeruginosa	C24_monohydroxy	10
287|Pseudomonas aeruginosa	C24_tetrahydroxy	39
287|Pseudomonas aeruginosa	C24_trihydroxy	361
288531|Clavariadelphus occidentalis	C24_monohydroxy	1
28893|Streptomyces pilosus	C24_pentahydroxy	2
28894|Streptomyces nitrosporeus	C24_dihydroxy	16
28894|Streptomyces nitrosporeus	C24_monohydroxy	38
2896651|Ianthocincla pectoralis	C24_dihydroxy	12
2896651|Ianthocincla pectoralis	C24_tetrahydroxy	4
2896651|Ianthocincla pectoralis	C24_trihydroxy	13
289731|Operculicarya decaryi	C24_tetrahydroxy	1
29064|Panthera uncia	C24_dihydroxy	187
29064|Panthera uncia	C24_pentahydroxy	32
29064|Panthera uncia	C24_tetrahydroxy	111
29064|Panthera uncia	C24_trihydroxy	352
29067|Potos flavus	C24_dihydroxy	9
29067|Potos flavus	C24_tetrahydroxy	4
29067|Potos flavus	C24_trihydroxy	7
29073|Ursus maritimus	C24_dihydroxy	24
29073|Ursus maritimus	C24_monohydroxy	1
29073|Ursus maritimus	C24_tetrahydroxy	4
29073|Ursus maritimus	C24_trihydroxy	22
29091|Dolichotis patagonum	C24_dihydroxy	40
29091|Dolichotis patagonum	C24_monohydroxy	3
29091|Dolichotis patagonum	C24_tetrahydroxy	9
29091|Dolichotis patagonum	C24_trihydroxy	58
2909989|Citrus sp.	C24_dihydroxy	1
29139|Vombatus ursinus	C24_dihydroxy	28
29139|Vombatus ursinus	C24_monohydroxy	4
29139|Vombatus ursinus	C24_tetrahydroxy	1
29139|Vombatus ursinus	C24_trihydroxy	16
29144|Chanos chanos	C24_dihydroxy	15
29144|Chanos chanos	C24_tetrahydroxy	2
29144|Chanos chanos	C24_trihydroxy	5
29150|Scomber australasicus	C24_dihydroxy	12
29150|Scomber australasicus	C24_monohydroxy	1
29150|Scomber australasicus	C24_tetrahydroxy	4
29150|Scomber australasicus	C24_trihydroxy	16
29151|Osmerus eperlanus	C24_dihydroxy	11
29151|Osmerus eperlanus	C24_pentahydroxy	2
29151|Osmerus eperlanus	C24_tetrahydroxy	14
29151|Osmerus eperlanus	C24_trihydroxy	20
291985|Qipengyuania vulgaris	C24_dihydroxy	6
291985|Qipengyuania vulgaris	C24_trihydroxy	2
292133|Turnix suscitator	C24_dihydroxy	17
292133|Turnix suscitator	C24_monohydroxy	3
292133|Turnix suscitator	C24_tetrahydroxy	8
292133|Turnix suscitator	C24_trihydroxy	21
292895|Telescopus semiannulatus	C24_tetrahydroxy	2
292895|Telescopus semiannulatus	C24_trihydroxy	6
29306|Streptomyces griseoluteus	C24_monohydroxy	2
29306|Streptomyces griseoluteus	C24_nonhydroxy	4
29306|Streptomyces griseoluteus	C24_pentahydroxy	2
29387|Staphylococcus sp.	C24_trihydroxy	1
29466|Veillonella parvula	C24_trihydroxy	1
294|Pseudomonas fluorescens	C24_monohydroxy	2
29523|Bacteroides sp.	C24_dihydroxy	62
29523|Bacteroides sp.	C24_tetrahydroxy	29
29523|Bacteroides sp.	C24_trihydroxy	8
2953382|Ducula carola	C24_dihydroxy	20
2953382|Ducula carola	C24_tetrahydroxy	6
2953382|Ducula carola	C24_trihydroxy	24
2953390|Ducula pickeringii	C24_dihydroxy	35
2953390|Ducula pickeringii	C24_monohydroxy	1
2953390|Ducula pickeringii	C24_tetrahydroxy	8
2953390|Ducula pickeringii	C24_trihydroxy	32
2953394|Ducula spilorrhoa	C24_dihydroxy	18
2953394|Ducula spilorrhoa	C24_trihydroxy	3
29661|Anthoxanthum odoratum	C24_dihydroxy	2
29661|Anthoxanthum odoratum	C24_monohydroxy	11
29661|Anthoxanthum odoratum	C24_trihydroxy	3
29666|Bromus erectus	C24_dihydroxy	83
29666|Bromus erectus	C24_monohydroxy	569
29666|Bromus erectus	C24_tetrahydroxy	2
29666|Bromus erectus	C24_trihydroxy	17
29679|Holcus lanatus	C24_dihydroxy	1
29679|Holcus lanatus	C24_monohydroxy	27
29679|Holcus lanatus	C24_pentahydroxy	1
29679|Holcus lanatus	C24_tetrahydroxy	1
29679|Holcus lanatus	C24_trihydroxy	6
296|Pseudomonas fragi	C24_dihydroxy	258
296|Pseudomonas fragi	C24_pentahydroxy	6
296|Pseudomonas fragi	C24_tetrahydroxy	10
296|Pseudomonas fragi	C24_trihydroxy	632
29729|Gossypium arboreum	C24_monohydroxy	2
297802|Anous stolidus	C24_dihydroxy	15
297802|Anous stolidus	C24_tetrahydroxy	6
297802|Anous stolidus	C24_trihydroxy	6
29780|Mangifera indica	C24_dihydroxy	1
29780|Mangifera indica	C24_trihydroxy	1
297811|Larosterna inca	C24_dihydroxy	8
297811|Larosterna inca	C24_tetrahydroxy	6
297811|Larosterna inca	C24_trihydroxy	5
297819|Sterna forsteri	C24_dihydroxy	5
297819|Sterna forsteri	C24_tetrahydroxy	2
297819|Sterna forsteri	C24_trihydroxy	2
29800|Psychotria bacteriophila	C24_pentahydroxy	2
29909|Tolypocladium	C24_dihydroxy	8
29909|Tolypocladium	C24_trihydroxy	6
29910|Tolypocladium inflatum	C24_dihydroxy	4
29910|Tolypocladium inflatum	C24_pentahydroxy	2
29|Myxococcales	C24_dihydroxy	110
29|Myxococcales	C24_monohydroxy	1136
2|Bacteria	C24_dihydroxy	10559
2|Bacteria	C24_monohydroxy	1778
2|Bacteria	C24_nonhydroxy	71
2|Bacteria	C24_pentahydroxy	316
2|Bacteria	C24_tetrahydroxy	5233
2|Bacteria	C24_trihydroxy	18304
3001649|Phalloceros buckupi	C24_dihydroxy	2
3001649|Phalloceros buckupi	C24_tetrahydroxy	1
3001649|Phalloceros buckupi	C24_trihydroxy	4
301346|Myoporum sandwicense	C24_pentahydroxy	2
3015646|Phyla scaberrima	C24_dihydroxy	14
3015646|Phyla scaberrima	C24_monohydroxy	4
3015646|Phyla scaberrima	C24_pentahydroxy	1
3015646|Phyla scaberrima	C24_trihydroxy	1
302047|Seriola lalandi	C24_dihydroxy	11
302047|Seriola lalandi	C24_monohydroxy	2
302047|Seriola lalandi	C24_tetrahydroxy	1
302047|Seriola lalandi	C24_trihydroxy	27
302529|Zanda funerea	C24_dihydroxy	7
302529|Zanda funerea	C24_tetrahydroxy	3
302529|Zanda funerea	C24_trihydroxy	10
302531|Pluvianus aegyptius	C24_dihydroxy	10
302531|Pluvianus aegyptius	C24_tetrahydroxy	6
302531|Pluvianus aegyptius	C24_trihydroxy	12
302541|Anaxyrus californicus	C24_dihydroxy	7
302541|Anaxyrus californicus	C24_tetrahydroxy	3
302541|Anaxyrus californicus	C24_trihydroxy	4
302932|Cylindrophis maculatus	C24_dihydroxy	2
302932|Cylindrophis maculatus	C24_pentahydroxy	3
302932|Cylindrophis maculatus	C24_tetrahydroxy	7
302932|Cylindrophis maculatus	C24_trihydroxy	12
303022|Puntius dorsalis	C24_dihydroxy	6
303022|Puntius dorsalis	C24_trihydroxy	3
30325|Anaxyrus boreas	C24_dihydroxy	2
30325|Anaxyrus boreas	C24_tetrahydroxy	1
30325|Anaxyrus boreas	C24_trihydroxy	2
30357|Pyxicephalus adspersus	C24_dihydroxy	3
30357|Pyxicephalus adspersus	C24_pentahydroxy	1
30357|Pyxicephalus adspersus	C24_tetrahydroxy	4
30357|Pyxicephalus adspersus	C24_trihydroxy	4
303588|Cercopithecus campbelli	C24_dihydroxy	54
303588|Cercopithecus campbelli	C24_monohydroxy	22
303588|Cercopithecus campbelli	C24_tetrahydroxy	11
303588|Cercopithecus campbelli	C24_trihydroxy	44
303710|Aluterus scriptus	C24_dihydroxy	35
303710|Aluterus scriptus	C24_monohydroxy	1
303710|Aluterus scriptus	C24_tetrahydroxy	2
303710|Aluterus scriptus	C24_trihydroxy	19
303739|Aracana ornata	C24_dihydroxy	8
303739|Aracana ornata	C24_tetrahydroxy	10
303739|Aracana ornata	C24_trihydroxy	29
30378|Scolecomorphidae	C24_dihydroxy	7
30378|Scolecomorphidae	C24_tetrahydroxy	2
30378|Scolecomorphidae	C24_trihydroxy	7
30385|Aythya americana	C24_dihydroxy	13
30385|Aythya americana	C24_monohydroxy	1
30385|Aythya americana	C24_pentahydroxy	2
30385|Aythya americana	C24_tetrahydroxy	7
30385|Aythya americana	C24_trihydroxy	19
30387|Netta rufina	C24_dihydroxy	15
30387|Netta rufina	C24_monohydroxy	3
30387|Netta rufina	C24_tetrahydroxy	3
30387|Netta rufina	C24_trihydroxy	11
30388|Chauna torquata	C24_dihydroxy	16
30388|Chauna torquata	C24_monohydroxy	4
30388|Chauna torquata	C24_tetrahydroxy	1
30388|Chauna torquata	C24_trihydroxy	11
303930|Taurotragus derbianus	C24_dihydroxy	41
303930|Taurotragus derbianus	C24_monohydroxy	1
303930|Taurotragus derbianus	C24_pentahydroxy	2
303930|Taurotragus derbianus	C24_tetrahydroxy	40
303930|Taurotragus derbianus	C24_trihydroxy	93
30399|Necrosyrtes monachus	C24_dihydroxy	10
30399|Necrosyrtes monachus	C24_tetrahydroxy	6
30399|Necrosyrtes monachus	C24_trihydroxy	27
303|Pseudomonas putida	C24_monohydroxy	1
30403|Polyplectron napoleonis	C24_dihydroxy	30
30403|Polyplectron napoleonis	C24_monohydroxy	4
30403|Polyplectron napoleonis	C24_tetrahydroxy	7
30403|Polyplectron napoleonis	C24_trihydroxy	31
30405|Rollulus rouloul	C24_dihydroxy	21
30405|Rollulus rouloul	C24_monohydroxy	5
30405|Rollulus rouloul	C24_tetrahydroxy	4
30405|Rollulus rouloul	C24_trihydroxy	25
30406|Tragopan blythii	C24_dihydroxy	84
30406|Tragopan blythii	C24_monohydroxy	33
30406|Tragopan blythii	C24_tetrahydroxy	15
30406|Tragopan blythii	C24_trihydroxy	73
30407|Tragopan caboti	C24_dihydroxy	33
30407|Tragopan caboti	C24_monohydroxy	5
30407|Tragopan caboti	C24_tetrahydroxy	2
30407|Tragopan caboti	C24_trihydroxy	22
30415|Grus japonensis	C24_dihydroxy	23
30415|Grus japonensis	C24_monohydroxy	3
30415|Grus japonensis	C24_tetrahydroxy	13
30415|Grus japonensis	C24_trihydroxy	38
30427|Haemorhous mexicanus	C24_dihydroxy	14
30427|Haemorhous mexicanus	C24_monohydroxy	3
30427|Haemorhous mexicanus	C24_tetrahydroxy	9
30427|Haemorhous mexicanus	C24_trihydroxy	17
30457|Pygoscelis papua	C24_dihydroxy	13
30457|Pygoscelis papua	C24_monohydroxy	3
30457|Pygoscelis papua	C24_tetrahydroxy	11
30457|Pygoscelis papua	C24_trihydroxy	21
30461|Bubo bubo	C24_dihydroxy	70
30461|Bubo bubo	C24_monohydroxy	10
30461|Bubo bubo	C24_tetrahydroxy	18
30461|Bubo bubo	C24_trihydroxy	98
30466|Rhynchotus rufescens	C24_dihydroxy	9
30466|Rhynchotus rufescens	C24_tetrahydroxy	2
30466|Rhynchotus rufescens	C24_trihydroxy	3
304899|Actinospica acidiphila	C24_trihydroxy	4
30493|Triakis semifasciata	C24_dihydroxy	4
30493|Triakis semifasciata	C24_trihydroxy	4
30501|Carcharias taurus	C24_dihydroxy	1
30501|Carcharias taurus	C24_tetrahydroxy	1
30501|Carcharias taurus	C24_trihydroxy	3
3053191|Stegostoma tigrinum	C24_dihydroxy	5
3053191|Stegostoma tigrinum	C24_trihydroxy	1
30531|Axis axis	C24_dihydroxy	2
30531|Axis axis	C24_trihydroxy	2
30532|Dama dama	C24_dihydroxy	11
30532|Dama dama	C24_trihydroxy	9
3054343|Zanclostomus javanicus	C24_dihydroxy	9
3054343|Zanclostomus javanicus	C24_monohydroxy	1
3054343|Zanclostomus javanicus	C24_tetrahydroxy	2
3054343|Zanclostomus javanicus	C24_trihydroxy	4
3055|Chlamydomonas reinhardtii	C24_dihydroxy	13
3055|Chlamydomonas reinhardtii	C24_monohydroxy	3
3055|Chlamydomonas reinhardtii	C24_pentahydroxy	2
3055|Chlamydomonas reinhardtii	C24_tetrahydroxy	26
3055|Chlamydomonas reinhardtii	C24_trihydroxy	89
30577|Erinaceinae	C24_dihydroxy	23
30577|Erinaceinae	C24_tetrahydroxy	8
30577|Erinaceinae	C24_trihydroxy	40
30582|Tapirus pinchaque	C24_dihydroxy	2
30582|Tapirus pinchaque	C24_trihydroxy	4
30588|Leontopithecus rosalia	C24_dihydroxy	28
30588|Leontopithecus rosalia	C24_tetrahydroxy	3
30588|Leontopithecus rosalia	C24_trihydroxy	28
30602|Eulemur macaco	C24_dihydroxy	13
30602|Eulemur macaco	C24_monohydroxy	1
30602|Eulemur macaco	C24_tetrahydroxy	3
30602|Eulemur macaco	C24_trihydroxy	19
30611|Otolemur garnettii	C24_dihydroxy	5
30611|Otolemur garnettii	C24_tetrahydroxy	1
30611|Otolemur garnettii	C24_trihydroxy	9
30637|Nannospalax ehrenbergi	C24_dihydroxy	3
30637|Nannospalax ehrenbergi	C24_tetrahydroxy	2
30637|Nannospalax ehrenbergi	C24_trihydroxy	4
30640|Sciurus carolinensis	C24_dihydroxy	25
30640|Sciurus carolinensis	C24_monohydroxy	2
30640|Sciurus carolinensis	C24_tetrahydroxy	17
30640|Sciurus carolinensis	C24_trihydroxy	51
3076|Chlorella sorokiniana	C24_dihydroxy	6
3076|Chlorella sorokiniana	C24_pentahydroxy	2
3076|Chlorella sorokiniana	C24_tetrahydroxy	10
3076|Chlorella sorokiniana	C24_trihydroxy	49
307724|Pereskia grandifolia	C24_trihydroxy	2
3077|Chlorella vulgaris	C24_monohydroxy	3
3077|Chlorella vulgaris	C24_trihydroxy	39
309271|Ficus benghalensis	C24_monohydroxy	1
309271|Ficus benghalensis	C24_pentahydroxy	1
309271|Ficus benghalensis	C24_tetrahydroxy	4
309271|Ficus benghalensis	C24_trihydroxy	1
310350|Nocardiopsis sp.	C24_dihydroxy	2
310350|Nocardiopsis sp.	C24_tetrahydroxy	9
310350|Nocardiopsis sp.	C24_trihydroxy	10
310377|Nothonotus vulneratus	C24_tetrahydroxy	2
310377|Nothonotus vulneratus	C24_trihydroxy	4
310713|Ceratotherium simum cottoni	C24_trihydroxy	1
310714|Diceros bicornis michaeli	C24_dihydroxy	2
310714|Diceros bicornis michaeli	C24_monohydroxy	2
310714|Diceros bicornis michaeli	C24_pentahydroxy	2
311359|Cochoa	C24_dihydroxy	69
311359|Cochoa	C24_monohydroxy	4
311359|Cochoa	C24_pentahydroxy	2
311359|Cochoa	C24_tetrahydroxy	22
311359|Cochoa	C24_trihydroxy	66
31138|Trachemys scripta elegans	C24_dihydroxy	1
31138|Trachemys scripta elegans	C24_trihydroxy	3
31142|Ptyas mucosa	C24_dihydroxy	13
31142|Ptyas mucosa	C24_pentahydroxy	2
31142|Ptyas mucosa	C24_tetrahydroxy	16
31142|Ptyas mucosa	C24_trihydroxy	50
3137121|Anemone	C24_tetrahydroxy	30
314243|Medialuna californiensis	C24_dihydroxy	16
314243|Medialuna californiensis	C24_monohydroxy	8
314243|Medialuna californiensis	C24_tetrahydroxy	2
314243|Medialuna californiensis	C24_trihydroxy	13
3148579|Rhabdophis rhodomelas	C24_dihydroxy	10
3148579|Rhabdophis rhodomelas	C24_tetrahydroxy	10
3148579|Rhabdophis rhodomelas	C24_trihydroxy	22
3150086|Tockus nasutus	C24_dihydroxy	5
3150086|Tockus nasutus	C24_trihydroxy	4
3150656|Phyllanthus atripennis	C24_dihydroxy	7
3150656|Phyllanthus atripennis	C24_tetrahydroxy	3
3150656|Phyllanthus atripennis	C24_trihydroxy	6
3151019|Pterorhinus chinensis	C24_dihydroxy	32
3151019|Pterorhinus chinensis	C24_monohydroxy	3
3151019|Pterorhinus chinensis	C24_tetrahydroxy	6
3151019|Pterorhinus chinensis	C24_trihydroxy	23
3151041|Radjah radjah	C24_dihydroxy	13
3151041|Radjah radjah	C24_tetrahydroxy	17
3151041|Radjah radjah	C24_trihydroxy	36
3151046|Penelopides exarhatus	C24_dihydroxy	4
3151046|Penelopides exarhatus	C24_monohydroxy	3
3151046|Penelopides exarhatus	C24_tetrahydroxy	2
3151046|Penelopides exarhatus	C24_trihydroxy	6
315377|Sus cebifrons	C24_dihydroxy	59
315377|Sus cebifrons	C24_monohydroxy	8
315377|Sus cebifrons	C24_tetrahydroxy	7
315377|Sus cebifrons	C24_trihydroxy	46
316130|Centrolophus niger	C24_dihydroxy	22
316130|Centrolophus niger	C24_monohydroxy	4
316130|Centrolophus niger	C24_tetrahydroxy	4
316130|Centrolophus niger	C24_trihydroxy	16
316385|Escherichia coli str. K-12 substr. DH10B	C24_dihydroxy	12
316385|Escherichia coli str. K-12 substr. DH10B	C24_trihydroxy	44
316435|Escherichia coli Nissle 1917	C24_dihydroxy	167
316435|Escherichia coli Nissle 1917	C24_monohydroxy	9
316435|Escherichia coli Nissle 1917	C24_nonhydroxy	1
316435|Escherichia coli Nissle 1917	C24_pentahydroxy	8
316435|Escherichia coli Nissle 1917	C24_tetrahydroxy	124
316435|Escherichia coli Nissle 1917	C24_trihydroxy	434
316|Stutzerimonas stutzeri	C24_dihydroxy	8
316|Stutzerimonas stutzeri	C24_monohydroxy	2
316|Stutzerimonas stutzeri	C24_trihydroxy	8
317373|Osteopilus septentrionalis	C24_trihydroxy	1
317477|Halichoeres pictus	C24_dihydroxy	8
317477|Halichoeres pictus	C24_monohydroxy	2
317477|Halichoeres pictus	C24_tetrahydroxy	1
317477|Halichoeres pictus	C24_trihydroxy	5
317792|Anhinga rufa	C24_dihydroxy	12
317792|Anhinga rufa	C24_monohydroxy	2
317792|Anhinga rufa	C24_pentahydroxy	1
317792|Anhinga rufa	C24_tetrahydroxy	5
317792|Anhinga rufa	C24_trihydroxy	13
318062|Euphorbia hirta	C24_nonhydroxy	4
318322|Dryophytes gratiosus	C24_dihydroxy	1
318322|Dryophytes gratiosus	C24_trihydroxy	2
318376|Trachycephalus resinifictrix	C24_dihydroxy	1
318376|Trachycephalus resinifictrix	C24_tetrahydroxy	2
318376|Trachycephalus resinifictrix	C24_trihydroxy	3
319437|Caulolatilus princeps	C24_dihydroxy	9
319437|Caulolatilus princeps	C24_tetrahydroxy	2
319437|Caulolatilus princeps	C24_trihydroxy	10
31943|Brevibacterium iodinum	C24_pentahydroxy	18
319541|Nannobrachium ritteri	C24_dihydroxy	1
319541|Nannobrachium ritteri	C24_monohydroxy	1
319541|Nannobrachium ritteri	C24_trihydroxy	4
319813|Hemicentetes semispinosus	C24_dihydroxy	8
319813|Hemicentetes semispinosus	C24_tetrahydroxy	2
319813|Hemicentetes semispinosus	C24_trihydroxy	15
319819|Setifer setosus	C24_dihydroxy	22
319819|Setifer setosus	C24_monohydroxy	4
319819|Setifer setosus	C24_tetrahydroxy	2
319819|Setifer setosus	C24_trihydroxy	11
32008|Burkholderia	C24_monohydroxy	12
32008|Burkholderia	C24_tetrahydroxy	8
32008|Burkholderia	C24_trihydroxy	14
3202|Jungermannia	C24_tetrahydroxy	6
320411|Stomias atriventer	C24_tetrahydroxy	1
320419|Mustelus californicus	C24_dihydroxy	5
320419|Mustelus californicus	C24_tetrahydroxy	1
320419|Mustelus californicus	C24_trihydroxy	2
32072|Neoblechnum brasiliense	C24_nonhydroxy	1
320912|Maribacter dokdonensis	C24_dihydroxy	2
320912|Maribacter dokdonensis	C24_trihydroxy	2
321074|Gypohierax angolensis	C24_dihydroxy	23
321074|Gypohierax angolensis	C24_monohydroxy	3
321074|Gypohierax angolensis	C24_tetrahydroxy	6
321074|Gypohierax angolensis	C24_trihydroxy	33
321661|Pseudomonas vranovensis	C24_monohydroxy	1
32247|Rubus idaeus	C24_trihydroxy	4
322580|Ramphastos dicolorus	C24_dihydroxy	15
322580|Ramphastos dicolorus	C24_monohydroxy	1
322580|Ramphastos dicolorus	C24_trihydroxy	12
32258|Rhus copallinum	C24_dihydroxy	2
32258|Rhus copallinum	C24_tetrahydroxy	165
32258|Rhus copallinum	C24_trihydroxy	4
3240|Psilotum nudum	C24_trihydroxy	1
32458|Glossolepis incisus	C24_dihydroxy	4
32458|Glossolepis incisus	C24_trihydroxy	5
324831|Lactobacillus gasseri ATCC 33323 = JCM 1131	C24_dihydroxy	12
324831|Lactobacillus gasseri ATCC 33323 = JCM 1131	C24_trihydroxy	10
325332|Halcyon leucocephala	C24_dihydroxy	7
325332|Halcyon leucocephala	C24_pentahydroxy	1
325332|Halcyon leucocephala	C24_tetrahydroxy	4
325332|Halcyon leucocephala	C24_trihydroxy	2
325335|Ceryle rudis	C24_dihydroxy	3
325335|Ceryle rudis	C24_tetrahydroxy	7
325335|Ceryle rudis	C24_trihydroxy	3
325340|Merops bulocki	C24_dihydroxy	4
325340|Merops bulocki	C24_trihydroxy	2
32536|Acinonyx jubatus	C24_dihydroxy	192
32536|Acinonyx jubatus	C24_monohydroxy	2
32536|Acinonyx jubatus	C24_pentahydroxy	47
32536|Acinonyx jubatus	C24_tetrahydroxy	147
32536|Acinonyx jubatus	C24_trihydroxy	272
32544|Dasyuroides byrnei	C24_dihydroxy	8
32544|Dasyuroides byrnei	C24_tetrahydroxy	3
32544|Dasyuroides byrnei	C24_trihydroxy	12
326329|Polaribacter dokdonensis	C24_dihydroxy	12
326329|Polaribacter dokdonensis	C24_monohydroxy	16
326329|Polaribacter dokdonensis	C24_trihydroxy	2
326423|Bacillus velezensis FZB42	C24_monohydroxy	11
326423|Bacillus velezensis FZB42	C24_tetrahydroxy	4
3271|Dicksonia antarctica	C24_tetrahydroxy	1
327777|Epinephelus ongus	C24_dihydroxy	15
327777|Epinephelus ongus	C24_monohydroxy	3
327777|Epinephelus ongus	C24_trihydroxy	26
328752|Costus afer	C24_monohydroxy	2
328752|Costus afer	C24_nonhydroxy	2
3287|Dryopteris	C24_trihydroxy	4
329523|Streptomyces albiaxialis	C24_dihydroxy	2
329523|Streptomyces albiaxialis	C24_monohydroxy	2
329524|Streptomyces albidochromogenes	C24_dihydroxy	2
329524|Streptomyces albidochromogenes	C24_nonhydroxy	2
329524|Streptomyces albidochromogenes	C24_pentahydroxy	4
329524|Streptomyces albidochromogenes	C24_trihydroxy	16
3300|Encephalartos altensteinii	C24_pentahydroxy	1
330879|Aspergillus fumigatus Af293	C24_tetrahydroxy	3
33178|Aspergillus terreus	C24_trihydroxy	3
332591|Streptomyces rectiviolaceus	C24_trihydroxy	6
332648|Botrytis cinerea B05.10	C24_monohydroxy	6
332648|Botrytis cinerea B05.10	C24_nonhydroxy	3
3326|Larix laricina	C24_trihydroxy	2
3330|Picea glauca	C24_pentahydroxy	6
3330|Picea glauca	C24_tetrahydroxy	68
333676|Hylarana albolabris	C24_trihydroxy	3
334663|Euphorbia aeruginosa	C24_monohydroxy	12
334663|Euphorbia aeruginosa	C24_nonhydroxy	98
334858|Goodfellowiella coeruleoviolacea	C24_nonhydroxy	2
3349691|Nilgiritragus hylocrius	C24_dihydroxy	36
3349691|Nilgiritragus hylocrius	C24_monohydroxy	5
3349691|Nilgiritragus hylocrius	C24_tetrahydroxy	10
3349691|Nilgiritragus hylocrius	C24_trihydroxy	38
3353|Pinus banksiana	C24_pentahydroxy	45
3353|Pinus banksiana	C24_tetrahydroxy	125
335483|Eudocimus ruber	C24_dihydroxy	21
335483|Eudocimus ruber	C24_monohydroxy	1
335483|Eudocimus ruber	C24_tetrahydroxy	7
335483|Eudocimus ruber	C24_trihydroxy	30
33576|Plegadis ridgwayi	C24_dihydroxy	18
33576|Plegadis ridgwayi	C24_monohydroxy	4
33576|Plegadis ridgwayi	C24_tetrahydroxy	10
33576|Plegadis ridgwayi	C24_trihydroxy	24
33578|Platalea alba	C24_dihydroxy	11
33578|Platalea alba	C24_tetrahydroxy	10
33578|Platalea alba	C24_trihydroxy	28
33581|Scopus umbretta	C24_dihydroxy	28
33581|Scopus umbretta	C24_monohydroxy	3
33581|Scopus umbretta	C24_tetrahydroxy	7
33581|Scopus umbretta	C24_trihydroxy	21
33584|Balaeniceps rex	C24_dihydroxy	8
33584|Balaeniceps rex	C24_tetrahydroxy	8
33584|Balaeniceps rex	C24_trihydroxy	6
33603|Coccyzus americanus	C24_dihydroxy	1
33603|Coccyzus americanus	C24_tetrahydroxy	1
33603|Coccyzus americanus	C24_trihydroxy	5
33605|Torgos	C24_dihydroxy	22
33605|Torgos	C24_monohydroxy	2
33605|Torgos	C24_pentahydroxy	12
33605|Torgos	C24_tetrahydroxy	32
33605|Torgos	C24_trihydroxy	36
33614|Coragyps atratus	C24_dihydroxy	21
33614|Coragyps atratus	C24_monohydroxy	7
33614|Coragyps atratus	C24_tetrahydroxy	10
33614|Coragyps atratus	C24_trihydroxy	18
33616|Gymnogyps californianus	C24_dihydroxy	118
33616|Gymnogyps californianus	C24_monohydroxy	17
33616|Gymnogyps californianus	C24_pentahydroxy	1
33616|Gymnogyps californianus	C24_tetrahydroxy	59
33616|Gymnogyps californianus	C24_trihydroxy	114
33618|Pelecanus erythrorhynchos	C24_dihydroxy	14
33618|Pelecanus erythrorhynchos	C24_monohydroxy	3
33618|Pelecanus erythrorhynchos	C24_tetrahydroxy	6
33618|Pelecanus erythrorhynchos	C24_trihydroxy	11
337066|Streptomyces albus subsp. chlorinus	C24_monohydroxy	4
3377|Welwitschia mirabilis	C24_monohydroxy	3
3377|Welwitschia mirabilis	C24_nonhydroxy	1
3377|Welwitschia mirabilis	C24_trihydroxy	2
338444|Arses telescopthalmus	C24_dihydroxy	4
338444|Arses telescopthalmus	C24_tetrahydroxy	5
338444|Arses telescopthalmus	C24_trihydroxy	4
33882|Microbacterium	C24_tetrahydroxy	4
33882|Microbacterium	C24_trihydroxy	5
33897|Streptomyces bluensis	C24_monohydroxy	4
33899|Streptomyces galilaeus	C24_pentahydroxy	12
3390747|Geophaps scripta scripta	C24_dihydroxy	2
3390747|Geophaps scripta scripta	C24_trihydroxy	1
33959|Lactobacillus johnsonii	C24_dihydroxy	9
33959|Lactobacillus johnsonii	C24_trihydroxy	14
342380|Todiramphus sanctus	C24_dihydroxy	2
342380|Todiramphus sanctus	C24_tetrahydroxy	2
342380|Todiramphus sanctus	C24_trihydroxy	1
342381|Halcyon senegalensis	C24_dihydroxy	5
342381|Halcyon senegalensis	C24_tetrahydroxy	8
342381|Halcyon senegalensis	C24_trihydroxy	7
342387|Tanysiptera galatea	C24_trihydroxy	2
342437|Arothron meleagris	C24_dihydroxy	9
342437|Arothron meleagris	C24_tetrahydroxy	2
342437|Arothron meleagris	C24_trihydroxy	9
342441|Heteropriacanthus cruentatus	C24_dihydroxy	11
342441|Heteropriacanthus cruentatus	C24_monohydroxy	2
342441|Heteropriacanthus cruentatus	C24_tetrahydroxy	8
342441|Heteropriacanthus cruentatus	C24_trihydroxy	22
34256|Mentha x piperita	C24_dihydroxy	1
34256|Mentha x piperita	C24_pentahydroxy	5
34256|Mentha x piperita	C24_tetrahydroxy	34
34256|Mentha x piperita	C24_trihydroxy	1
34268|Hemigraphis	C24_tetrahydroxy	1
3434|Persea	C24_monohydroxy	2
3434|Persea	C24_tetrahydroxy	5
34433|Leucoagaricus	C24_dihydroxy	4
34433|Leucoagaricus	C24_monohydroxy	16
34433|Leucoagaricus	C24_trihydroxy	24
34436|Chlorophyllum rhacodes	C24_tetrahydroxy	2
344753|Oryx beisa	C24_dihydroxy	32
344753|Oryx beisa	C24_monohydroxy	6
344753|Oryx beisa	C24_pentahydroxy	2
344753|Oryx beisa	C24_tetrahydroxy	18
344753|Oryx beisa	C24_trihydroxy	42
3447|Ranunculus acris	C24_dihydroxy	88
3447|Ranunculus acris	C24_monohydroxy	491
3447|Ranunculus acris	C24_nonhydroxy	2
3447|Ranunculus acris	C24_pentahydroxy	1
3447|Ranunculus acris	C24_tetrahydroxy	3
3447|Ranunculus acris	C24_trihydroxy	22
34720|Trachymyrmex septentrionalis	C24_monohydroxy	5
34720|Trachymyrmex septentrionalis	C24_tetrahydroxy	4
34720|Trachymyrmex septentrionalis	C24_trihydroxy	129
347388|Thymus praecox	C24_monohydroxy	1
34785|Callionymus lyra	C24_dihydroxy	17
34785|Callionymus lyra	C24_monohydroxy	5
34785|Callionymus lyra	C24_tetrahydroxy	5
34785|Callionymus lyra	C24_trihydroxy	29
34825|Propithecus verreauxi	C24_dihydroxy	21
34825|Propithecus verreauxi	C24_monohydroxy	7
34825|Propithecus verreauxi	C24_pentahydroxy	2
34825|Propithecus verreauxi	C24_tetrahydroxy	14
34825|Propithecus verreauxi	C24_trihydroxy	72
34828|Eulemur mongoz	C24_dihydroxy	13
34828|Eulemur mongoz	C24_tetrahydroxy	4
34828|Eulemur mongoz	C24_trihydroxy	8
348295|Cervus canadensis sibiricus	C24_dihydroxy	8
348295|Cervus canadensis sibiricus	C24_tetrahydroxy	1
348295|Cervus canadensis sibiricus	C24_trihydroxy	5
34842|Capromys pilorides	C24_dihydroxy	20
34842|Capromys pilorides	C24_monohydroxy	3
34842|Capromys pilorides	C24_pentahydroxy	4
34842|Capromys pilorides	C24_tetrahydroxy	72
34842|Capromys pilorides	C24_trihydroxy	56
34846|Dasyprocta punctata	C24_dihydroxy	56
34846|Dasyprocta punctata	C24_monohydroxy	18
34846|Dasyprocta punctata	C24_tetrahydroxy	12
34846|Dasyprocta punctata	C24_trihydroxy	52
348477|Chamaedorea metallica	C24_dihydroxy	3
348477|Chamaedorea metallica	C24_pentahydroxy	1
348477|Chamaedorea metallica	C24_trihydroxy	6
34861|Sciurus niger	C24_dihydroxy	4
34861|Sciurus niger	C24_tetrahydroxy	2
34861|Sciurus niger	C24_trihydroxy	7
34873|Oreamnos americanus	C24_dihydroxy	22
34873|Oreamnos americanus	C24_tetrahydroxy	6
34873|Oreamnos americanus	C24_trihydroxy	32
34875|Saiga tatarica	C24_dihydroxy	43
34875|Saiga tatarica	C24_monohydroxy	6
34875|Saiga tatarica	C24_tetrahydroxy	14
34875|Saiga tatarica	C24_trihydroxy	56
34880|Nyctereutes procyonoides	C24_dihydroxy	22
34880|Nyctereutes procyonoides	C24_monohydroxy	6
34880|Nyctereutes procyonoides	C24_tetrahydroxy	8
34880|Nyctereutes procyonoides	C24_trihydroxy	18
34882|Enhydra lutris	C24_dihydroxy	28
34882|Enhydra lutris	C24_monohydroxy	1
34882|Enhydra lutris	C24_tetrahydroxy	14
34882|Enhydra lutris	C24_trihydroxy	53
34886|Eumetopias jubatus	C24_dihydroxy	11
34886|Eumetopias jubatus	C24_monohydroxy	1
34886|Eumetopias jubatus	C24_tetrahydroxy	5
34886|Eumetopias jubatus	C24_trihydroxy	25
34899|Petaurus breviceps	C24_dihydroxy	7
34899|Petaurus breviceps	C24_monohydroxy	3
34899|Petaurus breviceps	C24_tetrahydroxy	5
34899|Petaurus breviceps	C24_trihydroxy	20
34932|Chlamydera nuchalis	C24_dihydroxy	5
34932|Chlamydera nuchalis	C24_monohydroxy	1
34932|Chlamydera nuchalis	C24_tetrahydroxy	2
34932|Chlamydera nuchalis	C24_trihydroxy	4
3493|Ficus	C24_monohydroxy	3
3493|Ficus	C24_nonhydroxy	4
3494|Ficus carica	C24_monohydroxy	2
3494|Ficus carica	C24_tetrahydroxy	1
349741|Akkermansia muciniphila ATCC BAA-835	C24_dihydroxy	18
349741|Akkermansia muciniphila ATCC BAA-835	C24_trihydroxy	41
34997|Nerodia erythrogaster	C24_dihydroxy	19
34997|Nerodia erythrogaster	C24_pentahydroxy	7
34997|Nerodia erythrogaster	C24_tetrahydroxy	33
34997|Nerodia erythrogaster	C24_trihydroxy	59
34998|Nerodia fasciata	C24_dihydroxy	15
34998|Nerodia fasciata	C24_tetrahydroxy	15
34998|Nerodia fasciata	C24_trihydroxy	31
35017|Thamnophis saurita	C24_dihydroxy	19
35017|Thamnophis saurita	C24_pentahydroxy	4
35017|Thamnophis saurita	C24_tetrahydroxy	23
35017|Thamnophis saurita	C24_trihydroxy	33
35019|Thamnophis sirtalis	C24_dihydroxy	30
35019|Thamnophis sirtalis	C24_monohydroxy	2
35019|Thamnophis sirtalis	C24_pentahydroxy	1
35019|Thamnophis sirtalis	C24_tetrahydroxy	15
35019|Thamnophis sirtalis	C24_trihydroxy	43
350701|Burkholderia dolosa AU0158	C24_trihydroxy	1
3507|Betula papyrifera	C24_dihydroxy	29
3507|Betula papyrifera	C24_monohydroxy	28
3507|Betula papyrifera	C24_pentahydroxy	3
351340|Centaurea jacea	C24_monohydroxy	16
351340|Centaurea jacea	C24_trihydroxy	2
352869|Nocardia gamkensis	C24_dihydroxy	2
3554|Beta	C24_dihydroxy	1
35552|Calyptorhynchus banksii graptogyne	C24_dihydroxy	7
35552|Calyptorhynchus banksii graptogyne	C24_tetrahydroxy	1
35552|Calyptorhynchus banksii graptogyne	C24_trihydroxy	1
356198|Caecilia tentaculata	C24_trihydroxy	3
3561|Spinacia	C24_pentahydroxy	1
3561|Spinacia	C24_tetrahydroxy	1
35620|Streptomyces hirsutus	C24_monohydroxy	6
35620|Streptomyces hirsutus	C24_trihydroxy	8
356236|Phrynobatrachus calcaratus	C24_trihydroxy	2
356254|Tylototriton shanjing	C24_dihydroxy	4
356254|Tylototriton shanjing	C24_tetrahydroxy	2
356254|Tylototriton shanjing	C24_trihydroxy	7
3562|Spinacia oleracea	C24_dihydroxy	1
35669|Larus argentatus	C24_dihydroxy	11
35669|Larus argentatus	C24_pentahydroxy	3
35669|Larus argentatus	C24_tetrahydroxy	17
35669|Larus argentatus	C24_trihydroxy	24
356851|Micromonospora chokoriensis	C24_monohydroxy	11
35754|Dactylosporangium aurantiacum	C24_trihydroxy	4
359122|Ramariopsis kunzei	C24_monohydroxy	1
359122|Ramariopsis kunzei	C24_tetrahydroxy	1
359122|Ramariopsis kunzei	C24_trihydroxy	1
35933|Podophyllum peltatum	C24_pentahydroxy	2
35933|Podophyllum peltatum	C24_tetrahydroxy	191
3603|Vitis	C24_trihydroxy	2
3604|Vitis sp.	C24_nonhydroxy	1
360507|Parapristipoma trilineatum	C24_dihydroxy	28
360507|Parapristipoma trilineatum	C24_tetrahydroxy	2
360507|Parapristipoma trilineatum	C24_trihydroxy	13
36176|Chiloscyllium plagiosum	C24_trihydroxy	1
36180|Coregonus albula	C24_dihydroxy	23
36180|Coregonus albula	C24_pentahydroxy	1
36180|Coregonus albula	C24_tetrahydroxy	9
36180|Coregonus albula	C24_trihydroxy	18
36224|Cercopithecus diana	C24_dihydroxy	27
36224|Cercopithecus diana	C24_monohydroxy	9
36224|Cercopithecus diana	C24_tetrahydroxy	7
36224|Cercopithecus diana	C24_trihydroxy	25
36227|Cercopithecus neglectus	C24_dihydroxy	42
36227|Cercopithecus neglectus	C24_monohydroxy	15
36227|Cercopithecus neglectus	C24_tetrahydroxy	6
36227|Cercopithecus neglectus	C24_trihydroxy	48
36240|Mustela sibirica	C24_dihydroxy	6
36240|Mustela sibirica	C24_tetrahydroxy	5
36240|Mustela sibirica	C24_trihydroxy	16
36241|Ciconia nigra	C24_dihydroxy	3
36241|Ciconia nigra	C24_tetrahydroxy	5
36241|Ciconia nigra	C24_trihydroxy	10
36268|Paradisaea raggiana	C24_dihydroxy	38
36268|Paradisaea raggiana	C24_monohydroxy	3
36268|Paradisaea raggiana	C24_tetrahydroxy	11
36268|Paradisaea raggiana	C24_trihydroxy	12
36293|Ficedula narcissina	C24_dihydroxy	1
36293|Ficedula narcissina	C24_trihydroxy	1
36300|Pelecanus crispus	C24_dihydroxy	14
36300|Pelecanus crispus	C24_monohydroxy	9
36300|Pelecanus crispus	C24_tetrahydroxy	8
36300|Pelecanus crispus	C24_trihydroxy	13
36307|Deinagkistrodon acutus	C24_dihydroxy	29
36307|Deinagkistrodon acutus	C24_pentahydroxy	2
36307|Deinagkistrodon acutus	C24_tetrahydroxy	38
36307|Deinagkistrodon acutus	C24_trihydroxy	85
364199|Paracoccus homiensis	C24_dihydroxy	5
364199|Paracoccus homiensis	C24_monohydroxy	1
364199|Paracoccus homiensis	C24_tetrahydroxy	3
364199|Paracoccus homiensis	C24_trihydroxy	11
3641|Theobroma cacao	C24_trihydroxy	1
3649|Carica papaya	C24_dihydroxy	2
3649|Carica papaya	C24_monohydroxy	2
365149|Sylvilagus bachmani	C24_dihydroxy	76
365149|Sylvilagus bachmani	C24_monohydroxy	8
365149|Sylvilagus bachmani	C24_tetrahydroxy	2
365149|Sylvilagus bachmani	C24_trihydroxy	33
3655|Cucumis	C24_trihydroxy	1
3656|Cucumis melo	C24_nonhydroxy	1
3656|Cucumis melo	C24_trihydroxy	3
3660|Cucurbita	C24_dihydroxy	2
3660|Cucurbita	C24_pentahydroxy	1
3660|Cucurbita	C24_tetrahydroxy	1
36668|Formicidae	C24_dihydroxy	2
36668|Formicidae	C24_monohydroxy	2
36668|Formicidae	C24_trihydroxy	6
367946|Dendrocopos macei	C24_dihydroxy	11
367946|Dendrocopos macei	C24_tetrahydroxy	6
367946|Dendrocopos macei	C24_trihydroxy	7
36817|Streptomyces pseudogriseolus	C24_dihydroxy	8
36817|Streptomyces pseudogriseolus	C24_pentahydroxy	6
36817|Streptomyces pseudogriseolus	C24_tetrahydroxy	4
36817|Streptomyces pseudogriseolus	C24_trihydroxy	26
3681|Begonia	C24_tetrahydroxy	1
3681|Begonia	C24_trihydroxy	1
36902|Medicago x varia	C24_dihydroxy	80
36902|Medicago x varia	C24_monohydroxy	434
36902|Medicago x varia	C24_nonhydroxy	4
36902|Medicago x varia	C24_pentahydroxy	1
36902|Medicago x varia	C24_tetrahydroxy	7
36902|Medicago x varia	C24_trihydroxy	17
3691|Populus nigra	C24_trihydroxy	7
3694|Populus trichocarpa	C24_dihydroxy	325
3694|Populus trichocarpa	C24_monohydroxy	875
3694|Populus trichocarpa	C24_nonhydroxy	8
3694|Populus trichocarpa	C24_pentahydroxy	4
3694|Populus trichocarpa	C24_tetrahydroxy	4
3694|Populus trichocarpa	C24_trihydroxy	56
37029|Prionailurus bengalensis	C24_dihydroxy	14
37029|Prionailurus bengalensis	C24_tetrahydroxy	1
37029|Prionailurus bengalensis	C24_trihydroxy	15
3702|Arabidopsis thaliana	C24_dihydroxy	60
3702|Arabidopsis thaliana	C24_monohydroxy	28
3702|Arabidopsis thaliana	C24_nonhydroxy	82
3702|Arabidopsis thaliana	C24_pentahydroxy	80
3702|Arabidopsis thaliana	C24_tetrahydroxy	331
3702|Arabidopsis thaliana	C24_trihydroxy	1262
37032|Suricata suricatta	C24_dihydroxy	11
37032|Suricata suricatta	C24_pentahydroxy	1
37032|Suricata suricatta	C24_tetrahydroxy	7
37032|Suricata suricatta	C24_trihydroxy	18
37039|Gavia immer	C24_dihydroxy	7
37039|Gavia immer	C24_pentahydroxy	1
37039|Gavia immer	C24_tetrahydroxy	10
37039|Gavia immer	C24_trihydroxy	14
37043|Pelecanus occidentalis	C24_dihydroxy	17
37043|Pelecanus occidentalis	C24_monohydroxy	5
37043|Pelecanus occidentalis	C24_tetrahydroxy	9
37043|Pelecanus occidentalis	C24_trihydroxy	12
37057|Macronectes giganteus	C24_dihydroxy	16
37057|Macronectes giganteus	C24_monohydroxy	1
37057|Macronectes giganteus	C24_tetrahydroxy	14
37057|Macronectes giganteus	C24_trihydroxy	21
3705|Brassica	C24_pentahydroxy	1
37083|Eudyptula minor	C24_dihydroxy	46
37083|Eudyptula minor	C24_monohydroxy	6
37083|Eudyptula minor	C24_pentahydroxy	8
37083|Eudyptula minor	C24_tetrahydroxy	46
37083|Eudyptula minor	C24_trihydroxy	66
37087|Sula nebouxii	C24_dihydroxy	11
37087|Sula nebouxii	C24_monohydroxy	3
37087|Sula nebouxii	C24_tetrahydroxy	6
37087|Sula nebouxii	C24_trihydroxy	19
3712|Brassica oleracea	C24_pentahydroxy	1
3712|Brassica oleracea	C24_trihydroxy	3
37172|Damaliscus pygargus phillipsi	C24_dihydroxy	24
37172|Damaliscus pygargus phillipsi	C24_monohydroxy	4
37172|Damaliscus pygargus phillipsi	C24_tetrahydroxy	6
37172|Damaliscus pygargus phillipsi	C24_trihydroxy	31
37174|Ovis canadensis	C24_dihydroxy	35
37174|Ovis canadensis	C24_monohydroxy	3
37174|Ovis canadensis	C24_tetrahydroxy	13
37174|Ovis canadensis	C24_trihydroxy	39
37176|Ovibos moschatus	C24_dihydroxy	20
37176|Ovibos moschatus	C24_monohydroxy	2
37176|Ovibos moschatus	C24_pentahydroxy	1
37176|Ovibos moschatus	C24_tetrahydroxy	14
37176|Ovibos moschatus	C24_trihydroxy	37
37179|Hemitragus jemlahicus	C24_dihydroxy	40
37179|Hemitragus jemlahicus	C24_monohydroxy	4
37179|Hemitragus jemlahicus	C24_pentahydroxy	1
37179|Hemitragus jemlahicus	C24_tetrahydroxy	10
37179|Hemitragus jemlahicus	C24_trihydroxy	52
3717|Brassica sp.	C24_tetrahydroxy	1
3717|Brassica sp.	C24_trihydroxy	3
37183|Budorcas taxicolor taxicolor	C24_dihydroxy	16
37183|Budorcas taxicolor taxicolor	C24_tetrahydroxy	4
37183|Budorcas taxicolor taxicolor	C24_trihydroxy	19
371860|Branta hutchinsii	C24_dihydroxy	20
371860|Branta hutchinsii	C24_monohydroxy	6
371860|Branta hutchinsii	C24_tetrahydroxy	6
371860|Branta hutchinsii	C24_trihydroxy	18
37186|Hippotragus equinus	C24_dihydroxy	27
37186|Hippotragus equinus	C24_monohydroxy	1
37186|Hippotragus equinus	C24_tetrahydroxy	6
37186|Hippotragus equinus	C24_trihydroxy	41
371913|Eudocimus albus	C24_dihydroxy	15
371913|Eudocimus albus	C24_monohydroxy	2
371913|Eudocimus albus	C24_pentahydroxy	1
371913|Eudocimus albus	C24_tetrahydroxy	11
371913|Eudocimus albus	C24_trihydroxy	44
37191|Arctocephalus pusillus	C24_dihydroxy	12
37191|Arctocephalus pusillus	C24_monohydroxy	2
37191|Arctocephalus pusillus	C24_tetrahydroxy	8
37191|Arctocephalus pusillus	C24_trihydroxy	18
371920|Platalea ajaja	C24_dihydroxy	12
371920|Platalea ajaja	C24_monohydroxy	1
371920|Platalea ajaja	C24_trihydroxy	4
372482|Phrynosoma blainvillii	C24_dihydroxy	7
372482|Phrynosoma blainvillii	C24_tetrahydroxy	2
372482|Phrynosoma blainvillii	C24_trihydroxy	9
37295|Cebus olivaceus	C24_dihydroxy	16
37295|Cebus olivaceus	C24_tetrahydroxy	4
37295|Cebus olivaceus	C24_trihydroxy	20
37328|Nocardia carnea	C24_dihydroxy	8
37328|Nocardia carnea	C24_nonhydroxy	6
37328|Nocardia carnea	C24_pentahydroxy	4
37347|Tupaia belangeri	C24_dihydroxy	13
37347|Tupaia belangeri	C24_monohydroxy	2
37347|Tupaia belangeri	C24_tetrahydroxy	2
37347|Tupaia belangeri	C24_trihydroxy	8
3743|Synsepalum dulcificum	C24_monohydroxy	3
3743|Synsepalum dulcificum	C24_pentahydroxy	4
3743|Synsepalum dulcificum	C24_tetrahydroxy	2
3743|Synsepalum dulcificum	C24_trihydroxy	1
37445|Syncerus caffer caffer	C24_dihydroxy	49
37445|Syncerus caffer caffer	C24_monohydroxy	10
37445|Syncerus caffer caffer	C24_tetrahydroxy	2
37445|Syncerus caffer caffer	C24_trihydroxy	24
37480|Streptomyces pluricolorescens	C24_trihydroxy	16
3749|Malus	C24_trihydroxy	2
3751|Malus sp.	C24_trihydroxy	2
3754|Prunus	C24_monohydroxy	2
37550|Cervus nippon taiouanus	C24_dihydroxy	17
37550|Cervus nippon taiouanus	C24_monohydroxy	1
37550|Cervus nippon taiouanus	C24_tetrahydroxy	6
37550|Cervus nippon taiouanus	C24_trihydroxy	16
37578|Morus bassanus	C24_dihydroxy	66
37578|Morus bassanus	C24_monohydroxy	10
37578|Morus bassanus	C24_pentahydroxy	26
37578|Morus bassanus	C24_tetrahydroxy	80
37578|Morus bassanus	C24_trihydroxy	128
377254|Megophrys nasuta	C24_dihydroxy	32
377254|Megophrys nasuta	C24_tetrahydroxy	8
377254|Megophrys nasuta	C24_trihydroxy	20
377316|Atelopus zeteki	C24_trihydroxy	1
37737|Perameles gunnii	C24_dihydroxy	23
37737|Perameles gunnii	C24_monohydroxy	5
37737|Perameles gunnii	C24_tetrahydroxy	8
37737|Perameles gunnii	C24_trihydroxy	36
37751|Gazella dorcas	C24_dihydroxy	45
37751|Gazella dorcas	C24_monohydroxy	1
37751|Gazella dorcas	C24_tetrahydroxy	10
37751|Gazella dorcas	C24_trihydroxy	47
378754|Ursus thibetanus japonicus	C24_dihydroxy	40
378754|Ursus thibetanus japonicus	C24_monohydroxy	3
378754|Ursus thibetanus japonicus	C24_tetrahydroxy	15
378754|Ursus thibetanus japonicus	C24_trihydroxy	47
379279|Prunus africana	C24_dihydroxy	2
379279|Prunus africana	C24_monohydroxy	1
380703|Aeromonas hydrophila subsp. hydrophila ATCC 7966	C24_trihydroxy	1
381019|Aplonis metallica	C24_dihydroxy	20
381019|Aplonis metallica	C24_monohydroxy	3
381019|Aplonis metallica	C24_tetrahydroxy	1
381019|Aplonis metallica	C24_trihydroxy	10
381107|Cinnyricinclus leucogaster	C24_dihydroxy	53
381107|Cinnyricinclus leucogaster	C24_monohydroxy	17
381107|Cinnyricinclus leucogaster	C24_tetrahydroxy	7
381107|Cinnyricinclus leucogaster	C24_trihydroxy	24
3813|Albizia julibrissin	C24_dihydroxy	10
3813|Albizia julibrissin	C24_monohydroxy	25
3813|Albizia julibrissin	C24_pentahydroxy	2
3813|Albizia julibrissin	C24_tetrahydroxy	1
3813|Albizia julibrissin	C24_trihydroxy	1
381684|Rugulopteryx marginata	C24_dihydroxy	2
381684|Rugulopteryx marginata	C24_monohydroxy	4
381684|Rugulopteryx marginata	C24_pentahydroxy	4
381684|Rugulopteryx marginata	C24_tetrahydroxy	8
381684|Rugulopteryx marginata	C24_trihydroxy	8
3818|Arachis hypogaea	C24_monohydroxy	3
3827|Cicer arietinum	C24_dihydroxy	11
3827|Cicer arietinum	C24_trihydroxy	4
38312|Rhodococcus rhodnii	C24_dihydroxy	4
38312|Rhodococcus rhodnii	C24_monohydroxy	10
38312|Rhodococcus rhodnii	C24_trihydroxy	2
3835|Cytisus scoparius	C24_dihydroxy	2
3835|Cytisus scoparius	C24_tetrahydroxy	1
384065|Crotalus mitchellii	C24_dihydroxy	33
384065|Crotalus mitchellii	C24_pentahydroxy	7
384065|Crotalus mitchellii	C24_tetrahydroxy	31
384065|Crotalus mitchellii	C24_trihydroxy	68
384382|Scomberomorus sinensis	C24_dihydroxy	7
384382|Scomberomorus sinensis	C24_monohydroxy	3
384382|Scomberomorus sinensis	C24_tetrahydroxy	9
384382|Scomberomorus sinensis	C24_trihydroxy	24
38605|Didelphimorphia	C24_dihydroxy	23
38605|Didelphimorphia	C24_tetrahydroxy	10
38605|Didelphimorphia	C24_trihydroxy	30
3860|Lathyrus sativus	C24_dihydroxy	4
386121|Cortinarius boulderensis	C24_tetrahydroxy	1
38626|Phascolarctos cinereus	C24_dihydroxy	59
38626|Phascolarctos cinereus	C24_monohydroxy	18
38626|Phascolarctos cinereus	C24_tetrahydroxy	9
38626|Phascolarctos cinereus	C24_trihydroxy	124
3864|Lens culinaris	C24_nonhydroxy	2
3864|Lens culinaris	C24_trihydroxy	1
38654|Alligator sinensis	C24_dihydroxy	4
38654|Alligator sinensis	C24_trihydroxy	2
38656|Melanosuchus niger	C24_trihydroxy	1
387127|Coccinia grandis	C24_pentahydroxy	1
3880|Medicago truncatula	C24_tetrahydroxy	2
3882|Onobrychis viciifolia	C24_monohydroxy	14
3882|Onobrychis viciifolia	C24_tetrahydroxy	4
3882|Onobrychis viciifolia	C24_trihydroxy	4
3883|Phaseolus	C24_tetrahydroxy	2
38843|Euphorbia amygdaloides	C24_pentahydroxy	1
38843|Euphorbia amygdaloides	C24_tetrahydroxy	1
38845|Euphorbia dendroides	C24_monohydroxy	42
3885|Phaseolus vulgaris	C24_dihydroxy	2
38894|Anolis grahami	C24_dihydroxy	23
38894|Anolis grahami	C24_monohydroxy	3
38894|Anolis grahami	C24_pentahydroxy	2
38894|Anolis grahami	C24_tetrahydroxy	17
38894|Anolis grahami	C24_trihydroxy	47
388990|Ammoperdix heyi	C24_dihydroxy	17
388990|Ammoperdix heyi	C24_monohydroxy	6
388990|Ammoperdix heyi	C24_tetrahydroxy	4
388990|Ammoperdix heyi	C24_trihydroxy	16
38934|Polychrus marmoratus	C24_dihydroxy	16
38934|Polychrus marmoratus	C24_monohydroxy	2
38934|Polychrus marmoratus	C24_tetrahydroxy	15
38934|Polychrus marmoratus	C24_trihydroxy	32
3899|Trifolium repens	C24_dihydroxy	10
3905|Vicia cracca	C24_dihydroxy	125
3905|Vicia cracca	C24_monohydroxy	631
3905|Vicia cracca	C24_pentahydroxy	3
3905|Vicia cracca	C24_tetrahydroxy	16
3905|Vicia cracca	C24_trihydroxy	49
39099|Pantherophis obsoletus	C24_dihydroxy	1
39099|Pantherophis obsoletus	C24_tetrahydroxy	1
39099|Pantherophis obsoletus	C24_trihydroxy	3
39169|Lavandula	C24_pentahydroxy	3
39170|Melissa	C24_pentahydroxy	3
39170|Melissa	C24_tetrahydroxy	1
39172|Nepeta	C24_monohydroxy	3
39173|Ocimum	C24_pentahydroxy	1
39173|Ocimum	C24_trihydroxy	2
39174|Origanum	C24_trihydroxy	1
391904|Bifidobacterium longum subsp. infantis ATCC 15697 = JCM 1222 = DSM 20088	C24_dihydroxy	4
391904|Bifidobacterium longum subsp. infantis ATCC 15697 = JCM 1222 = DSM 20088	C24_trihydroxy	32
39233|Rhinophis	C24_dihydroxy	7
39233|Rhinophis	C24_pentahydroxy	3
39233|Rhinophis	C24_tetrahydroxy	10
39233|Rhinophis	C24_trihydroxy	29
392507|Bassariscus sumichrasti	C24_dihydroxy	12
392507|Bassariscus sumichrasti	C24_tetrahydroxy	8
392507|Bassariscus sumichrasti	C24_trihydroxy	25
392642|Pycnanthemum virginianum	C24_tetrahydroxy	96
392642|Pycnanthemum virginianum	C24_trihydroxy	4
392646|Salvia apiana	C24_monohydroxy	1
39267|Acrochordus javanicus	C24_dihydroxy	4
39267|Acrochordus javanicus	C24_pentahydroxy	5
39267|Acrochordus javanicus	C24_tetrahydroxy	8
39267|Acrochordus javanicus	C24_trihydroxy	32
392747|Paullinia cupana	C24_dihydroxy	6
392747|Paullinia cupana	C24_pentahydroxy	34
392747|Paullinia cupana	C24_tetrahydroxy	28
39306|Farancia abacura	C24_tetrahydroxy	5
39306|Farancia abacura	C24_trihydroxy	9
39338|Melissa officinalis	C24_monohydroxy	1
39338|Melissa officinalis	C24_tetrahydroxy	33
39348|Nepeta x faassenii	C24_monohydroxy	2
39350|Ocimum basilicum	C24_trihydroxy	2
39358|Prunella vulgaris	C24_dihydroxy	74
39358|Prunella vulgaris	C24_monohydroxy	674
39358|Prunella vulgaris	C24_nonhydroxy	12
39358|Prunella vulgaris	C24_tetrahydroxy	13
39358|Prunella vulgaris	C24_trihydroxy	27
39359|Psammophis condanarus	C24_dihydroxy	8
39359|Psammophis condanarus	C24_pentahydroxy	1
39359|Psammophis condanarus	C24_tetrahydroxy	28
39359|Psammophis condanarus	C24_trihydroxy	40
39376|Stachytarpheta cayennensis	C24_dihydroxy	2
39376|Stachytarpheta cayennensis	C24_nonhydroxy	2
39376|Stachytarpheta cayennensis	C24_tetrahydroxy	2
39411|Oryx leucoryx	C24_dihydroxy	15
39411|Oryx leucoryx	C24_tetrahydroxy	5
39411|Oryx leucoryx	C24_trihydroxy	14
39414|Plantago lanceolata	C24_dihydroxy	138
39414|Plantago lanceolata	C24_monohydroxy	845
39414|Plantago lanceolata	C24_nonhydroxy	2
39414|Plantago lanceolata	C24_tetrahydroxy	4
39414|Plantago lanceolata	C24_trihydroxy	44
3942|Oenothera biennis	C24_pentahydroxy	2
3942|Oenothera biennis	C24_tetrahydroxy	261
3942|Oenothera biennis	C24_trihydroxy	15
39478|Streptomyces laurentii	C24_pentahydroxy	4
39490|Eubacterium ramulus	C24_trihydroxy	44
39501|Cordyline fruticosa	C24_pentahydroxy	1
39519|Beaucarnea recurvata	C24_pentahydroxy	2
39601|Leptopelis	C24_dihydroxy	3
39601|Leptopelis	C24_trihydroxy	3
39638|Agelaius phoeniceus	C24_dihydroxy	1
39638|Agelaius phoeniceus	C24_trihydroxy	2
39698|Tropidophiidae	C24_dihydroxy	7
39698|Tropidophiidae	C24_tetrahydroxy	3
39698|Tropidophiidae	C24_trihydroxy	5
39705|Urva edwardsii	C24_dihydroxy	10
39705|Urva edwardsii	C24_pentahydroxy	4
39705|Urva edwardsii	C24_tetrahydroxy	18
39705|Urva edwardsii	C24_trihydroxy	34
397309|Pitta moluccensis	C24_dihydroxy	16
397309|Pitta moluccensis	C24_monohydroxy	2
397309|Pitta moluccensis	C24_tetrahydroxy	1
397309|Pitta moluccensis	C24_trihydroxy	14
39777|Veillonella atypica	C24_nonhydroxy	1
39778|Veillonella dispar	C24_trihydroxy	1
39789|Ciconia abdimii	C24_dihydroxy	28
39789|Ciconia abdimii	C24_monohydroxy	1
39789|Ciconia abdimii	C24_tetrahydroxy	11
39789|Ciconia abdimii	C24_trihydroxy	28
3983|Manihot esculenta	C24_trihydroxy	1
401524|Cyrtodactylus pulchellus	C24_dihydroxy	13
401524|Cyrtodactylus pulchellus	C24_monohydroxy	2
401524|Cyrtodactylus pulchellus	C24_tetrahydroxy	9
401524|Cyrtodactylus pulchellus	C24_trihydroxy	31
401535|Stenodactylus petrii	C24_dihydroxy	4
401535|Stenodactylus petrii	C24_tetrahydroxy	2
401535|Stenodactylus petrii	C24_trihydroxy	5
401638|Paenibacillus taiwanensis	C24_nonhydroxy	6
401638|Paenibacillus taiwanensis	C24_pentahydroxy	2
40172|Cichla	C24_dihydroxy	9
40172|Cichla	C24_monohydroxy	1
40172|Cichla	C24_tetrahydroxy	3
40172|Cichla	C24_trihydroxy	20
40180|Alectoris melanocephala	C24_dihydroxy	13
40180|Alectoris melanocephala	C24_monohydroxy	3
40180|Alectoris melanocephala	C24_trihydroxy	16
40181|Alectoris philbyi	C24_dihydroxy	63
40181|Alectoris philbyi	C24_monohydroxy	15
40181|Alectoris philbyi	C24_tetrahydroxy	18
40181|Alectoris philbyi	C24_trihydroxy	43
4019|Tropaeolum	C24_trihydroxy	1
402375|Uroplatus fimbriatus	C24_dihydroxy	11
402375|Uroplatus fimbriatus	C24_monohydroxy	1
402375|Uroplatus fimbriatus	C24_tetrahydroxy	9
402375|Uroplatus fimbriatus	C24_trihydroxy	23
402378|Uroplatus lineatus	C24_dihydroxy	2
402378|Uroplatus lineatus	C24_tetrahydroxy	18
402378|Uroplatus lineatus	C24_trihydroxy	30
402381|Uroplatus phantasticus	C24_dihydroxy	7
402381|Uroplatus phantasticus	C24_tetrahydroxy	4
402381|Uroplatus phantasticus	C24_trihydroxy	21
40250|Saara hardwickii	C24_dihydroxy	8
40250|Saara hardwickii	C24_tetrahydroxy	1
40250|Saara hardwickii	C24_trihydroxy	20
4030|Pelargonium	C24_pentahydroxy	1
4030|Pelargonium	C24_tetrahydroxy	1
40318|Streptomyces nodosus	C24_dihydroxy	2
40318|Streptomyces nodosus	C24_pentahydroxy	2
40318|Streptomyces nodosus	C24_tetrahydroxy	2
40322|Eulemur fulvus fulvus	C24_dihydroxy	13
40322|Eulemur fulvus fulvus	C24_monohydroxy	10
40322|Eulemur fulvus fulvus	C24_trihydroxy	6
40324|Stenotrophomonas maltophilia	C24_trihydroxy	3
40353|Echis carinatus	C24_dihydroxy	6
40353|Echis carinatus	C24_pentahydroxy	1
40353|Echis carinatus	C24_tetrahydroxy	9
40353|Echis carinatus	C24_trihydroxy	23
403673|Batrachochytrium dendrobatidis JEL423	C24_trihydroxy	8
4039|Daucus carota	C24_dihydroxy	4
4039|Daucus carota	C24_monohydroxy	19
4039|Daucus carota	C24_pentahydroxy	6
4039|Daucus carota	C24_trihydroxy	5
4042|Petroselinum	C24_tetrahydroxy	1
4042|Petroselinum	C24_trihydroxy	2
4043|Petroselinum crispum	C24_monohydroxy	2
4044|Apium	C24_pentahydroxy	1
40457|Fistulina hepatica	C24_monohydroxy	1
4046|Coriandrum	C24_trihydroxy	1
40520|Blautia obeum	C24_trihydroxy	1
40559|Botrytis cinerea	C24_monohydroxy	1
40571|Lentzea albidocapillata	C24_monohydroxy	2
4057|Catharanthus	C24_pentahydroxy	46
4058|Catharanthus roseus	C24_pentahydroxy	1
405907|Cantharellus californicus	C24_monohydroxy	1
4071|Capsicum	C24_trihydroxy	4
4072|Capsicum annuum	C24_monohydroxy	7
4072|Capsicum annuum	C24_trihydroxy	369
4081|Solanum lycopersicum	C24_nonhydroxy	2
4081|Solanum lycopersicum	C24_trihydroxy	516
40830|Barbus barbus	C24_dihydroxy	9
40830|Barbus barbus	C24_trihydroxy	6
40833|Bucephala islandica	C24_dihydroxy	40
40833|Bucephala islandica	C24_monohydroxy	4
40833|Bucephala islandica	C24_tetrahydroxy	40
40833|Bucephala islandica	C24_trihydroxy	44
40922|Anethum graveolens	C24_trihydroxy	1
409288|Oriolus chinensis	C24_tetrahydroxy	2
409288|Oriolus chinensis	C24_trihydroxy	3
409609|Giraffa reticulata	C24_dihydroxy	6
409609|Giraffa reticulata	C24_tetrahydroxy	8
409609|Giraffa reticulata	C24_trihydroxy	10
4097|Nicotiana tabacum	C24_dihydroxy	6
4097|Nicotiana tabacum	C24_monohydroxy	7
4097|Nicotiana tabacum	C24_pentahydroxy	102
4097|Nicotiana tabacum	C24_tetrahydroxy	268
4097|Nicotiana tabacum	C24_trihydroxy	125
4111|Solanum melongena	C24_tetrahydroxy	1
411459|Blautia obeum ATCC 29174	C24_dihydroxy	12
411459|Blautia obeum ATCC 29174	C24_trihydroxy	30
411468|[Clostridium] scindens ATCC 35704	C24_dihydroxy	13
411468|[Clostridium] scindens ATCC 35704	C24_monohydroxy	2
411468|[Clostridium] scindens ATCC 35704	C24_tetrahydroxy	4
411468|[Clostridium] scindens ATCC 35704	C24_trihydroxy	14
411469|Anaerobutyricum hallii DSM 3353	C24_dihydroxy	2
411469|Anaerobutyricum hallii DSM 3353	C24_trihydroxy	30
411470|Mediterraneibacter gnavus ATCC 29149	C24_dihydroxy	14
411470|Mediterraneibacter gnavus ATCC 29149	C24_trihydroxy	10
411476|Bacteroides ovatus ATCC 8483	C24_dihydroxy	10
411476|Bacteroides ovatus ATCC 8483	C24_tetrahydroxy	3
411476|Bacteroides ovatus ATCC 8483	C24_trihydroxy	14
411481|Bifidobacterium adolescentis L2-32	C24_dihydroxy	46
411481|Bifidobacterium adolescentis L2-32	C24_tetrahydroxy	2
411481|Bifidobacterium adolescentis L2-32	C24_trihydroxy	18
4119|Ipomoea	C24_pentahydroxy	1
4119|Ipomoea	C24_tetrahydroxy	1
41200|Bifidobacterium sp.	C24_dihydroxy	28
41200|Bifidobacterium sp.	C24_tetrahydroxy	1
41200|Bifidobacterium sp.	C24_trihydroxy	6
41228|Plectranthus barbatus	C24_monohydroxy	3
41228|Plectranthus barbatus	C24_trihydroxy	11
412384|Priestia aryabhattai	C24_dihydroxy	18
412384|Priestia aryabhattai	C24_monohydroxy	4
412384|Priestia aryabhattai	C24_tetrahydroxy	4
412384|Priestia aryabhattai	C24_trihydroxy	10
41241|Rumex acetosa	C24_dihydroxy	6
41241|Rumex acetosa	C24_monohydroxy	22
41241|Rumex acetosa	C24_trihydroxy	5
413582|Notamacropus parma	C24_dihydroxy	23
413582|Notamacropus parma	C24_monohydroxy	9
413582|Notamacropus parma	C24_tetrahydroxy	6
413582|Notamacropus parma	C24_trihydroxy	20
41426|Phacochoerus africanus	C24_dihydroxy	54
41426|Phacochoerus africanus	C24_monohydroxy	9
41426|Phacochoerus africanus	C24_tetrahydroxy	9
41426|Phacochoerus africanus	C24_trihydroxy	46
414892|Lonchura punctulata	C24_dihydroxy	8
414892|Lonchura punctulata	C24_tetrahydroxy	2
414892|Lonchura punctulata	C24_trihydroxy	12
414897|Erythrura hyperythra	C24_dihydroxy	4
414897|Erythrura hyperythra	C24_trihydroxy	5
41492|Bellis perennis	C24_dihydroxy	3
41492|Bellis perennis	C24_monohydroxy	22
41492|Bellis perennis	C24_trihydroxy	6
415020|Chiroxiphia linearis	C24_dihydroxy	9
415020|Chiroxiphia linearis	C24_trihydroxy	8
415978|Sus scrofa scrofa	C24_dihydroxy	59
415978|Sus scrofa scrofa	C24_monohydroxy	5
415978|Sus scrofa scrofa	C24_tetrahydroxy	4
415978|Sus scrofa scrofa	C24_trihydroxy	57
416102|Cissus rotundifolia	C24_nonhydroxy	1
41653|Tragopogon pratensis	C24_dihydroxy	3
41653|Tragopogon pratensis	C24_monohydroxy	13
41653|Tragopogon pratensis	C24_trihydroxy	1
41691|Cygnus melancoryphus	C24_dihydroxy	71
41691|Cygnus melancoryphus	C24_monohydroxy	13
41691|Cygnus melancoryphus	C24_tetrahydroxy	19
41691|Cygnus melancoryphus	C24_trihydroxy	58
41776|Nandina domestica	C24_tetrahydroxy	1
41776|Nandina domestica	C24_trihydroxy	2
4182|Sesamum indicum	C24_trihydroxy	2
420544|Dracaena	C24_dihydroxy	14
420544|Dracaena	C24_monohydroxy	2
420544|Dracaena	C24_tetrahydroxy	14
420544|Dracaena	C24_trihydroxy	40
42152|Dasyprocta leporina	C24_dihydroxy	84
42152|Dasyprocta leporina	C24_monohydroxy	8
42152|Dasyprocta leporina	C24_tetrahydroxy	9
42152|Dasyprocta leporina	C24_trihydroxy	88
42237|Streptomyces eurythermus	C24_dihydroxy	2
42237|Streptomyces eurythermus	C24_monohydroxy	6
42237|Streptomyces eurythermus	C24_trihydroxy	2
42238|Streptomyces neyagawaensis	C24_dihydroxy	22
42238|Streptomyces neyagawaensis	C24_trihydroxy	10
423460|Basidiobolus meristosporus	C24_dihydroxy	562
423460|Basidiobolus meristosporus	C24_tetrahydroxy	42
423460|Basidiobolus meristosporus	C24_trihydroxy	593
4235|Lactuca	C24_dihydroxy	2
4236|Lactuca sativa	C24_dihydroxy	1
424585|Ailurus styani	C24_dihydroxy	8
424585|Ailurus styani	C24_tetrahydroxy	6
424585|Ailurus styani	C24_trihydroxy	24
424797|Nocardioides terrigena	C24_dihydroxy	1
425371|Threskiornis melanocephalus	C24_dihydroxy	18
425371|Threskiornis melanocephalus	C24_monohydroxy	3
425371|Threskiornis melanocephalus	C24_tetrahydroxy	6
425371|Threskiornis melanocephalus	C24_trihydroxy	18
425641|Hydroprogne caspia	C24_dihydroxy	16
425641|Hydroprogne caspia	C24_pentahydroxy	2
425641|Hydroprogne caspia	C24_tetrahydroxy	12
425641|Hydroprogne caspia	C24_trihydroxy	16
425648|Onychoprion fuscatus	C24_dihydroxy	29
425648|Onychoprion fuscatus	C24_monohydroxy	3
425648|Onychoprion fuscatus	C24_tetrahydroxy	7
425648|Onychoprion fuscatus	C24_trihydroxy	14
426098|Eutrigla gurnardus	C24_dihydroxy	12
426098|Eutrigla gurnardus	C24_monohydroxy	1
426098|Eutrigla gurnardus	C24_pentahydroxy	3
426098|Eutrigla gurnardus	C24_tetrahydroxy	12
426098|Eutrigla gurnardus	C24_trihydroxy	33
42757|Necturus maculosus	C24_dihydroxy	3
42757|Necturus maculosus	C24_tetrahydroxy	1
42757|Necturus maculosus	C24_trihydroxy	11
43147|Aotus lemurinus	C24_dihydroxy	20
43147|Aotus lemurinus	C24_monohydroxy	7
43147|Aotus lemurinus	C24_tetrahydroxy	5
43147|Aotus lemurinus	C24_trihydroxy	22
43161|Melidectes belfordi	C24_dihydroxy	11
43161|Melidectes belfordi	C24_monohydroxy	1
43161|Melidectes belfordi	C24_tetrahydroxy	11
43161|Melidectes belfordi	C24_trihydroxy	18
43179|Ictidomys tridecemlineatus	C24_dihydroxy	29
43179|Ictidomys tridecemlineatus	C24_monohydroxy	5
43179|Ictidomys tridecemlineatus	C24_pentahydroxy	2
43179|Ictidomys tridecemlineatus	C24_tetrahydroxy	10
43179|Ictidomys tridecemlineatus	C24_trihydroxy	29
43311|Fratercula cirrhata	C24_dihydroxy	44
43311|Fratercula cirrhata	C24_monohydroxy	12
43311|Fratercula cirrhata	C24_pentahydroxy	2
43311|Fratercula cirrhata	C24_tetrahydroxy	60
43311|Fratercula cirrhata	C24_trihydroxy	134
43316|Glareola pratincola	C24_dihydroxy	2
43316|Glareola pratincola	C24_tetrahydroxy	2
43316|Glareola pratincola	C24_trihydroxy	3
43328|Rucervus duvaucelii	C24_dihydroxy	11
43328|Rucervus duvaucelii	C24_tetrahydroxy	1
43328|Rucervus duvaucelii	C24_trihydroxy	13
43332|Elaphurus davidianus	C24_dihydroxy	12
43332|Elaphurus davidianus	C24_tetrahydroxy	1
43332|Elaphurus davidianus	C24_trihydroxy	25
43334|Mazama americana	C24_dihydroxy	11
43334|Mazama americana	C24_tetrahydroxy	4
43334|Mazama americana	C24_trihydroxy	14
43347|Bison bison athabascae	C24_dihydroxy	18
43347|Bison bison athabascae	C24_monohydroxy	6
43347|Bison bison athabascae	C24_tetrahydroxy	10
43347|Bison bison athabascae	C24_trihydroxy	35
43354|Prauserella rugosa	C24_pentahydroxy	16
43466|Circus cyaneus	C24_dihydroxy	42
43466|Circus cyaneus	C24_monohydroxy	3
43466|Circus cyaneus	C24_tetrahydroxy	11
43466|Circus cyaneus	C24_trihydroxy	23
43490|Gyps africanus	C24_dihydroxy	68
43490|Gyps africanus	C24_monohydroxy	6
43490|Gyps africanus	C24_pentahydroxy	1
43490|Gyps africanus	C24_tetrahydroxy	58
43490|Gyps africanus	C24_trihydroxy	118
43522|Morinda citrifolia	C24_tetrahydroxy	2
435590|Phocaeicola vulgatus ATCC 8482	C24_dihydroxy	14
435590|Phocaeicola vulgatus ATCC 8482	C24_trihydroxy	38
435591|Parabacteroides distasonis ATCC 8503	C24_dihydroxy	4
435591|Parabacteroides distasonis ATCC 8503	C24_trihydroxy	32
435638|Phoenicopterus roseus	C24_dihydroxy	29
435638|Phoenicopterus roseus	C24_monohydroxy	2
435638|Phoenicopterus roseus	C24_tetrahydroxy	2
435638|Phoenicopterus roseus	C24_trihydroxy	13
435830|Actinomyces graevenitzii C83	C24_dihydroxy	1
435832|Neisseria mucosa C102	C24_dihydroxy	10
435832|Neisseria mucosa C102	C24_monohydroxy	2
435832|Neisseria mucosa C102	C24_trihydroxy	8
43583|Sarcoramphus papa	C24_dihydroxy	48
43583|Sarcoramphus papa	C24_monohydroxy	20
43583|Sarcoramphus papa	C24_pentahydroxy	2
43583|Sarcoramphus papa	C24_tetrahydroxy	22
43583|Sarcoramphus papa	C24_trihydroxy	50
435842|Streptococcus sp. C150	C24_dihydroxy	1
43591|Crotaphytus collaris	C24_dihydroxy	8
43591|Crotaphytus collaris	C24_tetrahydroxy	4
43591|Crotaphytus collaris	C24_trihydroxy	9
43656|Pseudoalteromonas denitrificans	C24_dihydroxy	4
43656|Pseudoalteromonas denitrificans	C24_monohydroxy	14
43656|Pseudoalteromonas denitrificans	C24_trihydroxy	2
437162|Eunicea flexuosa	C24_tetrahydroxy	2
437646|Varanus beccarii	C24_dihydroxy	2
437646|Varanus beccarii	C24_tetrahydroxy	1
437646|Varanus beccarii	C24_trihydroxy	2
43777|Pithecia pithecia	C24_dihydroxy	12
43777|Pithecia pithecia	C24_tetrahydroxy	2
43777|Pithecia pithecia	C24_trihydroxy	9
440359|Campanula patula	C24_dihydroxy	1
440359|Campanula patula	C24_monohydroxy	10
440359|Campanula patula	C24_trihydroxy	3
441706|Ploceus castaneiceps	C24_dihydroxy	19
441706|Ploceus castaneiceps	C24_tetrahydroxy	9
441706|Ploceus castaneiceps	C24_trihydroxy	31
441894|Struthio camelus australis	C24_dihydroxy	47
441894|Struthio camelus australis	C24_monohydroxy	9
441894|Struthio camelus australis	C24_pentahydroxy	1
441894|Struthio camelus australis	C24_tetrahydroxy	10
441894|Struthio camelus australis	C24_trihydroxy	35
44250|Paenibacillus alvei	C24_pentahydroxy	1
444138|Ducula rufigaster	C24_dihydroxy	115
444138|Ducula rufigaster	C24_monohydroxy	8
444138|Ducula rufigaster	C24_tetrahydroxy	16
444138|Ducula rufigaster	C24_trihydroxy	117
444147|Ptilinopus pulchellus	C24_dihydroxy	33
444147|Ptilinopus pulchellus	C24_tetrahydroxy	3
444147|Ptilinopus pulchellus	C24_trihydroxy	15
4441|Camellia	C24_trihydroxy	4
4442|Camellia sinensis	C24_nonhydroxy	44
4442|Camellia sinensis	C24_pentahydroxy	38
4442|Camellia sinensis	C24_tetrahydroxy	2
4443|Camellia japonica	C24_trihydroxy	1
44489|Carettochelys insculpta	C24_dihydroxy	29
44489|Carettochelys insculpta	C24_monohydroxy	10
44489|Carettochelys insculpta	C24_trihydroxy	12
447135|Myodes glareolus	C24_dihydroxy	1786
447135|Myodes glareolus	C24_monohydroxy	454
447135|Myodes glareolus	C24_nonhydroxy	22
447135|Myodes glareolus	C24_pentahydroxy	18
447135|Myodes glareolus	C24_tetrahydroxy	458
447135|Myodes glareolus	C24_trihydroxy	1596
44725|Bothriechis schlegelii	C24_dihydroxy	18
44725|Bothriechis schlegelii	C24_tetrahydroxy	12
44725|Bothriechis schlegelii	C24_trihydroxy	55
447332|Phelsuma flavigularis	C24_dihydroxy	7
447332|Phelsuma flavigularis	C24_tetrahydroxy	2
447332|Phelsuma flavigularis	C24_trihydroxy	10
4496|Avena	C24_dihydroxy	2
4496|Avena	C24_monohydroxy	2
44987|Bowiea volubilis	C24_trihydroxy	3
450748|Propionibacterium sp. 5_U_42AFAA	C24_dihydroxy	30
450748|Propionibacterium sp. 5_U_42AFAA	C24_tetrahydroxy	1
450748|Propionibacterium sp. 5_U_42AFAA	C24_trihydroxy	9
4509|Dactylis glomerata	C24_dihydroxy	3
4509|Dactylis glomerata	C24_monohydroxy	23
4509|Dactylis glomerata	C24_tetrahydroxy	2
4509|Dactylis glomerata	C24_trihydroxy	3
451401|Lamprotornis hildebrandti	C24_dihydroxy	8
451401|Lamprotornis hildebrandti	C24_monohydroxy	1
451401|Lamprotornis hildebrandti	C24_tetrahydroxy	8
451401|Lamprotornis hildebrandti	C24_trihydroxy	5
451430|Basilornis celebensis	C24_dihydroxy	17
451430|Basilornis celebensis	C24_tetrahydroxy	6
451430|Basilornis celebensis	C24_trihydroxy	12
451441|Grafisia torquata	C24_dihydroxy	11
451441|Grafisia torquata	C24_trihydroxy	6
4521|Lolium multiflorum	C24_pentahydroxy	1
4521|Lolium multiflorum	C24_tetrahydroxy	143
452597|Aonyx cinereus	C24_dihydroxy	42
452597|Aonyx cinereus	C24_monohydroxy	1
452597|Aonyx cinereus	C24_pentahydroxy	6
452597|Aonyx cinereus	C24_tetrahydroxy	21
452597|Aonyx cinereus	C24_trihydroxy	69
452641|Hydrictis maculicollis	C24_dihydroxy	4
452641|Hydrictis maculicollis	C24_tetrahydroxy	4
452641|Hydrictis maculicollis	C24_trihydroxy	24
45384|Porichthys notatus	C24_dihydroxy	8
45384|Porichthys notatus	C24_tetrahydroxy	8
45384|Porichthys notatus	C24_trihydroxy	25
454154|Paraprevotella clara	C24_dihydroxy	10
454154|Paraprevotella clara	C24_trihydroxy	8
454155|Paraprevotella xylaniphila	C24_dihydroxy	9
454155|Paraprevotella xylaniphila	C24_trihydroxy	11
45478|Cynomys	C24_dihydroxy	11
45478|Cynomys	C24_monohydroxy	2
45478|Cynomys	C24_tetrahydroxy	10
45478|Cynomys	C24_trihydroxy	15
454933|Jatropha podagrica	C24_monohydroxy	3
454933|Jatropha podagrica	C24_pentahydroxy	2
4549|Secale	C24_dihydroxy	2
45639|Tadorna ferruginea	C24_dihydroxy	22
45639|Tadorna ferruginea	C24_monohydroxy	6
45639|Tadorna ferruginea	C24_tetrahydroxy	5
45639|Tadorna ferruginea	C24_trihydroxy	18
45646|Malacorhynchus membranaceus	C24_dihydroxy	32
45646|Malacorhynchus membranaceus	C24_monohydroxy	7
45646|Malacorhynchus membranaceus	C24_tetrahydroxy	5
45646|Malacorhynchus membranaceus	C24_trihydroxy	20
457325|Merops persicus	C24_dihydroxy	1
457325|Merops persicus	C24_tetrahydroxy	2
457393|Bacteroides sp. 4_1_36	C24_dihydroxy	27
457393|Bacteroides sp. 4_1_36	C24_tetrahydroxy	1
457393|Bacteroides sp. 4_1_36	C24_trihydroxy	4
457395|Bacteroides sp. 9_1_42FAA	C24_dihydroxy	23
457395|Bacteroides sp. 9_1_42FAA	C24_tetrahydroxy	1
457395|Bacteroides sp. 9_1_42FAA	C24_trihydroxy	3
457396|Clostridium sp. 7_2_43FAA	C24_dihydroxy	28
457396|Clostridium sp. 7_2_43FAA	C24_trihydroxy	7
457404|Fusobacterium ulcerans 12-1B	C24_dihydroxy	35
457404|Fusobacterium ulcerans 12-1B	C24_tetrahydroxy	30
457404|Fusobacterium ulcerans 12-1B	C24_trihydroxy	7
457408|Phascolarctobacterium sp. 3_1syn4	C24_dihydroxy	29
457408|Phascolarctobacterium sp. 3_1syn4	C24_trihydroxy	5
457416|Veillonella sp. 3_1_44	C24_dihydroxy	32
457416|Veillonella sp. 3_1_44	C24_trihydroxy	7
457424|Bacteroides fragilis 3_1_12	C24_dihydroxy	25
457424|Bacteroides fragilis 3_1_12	C24_tetrahydroxy	15
457424|Bacteroides fragilis 3_1_12	C24_trihydroxy	7
4575|Zea	C24_trihydroxy	11
4577|Zea mays	C24_monohydroxy	2
4577|Zea mays	C24_pentahydroxy	1
457830|Lyrodus pedicellatus	C24_monohydroxy	8
458197|Serratia nematodiphila	C24_dihydroxy	5
458197|Serratia nematodiphila	C24_monohydroxy	6
45843|Solanum betaceum	C24_monohydroxy	2
459747|Acanthurus leucosternon	C24_dihydroxy	22
459747|Acanthurus leucosternon	C24_monohydroxy	1
459747|Acanthurus leucosternon	C24_trihydroxy	7
4608|Festuca pratensis	C24_monohydroxy	14
4608|Festuca pratensis	C24_tetrahydroxy	1
4608|Festuca pratensis	C24_trihydroxy	6
46112|Celosia argentea	C24_pentahydroxy	1
46112|Celosia argentea	C24_tetrahydroxy	131
461326|Aspidites ramsayi	C24_dihydroxy	2
461326|Aspidites ramsayi	C24_tetrahydroxy	5
461326|Aspidites ramsayi	C24_trihydroxy	13
461330|Python brongersmai	C24_dihydroxy	3
461330|Python brongersmai	C24_pentahydroxy	2
461330|Python brongersmai	C24_tetrahydroxy	8
461330|Python brongersmai	C24_trihydroxy	23
4614|Ananas	C24_nonhydroxy	2
46167|Steno bredanensis	C24_dihydroxy	8
46167|Steno bredanensis	C24_tetrahydroxy	7
46167|Steno bredanensis	C24_trihydroxy	16
46171|Nonomuraea africana	C24_monohydroxy	10
46195|Brachylophus fasciatus	C24_dihydroxy	11
46195|Brachylophus fasciatus	C24_monohydroxy	2
46195|Brachylophus fasciatus	C24_tetrahydroxy	5
46195|Brachylophus fasciatus	C24_trihydroxy	34
46218|Excalfactoria chinensis	C24_dihydroxy	20
46218|Excalfactoria chinensis	C24_monohydroxy	4
46218|Excalfactoria chinensis	C24_tetrahydroxy	5
46218|Excalfactoria chinensis	C24_trihydroxy	11
462386|Arnoglossum plantagineum	C24_tetrahydroxy	40
462386|Arnoglossum plantagineum	C24_trihydroxy	1
46286|Boiga dendrophila	C24_dihydroxy	24
46286|Boiga dendrophila	C24_monohydroxy	2
46286|Boiga dendrophila	C24_tetrahydroxy	17
46286|Boiga dendrophila	C24_trihydroxy	64
4628|Canna indica	C24_tetrahydroxy	2
46295|Dispholidus typus	C24_dihydroxy	7
46295|Dispholidus typus	C24_pentahydroxy	2
46295|Dispholidus typus	C24_tetrahydroxy	20
46295|Dispholidus typus	C24_trihydroxy	48
4639|Ensete ventricosum	C24_monohydroxy	1
4640|Musa	C24_nonhydroxy	2
46612|Carcharhinus leucas	C24_dihydroxy	3
46612|Carcharhinus leucas	C24_trihydroxy	3
466541|Caloperdix oculeus	C24_dihydroxy	56
466541|Caloperdix oculeus	C24_monohydroxy	8
466541|Caloperdix oculeus	C24_tetrahydroxy	9
466541|Caloperdix oculeus	C24_trihydroxy	37
4665|Strelitzia	C24_nonhydroxy	2
469588|Bacteroides sp. 2_1_22	C24_dihydroxy	23
469588|Bacteroides sp. 2_1_22	C24_tetrahydroxy	15
469588|Bacteroides sp. 2_1_22	C24_trihydroxy	4
469597|Coprobacillus sp. 8_2_54BFAA	C24_dihydroxy	31
469597|Coprobacillus sp. 8_2_54BFAA	C24_trihydroxy	8
469599|Fusobacterium periodonticum 2_1_31	C24_dihydroxy	1
469599|Fusobacterium periodonticum 2_1_31	C24_trihydroxy	1
46961|Jeffersonia diphylla	C24_pentahydroxy	7
46961|Jeffersonia diphylla	C24_tetrahydroxy	68
46961|Jeffersonia diphylla	C24_trihydroxy	2
46970|Thalictrum dioicum	C24_dihydroxy	71
46970|Thalictrum dioicum	C24_monohydroxy	13
46970|Thalictrum dioicum	C24_nonhydroxy	2
46970|Thalictrum dioicum	C24_trihydroxy	207
47083|Melilotus officinalis	C24_pentahydroxy	7
47083|Melilotus officinalis	C24_tetrahydroxy	119
47085|Medicago lupulina	C24_dihydroxy	2
47085|Medicago lupulina	C24_monohydroxy	21
47085|Medicago lupulina	C24_trihydroxy	6
471126|Columba leucomela	C24_dihydroxy	9
471126|Columba leucomela	C24_trihydroxy	6
471140|Reinwardtoena reinwardtii	C24_dihydroxy	2
471140|Reinwardtoena reinwardtii	C24_trihydroxy	2
471713|Lophochroa leadbeateri	C24_dihydroxy	14
471713|Lophochroa leadbeateri	C24_tetrahydroxy	6
471713|Lophochroa leadbeateri	C24_trihydroxy	18
47178|Eulemur fulvus collaris	C24_dihydroxy	13
47178|Eulemur fulvus collaris	C24_monohydroxy	5
47178|Eulemur fulvus collaris	C24_tetrahydroxy	1
47178|Eulemur fulvus collaris	C24_trihydroxy	14
47180|Mirza coquereli	C24_dihydroxy	19
47180|Mirza coquereli	C24_tetrahydroxy	5
47180|Mirza coquereli	C24_trihydroxy	21
471862|Sternula antillarum	C24_dihydroxy	5
471862|Sternula antillarum	C24_trihydroxy	3
471871|Clostridium sporogenes ATCC 15579	C24_dihydroxy	10
471871|Clostridium sporogenes ATCC 15579	C24_trihydroxy	10
4719|Phoenix	C24_nonhydroxy	1
47245|Zenaida macroura	C24_dihydroxy	15
47245|Zenaida macroura	C24_trihydroxy	6
47247|Lotus corniculatus	C24_dihydroxy	85
47247|Lotus corniculatus	C24_monohydroxy	498
47247|Lotus corniculatus	C24_nonhydroxy	2
47247|Lotus corniculatus	C24_tetrahydroxy	16
47247|Lotus corniculatus	C24_trihydroxy	28
472919|Rhodopis vesper	C24_dihydroxy	10
472919|Rhodopis vesper	C24_monohydroxy	2
472919|Rhodopis vesper	C24_pentahydroxy	1
472919|Rhodopis vesper	C24_tetrahydroxy	9
472919|Rhodopis vesper	C24_trihydroxy	8
473045|Hypericum kalmianum	C24_pentahydroxy	2
473045|Hypericum kalmianum	C24_tetrahydroxy	90
473454|Gymnothorax favagineus	C24_dihydroxy	10
473454|Gymnothorax favagineus	C24_tetrahydroxy	10
473454|Gymnothorax favagineus	C24_trihydroxy	25
47346|Cortinarius cinnamomeus	C24_tetrahydroxy	1
4741|Tradescantia	C24_pentahydroxy	2
4751|Fungi	C24_dihydroxy	24
4751|Fungi	C24_monohydroxy	35
4751|Fungi	C24_pentahydroxy	5
4751|Fungi	C24_tetrahydroxy	20
4751|Fungi	C24_trihydroxy	218
476944|Miconia hispidula	C24_monohydroxy	6
47760|Streptomyces aurantiacus	C24_tetrahydroxy	6
47760|Streptomyces aurantiacus	C24_trihydroxy	4
47763|Streptomyces lydicus	C24_trihydroxy	8
47850|Micromonospora aurantiaca	C24_dihydroxy	12
47850|Micromonospora aurantiaca	C24_monohydroxy	5
47850|Micromonospora aurantiaca	C24_tetrahydroxy	16
47850|Micromonospora aurantiaca	C24_trihydroxy	19
47855|Micromonospora citrea	C24_monohydroxy	4
47857|Micromonospora echinaurantiaca	C24_monohydroxy	6
47860|Micromonospora fulviviridis	C24_monohydroxy	4
47863|Micromonospora globosa	C24_monohydroxy	4
47878|Pseudomonas azotoformans	C24_monohydroxy	1
47969|Oreochromis aureus	C24_dihydroxy	2
47969|Oreochromis aureus	C24_tetrahydroxy	5
47969|Oreochromis aureus	C24_trihydroxy	23
47981|Plexaura	C24_monohydroxy	2
47981|Plexaura	C24_tetrahydroxy	12
479978|Micromonospora tulbaghiae	C24_dihydroxy	47
479978|Micromonospora tulbaghiae	C24_monohydroxy	8
479978|Micromonospora tulbaghiae	C24_pentahydroxy	3
479978|Micromonospora tulbaghiae	C24_tetrahydroxy	45
479978|Micromonospora tulbaghiae	C24_trihydroxy	65
48027|Anthriscus sylvestris	C24_dihydroxy	2
48027|Anthriscus sylvestris	C24_monohydroxy	10
48027|Anthriscus sylvestris	C24_trihydroxy	3
480298|Rhinecanthus verrucosus	C24_trihydroxy	2
48032|Carum carvi	C24_dihydroxy	1
48032|Carum carvi	C24_monohydroxy	11
48032|Carum carvi	C24_trihydroxy	4
48193|Mugil cephalus	C24_dihydroxy	27
48193|Mugil cephalus	C24_monohydroxy	1
48193|Mugil cephalus	C24_tetrahydroxy	3
48193|Mugil cephalus	C24_trihydroxy	19
482937|Euonymus atropurpureus	C24_trihydroxy	1
483217|Phocaeicola dorei DSM 17855	C24_dihydroxy	11
483217|Phocaeicola dorei DSM 17855	C24_trihydroxy	10
48399|Crocodylus acutus	C24_trihydroxy	1
48565|Suillus brevipes	C24_pentahydroxy	1
487788|Geranium pratense	C24_dihydroxy	79
487788|Geranium pratense	C24_monohydroxy	510
487788|Geranium pratense	C24_nonhydroxy	2
487788|Geranium pratense	C24_tetrahydroxy	7
487788|Geranium pratense	C24_trihydroxy	32
48850|Tamandua tetradactyla	C24_dihydroxy	37
48850|Tamandua tetradactyla	C24_monohydroxy	7
48850|Tamandua tetradactyla	C24_tetrahydroxy	14
48850|Tamandua tetradactyla	C24_trihydroxy	36
489916|Rhodococcus cercidiphylli	C24_dihydroxy	17
489916|Rhodococcus cercidiphylli	C24_monohydroxy	3
489916|Rhodococcus cercidiphylli	C24_nonhydroxy	1
489916|Rhodococcus cercidiphylli	C24_tetrahydroxy	10
489916|Rhodococcus cercidiphylli	C24_trihydroxy	15
490279|Pterois lunulata	C24_dihydroxy	9
490279|Pterois lunulata	C24_monohydroxy	1
490279|Pterois lunulata	C24_tetrahydroxy	3
490279|Pterois lunulata	C24_trihydroxy	8
491074|Enterococcus faecalis TX0104	C24_dihydroxy	10
491074|Enterococcus faecalis TX0104	C24_trihydroxy	11
492670|Bacillus velezensis	C24_dihydroxy	31
492670|Bacillus velezensis	C24_monohydroxy	7
492670|Bacillus velezensis	C24_tetrahydroxy	14
492670|Bacillus velezensis	C24_trihydroxy	45
4932|Saccharomyces cerevisiae	C24_dihydroxy	397
4932|Saccharomyces cerevisiae	C24_monohydroxy	24
4932|Saccharomyces cerevisiae	C24_nonhydroxy	2
4932|Saccharomyces cerevisiae	C24_tetrahydroxy	25
4932|Saccharomyces cerevisiae	C24_trihydroxy	472
494514|Vulpes lagopus	C24_dihydroxy	8
494514|Vulpes lagopus	C24_monohydroxy	3
494514|Vulpes lagopus	C24_tetrahydroxy	3
494514|Vulpes lagopus	C24_trihydroxy	10
495280|Boletus fibrillosus	C24_tetrahydroxy	1
49577|Hellenia speciosa	C24_monohydroxy	2
495832|Carcharhinus albimarginatus	C24_dihydroxy	3
495832|Carcharhinus albimarginatus	C24_trihydroxy	4
495962|Falco deiroleucus	C24_dihydroxy	9
495962|Falco deiroleucus	C24_trihydroxy	5
496413|Triaenodon obesus	C24_dihydroxy	5
496413|Triaenodon obesus	C24_tetrahydroxy	1
496413|Triaenodon obesus	C24_trihydroxy	7
496808|Ctenosaura pectinata	C24_dihydroxy	10
496808|Ctenosaura pectinata	C24_monohydroxy	1
496808|Ctenosaura pectinata	C24_tetrahydroxy	2
496808|Ctenosaura pectinata	C24_trihydroxy	16
49797|Baptisia tinctoria	C24_pentahydroxy	3
49797|Baptisia tinctoria	C24_trihydroxy	1
49801|Cercis canadensis	C24_pentahydroxy	2
49801|Cercis canadensis	C24_tetrahydroxy	1
498212|Strix seloputo	C24_dihydroxy	25
498212|Strix seloputo	C24_monohydroxy	6
498212|Strix seloputo	C24_pentahydroxy	3
498212|Strix seloputo	C24_tetrahydroxy	15
498212|Strix seloputo	C24_trihydroxy	30
49825|Genista tinctoria	C24_dihydroxy	4
49827|Glycyrrhiza glabra	C24_tetrahydroxy	53
498718|Slackia equolifaciens	C24_dihydroxy	2
498718|Slackia equolifaciens	C24_trihydroxy	16
499170|Boa constrictor occidentalis	C24_dihydroxy	5
499170|Boa constrictor occidentalis	C24_pentahydroxy	1
499170|Boa constrictor occidentalis	C24_tetrahydroxy	10
499170|Boa constrictor occidentalis	C24_trihydroxy	31
49990|Thymus	C24_pentahydroxy	1
49990|Thymus	C24_tetrahydroxy	3
49990|Thymus	C24_trihydroxy	1
500452|Quercus velutina	C24_monohydroxy	3
50046|Geochelone	C24_dihydroxy	2
50046|Geochelone	C24_monohydroxy	4
50046|Geochelone	C24_pentahydroxy	2
50046|Geochelone	C24_tetrahydroxy	14
50046|Geochelone	C24_trihydroxy	14
50047|Chelonoidis carbonarius	C24_dihydroxy	5
50047|Chelonoidis carbonarius	C24_tetrahydroxy	2
50047|Chelonoidis carbonarius	C24_trihydroxy	1
50225|Taraxacum officinale	C24_dihydroxy	86
50225|Taraxacum officinale	C24_monohydroxy	610
50225|Taraxacum officinale	C24_nonhydroxy	3
50225|Taraxacum officinale	C24_tetrahydroxy	11
50225|Taraxacum officinale	C24_trihydroxy	35
50251|Sitta europaea	C24_dihydroxy	7
50251|Sitta europaea	C24_tetrahydroxy	5
50251|Sitta europaea	C24_trihydroxy	4
50252|Sitta frontalis	C24_dihydroxy	8
50252|Sitta frontalis	C24_tetrahydroxy	5
50252|Sitta frontalis	C24_trihydroxy	4
502558|Eggerthella sp. YY7918	C24_dihydroxy	4
502558|Eggerthella sp. YY7918	C24_trihydroxy	14
50347|Cephalophus silvicultor	C24_dihydroxy	12
50347|Cephalophus silvicultor	C24_tetrahydroxy	1
50347|Cephalophus silvicultor	C24_trihydroxy	10
50365|Anser albifrons	C24_dihydroxy	25
50365|Anser albifrons	C24_monohydroxy	3
50365|Anser albifrons	C24_tetrahydroxy	6
50365|Anser albifrons	C24_trihydroxy	23
503984|Cyclopsitta	C24_dihydroxy	10
503984|Cyclopsitta	C24_monohydroxy	1
503984|Cyclopsitta	C24_pentahydroxy	1
503984|Cyclopsitta	C24_tetrahydroxy	8
503984|Cyclopsitta	C24_trihydroxy	21
50403|Vanellus	C24_dihydroxy	8
50403|Vanellus	C24_tetrahydroxy	5
50403|Vanellus	C24_trihydroxy	12
5052|Aspergillus	C24_dihydroxy	237
5052|Aspergillus	C24_monohydroxy	225
5052|Aspergillus	C24_nonhydroxy	97
5052|Aspergillus	C24_pentahydroxy	21
5052|Aspergillus	C24_tetrahydroxy	3
5052|Aspergillus	C24_trihydroxy	10
50595|Spondyliosoma cantharus	C24_dihydroxy	28
50595|Spondyliosoma cantharus	C24_pentahydroxy	3
50595|Spondyliosoma cantharus	C24_tetrahydroxy	14
50595|Spondyliosoma cantharus	C24_trihydroxy	34
5061|Aspergillus niger	C24_trihydroxy	3
50731|Abudefduf saxatilis	C24_dihydroxy	18
50731|Abudefduf saxatilis	C24_monohydroxy	8
50731|Abudefduf saxatilis	C24_tetrahydroxy	3
50731|Abudefduf saxatilis	C24_trihydroxy	24
50790|Dascyllus trimaculatus	C24_dihydroxy	9
50790|Dascyllus trimaculatus	C24_tetrahydroxy	5
50790|Dascyllus trimaculatus	C24_trihydroxy	11
507972|Ptilopsis granti	C24_dihydroxy	24
507972|Ptilopsis granti	C24_monohydroxy	6
507972|Ptilopsis granti	C24_tetrahydroxy	6
507972|Ptilopsis granti	C24_trihydroxy	21
50812|Pseudocrenilabrus multicolor	C24_dihydroxy	34
50812|Pseudocrenilabrus multicolor	C24_monohydroxy	5
50812|Pseudocrenilabrus multicolor	C24_tetrahydroxy	3
50812|Pseudocrenilabrus multicolor	C24_trihydroxy	10
5081|Penicillium sp.	C24_dihydroxy	1
509057|Ovis vignei cycloceros	C24_dihydroxy	27
509057|Ovis vignei cycloceros	C24_monohydroxy	5
509057|Ovis vignei cycloceros	C24_tetrahydroxy	6
509057|Ovis vignei cycloceros	C24_trihydroxy	38
50966|Clitocybe	C24_tetrahydroxy	1
509754|Bathypterois grallator	C24_dihydroxy	9
509754|Bathypterois grallator	C24_tetrahydroxy	2
509754|Bathypterois grallator	C24_trihydroxy	8
51154|Catagonus wagneri	C24_dihydroxy	9
51154|Catagonus wagneri	C24_tetrahydroxy	3
51154|Catagonus wagneri	C24_trihydroxy	7
51201|Streptomyces griseocarneus	C24_dihydroxy	2
51201|Streptomyces griseocarneus	C24_monohydroxy	4
51201|Streptomyces griseocarneus	C24_nonhydroxy	4
51214|Cyclura nubila	C24_dihydroxy	1
51214|Cyclura nubila	C24_pentahydroxy	1
51214|Cyclura nubila	C24_tetrahydroxy	1
51214|Cyclura nubila	C24_trihydroxy	10
51218|Sauromalus	C24_trihydroxy	2
51238|Vanilla	C24_nonhydroxy	2
51239|Vanilla planifolia	C24_pentahydroxy	1
513298|Acridotheres albocinctus	C24_dihydroxy	18
513298|Acridotheres albocinctus	C24_tetrahydroxy	5
513298|Acridotheres albocinctus	C24_trihydroxy	13
513302|Acridotheres burmannicus	C24_dihydroxy	8
513302|Acridotheres burmannicus	C24_tetrahydroxy	3
513302|Acridotheres burmannicus	C24_trihydroxy	3
51338|Castor canadensis	C24_dihydroxy	68
51338|Castor canadensis	C24_monohydroxy	22
51338|Castor canadensis	C24_tetrahydroxy	10
51338|Castor canadensis	C24_trihydroxy	40
51475|Phormium tenax	C24_dihydroxy	3
51475|Phormium tenax	C24_pentahydroxy	3
51475|Phormium tenax	C24_trihydroxy	1
515672|Psephotellus dissimilis	C24_dihydroxy	12
515672|Psephotellus dissimilis	C24_monohydroxy	1
515672|Psephotellus dissimilis	C24_tetrahydroxy	2
515672|Psephotellus dissimilis	C24_trihydroxy	4
51743|Epicrates cenchria	C24_dihydroxy	4
51743|Epicrates cenchria	C24_tetrahydroxy	6
51743|Epicrates cenchria	C24_trihydroxy	28
51750|Python molurus	C24_dihydroxy	5
51750|Python molurus	C24_tetrahydroxy	14
51750|Python molurus	C24_trihydroxy	28
51751|Python regius	C24_dihydroxy	5
51751|Python regius	C24_tetrahydroxy	6
51751|Python regius	C24_trihydroxy	15
51752|Python sebae	C24_dihydroxy	34
51752|Python sebae	C24_monohydroxy	10
51752|Python sebae	C24_pentahydroxy	2
51752|Python sebae	C24_tetrahydroxy	21
51752|Python sebae	C24_trihydroxy	56
51860|Corallus annulatus	C24_dihydroxy	8
51860|Corallus annulatus	C24_tetrahydroxy	10
51860|Corallus annulatus	C24_trihydroxy	17
51861|Corallus caninus	C24_dihydroxy	56
51861|Corallus caninus	C24_monohydroxy	10
51861|Corallus caninus	C24_pentahydroxy	26
51861|Corallus caninus	C24_tetrahydroxy	70
51861|Corallus caninus	C24_trihydroxy	96
518642|Streptomyces nanshensis	C24_dihydroxy	16
518642|Streptomyces nanshensis	C24_monohydroxy	2
518642|Streptomyces nanshensis	C24_trihydroxy	21
51870|Eryx johnii	C24_dihydroxy	8
51870|Eryx johnii	C24_tetrahydroxy	8
51870|Eryx johnii	C24_trihydroxy	27
51875|Eunectes	C24_dihydroxy	6
51875|Eunectes	C24_tetrahydroxy	7
51875|Eunectes	C24_trihydroxy	45
51876|Eunectes murinus	C24_dihydroxy	20
51876|Eunectes murinus	C24_monohydroxy	4
51876|Eunectes murinus	C24_pentahydroxy	14
51876|Eunectes murinus	C24_tetrahydroxy	38
51876|Eunectes murinus	C24_trihydroxy	44
51879|Lichanura trivirgata	C24_dihydroxy	6
51879|Lichanura trivirgata	C24_pentahydroxy	3
51879|Lichanura trivirgata	C24_tetrahydroxy	16
51879|Lichanura trivirgata	C24_trihydroxy	34
51881|Sanzinia madagascariensis	C24_dihydroxy	13
51881|Sanzinia madagascariensis	C24_tetrahydroxy	9
51881|Sanzinia madagascariensis	C24_trihydroxy	41
51888|Antaresia childreni	C24_dihydroxy	12
51888|Antaresia childreni	C24_pentahydroxy	2
51888|Antaresia childreni	C24_tetrahydroxy	22
51888|Antaresia childreni	C24_trihydroxy	31
51896|Morelia spilota	C24_dihydroxy	9
51896|Morelia spilota	C24_pentahydroxy	3
51896|Morelia spilota	C24_tetrahydroxy	25
51896|Morelia spilota	C24_trihydroxy	84
51906|Guaruba guarouba	C24_dihydroxy	14
51906|Guaruba guarouba	C24_tetrahydroxy	2
51906|Guaruba guarouba	C24_trihydroxy	12
51949|Oophaga histrionica	C24_trihydroxy	2
519515|Pithecellobium unguis-cati	C24_dihydroxy	4
520822|Atta colombica	C24_dihydroxy	22
520822|Atta colombica	C24_monohydroxy	40
520822|Atta colombica	C24_nonhydroxy	34
520822|Atta colombica	C24_pentahydroxy	2
520822|Atta colombica	C24_tetrahydroxy	18
520822|Atta colombica	C24_trihydroxy	52
52139|Arrhenatherum elatius	C24_dihydroxy	1
52139|Arrhenatherum elatius	C24_monohydroxy	19
52139|Arrhenatherum elatius	C24_tetrahydroxy	4
52139|Arrhenatherum elatius	C24_trihydroxy	4
52153|Festuca rubra	C24_dihydroxy	89
52153|Festuca rubra	C24_monohydroxy	553
52153|Festuca rubra	C24_nonhydroxy	1
52153|Festuca rubra	C24_trihydroxy	36
52167|Uromastyx acanthinura	C24_dihydroxy	9
52167|Uromastyx acanthinura	C24_tetrahydroxy	4
52167|Uromastyx acanthinura	C24_trihydroxy	19
52176|Mabuya	C24_dihydroxy	5
52176|Mabuya	C24_monohydroxy	1
52176|Mabuya	C24_tetrahydroxy	4
52176|Mabuya	C24_trihydroxy	11
52200|Physignathus cocincinus	C24_dihydroxy	12
52200|Physignathus cocincinus	C24_monohydroxy	2
52200|Physignathus cocincinus	C24_tetrahydroxy	10
52200|Physignathus cocincinus	C24_trihydroxy	24
52201|Pogona	C24_dihydroxy	11
52201|Pogona	C24_monohydroxy	1
52201|Pogona	C24_tetrahydroxy	6
52201|Pogona	C24_trihydroxy	12
52222|Elgaria panamintina	C24_dihydroxy	7
52222|Elgaria panamintina	C24_tetrahydroxy	15
52222|Elgaria panamintina	C24_trihydroxy	20
52224|Shinisaurus crocodilurus	C24_dihydroxy	20
52224|Shinisaurus crocodilurus	C24_tetrahydroxy	22
52224|Shinisaurus crocodilurus	C24_trihydroxy	21
52231|Callithrix geoffroyi	C24_dihydroxy	23
52231|Callithrix geoffroyi	C24_monohydroxy	4
52231|Callithrix geoffroyi	C24_tetrahydroxy	7
52231|Callithrix geoffroyi	C24_trihydroxy	25
52294|Ratibida pinnata	C24_pentahydroxy	1
52294|Ratibida pinnata	C24_tetrahydroxy	3
52294|Ratibida pinnata	C24_trihydroxy	3
525278|Enterococcus faecalis TX1322	C24_trihydroxy	1
525279|Enterococcus faecium TX1330	C24_dihydroxy	8
525279|Enterococcus faecium TX1330	C24_trihydroxy	14
525341|Limosilactobacillus reuteri CF48-3A	C24_dihydroxy	10
525341|Limosilactobacillus reuteri CF48-3A	C24_trihydroxy	12
525377|Staphylococcus lugdunensis M23590	C24_dihydroxy	1
525377|Staphylococcus lugdunensis M23590	C24_trihydroxy	1
52641|Gammarus pulex	C24_dihydroxy	2
52641|Gammarus pulex	C24_trihydroxy	1
52644|Haliaeetus leucocephalus	C24_dihydroxy	18
52644|Haliaeetus leucocephalus	C24_monohydroxy	5
52644|Haliaeetus leucocephalus	C24_tetrahydroxy	11
52644|Haliaeetus leucocephalus	C24_trihydroxy	38
52670|Austrofundulus limnaeus	C24_dihydroxy	7
52670|Austrofundulus limnaeus	C24_tetrahydroxy	5
52670|Austrofundulus limnaeus	C24_trihydroxy	16
52775|Ciconia boyciana	C24_dihydroxy	2
52775|Ciconia boyciana	C24_trihydroxy	5
52776|Ciconia episcopus	C24_dihydroxy	8
52776|Ciconia episcopus	C24_monohydroxy	1
52776|Ciconia episcopus	C24_tetrahydroxy	3
52776|Ciconia episcopus	C24_trihydroxy	7
52777|Ciconia maguari	C24_dihydroxy	8
52777|Ciconia maguari	C24_tetrahydroxy	3
52777|Ciconia maguari	C24_trihydroxy	4
52778|Ciconia stormi	C24_dihydroxy	8
52778|Ciconia stormi	C24_tetrahydroxy	3
52778|Ciconia stormi	C24_trihydroxy	18
52779|Leptoptilos javanicus	C24_dihydroxy	13
52779|Leptoptilos javanicus	C24_monohydroxy	3
52779|Leptoptilos javanicus	C24_tetrahydroxy	7
52779|Leptoptilos javanicus	C24_trihydroxy	26
52780|Mycteria cinerea	C24_dihydroxy	15
52780|Mycteria cinerea	C24_monohydroxy	3
52780|Mycteria cinerea	C24_pentahydroxy	1
52780|Mycteria cinerea	C24_tetrahydroxy	12
52780|Mycteria cinerea	C24_trihydroxy	43
52781|Mycteria leucocephala	C24_dihydroxy	29
52781|Mycteria leucocephala	C24_monohydroxy	3
52781|Mycteria leucocephala	C24_tetrahydroxy	5
52781|Mycteria leucocephala	C24_trihydroxy	14
52785|Ephippiorhynchus senegalensis	C24_dihydroxy	18
52785|Ephippiorhynchus senegalensis	C24_monohydroxy	3
52785|Ephippiorhynchus senegalensis	C24_pentahydroxy	1
52785|Ephippiorhynchus senegalensis	C24_tetrahydroxy	12
52785|Ephippiorhynchus senegalensis	C24_trihydroxy	24
52854|Stapelia	C24_trihydroxy	1
529697|Furina ornata	C24_dihydroxy	14
529697|Furina ornata	C24_pentahydroxy	3
529697|Furina ornata	C24_tetrahydroxy	15
529697|Furina ornata	C24_trihydroxy	47
52999|Calliergonella cuspidata	C24_monohydroxy	2
53005|Brachythecium rutabulum	C24_dihydroxy	3
53005|Brachythecium rutabulum	C24_monohydroxy	4
53178|Teucrium scorodonia	C24_pentahydroxy	2
5323|Pleurotus eryngii	C24_dihydroxy	1
5323|Pleurotus eryngii	C24_trihydroxy	2
53246|Pseudoalteromonas	C24_monohydroxy	48
53246|Pseudoalteromonas	C24_trihydroxy	4965
5325|Trametes versicolor	C24_monohydroxy	1
5325|Trametes versicolor	C24_trihydroxy	1
5331|Bjerkandera adusta	C24_trihydroxy	5
5334|Schizophyllum commune	C24_monohydroxy	1
5334|Schizophyllum commune	C24_trihydroxy	1
53371|Pilimelia anulata	C24_monohydroxy	4
53408|Pseudomonas citronellolis	C24_monohydroxy	1
53446|Streptomyces cinnamoneus	C24_dihydroxy	18
53446|Streptomyces cinnamoneus	C24_monohydroxy	16
53446|Streptomyces cinnamoneus	C24_nonhydroxy	4
53446|Streptomyces cinnamoneus	C24_pentahydroxy	2
53446|Streptomyces cinnamoneus	C24_tetrahydroxy	2
53446|Streptomyces cinnamoneus	C24_trihydroxy	10
53449|Streptomyces intermedius	C24_monohydroxy	1
53451|Streptomyces rutgersensis	C24_dihydroxy	6
53451|Streptomyces rutgersensis	C24_monohydroxy	1
53451|Streptomyces rutgersensis	C24_tetrahydroxy	2
53451|Streptomyces rutgersensis	C24_trihydroxy	3
536566|Phrynobatrachus alleni	C24_trihydroxy	6
537011|Segatella copri DSM 18205	C24_dihydroxy	8
537011|Segatella copri DSM 18205	C24_trihydroxy	11
537012|Bacteroides cellulosilyticus DSM 14838	C24_dihydroxy	11
537012|Bacteroides cellulosilyticus DSM 14838	C24_trihydroxy	10
537493|Heloderma suspectum cinctum	C24_dihydroxy	12
537493|Heloderma suspectum cinctum	C24_tetrahydroxy	4
537493|Heloderma suspectum cinctum	C24_trihydroxy	10
54132|Pygathrix	C24_dihydroxy	20
54132|Pygathrix	C24_monohydroxy	3
54132|Pygathrix	C24_pentahydroxy	1
54132|Pygathrix	C24_tetrahydroxy	19
54132|Pygathrix	C24_trihydroxy	55
54135|Allenopithecus nigroviridis	C24_dihydroxy	45
54135|Allenopithecus nigroviridis	C24_monohydroxy	11
54135|Allenopithecus nigroviridis	C24_tetrahydroxy	6
54135|Allenopithecus nigroviridis	C24_trihydroxy	37
54180|Trachypithecus francoisi	C24_dihydroxy	18
54180|Trachypithecus francoisi	C24_monohydroxy	3
54180|Trachypithecus francoisi	C24_tetrahydroxy	8
54180|Trachypithecus francoisi	C24_trihydroxy	26
54240|Rotheca myricoides	C24_trihydroxy	1
54319|Etheostoma caeruleum	C24_dihydroxy	1
54319|Etheostoma caeruleum	C24_trihydroxy	2
54321|Allohistium cinereum	C24_dihydroxy	2
54321|Allohistium cinereum	C24_trihydroxy	2
54323|Percina copelandi	C24_dihydroxy	22
54323|Percina copelandi	C24_monohydroxy	1
54323|Percina copelandi	C24_pentahydroxy	1
54323|Percina copelandi	C24_tetrahydroxy	8
54323|Percina copelandi	C24_trihydroxy	24
543527|Saccharothrix variisporea	C24_pentahydroxy	10
543527|Saccharothrix variisporea	C24_trihydroxy	2
54359|Psophia crepitans	C24_dihydroxy	22
54359|Psophia crepitans	C24_monohydroxy	3
54359|Psophia crepitans	C24_tetrahydroxy	9
54359|Psophia crepitans	C24_trihydroxy	18
54361|Rallus longirostris	C24_dihydroxy	7
54361|Rallus longirostris	C24_trihydroxy	5
54380|Cariama cristata	C24_dihydroxy	1
54383|Eurypyga helias	C24_dihydroxy	40
54383|Eurypyga helias	C24_monohydroxy	4
54383|Eurypyga helias	C24_tetrahydroxy	6
54383|Eurypyga helias	C24_trihydroxy	19
54386|Rhynochetos jubatus	C24_dihydroxy	21
54386|Rhynochetos jubatus	C24_monohydroxy	3
54386|Rhynochetos jubatus	C24_tetrahydroxy	6
54386|Rhynochetos jubatus	C24_trihydroxy	15
54506|Irediparra gallinacea	C24_dihydroxy	10
54506|Irediparra gallinacea	C24_monohydroxy	1
54506|Irediparra gallinacea	C24_tetrahydroxy	5
54506|Irediparra gallinacea	C24_trihydroxy	11
54541|Tricholoma portentosum	C24_monohydroxy	1
54541|Tricholoma portentosum	C24_tetrahydroxy	2
54600|Macaca nigra	C24_dihydroxy	50
54600|Macaca nigra	C24_monohydroxy	11
54600|Macaca nigra	C24_tetrahydroxy	22
54600|Macaca nigra	C24_trihydroxy	33
54601|Macaca silenus	C24_dihydroxy	53
54601|Macaca silenus	C24_monohydroxy	10
54601|Macaca silenus	C24_pentahydroxy	1
54601|Macaca silenus	C24_tetrahydroxy	13
54601|Macaca silenus	C24_trihydroxy	29
54672|Euphorbia lagascae	C24_dihydroxy	4
54672|Euphorbia lagascae	C24_monohydroxy	22
54672|Euphorbia lagascae	C24_nonhydroxy	42
54778|Ceanothus americanus	C24_monohydroxy	1
548496|Anisognathus notabilis	C24_dihydroxy	10
548496|Anisognathus notabilis	C24_tetrahydroxy	3
548496|Anisognathus notabilis	C24_trihydroxy	6
548515|Stephanophorus diadematus	C24_dihydroxy	16
548515|Stephanophorus diadematus	C24_tetrahydroxy	3
548515|Stephanophorus diadematus	C24_trihydroxy	18
55040|Urocyon cinereoargenteus	C24_dihydroxy	8
55040|Urocyon cinereoargenteus	C24_monohydroxy	4
55040|Urocyon cinereoargenteus	C24_tetrahydroxy	4
55040|Urocyon cinereoargenteus	C24_trihydroxy	12
55047|Bassariscus astutus	C24_dihydroxy	14
55047|Bassariscus astutus	C24_tetrahydroxy	6
55047|Bassariscus astutus	C24_trihydroxy	24
55080|Brevibacillus	C24_dihydroxy	2
55080|Brevibacillus	C24_tetrahydroxy	2
55080|Brevibacillus	C24_trihydroxy	5
55125|Sphyraena argentea	C24_dihydroxy	11
55125|Sphyraena argentea	C24_monohydroxy	4
55125|Sphyraena argentea	C24_tetrahydroxy	3
55125|Sphyraena argentea	C24_trihydroxy	20
55149|Sciurus vulgaris	C24_dihydroxy	14
55149|Sciurus vulgaris	C24_tetrahydroxy	8
55149|Sciurus vulgaris	C24_trihydroxy	19
551547|Streptomyces thinghirensis	C24_dihydroxy	1
551547|Streptomyces thinghirensis	C24_tetrahydroxy	3
551547|Streptomyces thinghirensis	C24_trihydroxy	2
55188|Citrus unshiu	C24_dihydroxy	1
553198|Propionibacterium acidifaciens F0233	C24_dihydroxy	28
553198|Propionibacterium acidifaciens F0233	C24_trihydroxy	5
553199|Cutibacterium acnes SK137	C24_dihydroxy	28
553199|Cutibacterium acnes SK137	C24_trihydroxy	8
554065|Chlorella variabilis	C24_trihydroxy	4
554167|Varecia rubra	C24_dihydroxy	23
554167|Varecia rubra	C24_monohydroxy	2
554167|Varecia rubra	C24_tetrahydroxy	2
554167|Varecia rubra	C24_trihydroxy	21
554344|Ectopseudomonas toyotomiensis	C24_monohydroxy	1
555358|Theristicus melanopis	C24_dihydroxy	15
555358|Theristicus melanopis	C24_monohydroxy	2
555358|Theristicus melanopis	C24_tetrahydroxy	5
555358|Theristicus melanopis	C24_trihydroxy	17
556259|Bacteroides sp. D2	C24_dihydroxy	20
556259|Bacteroides sp. D2	C24_tetrahydroxy	23
556259|Bacteroides sp. D2	C24_trihydroxy	12
556260|Phocaeicola dorei 5_1_36/D4	C24_dihydroxy	27
556260|Phocaeicola dorei 5_1_36/D4	C24_tetrahydroxy	1
556260|Phocaeicola dorei 5_1_36/D4	C24_trihydroxy	6
556906|Symphyotrichum dumosum	C24_pentahydroxy	1
556906|Symphyotrichum dumosum	C24_trihydroxy	1
557436|Limosilactobacillus reuteri subsp. reuteri	C24_dihydroxy	14
557436|Limosilactobacillus reuteri subsp. reuteri	C24_trihydroxy	48
559301|Lactobacillus gasseri MV-22	C24_dihydroxy	10
559301|Lactobacillus gasseri MV-22	C24_trihydroxy	10
5598|Alternaria	C24_dihydroxy	5096
5598|Alternaria	C24_monohydroxy	277
5598|Alternaria	C24_nonhydroxy	148
5598|Alternaria	C24_pentahydroxy	212
5598|Alternaria	C24_tetrahydroxy	15
5598|Alternaria	C24_trihydroxy	244
560629|Cortinarius cacaocolor	C24_tetrahydroxy	1
56069|Phalacrocorax auritus	C24_dihydroxy	12
56069|Phalacrocorax auritus	C24_pentahydroxy	1
56069|Phalacrocorax auritus	C24_tetrahydroxy	9
56069|Phalacrocorax auritus	C24_trihydroxy	14
56072|Ardea herodias	C24_dihydroxy	42
56072|Ardea herodias	C24_pentahydroxy	8
56072|Ardea herodias	C24_tetrahydroxy	44
56072|Ardea herodias	C24_trihydroxy	40
56117|Tapirus bairdii	C24_dihydroxy	39
56117|Tapirus bairdii	C24_monohydroxy	26
56117|Tapirus bairdii	C24_tetrahydroxy	12
56117|Tapirus bairdii	C24_trihydroxy	28
561305|Caryota urens	C24_pentahydroxy	2
561305|Caryota urens	C24_trihydroxy	2
56165|Lepiota clypeolaria	C24_monohydroxy	1
561742|Naemorhedus griseus	C24_dihydroxy	33
561742|Naemorhedus griseus	C24_monohydroxy	8
561742|Naemorhedus griseus	C24_pentahydroxy	1
561742|Naemorhedus griseus	C24_tetrahydroxy	9
561742|Naemorhedus griseus	C24_trihydroxy	39
56187|Coprinus comatus	C24_tetrahydroxy	3
56258|Sagittarius serpentarius	C24_dihydroxy	26
56258|Sagittarius serpentarius	C24_monohydroxy	8
56258|Sagittarius serpentarius	C24_tetrahydroxy	6
56258|Sagittarius serpentarius	C24_trihydroxy	19
56262|Pandion haliaetus	C24_dihydroxy	22
56262|Pandion haliaetus	C24_monohydroxy	6
56262|Pandion haliaetus	C24_pentahydroxy	1
56262|Pandion haliaetus	C24_tetrahydroxy	5
56262|Pandion haliaetus	C24_trihydroxy	24
56263|Buteo jamaicensis	C24_dihydroxy	39
56263|Buteo jamaicensis	C24_monohydroxy	6
56263|Buteo jamaicensis	C24_tetrahydroxy	22
56263|Buteo jamaicensis	C24_trihydroxy	49
56268|Bubo virginianus	C24_dihydroxy	33
56268|Bubo virginianus	C24_monohydroxy	1
56268|Bubo virginianus	C24_tetrahydroxy	6
56268|Bubo virginianus	C24_trihydroxy	15
56278|Sibirionetta formosa	C24_dihydroxy	13
56278|Sibirionetta formosa	C24_monohydroxy	1
56278|Sibirionetta formosa	C24_tetrahydroxy	2
56278|Sibirionetta formosa	C24_trihydroxy	12
56282|Branta sandvicensis	C24_dihydroxy	37
56282|Branta sandvicensis	C24_monohydroxy	9
56282|Branta sandvicensis	C24_tetrahydroxy	2
56282|Branta sandvicensis	C24_trihydroxy	17
56296|Pterocles	C24_dihydroxy	6
56296|Pterocles	C24_pentahydroxy	1
56296|Pterocles	C24_tetrahydroxy	3
56296|Pterocles	C24_trihydroxy	8
562971|Achromobacter xylosoxidans C54	C24_monohydroxy	3
562973|Actinomyces viscosus C505	C24_dihydroxy	30
562973|Actinomyces viscosus C505	C24_trihydroxy	9
562|Escherichia coli	C24_dihydroxy	319
562|Escherichia coli	C24_monohydroxy	2649
562|Escherichia coli	C24_tetrahydroxy	32
562|Escherichia coli	C24_trihydroxy	235
563032|Rothia dentocariosa M567	C24_trihydroxy	1
56313|Tyto alba	C24_dihydroxy	9
56313|Tyto alba	C24_tetrahydroxy	13
56313|Tyto alba	C24_trihydroxy	10
563193|Parabacteroides sp. D13	C24_dihydroxy	30
563193|Parabacteroides sp. D13	C24_tetrahydroxy	1
563193|Parabacteroides sp. D13	C24_trihydroxy	8
56339|Polihierax semitorquatus	C24_dihydroxy	10
56339|Polihierax semitorquatus	C24_tetrahydroxy	8
56339|Polihierax semitorquatus	C24_trihydroxy	11
56345|Phalcoboenus australis	C24_dihydroxy	16
56345|Phalcoboenus australis	C24_tetrahydroxy	10
56345|Phalcoboenus australis	C24_trihydroxy	6
56349|Falco femoralis	C24_dihydroxy	8
56349|Falco femoralis	C24_tetrahydroxy	5
56349|Falco femoralis	C24_trihydroxy	3
56350|Falco sparverius	C24_dihydroxy	11
56350|Falco sparverius	C24_tetrahydroxy	2
56350|Falco sparverius	C24_trihydroxy	3
56549|Lycodon semicarinatus	C24_dihydroxy	14
56549|Lycodon semicarinatus	C24_monohydroxy	8
56549|Lycodon semicarinatus	C24_tetrahydroxy	5
56549|Lycodon semicarinatus	C24_trihydroxy	14
56554|Coregonus zenithicus	C24_dihydroxy	5
56554|Coregonus zenithicus	C24_tetrahydroxy	3
56554|Coregonus zenithicus	C24_trihydroxy	8
56640|Bubalus quarlesi	C24_dihydroxy	31
56640|Bubalus quarlesi	C24_monohydroxy	4
56640|Bubalus quarlesi	C24_tetrahydroxy	4
56640|Bubalus quarlesi	C24_trihydroxy	34
56786|Nucifraga caryocatactes	C24_dihydroxy	3
56786|Nucifraga caryocatactes	C24_tetrahydroxy	13
56786|Nucifraga caryocatactes	C24_trihydroxy	8
56798|Hexaprotodon liberiensis	C24_dihydroxy	58
56798|Hexaprotodon liberiensis	C24_monohydroxy	45
56798|Hexaprotodon liberiensis	C24_tetrahydroxy	7
56798|Hexaprotodon liberiensis	C24_trihydroxy	40
569598|Stigmochelys pardalis	C24_dihydroxy	2
569598|Stigmochelys pardalis	C24_trihydroxy	7
57098|Cyclura cornuta	C24_dihydroxy	16
57098|Cyclura cornuta	C24_monohydroxy	1
57098|Cyclura cornuta	C24_tetrahydroxy	6
57098|Cyclura cornuta	C24_trihydroxy	22
571338|Macrochelys temminckii	C24_dihydroxy	24
571338|Macrochelys temminckii	C24_monohydroxy	6
571338|Macrochelys temminckii	C24_tetrahydroxy	8
571338|Macrochelys temminckii	C24_trihydroxy	20
57134|Hydnum umbilicatum	C24_monohydroxy	2
572010|Slackia isoflavoniconvertens	C24_dihydroxy	8
572010|Slackia isoflavoniconvertens	C24_tetrahydroxy	18
572010|Slackia isoflavoniconvertens	C24_trihydroxy	64
572236|Eremophila glabra	C24_pentahydroxy	12
57236|Aechmophorus occidentalis	C24_dihydroxy	22
57236|Aechmophorus occidentalis	C24_tetrahydroxy	7
57236|Aechmophorus occidentalis	C24_trihydroxy	21
57241|Fregata minor	C24_dihydroxy	39
57241|Fregata minor	C24_monohydroxy	4
57241|Fregata minor	C24_tetrahydroxy	9
57241|Fregata minor	C24_trihydroxy	20
57380|Bucerotidae	C24_dihydroxy	14
57380|Bucerotidae	C24_monohydroxy	5
57380|Bucerotidae	C24_trihydroxy	6
57410|Colius colius	C24_dihydroxy	8
57410|Colius colius	C24_trihydroxy	3
57412|Colius striatus	C24_dihydroxy	21
57412|Colius striatus	C24_tetrahydroxy	4
57412|Colius striatus	C24_trihydroxy	10
57426|Momotus momota	C24_pentahydroxy	1
57426|Momotus momota	C24_tetrahydroxy	4
57426|Momotus momota	C24_trihydroxy	4
57441|Micrathene whitneyi	C24_dihydroxy	20
57441|Micrathene whitneyi	C24_tetrahydroxy	3
57441|Micrathene whitneyi	C24_trihydroxy	16
575593|Lachnospiraceae oral taxon 107 str. F0167	C24_dihydroxy	48
575593|Lachnospiraceae oral taxon 107 str. F0167	C24_trihydroxy	5
575596|Lactobacillus crispatus MV-1A-US	C24_dihydroxy	1
575596|Lactobacillus crispatus MV-1A-US	C24_trihydroxy	1
575609|Peptoniphilus sp. oral taxon 386 str. F0131	C24_dihydroxy	26
575609|Peptoniphilus sp. oral taxon 386 str. F0131	C24_tetrahydroxy	1
575609|Peptoniphilus sp. oral taxon 386 str. F0131	C24_trihydroxy	9
575611|Segatella buccae D17	C24_dihydroxy	20
575611|Segatella buccae D17	C24_trihydroxy	6
575612|Prevotella melaninogenica D18	C24_dihydroxy	27
575612|Prevotella melaninogenica D18	C24_trihydroxy	9
575615|Prevotella sp. oral taxon 317 str. F0108	C24_dihydroxy	26
575615|Prevotella sp. oral taxon 317 str. F0108	C24_trihydroxy	10
57571|Salamandra salamandra	C24_dihydroxy	24
57571|Salamandra salamandra	C24_tetrahydroxy	4
57571|Salamandra salamandra	C24_trihydroxy	42
57577|Trifolium pratense	C24_dihydroxy	3
57577|Trifolium pratense	C24_monohydroxy	22
57577|Trifolium pratense	C24_trihydroxy	4
576131|Lentibacter algarum	C24_dihydroxy	4
576131|Lentibacter algarum	C24_monohydroxy	4
576131|Lentibacter algarum	C24_trihydroxy	2
57662|Sula sula	C24_dihydroxy	28
57662|Sula sula	C24_monohydroxy	6
57662|Sula sula	C24_tetrahydroxy	7
57662|Sula sula	C24_trihydroxy	18
577105|Arthroleptis poecilonotus	C24_dihydroxy	5
577105|Arthroleptis poecilonotus	C24_monohydroxy	2
577105|Arthroleptis poecilonotus	C24_tetrahydroxy	2
577105|Arthroleptis poecilonotus	C24_trihydroxy	9
57737|Axis porcinus	C24_dihydroxy	8
57737|Axis porcinus	C24_tetrahydroxy	2
57737|Axis porcinus	C24_trihydroxy	7
578139|Boaedon lineatus	C24_trihydroxy	2
57983|Isurus oxyrinchus	C24_trihydroxy	1
58039|Juniperus communis	C24_tetrahydroxy	76
58043|Podocarpus macrophyllus	C24_trihydroxy	1
58118|Microbispora rosea subsp. rosea	C24_dihydroxy	2
58118|Microbispora rosea subsp. rosea	C24_tetrahydroxy	4
58118|Microbispora rosea subsp. rosea	C24_trihydroxy	16
58123|Spirillospora albida	C24_monohydroxy	16
58123|Spirillospora albida	C24_pentahydroxy	2
58123|Spirillospora albida	C24_tetrahydroxy	6
58187|Aubria subsigillata	C24_trihydroxy	1
58209|Thraupis episcopus	C24_dihydroxy	11
58209|Thraupis episcopus	C24_tetrahydroxy	4
58209|Thraupis episcopus	C24_trihydroxy	5
58319|Scardinius erythrophthalmus	C24_dihydroxy	2
58319|Scardinius erythrophthalmus	C24_tetrahydroxy	1
58319|Scardinius erythrophthalmus	C24_trihydroxy	8
58331|Quercus suber	C24_monohydroxy	7
58331|Quercus suber	C24_tetrahydroxy	1
58331|Quercus suber	C24_trihydroxy	2
58340|Streptomyces lavendulae subsp. lavendulae	C24_dihydroxy	2
58340|Streptomyces lavendulae subsp. lavendulae	C24_monohydroxy	2
58340|Streptomyces lavendulae subsp. lavendulae	C24_trihydroxy	22
58346|Streptomyces platensis	C24_nonhydroxy	2
585110|Pseudomonas sp. 2156	C24_trihydroxy	1
58517|Cornufer guentheri	C24_tetrahydroxy	2
58517|Cornufer guentheri	C24_trihydroxy	4
585394|Roseburia hominis A2-183	C24_dihydroxy	4
585394|Roseburia hominis A2-183	C24_trihydroxy	42
585466|Burhinus grallarius	C24_dihydroxy	52
585466|Burhinus grallarius	C24_monohydroxy	12
585466|Burhinus grallarius	C24_tetrahydroxy	14
585466|Burhinus grallarius	C24_trihydroxy	60
585501|Oribacterium sinus F0268	C24_dihydroxy	29
585501|Oribacterium sinus F0268	C24_trihydroxy	10
585543|Bacteroides sp. D20	C24_dihydroxy	25
585543|Bacteroides sp. D20	C24_trihydroxy	3
58660|Leontodon hispidus	C24_dihydroxy	3
58660|Leontodon hispidus	C24_monohydroxy	32
58660|Leontodon hispidus	C24_trihydroxy	4
586785|Centropyge bispinosa	C24_dihydroxy	3
586785|Centropyge bispinosa	C24_trihydroxy	3
586787|Centropyge flavissima	C24_tetrahydroxy	1
586787|Centropyge flavissima	C24_trihydroxy	1
586789|Centropyge loriculus	C24_dihydroxy	9
586789|Centropyge loriculus	C24_tetrahydroxy	2
586789|Centropyge loriculus	C24_trihydroxy	3
586808|Cryptocentrus cinctus	C24_dihydroxy	1
586808|Cryptocentrus cinctus	C24_trihydroxy	3
587579|Khaya senegalensis	C24_monohydroxy	10
587753|Pseudomonas chlororaphis	C24_monohydroxy	1
59067|Ruscus aculeatus	C24_monohydroxy	2
59067|Ruscus aculeatus	C24_pentahydroxy	3
59067|Ruscus aculeatus	C24_trihydroxy	1
592668|Tiaris olivaceus	C24_dihydroxy	10
592668|Tiaris olivaceus	C24_trihydroxy	6
593584|Phyllospongia foliascens	C24_dihydroxy	54
593584|Phyllospongia foliascens	C24_monohydroxy	182
593584|Phyllospongia foliascens	C24_nonhydroxy	44
59515|Addax nasomaculatus	C24_dihydroxy	46
59515|Addax nasomaculatus	C24_monohydroxy	5
59515|Addax nasomaculatus	C24_tetrahydroxy	3
59515|Addax nasomaculatus	C24_trihydroxy	21
59518|Alcelaphus buselaphus jacksoni	C24_dihydroxy	22
59518|Alcelaphus buselaphus jacksoni	C24_monohydroxy	3
59518|Alcelaphus buselaphus jacksoni	C24_tetrahydroxy	13
59518|Alcelaphus buselaphus jacksoni	C24_trihydroxy	48
59519|Alcelaphus caama	C24_dihydroxy	16
59519|Alcelaphus caama	C24_monohydroxy	5
59519|Alcelaphus caama	C24_pentahydroxy	1
59519|Alcelaphus caama	C24_tetrahydroxy	14
59519|Alcelaphus caama	C24_trihydroxy	42
59523|Antidorcas marsupialis	C24_dihydroxy	54
59523|Antidorcas marsupialis	C24_monohydroxy	3
59523|Antidorcas marsupialis	C24_pentahydroxy	2
59523|Antidorcas marsupialis	C24_tetrahydroxy	7
59523|Antidorcas marsupialis	C24_trihydroxy	42
59525|Antilope cervicapra	C24_dihydroxy	21
59525|Antilope cervicapra	C24_tetrahydroxy	4
59525|Antilope cervicapra	C24_trihydroxy	23
59527|Beatragus hunteri	C24_dihydroxy	16
59527|Beatragus hunteri	C24_monohydroxy	2
59527|Beatragus hunteri	C24_tetrahydroxy	11
59527|Beatragus hunteri	C24_trihydroxy	37
59528|Connochaetes gnou	C24_dihydroxy	21
59528|Connochaetes gnou	C24_monohydroxy	2
59528|Connochaetes gnou	C24_tetrahydroxy	15
59528|Connochaetes gnou	C24_trihydroxy	61
59529|Gazella subgutturosa	C24_dihydroxy	13
59529|Gazella subgutturosa	C24_tetrahydroxy	2
59529|Gazella subgutturosa	C24_trihydroxy	4
59531|Kobus leche	C24_dihydroxy	57
59531|Kobus leche	C24_monohydroxy	3
59531|Kobus leche	C24_pentahydroxy	3
59531|Kobus leche	C24_tetrahydroxy	28
59531|Kobus leche	C24_trihydroxy	86
59532|Kobus megaceros	C24_dihydroxy	21
59532|Kobus megaceros	C24_monohydroxy	1
59532|Kobus megaceros	C24_tetrahydroxy	5
59532|Kobus megaceros	C24_trihydroxy	18
59534|Oryx dammah	C24_dihydroxy	69
59534|Oryx dammah	C24_monohydroxy	3
59534|Oryx dammah	C24_tetrahydroxy	7
59534|Oryx dammah	C24_trihydroxy	54
59536|Ourebia ourebi	C24_dihydroxy	16
59536|Ourebia ourebi	C24_tetrahydroxy	8
59536|Ourebia ourebi	C24_trihydroxy	36
59542|Pseudois nayaur	C24_dihydroxy	37
59542|Pseudois nayaur	C24_tetrahydroxy	15
59542|Pseudois nayaur	C24_trihydroxy	54
59544|Raphicerus campestris	C24_dihydroxy	39
59544|Raphicerus campestris	C24_monohydroxy	5
59544|Raphicerus campestris	C24_pentahydroxy	1
59544|Raphicerus campestris	C24_tetrahydroxy	22
59544|Raphicerus campestris	C24_trihydroxy	50
59546|Damaliscus lunatus jimela	C24_dihydroxy	11
59546|Damaliscus lunatus jimela	C24_tetrahydroxy	1
59546|Damaliscus lunatus jimela	C24_trihydroxy	17
59548|Oryx gazella callotis	C24_dihydroxy	68
59548|Oryx gazella callotis	C24_monohydroxy	9
59548|Oryx gazella callotis	C24_pentahydroxy	1
59548|Oryx gazella callotis	C24_tetrahydroxy	23
59548|Oryx gazella callotis	C24_trihydroxy	89
596312|Micrococcus luteus SK58	C24_trihydroxy	1
596322|Streptococcus salivarius SK126	C24_trihydroxy	1
59677|Schima superba	C24_dihydroxy	64
59677|Schima superba	C24_monohydroxy	222
59677|Schima superba	C24_pentahydroxy	6
59677|Schima superba	C24_tetrahydroxy	2
59677|Schima superba	C24_trihydroxy	5
60174|Penicillium echinulatum	C24_dihydroxy	6
60182|Dendrocygna javanica	C24_dihydroxy	19
60182|Dendrocygna javanica	C24_monohydroxy	3
60182|Dendrocygna javanica	C24_tetrahydroxy	3
60182|Dendrocygna javanica	C24_trihydroxy	16
60690|Galaxaura	C24_nonhydroxy	8
61221|Varanus komodoensis	C24_dihydroxy	30
61221|Varanus komodoensis	C24_tetrahydroxy	5
61221|Varanus komodoensis	C24_trihydroxy	23
61263|Cerorhinca monocerata	C24_dihydroxy	14
61263|Cerorhinca monocerata	C24_pentahydroxy	1
61263|Cerorhinca monocerata	C24_tetrahydroxy	4
61263|Cerorhinca monocerata	C24_trihydroxy	15
61316|Hypentelium nigricans	C24_dihydroxy	24
61316|Hypentelium nigricans	C24_monohydroxy	4
61316|Hypentelium nigricans	C24_pentahydroxy	2
61316|Hypentelium nigricans	C24_tetrahydroxy	14
61316|Hypentelium nigricans	C24_trihydroxy	34
61376|Felis chaus	C24_dihydroxy	101
61376|Felis chaus	C24_monohydroxy	22
61376|Felis chaus	C24_pentahydroxy	5
61376|Felis chaus	C24_tetrahydroxy	35
61376|Felis chaus	C24_trihydroxy	103
61377|Felis silvestris lybica	C24_dihydroxy	14
61377|Felis silvestris lybica	C24_monohydroxy	1
61377|Felis silvestris lybica	C24_tetrahydroxy	5
61377|Felis silvestris lybica	C24_trihydroxy	37
61378|Felis margarita	C24_dihydroxy	101
61378|Felis margarita	C24_monohydroxy	7
61378|Felis margarita	C24_nonhydroxy	4
61378|Felis margarita	C24_pentahydroxy	8
61378|Felis margarita	C24_tetrahydroxy	72
61378|Felis margarita	C24_trihydroxy	141
61379|Felis nigripes	C24_dihydroxy	12
61379|Felis nigripes	C24_monohydroxy	1
61379|Felis nigripes	C24_pentahydroxy	1
61379|Felis nigripes	C24_tetrahydroxy	5
61379|Felis nigripes	C24_trihydroxy	25
61382|Leopardus wiedii	C24_dihydroxy	10
61382|Leopardus wiedii	C24_pentahydroxy	1
61382|Leopardus wiedii	C24_tetrahydroxy	13
61382|Leopardus wiedii	C24_trihydroxy	43
61383|Lynx canadensis	C24_dihydroxy	148
61383|Lynx canadensis	C24_pentahydroxy	9
61383|Lynx canadensis	C24_tetrahydroxy	92
61383|Lynx canadensis	C24_trihydroxy	251
61384|Lynx rufus	C24_dihydroxy	18
61384|Lynx rufus	C24_monohydroxy	2
61384|Lynx rufus	C24_tetrahydroxy	11
61384|Lynx rufus	C24_trihydroxy	25
61388|Prionailurus viverrinus	C24_dihydroxy	1
61388|Prionailurus viverrinus	C24_tetrahydroxy	1
61388|Prionailurus viverrinus	C24_trihydroxy	8
61405|Leptailurus serval	C24_dihydroxy	121
61405|Leptailurus serval	C24_monohydroxy	2
61405|Leptailurus serval	C24_pentahydroxy	17
61405|Leptailurus serval	C24_tetrahydroxy	99
61405|Leptailurus serval	C24_trihydroxy	278
61452|Neofelis nebulosa	C24_dihydroxy	15
61452|Neofelis nebulosa	C24_pentahydroxy	1
61452|Neofelis nebulosa	C24_tetrahydroxy	12
61452|Neofelis nebulosa	C24_trihydroxy	24
61865|Carcharhinus limbatus	C24_dihydroxy	7
61865|Carcharhinus limbatus	C24_trihydroxy	4
619693|Prevotella sp. oral taxon 472 str. F0295	C24_dihydroxy	28
619693|Prevotella sp. oral taxon 472 str. F0295	C24_trihydroxy	8
62035|Varanus acanthurus	C24_dihydroxy	23
62035|Varanus acanthurus	C24_monohydroxy	7
62035|Varanus acanthurus	C24_pentahydroxy	10
62035|Varanus acanthurus	C24_tetrahydroxy	32
62035|Varanus acanthurus	C24_trihydroxy	31
62037|Varanus bengalensis	C24_dihydroxy	3
62037|Varanus bengalensis	C24_trihydroxy	6
62042|Varanus gouldii	C24_dihydroxy	7
62042|Varanus gouldii	C24_monohydroxy	1
62042|Varanus gouldii	C24_trihydroxy	2
62043|Varanus indicus	C24_dihydroxy	5
62043|Varanus indicus	C24_tetrahydroxy	2
62043|Varanus indicus	C24_trihydroxy	2
62046|Varanus niloticus	C24_dihydroxy	12
62046|Varanus niloticus	C24_monohydroxy	1
62046|Varanus niloticus	C24_tetrahydroxy	2
62046|Varanus niloticus	C24_trihydroxy	11
62047|Varanus olivaceus	C24_dihydroxy	9
62047|Varanus olivaceus	C24_trihydroxy	6
62049|Varanus salvadorii	C24_dihydroxy	12
62049|Varanus salvadorii	C24_monohydroxy	1
62049|Varanus salvadorii	C24_tetrahydroxy	4
62049|Varanus salvadorii	C24_trihydroxy	9
62050|Varanus prasinus	C24_dihydroxy	3
62050|Varanus prasinus	C24_monohydroxy	8
62050|Varanus prasinus	C24_tetrahydroxy	1
62050|Varanus prasinus	C24_trihydroxy	5
62097|Plumeria rubra	C24_trihydroxy	2
62165|Chlorophanes spiza	C24_dihydroxy	49
62165|Chlorophanes spiza	C24_monohydroxy	4
62165|Chlorophanes spiza	C24_tetrahydroxy	16
62165|Chlorophanes spiza	C24_trihydroxy	25
622312|Roseburia inulinivorans DSM 16841	C24_dihydroxy	4
622312|Roseburia inulinivorans DSM 16841	C24_trihydroxy	34
62242|Schistochlamys melanopis	C24_dihydroxy	19
62242|Schistochlamys melanopis	C24_tetrahydroxy	3
62242|Schistochlamys melanopis	C24_trihydroxy	12
62255|Tersina viridis	C24_dihydroxy	6
62255|Tersina viridis	C24_tetrahydroxy	4
62255|Tersina viridis	C24_trihydroxy	5
6239|Caenorhabditis elegans	C24_nonhydroxy	1
62698|Odobenus rosmarus rosmarus	C24_dihydroxy	9
62698|Odobenus rosmarus rosmarus	C24_monohydroxy	2
62698|Odobenus rosmarus rosmarus	C24_tetrahydroxy	2
62698|Odobenus rosmarus rosmarus	C24_trihydroxy	17
629742|Staphylococcus hominis SK119	C24_trihydroxy	1
63221|Homo sapiens neanderthalensis	C24_dihydroxy	1
63221|Homo sapiens neanderthalensis	C24_monohydroxy	14
63357|Hamamelis vernalis	C24_pentahydroxy	1
63357|Hamamelis vernalis	C24_tetrahydroxy	133
637443|Coendou mexicanus	C24_dihydroxy	6
637443|Coendou mexicanus	C24_monohydroxy	6
637443|Coendou mexicanus	C24_trihydroxy	7
637857|Panthera leo krugeri	C24_dihydroxy	6
637857|Panthera leo krugeri	C24_monohydroxy	2
637857|Panthera leo krugeri	C24_tetrahydroxy	6
637857|Panthera leo krugeri	C24_trihydroxy	12
63824|Ozotoceros bezoarticus	C24_dihydroxy	7
63824|Ozotoceros bezoarticus	C24_tetrahydroxy	1
63824|Ozotoceros bezoarticus	C24_trihydroxy	9
64040|Actaea racemosa	C24_dihydroxy	39
64040|Actaea racemosa	C24_monohydroxy	6
64040|Actaea racemosa	C24_pentahydroxy	2
64040|Actaea racemosa	C24_tetrahydroxy	156
64040|Actaea racemosa	C24_trihydroxy	166
64174|Bothrops alternatus	C24_dihydroxy	12
64174|Bothrops alternatus	C24_pentahydroxy	5
64174|Bothrops alternatus	C24_tetrahydroxy	33
64174|Bothrops alternatus	C24_trihydroxy	40
644236|Callosciurus inornatus	C24_dihydroxy	21
644236|Callosciurus inornatus	C24_monohydroxy	4
644236|Callosciurus inornatus	C24_tetrahydroxy	8
644236|Callosciurus inornatus	C24_trihydroxy	39
645701|Candoia paulsoni	C24_pentahydroxy	4
645701|Candoia paulsoni	C24_tetrahydroxy	26
645701|Candoia paulsoni	C24_trihydroxy	12
64663|Callosciurus	C24_dihydroxy	8
64663|Callosciurus	C24_tetrahydroxy	10
64663|Callosciurus	C24_trihydroxy	22
64676|Callosciurus prevostii	C24_dihydroxy	15
64676|Callosciurus prevostii	C24_pentahydroxy	1
64676|Callosciurus prevostii	C24_tetrahydroxy	5
64676|Callosciurus prevostii	C24_trihydroxy	25
649753|Flavonifractor plautii DSM 6740	C24_dihydroxy	5
649753|Flavonifractor plautii DSM 6740	C24_trihydroxy	24
649760|Segatella oris F0302	C24_dihydroxy	21
649760|Segatella oris F0302	C24_trihydroxy	10
649761|Prevotella veroralis F0319	C24_dihydroxy	23
649761|Prevotella veroralis F0319	C24_trihydroxy	7
650201|Pseudoalteromonas sp. 2ta6	C24_dihydroxy	4
650306|Lithospermum caroliniense	C24_pentahydroxy	2
651656|Incilius	C24_dihydroxy	36
651656|Incilius	C24_monohydroxy	2
651656|Incilius	C24_pentahydroxy	2
651656|Incilius	C24_tetrahydroxy	14
651656|Incilius	C24_trihydroxy	34
652611|Pseudomonas aeruginosa PA14	C24_trihydroxy	184
65559|Euphorbia milii	C24_dihydroxy	4
65559|Euphorbia milii	C24_monohydroxy	2
65559|Euphorbia milii	C24_nonhydroxy	2
65560|Euphorbia milii var. splendens	C24_tetrahydroxy	1
65560|Euphorbia milii var. splendens	C24_trihydroxy	1
65561|Hypericum perforatum	C24_tetrahydroxy	13
65608|Dendrolagus dorianus	C24_dihydroxy	15
65608|Dendrolagus dorianus	C24_monohydroxy	2
65608|Dendrolagus dorianus	C24_tetrahydroxy	6
65608|Dendrolagus dorianus	C24_trihydroxy	21
65612|Isoodon obesulus	C24_dihydroxy	23
65612|Isoodon obesulus	C24_monohydroxy	7
65612|Isoodon obesulus	C24_tetrahydroxy	2
65612|Isoodon obesulus	C24_trihydroxy	25
65618|Thylogale brunii	C24_dihydroxy	13
65618|Thylogale brunii	C24_monohydroxy	3
65618|Thylogale brunii	C24_tetrahydroxy	4
65618|Thylogale brunii	C24_trihydroxy	15
65634|Lagostrophus fasciatus	C24_dihydroxy	22
65634|Lagostrophus fasciatus	C24_monohydroxy	3
65634|Lagostrophus fasciatus	C24_tetrahydroxy	10
65634|Lagostrophus fasciatus	C24_trihydroxy	24
656515|Pseudocheirus occidentalis	C24_dihydroxy	3
656515|Pseudocheirus occidentalis	C24_tetrahydroxy	11
656515|Pseudocheirus occidentalis	C24_trihydroxy	6
657308|Gordonibacter pamelaeae 7-10-1-b	C24_dihydroxy	30
657308|Gordonibacter pamelaeae 7-10-1-b	C24_trihydroxy	126
65772|Drimia	C24_dihydroxy	149
65772|Drimia	C24_monohydroxy	7
65772|Drimia	C24_nonhydroxy	11
65772|Drimia	C24_pentahydroxy	1
65772|Drimia	C24_trihydroxy	66
658080|Ralstonia sp. 5_2_56FAA	C24_trihydroxy	1
658082|Lachnospiraceae bacterium 2_1_58FAA	C24_dihydroxy	41
658082|Lachnospiraceae bacterium 2_1_58FAA	C24_trihydroxy	17
658085|Lachnospiraceae bacterium 5_1_57FAA	C24_trihydroxy	2
658917|Lophonetta specularioides specularioides	C24_dihydroxy	38
658917|Lophonetta specularioides specularioides	C24_monohydroxy	7
658917|Lophonetta specularioides specularioides	C24_tetrahydroxy	1
658917|Lophonetta specularioides specularioides	C24_trihydroxy	15
658921|Netta erythrophthalma	C24_dihydroxy	10
658921|Netta erythrophthalma	C24_trihydroxy	2
658924|Plectropterus gambensis	C24_dihydroxy	20
658924|Plectropterus gambensis	C24_monohydroxy	3
658924|Plectropterus gambensis	C24_pentahydroxy	1
658924|Plectropterus gambensis	C24_tetrahydroxy	9
658924|Plectropterus gambensis	C24_trihydroxy	17
659500|Bos javanicus javanicus	C24_dihydroxy	12
659500|Bos javanicus javanicus	C24_pentahydroxy	1
659500|Bos javanicus javanicus	C24_tetrahydroxy	9
659500|Bos javanicus javanicus	C24_trihydroxy	27
66014|Cymbopogon citratus	C24_pentahydroxy	1
66014|Cymbopogon citratus	C24_tetrahydroxy	2
66172|Ephedra viridis	C24_pentahydroxy	2
66194|Pyxis arachnoides	C24_trihydroxy	6
662561|Rusa unicolor	C24_dihydroxy	28
662561|Rusa unicolor	C24_tetrahydroxy	1
662561|Rusa unicolor	C24_trihydroxy	22
66369|Streptomyces carpinensis	C24_dihydroxy	2
66369|Streptomyces carpinensis	C24_monohydroxy	12
66369|Streptomyces carpinensis	C24_nonhydroxy	34
66370|Streptomyces flaveus	C24_monohydroxy	2
66370|Streptomyces flaveus	C24_tetrahydroxy	10
66370|Streptomyces flaveus	C24_trihydroxy	2
66376|Streptomyces spiralis	C24_monohydroxy	2
66376|Streptomyces spiralis	C24_nonhydroxy	28
66422|Streptomyces cinerochromogenes	C24_dihydroxy	2
66422|Streptomyces cinerochromogenes	C24_monohydroxy	2
66424|Streptomyces hiroshimensis	C24_dihydroxy	28
66424|Streptomyces hiroshimensis	C24_monohydroxy	14
66424|Streptomyces hiroshimensis	C24_nonhydroxy	6
66424|Streptomyces hiroshimensis	C24_pentahydroxy	8
66424|Streptomyces hiroshimensis	C24_tetrahydroxy	28
66424|Streptomyces hiroshimensis	C24_trihydroxy	68
66433|Madoqua guentheri	C24_dihydroxy	32
66433|Madoqua guentheri	C24_monohydroxy	4
66433|Madoqua guentheri	C24_tetrahydroxy	8
66433|Madoqua guentheri	C24_trihydroxy	32
66434|Madoqua kirkii	C24_dihydroxy	38
66434|Madoqua kirkii	C24_monohydroxy	5
66434|Madoqua kirkii	C24_tetrahydroxy	13
66434|Madoqua kirkii	C24_trihydroxy	32
66437|Tragelaphus angasii	C24_dihydroxy	21
66437|Tragelaphus angasii	C24_monohydroxy	1
66437|Tragelaphus angasii	C24_tetrahydroxy	14
66437|Tragelaphus angasii	C24_trihydroxy	34
66442|Neotragus moschatus	C24_dihydroxy	25
66442|Neotragus moschatus	C24_monohydroxy	5
66442|Neotragus moschatus	C24_tetrahydroxy	2
66442|Neotragus moschatus	C24_trihydroxy	33
66444|Oreotragus oreotragus	C24_dihydroxy	57
66444|Oreotragus oreotragus	C24_monohydroxy	3
66444|Oreotragus oreotragus	C24_tetrahydroxy	12
66444|Oreotragus oreotragus	C24_trihydroxy	94
66446|Neotragus moschatus zuluensis	C24_dihydroxy	5
66446|Neotragus moschatus zuluensis	C24_tetrahydroxy	2
66446|Neotragus moschatus zuluensis	C24_trihydroxy	9
665944|Klebsiella sp. 4_1_44FAA	C24_dihydroxy	8
665944|Klebsiella sp. 4_1_44FAA	C24_trihydroxy	8
665953|Bacteroides eggerthii 1_2_48FAA	C24_dihydroxy	25
665953|Bacteroides eggerthii 1_2_48FAA	C24_trihydroxy	6
665954|Bacteroides ovatus 3_8_47FAA	C24_dihydroxy	29
665954|Bacteroides ovatus 3_8_47FAA	C24_tetrahydroxy	20
665954|Bacteroides ovatus 3_8_47FAA	C24_trihydroxy	3
66669|Tilia americana	C24_pentahydroxy	2
667015|Phocaeicola salanitronis DSM 18170	C24_dihydroxy	9
667015|Phocaeicola salanitronis DSM 18170	C24_trihydroxy	11
66707|Polioptila caerulea	C24_dihydroxy	7
66707|Polioptila caerulea	C24_tetrahydroxy	8
66707|Polioptila caerulea	C24_trihydroxy	22
667144|Chloropsis hardwickii	C24_dihydroxy	5
667144|Chloropsis hardwickii	C24_trihydroxy	3
668333|Uromastyx thomasi	C24_dihydroxy	8
668333|Uromastyx thomasi	C24_trihydroxy	8
66866|Streptomyces albofaciens	C24_monohydroxy	8
66866|Streptomyces albofaciens	C24_nonhydroxy	2
66869|Streptomyces atroolivaceus	C24_pentahydroxy	6
66875|Streptomyces catenulae	C24_dihydroxy	2
66875|Streptomyces catenulae	C24_monohydroxy	12
66875|Streptomyces catenulae	C24_nonhydroxy	14
66875|Streptomyces catenulae	C24_trihydroxy	2
66876|Streptomyces chattanoogensis	C24_tetrahydroxy	6
66886|Streptomyces fasiculatus	C24_tetrahydroxy	1
66886|Streptomyces fasiculatus	C24_trihydroxy	8
66887|Streptomyces filipinensis	C24_pentahydroxy	10
66891|Streptomyces fulvoviridis	C24_monohydroxy	4
66897|Streptomyces griseorubens	C24_dihydroxy	8
66897|Streptomyces griseorubens	C24_monohydroxy	4
66897|Streptomyces griseorubens	C24_nonhydroxy	4
66897|Streptomyces griseorubens	C24_pentahydroxy	2
66897|Streptomyces griseorubens	C24_tetrahydroxy	4
66897|Streptomyces griseorubens	C24_trihydroxy	4
66900|Streptomyces lanatus	C24_pentahydroxy	2
66904|Streptomyces roseolilacinus	C24_nonhydroxy	10
66913|Ictalurus furcatus	C24_dihydroxy	10
66913|Ictalurus furcatus	C24_monohydroxy	6
66913|Ictalurus furcatus	C24_tetrahydroxy	2
66913|Ictalurus furcatus	C24_trihydroxy	20
669713|Juniperus horizontalis	C24_tetrahydroxy	36
671526|Waltheria indica	C24_dihydroxy	12
671526|Waltheria indica	C24_monohydroxy	16
671526|Waltheria indica	C24_trihydroxy	4
67257|Streptomyces albus subsp. albus	C24_dihydroxy	18
67257|Streptomyces albus subsp. albus	C24_trihydroxy	12
67260|Streptomyces cinereoruber	C24_trihydroxy	2
67263|Streptomyces griseus subsp. griseus	C24_dihydroxy	2
67263|Streptomyces griseus subsp. griseus	C24_monohydroxy	2
67263|Streptomyces griseus subsp. griseus	C24_nonhydroxy	6
67263|Streptomyces griseus subsp. griseus	C24_pentahydroxy	25
67263|Streptomyces griseus subsp. griseus	C24_tetrahydroxy	9
67263|Streptomyces griseus subsp. griseus	C24_trihydroxy	2
67269|Streptomyces alboviridis	C24_trihydroxy	4
672774|Pseudopus apodus	C24_dihydroxy	12
672774|Pseudopus apodus	C24_monohydroxy	1
672774|Pseudopus apodus	C24_tetrahydroxy	6
672774|Pseudopus apodus	C24_trihydroxy	20
67282|Streptomyces calvus	C24_dihydroxy	6
67282|Streptomyces calvus	C24_monohydroxy	16
67282|Streptomyces calvus	C24_nonhydroxy	8
67282|Streptomyces calvus	C24_pentahydroxy	2
67282|Streptomyces calvus	C24_trihydroxy	4
67285|Streptomyces cellostaticus	C24_monohydroxy	4
67285|Streptomyces cellostaticus	C24_pentahydroxy	16
67285|Streptomyces cellostaticus	C24_tetrahydroxy	10
67294|Streptomyces filamentosus	C24_dihydroxy	22
67294|Streptomyces filamentosus	C24_pentahydroxy	2
67294|Streptomyces filamentosus	C24_tetrahydroxy	22
67294|Streptomyces filamentosus	C24_trihydroxy	58
67296|Streptomyces finlayi	C24_pentahydroxy	36
67296|Streptomyces finlayi	C24_tetrahydroxy	18
67296|Streptomyces finlayi	C24_trihydroxy	4
67312|Streptomyces kurssanovii	C24_nonhydroxy	2
67322|Streptomyces malachitofuscus	C24_pentahydroxy	2
673351|Sus barbatus barbatus	C24_dihydroxy	45
673351|Sus barbatus barbatus	C24_monohydroxy	1
673351|Sus barbatus barbatus	C24_tetrahydroxy	7
673351|Sus barbatus barbatus	C24_trihydroxy	53
67350|Streptomyces pseudovenezuelae	C24_pentahydroxy	39
67350|Streptomyces pseudovenezuelae	C24_trihydroxy	3
67352|Kitasatospora purpeofusca	C24_monohydroxy	2
67363|Streptomyces sindenensis	C24_monohydroxy	2
67369|Streptomyces toxytricini	C24_dihydroxy	6
67369|Streptomyces toxytricini	C24_monohydroxy	8
67370|Streptomyces umbrinus	C24_dihydroxy	4
67381|Streptomyces violascens	C24_pentahydroxy	1
673854|Dasyatis pastinaca	C24_dihydroxy	2
673854|Dasyatis pastinaca	C24_trihydroxy	1
67558|Semotilus atromaculatus	C24_trihydroxy	1
67581|Streptomyces viridosporus	C24_pentahydroxy	2
67723|Amanita phalloides	C24_tetrahydroxy	2
679189|Hoylesella timonensis CRIS 5C-B1	C24_dihydroxy	29
679189|Hoylesella timonensis CRIS 5C-B1	C24_tetrahydroxy	1
679189|Hoylesella timonensis CRIS 5C-B1	C24_trihydroxy	8
679191|Prevotella amnii CRIS 21A-A	C24_dihydroxy	31
679191|Prevotella amnii CRIS 21A-A	C24_trihydroxy	4
679193|Cutibacterium acnes SK182	C24_dihydroxy	25
679193|Cutibacterium acnes SK182	C24_trihydroxy	7
679198|Aggregatibacter aphrophilus F0387	C24_trihydroxy	1
679204|Escherichia coli MS 145-7	C24_dihydroxy	1
679204|Escherichia coli MS 145-7	C24_trihydroxy	1
67940|Nanger dama	C24_dihydroxy	110
67940|Nanger dama	C24_monohydroxy	14
67940|Nanger dama	C24_pentahydroxy	1
67940|Nanger dama	C24_tetrahydroxy	27
67940|Nanger dama	C24_trihydroxy	93
679935|Alistipes finegoldii DSM 17242	C24_dihydroxy	6
679935|Alistipes finegoldii DSM 17242	C24_trihydroxy	36
680198|Streptomyces scabiei 87.22	C24_pentahydroxy	1
68042|Streptomyces hygroscopicus subsp. hygroscopicus	C24_dihydroxy	2
68042|Streptomyces hygroscopicus subsp. hygroscopicus	C24_monohydroxy	4
68042|Streptomyces hygroscopicus subsp. hygroscopicus	C24_nonhydroxy	2
68042|Streptomyces hygroscopicus subsp. hygroscopicus	C24_tetrahydroxy	2
68043|Streptomyces libani	C24_dihydroxy	8
68043|Streptomyces libani	C24_pentahydroxy	20
68043|Streptomyces libani	C24_trihydroxy	2
681183|Astrapia mayeri	C24_dihydroxy	22
681183|Astrapia mayeri	C24_monohydroxy	2
681183|Astrapia mayeri	C24_tetrahydroxy	17
681183|Astrapia mayeri	C24_trihydroxy	28
681479|Protium costaricense	C24_monohydroxy	2
681479|Protium costaricense	C24_nonhydroxy	6
68170|Lentzea aerocolonigenes	C24_monohydroxy	16
68170|Lentzea aerocolonigenes	C24_tetrahydroxy	4
68174|Streptomyces anthocyanicus	C24_pentahydroxy	4
68175|Streptomyces antimycoticus	C24_monohydroxy	2
68175|Streptomyces antimycoticus	C24_nonhydroxy	6
68175|Streptomyces antimycoticus	C24_pentahydroxy	2
68180|Streptomyces blastmyceticus	C24_dihydroxy	4
68180|Streptomyces blastmyceticus	C24_monohydroxy	6
68181|Streptomyces caesius	C24_dihydroxy	2
68181|Streptomyces caesius	C24_monohydroxy	2
68182|Streptomyces capillispiralis	C24_nonhydroxy	2
68194|Streptomyces durhamensis	C24_nonhydroxy	4
68194|Streptomyces durhamensis	C24_tetrahydroxy	18
68194|Streptomyces durhamensis	C24_trihydroxy	44
68195|Streptomyces ehimensis	C24_trihydroxy	8
68204|Streptomyces gancidicus	C24_dihydroxy	74
68204|Streptomyces gancidicus	C24_trihydroxy	4
68214|Streptomyces griseochromogenes	C24_pentahydroxy	2
68223|Streptomyces katrae	C24_pentahydroxy	2
68223|Streptomyces katrae	C24_tetrahydroxy	36
68223|Streptomyces katrae	C24_trihydroxy	60
68237|Streptomyces mediolani	C24_pentahydroxy	12
68238|Streptomyces minutiscleroticus	C24_dihydroxy	2
68238|Streptomyces minutiscleroticus	C24_tetrahydroxy	1
68238|Streptomyces minutiscleroticus	C24_trihydroxy	3
68239|Streptomyces mirabilis	C24_trihydroxy	3
68254|Streptomyces phaeofaciens	C24_trihydroxy	2
68270|Streptomyces spectabilis	C24_dihydroxy	2
68270|Streptomyces spectabilis	C24_monohydroxy	2
68274|Streptomyces tauricus	C24_tetrahydroxy	2
68277|Streptomyces tricolor	C24_pentahydroxy	2
68415|Moschus moschiferus	C24_dihydroxy	39
68415|Moschus moschiferus	C24_monohydroxy	8
68415|Moschus moschiferus	C24_pentahydroxy	1
68415|Moschus moschiferus	C24_tetrahydroxy	22
68415|Moschus moschiferus	C24_trihydroxy	61
68455|Crocodylus siamensis	C24_dihydroxy	3
68455|Crocodylus siamensis	C24_monohydroxy	1
68455|Crocodylus siamensis	C24_trihydroxy	8
686309|Micromonospora haikouensis	C24_monohydroxy	4
68725|Canis mesomelas	C24_dihydroxy	13
68725|Canis mesomelas	C24_tetrahydroxy	7
68725|Canis mesomelas	C24_trihydroxy	24
68728|Chrysocyon brachyurus	C24_dihydroxy	23
68728|Chrysocyon brachyurus	C24_monohydroxy	3
68728|Chrysocyon brachyurus	C24_pentahydroxy	1
68728|Chrysocyon brachyurus	C24_tetrahydroxy	8
68728|Chrysocyon brachyurus	C24_trihydroxy	30
68730|Cuon alpinus	C24_dihydroxy	20
68730|Cuon alpinus	C24_monohydroxy	4
68730|Cuon alpinus	C24_pentahydroxy	1
68730|Cuon alpinus	C24_tetrahydroxy	9
68730|Cuon alpinus	C24_trihydroxy	22
68732|Vulpes zerda	C24_dihydroxy	14
68732|Vulpes zerda	C24_monohydroxy	2
68732|Vulpes zerda	C24_tetrahydroxy	3
68732|Vulpes zerda	C24_trihydroxy	24
68739|Lycalopex sechurae	C24_dihydroxy	19
68739|Lycalopex sechurae	C24_monohydroxy	5
68739|Lycalopex sechurae	C24_tetrahydroxy	9
68739|Lycalopex sechurae	C24_trihydroxy	21
68741|Speothos venaticus	C24_dihydroxy	9
68741|Speothos venaticus	C24_monohydroxy	1
68741|Speothos venaticus	C24_tetrahydroxy	12
68741|Speothos venaticus	C24_trihydroxy	27
691689|Lutibacter flavus	C24_dihydroxy	2
69259|Bettongia penicillata	C24_dihydroxy	12
69259|Bettongia penicillata	C24_monohydroxy	4
69259|Bettongia penicillata	C24_pentahydroxy	1
69259|Bettongia penicillata	C24_tetrahydroxy	9
69259|Bettongia penicillata	C24_trihydroxy	20
69260|Dendrolagus goodfellowi	C24_dihydroxy	15
69260|Dendrolagus goodfellowi	C24_monohydroxy	4
69260|Dendrolagus goodfellowi	C24_pentahydroxy	1
69260|Dendrolagus goodfellowi	C24_tetrahydroxy	7
69260|Dendrolagus goodfellowi	C24_trihydroxy	25
69267|Dorcopsis	C24_dihydroxy	14
69267|Dorcopsis	C24_monohydroxy	8
69267|Dorcopsis	C24_tetrahydroxy	4
69267|Dorcopsis	C24_trihydroxy	14
69297|Tragelaphus eurycerus	C24_dihydroxy	30
69297|Tragelaphus eurycerus	C24_monohydroxy	5
69297|Tragelaphus eurycerus	C24_tetrahydroxy	5
69297|Tragelaphus eurycerus	C24_trihydroxy	52
69298|Tragelaphus spekii	C24_dihydroxy	70
69298|Tragelaphus spekii	C24_monohydroxy	1
69298|Tragelaphus spekii	C24_tetrahydroxy	32
69298|Tragelaphus spekii	C24_trihydroxy	123
69301|Gazella cuvieri	C24_dihydroxy	45
69301|Gazella cuvieri	C24_monohydroxy	7
69301|Gazella cuvieri	C24_tetrahydroxy	7
69301|Gazella cuvieri	C24_trihydroxy	44
69303|Gazella leptoceros	C24_dihydroxy	39
69303|Gazella leptoceros	C24_monohydroxy	5
69303|Gazella leptoceros	C24_pentahydroxy	1
69303|Gazella leptoceros	C24_tetrahydroxy	6
69303|Gazella leptoceros	C24_trihydroxy	24
69304|Eudorcas rufifrons	C24_dihydroxy	30
69304|Eudorcas rufifrons	C24_monohydroxy	6
69304|Eudorcas rufifrons	C24_pentahydroxy	1
69304|Eudorcas rufifrons	C24_tetrahydroxy	10
69304|Eudorcas rufifrons	C24_trihydroxy	27
69306|Nanger soemmerringii	C24_dihydroxy	27
69306|Nanger soemmerringii	C24_monohydroxy	1
69306|Nanger soemmerringii	C24_pentahydroxy	1
69306|Nanger soemmerringii	C24_tetrahydroxy	9
69306|Nanger soemmerringii	C24_trihydroxy	31
69308|Eudorcas thomsonii	C24_dihydroxy	45
69308|Eudorcas thomsonii	C24_monohydroxy	3
69308|Eudorcas thomsonii	C24_pentahydroxy	1
69308|Eudorcas thomsonii	C24_tetrahydroxy	14
69308|Eudorcas thomsonii	C24_trihydroxy	57
69311|Litocranius walleri	C24_dihydroxy	26
69311|Litocranius walleri	C24_tetrahydroxy	8
69311|Litocranius walleri	C24_trihydroxy	32
693219|Bankia setacea	C24_dihydroxy	8
693219|Bankia setacea	C24_monohydroxy	8
693219|Bankia setacea	C24_nonhydroxy	2
693219|Bankia setacea	C24_trihydroxy	2
693459|Phycodurus eques	C24_dihydroxy	9
693459|Phycodurus eques	C24_tetrahydroxy	6
693459|Phycodurus eques	C24_trihydroxy	27
69363|Microbacterium terregens	C24_dihydroxy	82
69363|Microbacterium terregens	C24_monohydroxy	2
69363|Microbacterium terregens	C24_tetrahydroxy	4
69363|Microbacterium terregens	C24_trihydroxy	32
693991|Fusobacterium polymorphum F0401	C24_dihydroxy	25
693991|Fusobacterium polymorphum F0401	C24_trihydroxy	9
700664|Rouleina attrita	C24_dihydroxy	5
700664|Rouleina attrita	C24_monohydroxy	4
700664|Rouleina attrita	C24_tetrahydroxy	4
700664|Rouleina attrita	C24_trihydroxy	29
702437|Selenomonas noxia F0398	C24_dihydroxy	29
702437|Selenomonas noxia F0398	C24_trihydroxy	7
702439|Prevotella nigrescens F0103	C24_dihydroxy	27
702439|Prevotella nigrescens F0103	C24_tetrahydroxy	1
702439|Prevotella nigrescens F0103	C24_trihydroxy	9
704175|Phoeniconaias minor	C24_dihydroxy	197
704175|Phoeniconaias minor	C24_monohydroxy	31
704175|Phoeniconaias minor	C24_pentahydroxy	4
704175|Phoeniconaias minor	C24_tetrahydroxy	93
704175|Phoeniconaias minor	C24_trihydroxy	218
70775|Pseudomonas plecoglossicida	C24_dihydroxy	11
70775|Pseudomonas plecoglossicida	C24_monohydroxy	5
70775|Pseudomonas plecoglossicida	C24_tetrahydroxy	6
70775|Pseudomonas plecoglossicida	C24_trihydroxy	5
709035|Masticophis flagellum testaceus	C24_dihydroxy	33
709035|Masticophis flagellum testaceus	C24_pentahydroxy	6
709035|Masticophis flagellum testaceus	C24_tetrahydroxy	45
709035|Masticophis flagellum testaceus	C24_trihydroxy	92
70919|Sarcophyton glaucum	C24_monohydroxy	6
70919|Sarcophyton glaucum	C24_pentahydroxy	28
70919|Sarcophyton glaucum	C24_tetrahydroxy	6
70919|Sarcophyton glaucum	C24_trihydroxy	5
709964|Heloderma suspectum suspectum	C24_dihydroxy	1
709964|Heloderma suspectum suspectum	C24_tetrahydroxy	3
709964|Heloderma suspectum suspectum	C24_trihydroxy	6
71006|Myrmecophaga tridactyla	C24_dihydroxy	37
71006|Myrmecophaga tridactyla	C24_monohydroxy	4
71006|Myrmecophaga tridactyla	C24_pentahydroxy	2
71006|Myrmecophaga tridactyla	C24_tetrahydroxy	5
71006|Myrmecophaga tridactyla	C24_trihydroxy	38
711330|Rena humilis	C24_dihydroxy	4
711330|Rena humilis	C24_trihydroxy	4
714305|Sphyrna corona	C24_dihydroxy	2
714305|Sphyrna corona	C24_trihydroxy	7
7165|Anopheles gambiae	C24_monohydroxy	1
7165|Anopheles gambiae	C24_trihydroxy	3
71694|Coprinopsis atramentaria	C24_tetrahydroxy	1
717477|Heloderma exasperatum	C24_dihydroxy	1
717477|Heloderma exasperatum	C24_trihydroxy	2
71875|Collybia dealbata	C24_tetrahydroxy	3
71893|Leucopaxillus albissimus	C24_tetrahydroxy	3
72062|Sebastes carnatus	C24_dihydroxy	8
72062|Sebastes carnatus	C24_monohydroxy	3
72062|Sebastes carnatus	C24_tetrahydroxy	4
72062|Sebastes carnatus	C24_trihydroxy	22
722633|Fundulus julisia	C24_dihydroxy	8
722633|Fundulus julisia	C24_trihydroxy	4
7227|Drosophila melanogaster	C24_dihydroxy	6
7227|Drosophila melanogaster	C24_tetrahydroxy	2
72540|Capra caucasica	C24_dihydroxy	33
72540|Capra caucasica	C24_monohydroxy	2
72540|Capra caucasica	C24_pentahydroxy	1
72540|Capra caucasica	C24_tetrahydroxy	27
72540|Capra caucasica	C24_trihydroxy	64
72541|Capra cylindricornis	C24_dihydroxy	13
72541|Capra cylindricornis	C24_monohydroxy	1
72541|Capra cylindricornis	C24_tetrahydroxy	4
72541|Capra cylindricornis	C24_trihydroxy	14
72542|Capra ibex	C24_dihydroxy	28
72542|Capra ibex	C24_monohydroxy	2
72542|Capra ibex	C24_pentahydroxy	1
72542|Capra ibex	C24_tetrahydroxy	11
72542|Capra ibex	C24_trihydroxy	44
72543|Capra nubiana	C24_dihydroxy	32
72543|Capra nubiana	C24_monohydroxy	2
72543|Capra nubiana	C24_tetrahydroxy	6
72543|Capra nubiana	C24_trihydroxy	46
72544|Capra sibirica	C24_dihydroxy	27
72544|Capra sibirica	C24_monohydroxy	4
72544|Capra sibirica	C24_pentahydroxy	1
72544|Capra sibirica	C24_tetrahydroxy	10
72544|Capra sibirica	C24_trihydroxy	34
72935|Euthamia graminifolia	C24_pentahydroxy	1
73044|Streptomyces seoulensis	C24_nonhydroxy	6
73107|Otis tarda	C24_dihydroxy	8
73107|Otis tarda	C24_monohydroxy	1
73107|Otis tarda	C24_trihydroxy	6
73334|Equus hemionus kulan	C24_dihydroxy	1
73334|Equus hemionus kulan	C24_trihydroxy	3
73335|Equus zebra hartmannae	C24_dihydroxy	4
73335|Equus zebra hartmannae	C24_trihydroxy	4
73337|Ceratotherium simum simum	C24_dihydroxy	1
73337|Ceratotherium simum simum	C24_monohydroxy	1
73337|Ceratotherium simum simum	C24_nonhydroxy	1
73337|Ceratotherium simum simum	C24_pentahydroxy	1
73337|Ceratotherium simum simum	C24_tetrahydroxy	1
740693|Cephaloscyllium ventriosum	C24_dihydroxy	24
740693|Cephaloscyllium ventriosum	C24_monohydroxy	10
740693|Cephaloscyllium ventriosum	C24_trihydroxy	17
74131|Pterophyllum scalare	C24_dihydroxy	17
74131|Pterophyllum scalare	C24_nonhydroxy	2
74131|Pterophyllum scalare	C24_tetrahydroxy	1
74131|Pterophyllum scalare	C24_trihydroxy	6
742722|Collinsella sp. 4_8_47FAA	C24_dihydroxy	32
742722|Collinsella sp. 4_8_47FAA	C24_tetrahydroxy	2
742722|Collinsella sp. 4_8_47FAA	C24_trihydroxy	8
742731|[Clostridium] aldenense WAL-18727	C24_dihydroxy	29
742731|[Clostridium] aldenense WAL-18727	C24_trihydroxy	1
742737|Hungatella hathewayi WAL-18680	C24_trihydroxy	2
742738|Flavonifractor plautii 1_3_50AFAA	C24_dihydroxy	29
742738|Flavonifractor plautii 1_3_50AFAA	C24_tetrahydroxy	26
742738|Flavonifractor plautii 1_3_50AFAA	C24_trihydroxy	5
742741|[Clostridium] symbiosum WAL-14673	C24_dihydroxy	22
742741|[Clostridium] symbiosum WAL-14673	C24_tetrahydroxy	1
742741|[Clostridium] symbiosum WAL-14673	C24_trihydroxy	2
74365|Euprepiophis mandarinus	C24_dihydroxy	9
74365|Euprepiophis mandarinus	C24_tetrahydroxy	4
74365|Euprepiophis mandarinus	C24_trihydroxy	21
74366|Elaphe moellendorffi	C24_dihydroxy	15
74366|Elaphe moellendorffi	C24_tetrahydroxy	8
74366|Elaphe moellendorffi	C24_trihydroxy	39
74426|Collinsella aerofaciens	C24_dihydroxy	10
74426|Collinsella aerofaciens	C24_tetrahydroxy	1
74426|Collinsella aerofaciens	C24_trihydroxy	12
74533|Panthera tigris altaica	C24_dihydroxy	7
74533|Panthera tigris altaica	C24_monohydroxy	5
74533|Panthera tigris altaica	C24_pentahydroxy	1
74533|Panthera tigris altaica	C24_tetrahydroxy	15
74533|Panthera tigris altaica	C24_trihydroxy	27
74534|Panthera tigris corbetti	C24_dihydroxy	12
74534|Panthera tigris corbetti	C24_monohydroxy	3
74534|Panthera tigris corbetti	C24_tetrahydroxy	6
74534|Panthera tigris corbetti	C24_trihydroxy	24
745802|Heros efasciatus	C24_dihydroxy	5
745802|Heros efasciatus	C24_tetrahydroxy	3
745802|Heros efasciatus	C24_trihydroxy	30
74638|Rosa carolina	C24_trihydroxy	2
74909|Cuora amboinensis	C24_tetrahydroxy	2
74909|Cuora amboinensis	C24_trihydroxy	1
749523|Enterococcus faecium TX0133a04	C24_dihydroxy	27
749523|Enterococcus faecium TX0133a04	C24_trihydroxy	2
749535|Klebsiella sp. MS 92-3	C24_dihydroxy	1
749535|Klebsiella sp. MS 92-3	C24_trihydroxy	2
749550|Escherichia coli MS 200-1	C24_trihydroxy	1
75024|Holacanthus ciliaris	C24_dihydroxy	28
75024|Holacanthus ciliaris	C24_monohydroxy	6
75024|Holacanthus ciliaris	C24_tetrahydroxy	8
75024|Holacanthus ciliaris	C24_trihydroxy	30
75038|Scatophagus argus	C24_dihydroxy	22
75038|Scatophagus argus	C24_monohydroxy	3
75038|Scatophagus argus	C24_pentahydroxy	1
75038|Scatophagus argus	C24_tetrahydroxy	5
75038|Scatophagus argus	C24_trihydroxy	28
75046|Zebrasoma scopas	C24_dihydroxy	19
75046|Zebrasoma scopas	C24_monohydroxy	1
75046|Zebrasoma scopas	C24_trihydroxy	7
75102|Cantharellus formosus	C24_pentahydroxy	1
75102|Cantharellus formosus	C24_trihydroxy	3
751853|Pycnanthemum tenuifolium	C24_pentahydroxy	3
75253|Anolis equestris	C24_dihydroxy	17
75253|Anolis equestris	C24_monohydroxy	2
75253|Anolis equestris	C24_tetrahydroxy	12
75253|Anolis equestris	C24_trihydroxy	33
75255|Anolis garmani	C24_dihydroxy	8
75255|Anolis garmani	C24_tetrahydroxy	5
75255|Anolis garmani	C24_trihydroxy	15
75259|Anolis lineatopus	C24_dihydroxy	17
75259|Anolis lineatopus	C24_tetrahydroxy	8
75259|Anolis lineatopus	C24_trihydroxy	28
75269|Anolis richardii	C24_dihydroxy	21
75269|Anolis richardii	C24_tetrahydroxy	17
75269|Anolis richardii	C24_trihydroxy	47
75329|Misgurnus anguillicaudatus	C24_dihydroxy	5
75569|Cercocebus chrysogaster	C24_dihydroxy	56
75569|Cercocebus chrysogaster	C24_monohydroxy	9
75569|Cercocebus chrysogaster	C24_tetrahydroxy	12
75569|Cercocebus chrysogaster	C24_trihydroxy	44
757429|Platalea flavipes	C24_dihydroxy	17
757429|Platalea flavipes	C24_monohydroxy	1
757429|Platalea flavipes	C24_tetrahydroxy	1
757429|Platalea flavipes	C24_trihydroxy	9
75838|Spatula clypeata	C24_dihydroxy	25
75838|Spatula clypeata	C24_monohydroxy	1
75838|Spatula clypeata	C24_tetrahydroxy	3
75838|Spatula clypeata	C24_trihydroxy	15
75840|Spatula cyanoptera	C24_dihydroxy	22
75840|Spatula cyanoptera	C24_monohydroxy	2
75840|Spatula cyanoptera	C24_pentahydroxy	1
75840|Spatula cyanoptera	C24_tetrahydroxy	2
75840|Spatula cyanoptera	C24_trihydroxy	15
75843|Anas erythrorhyncha	C24_dihydroxy	29
75843|Anas erythrorhyncha	C24_monohydroxy	9
75843|Anas erythrorhyncha	C24_tetrahydroxy	4
75843|Anas erythrorhyncha	C24_trihydroxy	19
75844|Mareca falcata	C24_dihydroxy	9
75844|Mareca falcata	C24_trihydroxy	6
75846|Anas fulvigula	C24_dihydroxy	30
75846|Anas fulvigula	C24_monohydroxy	2
75846|Anas fulvigula	C24_tetrahydroxy	3
75846|Anas fulvigula	C24_trihydroxy	11
75860|Anas sparsa	C24_dihydroxy	17
75860|Anas sparsa	C24_monohydroxy	1
75860|Anas sparsa	C24_tetrahydroxy	7
75860|Anas sparsa	C24_trihydroxy	8
75861|Mareca strepera	C24_dihydroxy	35
75861|Mareca strepera	C24_monohydroxy	5
75861|Mareca strepera	C24_tetrahydroxy	2
75861|Mareca strepera	C24_trihydroxy	16
75862|Anas undulata	C24_dihydroxy	61
75862|Anas undulata	C24_monohydroxy	11
75862|Anas undulata	C24_pentahydroxy	3
75862|Anas undulata	C24_tetrahydroxy	20
75862|Anas undulata	C24_trihydroxy	60
75865|Tadorna tadorna	C24_dihydroxy	39
75865|Tadorna tadorna	C24_monohydroxy	5
75865|Tadorna tadorna	C24_tetrahydroxy	3
75865|Tadorna tadorna	C24_trihydroxy	24
75869|Asarcornis scutulata	C24_dihydroxy	19
75869|Asarcornis scutulata	C24_monohydroxy	2
75869|Asarcornis scutulata	C24_tetrahydroxy	5
75869|Asarcornis scutulata	C24_trihydroxy	20
75871|Callonetta leucophrys	C24_dihydroxy	12
75871|Callonetta leucophrys	C24_monohydroxy	1
75871|Callonetta leucophrys	C24_tetrahydroxy	1
75871|Callonetta leucophrys	C24_trihydroxy	12
75875|Marmaronetta angustirostris	C24_dihydroxy	6
75875|Marmaronetta angustirostris	C24_trihydroxy	4
75877|Pteronetta hartlaubii	C24_dihydroxy	12
75877|Pteronetta hartlaubii	C24_tetrahydroxy	1
75877|Pteronetta hartlaubii	C24_trihydroxy	4
75879|Speculanas specularis	C24_dihydroxy	26
75879|Speculanas specularis	C24_monohydroxy	6
75879|Speculanas specularis	C24_tetrahydroxy	2
75879|Speculanas specularis	C24_trihydroxy	27
75988|Agalychnis dacnicolor	C24_dihydroxy	24
75988|Agalychnis dacnicolor	C24_monohydroxy	22
75988|Agalychnis dacnicolor	C24_trihydroxy	10
76058|Somateria mollissima	C24_dihydroxy	12
76058|Somateria mollissima	C24_tetrahydroxy	5
76058|Somateria mollissima	C24_trihydroxy	16
76143|Malacosteus niger	C24_tetrahydroxy	1
76143|Malacosteus niger	C24_trihydroxy	2
762623|Psaltriparus minimus minimus	C24_dihydroxy	2
762623|Psaltriparus minimus minimus	C24_trihydroxy	2
763644|Opisthotropis lateralis	C24_dihydroxy	7
763644|Opisthotropis lateralis	C24_pentahydroxy	1
763644|Opisthotropis lateralis	C24_tetrahydroxy	15
763644|Opisthotropis lateralis	C24_trihydroxy	37
76374|Pachystachys lutea	C24_monohydroxy	4
76374|Pachystachys lutea	C24_pentahydroxy	1
76374|Pachystachys lutea	C24_trihydroxy	4
765065|Cutibacterium acnes HL020PA1	C24_dihydroxy	23
765065|Cutibacterium acnes HL020PA1	C24_trihydroxy	9
765066|Cutibacterium acnes HL053PA1	C24_dihydroxy	27
765066|Cutibacterium acnes HL053PA1	C24_tetrahydroxy	1
765066|Cutibacterium acnes HL053PA1	C24_trihydroxy	10
765067|Cutibacterium acnes HL053PA2	C24_dihydroxy	25
765067|Cutibacterium acnes HL053PA2	C24_trihydroxy	7
765068|Cutibacterium acnes HL045PA1	C24_dihydroxy	32
765068|Cutibacterium acnes HL045PA1	C24_trihydroxy	7
765069|Cutibacterium acnes HL013PA1	C24_dihydroxy	25
765069|Cutibacterium acnes HL013PA1	C24_trihydroxy	5
765070|Cutibacterium acnes HL013PA2	C24_dihydroxy	27
765070|Cutibacterium acnes HL013PA2	C24_trihydroxy	8
765071|Cutibacterium acnes HL078PA1	C24_dihydroxy	27
765071|Cutibacterium acnes HL078PA1	C24_trihydroxy	6
765072|Cutibacterium acnes HL043PA1	C24_dihydroxy	28
765072|Cutibacterium acnes HL043PA1	C24_trihydroxy	6
765073|Cutibacterium acnes HL043PA2	C24_dihydroxy	26
765073|Cutibacterium acnes HL043PA2	C24_trihydroxy	7
765074|Cutibacterium acnes HL072PA1	C24_dihydroxy	31
765074|Cutibacterium acnes HL072PA1	C24_trihydroxy	8
765077|Cutibacterium acnes HL110PA1	C24_dihydroxy	31
765077|Cutibacterium acnes HL110PA1	C24_tetrahydroxy	1
765077|Cutibacterium acnes HL110PA1	C24_trihydroxy	6
765079|Cutibacterium acnes HL110PA3	C24_dihydroxy	27
765079|Cutibacterium acnes HL110PA3	C24_trihydroxy	8
765080|Cutibacterium acnes HL110PA4	C24_dihydroxy	24
765080|Cutibacterium acnes HL110PA4	C24_trihydroxy	7
765084|Cutibacterium acnes HL060PA1	C24_dihydroxy	31
765084|Cutibacterium acnes HL060PA1	C24_trihydroxy	9
765085|Cutibacterium acnes HL038PA1	C24_dihydroxy	26
765085|Cutibacterium acnes HL038PA1	C24_trihydroxy	8
765089|Cutibacterium acnes HL025PA1	C24_dihydroxy	27
765089|Cutibacterium acnes HL025PA1	C24_trihydroxy	7
765090|Cutibacterium acnes HL025PA2	C24_dihydroxy	22
765090|Cutibacterium acnes HL025PA2	C24_trihydroxy	7
765091|Cutibacterium acnes HL059PA1	C24_dihydroxy	28
765091|Cutibacterium acnes HL059PA1	C24_trihydroxy	7
765092|Cutibacterium acnes HL059PA2	C24_dihydroxy	30
765092|Cutibacterium acnes HL059PA2	C24_trihydroxy	8
765093|Cutibacterium acnes HL086PA1	C24_dihydroxy	26
765093|Cutibacterium acnes HL086PA1	C24_trihydroxy	9
765095|Cutibacterium acnes HL046PA2	C24_dihydroxy	27
765095|Cutibacterium acnes HL046PA2	C24_trihydroxy	8
765096|Cutibacterium acnes HL005PA1	C24_dihydroxy	27
765096|Cutibacterium acnes HL005PA1	C24_trihydroxy	9
765097|Cutibacterium acnes HL005PA2	C24_dihydroxy	25
765097|Cutibacterium acnes HL005PA2	C24_trihydroxy	9
765098|Cutibacterium acnes HL005PA3	C24_dihydroxy	25
765098|Cutibacterium acnes HL005PA3	C24_trihydroxy	6
765099|Cutibacterium acnes HL005PA4	C24_dihydroxy	29
765099|Cutibacterium acnes HL005PA4	C24_trihydroxy	6
765100|Cutibacterium acnes HL050PA1	C24_dihydroxy	31
765100|Cutibacterium acnes HL050PA1	C24_trihydroxy	8
765101|Cutibacterium acnes HL050PA2	C24_dihydroxy	29
765101|Cutibacterium acnes HL050PA2	C24_trihydroxy	9
765102|Cutibacterium acnes HL050PA3	C24_dihydroxy	28
765102|Cutibacterium acnes HL050PA3	C24_trihydroxy	7
765103|Cutibacterium acnes HL030PA1	C24_dihydroxy	27
765103|Cutibacterium acnes HL030PA1	C24_trihydroxy	7
765104|Cutibacterium acnes HL030PA2	C24_dihydroxy	22
765104|Cutibacterium acnes HL030PA2	C24_trihydroxy	9
765105|Cutibacterium acnes HL001PA1	C24_dihydroxy	29
765105|Cutibacterium acnes HL001PA1	C24_tetrahydroxy	1
765105|Cutibacterium acnes HL001PA1	C24_trihydroxy	7
765106|Cutibacterium acnes HL036PA1	C24_dihydroxy	27
765106|Cutibacterium acnes HL036PA1	C24_trihydroxy	8
765107|Cutibacterium acnes HL036PA2	C24_dihydroxy	30
765107|Cutibacterium acnes HL036PA2	C24_trihydroxy	9
765108|Cutibacterium acnes HL036PA3	C24_dihydroxy	31
765108|Cutibacterium acnes HL036PA3	C24_trihydroxy	10
765109|Cutibacterium modestum HL044PA1	C24_dihydroxy	24
765109|Cutibacterium modestum HL044PA1	C24_trihydroxy	6
765110|Cutibacterium acnes HL067PA1	C24_dihydroxy	28
765110|Cutibacterium acnes HL067PA1	C24_trihydroxy	7
765111|Cutibacterium acnes HL027PA1	C24_dihydroxy	25
765111|Cutibacterium acnes HL027PA1	C24_trihydroxy	6
765112|Cutibacterium acnes HL027PA2	C24_dihydroxy	28
765112|Cutibacterium acnes HL027PA2	C24_trihydroxy	7
765113|Cutibacterium acnes HL063PA1	C24_dihydroxy	28
765113|Cutibacterium acnes HL063PA1	C24_trihydroxy	7
765114|Cutibacterium acnes HL063PA2	C24_dihydroxy	25
765114|Cutibacterium acnes HL063PA2	C24_trihydroxy	9
765115|Cutibacterium acnes HL002PA1	C24_dihydroxy	21
765115|Cutibacterium acnes HL002PA1	C24_trihydroxy	7
765116|Cutibacterium acnes HL002PA2	C24_dihydroxy	23
765116|Cutibacterium acnes HL002PA2	C24_trihydroxy	7
765117|Cutibacterium acnes HL002PA3	C24_dihydroxy	30
765117|Cutibacterium acnes HL002PA3	C24_trihydroxy	7
765118|Cutibacterium acnes HL007PA1	C24_dihydroxy	22
765118|Cutibacterium acnes HL007PA1	C24_trihydroxy	8
765119|Cutibacterium acnes HL056PA1	C24_dihydroxy	32
765119|Cutibacterium acnes HL056PA1	C24_trihydroxy	5
765121|Cutibacterium acnes HL082PA2	C24_dihydroxy	27
765121|Cutibacterium acnes HL082PA2	C24_trihydroxy	7
765122|Cutibacterium acnes HL037PA1	C24_dihydroxy	25
765122|Cutibacterium acnes HL037PA1	C24_trihydroxy	7
765123|Cutibacterium modestum HL037PA2	C24_dihydroxy	28
765123|Cutibacterium modestum HL037PA2	C24_trihydroxy	6
76578|Lobelia cardinalis	C24_tetrahydroxy	218
767031|Prevotella denticola F0289	C24_dihydroxy	28
767031|Prevotella denticola F0289	C24_trihydroxy	4
76717|Lontra canadensis	C24_dihydroxy	18
76717|Lontra canadensis	C24_tetrahydroxy	10
76717|Lontra canadensis	C24_trihydroxy	57
76760|Pseudomonas rhodesiae	C24_monohydroxy	1
768612|Icterus croconotus	C24_dihydroxy	5
768612|Icterus croconotus	C24_pentahydroxy	1
768612|Icterus croconotus	C24_tetrahydroxy	5
768612|Icterus croconotus	C24_trihydroxy	14
77149|Mustela eversmannii	C24_dihydroxy	5
77149|Mustela eversmannii	C24_tetrahydroxy	4
77149|Mustela eversmannii	C24_trihydroxy	16
7719|Ciona intestinalis	C24_pentahydroxy	2
7765|Eptatretus stoutii	C24_dihydroxy	4
7765|Eptatretus stoutii	C24_trihydroxy	8
7781|Raja clavata	C24_dihydroxy	2
7781|Raja clavata	C24_tetrahydroxy	1
7781|Raja clavata	C24_trihydroxy	2
77914|Galeus melastomus	C24_dihydroxy	2
77914|Galeus melastomus	C24_trihydroxy	1
7792|Heterodontus francisci	C24_dihydroxy	3
7792|Heterodontus francisci	C24_tetrahydroxy	2
7792|Heterodontus francisci	C24_trihydroxy	2
7793|Heterodontus portusjacksoni	C24_tetrahydroxy	1
7793|Heterodontus portusjacksoni	C24_trihydroxy	2
7797|Squalus acanthias	C24_trihydroxy	1
7801|Ginglymostoma cirratum	C24_trihydroxy	3
7808|Carcharhinus plumbeus	C24_dihydroxy	1
7808|Carcharhinus plumbeus	C24_trihydroxy	7
7812|Mustelus canis	C24_dihydroxy	6
7812|Mustelus canis	C24_trihydroxy	2
78168|Passiflora edulis	C24_nonhydroxy	1
7819|Galeocerdo cuvier	C24_dihydroxy	13
7819|Galeocerdo cuvier	C24_monohydroxy	2
7819|Galeocerdo cuvier	C24_trihydroxy	1
7821|Negaprion brevirostris	C24_dihydroxy	6
7821|Negaprion brevirostris	C24_trihydroxy	6
7830|Scyliorhinus canicula	C24_dihydroxy	1
7830|Scyliorhinus canicula	C24_tetrahydroxy	1
7830|Scyliorhinus canicula	C24_trihydroxy	4
78371|Arisaema triphyllum	C24_trihydroxy	2
78394|Eptatretus cirrhatus	C24_dihydroxy	26
78394|Eptatretus cirrhatus	C24_monohydroxy	6
78394|Eptatretus cirrhatus	C24_pentahydroxy	6
78394|Eptatretus cirrhatus	C24_tetrahydroxy	18
78394|Eptatretus cirrhatus	C24_trihydroxy	30
7852|Alopias vulpinus	C24_dihydroxy	3
7852|Alopias vulpinus	C24_trihydroxy	4
7883|Lepidosiren paradoxa	C24_dihydroxy	12
7883|Lepidosiren paradoxa	C24_monohydroxy	1
7883|Lepidosiren paradoxa	C24_trihydroxy	2
7892|Neoceratodus forsteri	C24_dihydroxy	13
7892|Neoceratodus forsteri	C24_monohydroxy	10
7892|Neoceratodus forsteri	C24_nonhydroxy	1
7892|Neoceratodus forsteri	C24_tetrahydroxy	1
7892|Neoceratodus forsteri	C24_trihydroxy	8
7897|Latimeria chalumnae	C24_dihydroxy	40
7897|Latimeria chalumnae	C24_monohydroxy	4
7897|Latimeria chalumnae	C24_tetrahydroxy	10
7897|Latimeria chalumnae	C24_trihydroxy	14
79022|Thapsia garganica	C24_monohydroxy	2
7902|Acipenser gueldenstaedtii	C24_dihydroxy	9
7902|Acipenser gueldenstaedtii	C24_pentahydroxy	5
7902|Acipenser gueldenstaedtii	C24_tetrahydroxy	17
7902|Acipenser gueldenstaedtii	C24_trihydroxy	30
7903|Acipenser stellatus	C24_dihydroxy	9
7903|Acipenser stellatus	C24_pentahydroxy	2
7903|Acipenser stellatus	C24_tetrahydroxy	10
7903|Acipenser stellatus	C24_trihydroxy	34
7911|Polyodontidae	C24_dihydroxy	5
7911|Polyodontidae	C24_tetrahydroxy	15
7911|Polyodontidae	C24_trihydroxy	30
7918|Lepisosteus oculatus	C24_dihydroxy	3
7918|Lepisosteus oculatus	C24_tetrahydroxy	2
7918|Lepisosteus oculatus	C24_trihydroxy	24
7924|Amia calva	C24_dihydroxy	2
7924|Amia calva	C24_nonhydroxy	3
7924|Amia calva	C24_tetrahydroxy	3
7924|Amia calva	C24_trihydroxy	20
7933|Anguilliformes	C24_dihydroxy	10
7933|Anguilliformes	C24_monohydroxy	1
7933|Anguilliformes	C24_pentahydroxy	2
7933|Anguilliformes	C24_tetrahydroxy	10
7933|Anguilliformes	C24_trihydroxy	19
7936|Anguilla anguilla	C24_dihydroxy	11
7936|Anguilla anguilla	C24_monohydroxy	2
7936|Anguilla anguilla	C24_pentahydroxy	1
7936|Anguilla anguilla	C24_tetrahydroxy	4
7936|Anguilla anguilla	C24_trihydroxy	18
79626|Eudyptes chrysocome	C24_dihydroxy	14
79626|Eudyptes chrysocome	C24_tetrahydroxy	8
79626|Eudyptes chrysocome	C24_trihydroxy	17
79627|Eudyptes chrysolophus	C24_dihydroxy	21
79627|Eudyptes chrysolophus	C24_pentahydroxy	2
79627|Eudyptes chrysolophus	C24_tetrahydroxy	17
79627|Eudyptes chrysolophus	C24_trihydroxy	25
7962|Cyprinus carpio	C24_dihydroxy	2
7962|Cyprinus carpio	C24_tetrahydroxy	1
7962|Cyprinus carpio	C24_trihydroxy	5
79631|Oceanodroma furcata	C24_dihydroxy	13
79631|Oceanodroma furcata	C24_monohydroxy	1
79631|Oceanodroma furcata	C24_tetrahydroxy	9
79631|Oceanodroma furcata	C24_trihydroxy	13
796400|Ptilinopus magnificus	C24_dihydroxy	25
796400|Ptilinopus magnificus	C24_trihydroxy	14
79643|Pygoscelis antarcticus	C24_dihydroxy	29
79643|Pygoscelis antarcticus	C24_monohydroxy	9
79643|Pygoscelis antarcticus	C24_tetrahydroxy	4
79643|Pygoscelis antarcticus	C24_trihydroxy	19
796942|Stomatobaculum longum	C24_dihydroxy	29
796942|Stomatobaculum longum	C24_trihydroxy	5
79805|Solenodon paradoxus	C24_dihydroxy	9
79805|Solenodon paradoxus	C24_pentahydroxy	1
79805|Solenodon paradoxus	C24_tetrahydroxy	11
79805|Solenodon paradoxus	C24_trihydroxy	38
7995|Siluriformes	C24_dihydroxy	10
7995|Siluriformes	C24_tetrahydroxy	18
7995|Siluriformes	C24_trihydroxy	27
8005|Electrophorus electricus	C24_dihydroxy	21
8005|Electrophorus electricus	C24_tetrahydroxy	12
8005|Electrophorus electricus	C24_trihydroxy	48
8010|Esox lucius	C24_dihydroxy	5
8010|Esox lucius	C24_tetrahydroxy	11
8010|Esox lucius	C24_trihydroxy	66
8022|Oncorhynchus mykiss	C24_dihydroxy	19
8022|Oncorhynchus mykiss	C24_pentahydroxy	4
8022|Oncorhynchus mykiss	C24_tetrahydroxy	17
8022|Oncorhynchus mykiss	C24_trihydroxy	39
8030|Salmo salar	C24_dihydroxy	142
8030|Salmo salar	C24_monohydroxy	129
8030|Salmo salar	C24_nonhydroxy	2
8030|Salmo salar	C24_pentahydroxy	146
8030|Salmo salar	C24_tetrahydroxy	5378
8030|Salmo salar	C24_trihydroxy	4847
803241|Acrochordus arafurae	C24_dihydroxy	12
803241|Acrochordus arafurae	C24_tetrahydroxy	9
803241|Acrochordus arafurae	C24_trihydroxy	21
8032|Salmo trutta	C24_dihydroxy	7
8032|Salmo trutta	C24_tetrahydroxy	3
8032|Salmo trutta	C24_trihydroxy	10
80419|Capra pyrenaica	C24_dihydroxy	15
80419|Capra pyrenaica	C24_tetrahydroxy	3
80419|Capra pyrenaica	C24_trihydroxy	14
80442|Lacerta schreiberi	C24_dihydroxy	15
80442|Lacerta schreiberi	C24_monohydroxy	1
80442|Lacerta schreiberi	C24_tetrahydroxy	15
80442|Lacerta schreiberi	C24_trihydroxy	39
80588|Gomphus clavatus	C24_monohydroxy	1
80664|Pisolithus arhizus	C24_monohydroxy	2
80772|Paratilapia polleni	C24_dihydroxy	12
80772|Paratilapia polleni	C24_monohydroxy	3
80772|Paratilapia polleni	C24_trihydroxy	8
80858|Streptomyces thermotolerans	C24_pentahydroxy	8
80858|Streptomyces thermotolerans	C24_trihydroxy	4
8090|Oryzias latipes	C24_dihydroxy	5
8090|Oryzias latipes	C24_monohydroxy	4
8090|Oryzias latipes	C24_tetrahydroxy	5
8090|Oryzias latipes	C24_trihydroxy	23
80972|Amphiprion ocellaris	C24_dihydroxy	6
80972|Amphiprion ocellaris	C24_trihydroxy	3
8110|Sebastolobus altivelis	C24_dihydroxy	11
8110|Sebastolobus altivelis	C24_tetrahydroxy	2
8110|Sebastolobus altivelis	C24_trihydroxy	26
81389|Regalecus glesne	C24_dihydroxy	14
81389|Regalecus glesne	C24_tetrahydroxy	3
81389|Regalecus glesne	C24_trihydroxy	22
8164|Lateolabrax japonicus	C24_dihydroxy	6
8164|Lateolabrax japonicus	C24_tetrahydroxy	6
8164|Lateolabrax japonicus	C24_trihydroxy	17
8167|Perca flavescens	C24_dihydroxy	4
8167|Perca flavescens	C24_trihydroxy	7
8175|Sparus aurata	C24_dihydroxy	11
8175|Sparus aurata	C24_monohydroxy	3
8175|Sparus aurata	C24_tetrahydroxy	1
8175|Sparus aurata	C24_trihydroxy	24
81879|Rupicola rupicola	C24_dihydroxy	8
81879|Rupicola rupicola	C24_trihydroxy	7
818|Bacteroides thetaiotaomicron	C24_dihydroxy	2121
818|Bacteroides thetaiotaomicron	C24_nonhydroxy	8
818|Bacteroides thetaiotaomicron	C24_tetrahydroxy	521
818|Bacteroides thetaiotaomicron	C24_trihydroxy	4893
81903|Fulica americana	C24_dihydroxy	42
81903|Fulica americana	C24_monohydroxy	6
81903|Fulica americana	C24_tetrahydroxy	16
81903|Fulica americana	C24_trihydroxy	44
81969|Corytophaninae	C24_dihydroxy	9
81969|Corytophaninae	C24_tetrahydroxy	10
81969|Corytophaninae	C24_trihydroxy	20
820|Bacteroides uniformis	C24_dihydroxy	7
820|Bacteroides uniformis	C24_trihydroxy	10
82174|Pseudorca crassidens	C24_dihydroxy	5
82174|Pseudorca crassidens	C24_tetrahydroxy	3
82174|Pseudorca crassidens	C24_trihydroxy	5
821|Phocaeicola vulgatus	C24_dihydroxy	306
821|Phocaeicola vulgatus	C24_trihydroxy	431
8226|Katsuwonus pelamis	C24_dihydroxy	16
8226|Katsuwonus pelamis	C24_monohydroxy	5
8226|Katsuwonus pelamis	C24_tetrahydroxy	9
8226|Katsuwonus pelamis	C24_trihydroxy	23
8236|Thunnus albacares	C24_dihydroxy	13
8236|Thunnus albacares	C24_monohydroxy	2
8236|Thunnus albacares	C24_trihydroxy	24
8238|Thunnus orientalis	C24_dihydroxy	11
8238|Thunnus orientalis	C24_tetrahydroxy	4
8238|Thunnus orientalis	C24_trihydroxy	20
82454|Abroma augustum	C24_nonhydroxy	2
82655|Conger conger	C24_dihydroxy	15
82655|Conger conger	C24_pentahydroxy	2
82655|Conger conger	C24_tetrahydroxy	16
82655|Conger conger	C24_trihydroxy	31
8305|Ambystoma tigrinum	C24_trihydroxy	8
83378|Streptomyces ruber	C24_trihydroxy	2
83391|Coryphaenoides cinereus	C24_dihydroxy	33
83391|Coryphaenoides cinereus	C24_monohydroxy	4
83391|Coryphaenoides cinereus	C24_pentahydroxy	6
83391|Coryphaenoides cinereus	C24_tetrahydroxy	32
83391|Coryphaenoides cinereus	C24_trihydroxy	79
83513|Agaricus semotus	C24_tetrahydroxy	7
8355|Xenopus laevis	C24_dihydroxy	10
8355|Xenopus laevis	C24_monohydroxy	1
8355|Xenopus laevis	C24_pentahydroxy	3
8355|Xenopus laevis	C24_tetrahydroxy	17
8355|Xenopus laevis	C24_trihydroxy	80
8361|Hymenochirus	C24_dihydroxy	2
8361|Hymenochirus	C24_trihydroxy	5
8389|Anaxyrus americanus	C24_dihydroxy	2
8389|Anaxyrus americanus	C24_trihydroxy	1
8395|Phyllomedusa sauvagii	C24_dihydroxy	3
8395|Phyllomedusa sauvagii	C24_trihydroxy	1
8400|Aquarana catesbeiana	C24_trihydroxy	1
8404|Lithobates pipiens	C24_dihydroxy	1
8406|Pelophylax ridibundus	C24_tetrahydroxy	2
8406|Pelophylax ridibundus	C24_trihydroxy	2
8407|Rana temporaria	C24_dihydroxy	6
8407|Rana temporaria	C24_tetrahydroxy	1
8407|Rana temporaria	C24_trihydroxy	10
84112|Eggerthella lenta	C24_monohydroxy	2471
84480|Amycolatopsis thermoflava	C24_monohydroxy	2
8450|Hypogeophis rostratus	C24_dihydroxy	37
8450|Hypogeophis rostratus	C24_monohydroxy	12
8450|Hypogeophis rostratus	C24_tetrahydroxy	10
8450|Hypogeophis rostratus	C24_trihydroxy	32
84594|Micromonospora gifhornensis	C24_dihydroxy	10
84594|Micromonospora gifhornensis	C24_monohydroxy	1
84594|Micromonospora gifhornensis	C24_pentahydroxy	2
84594|Micromonospora gifhornensis	C24_tetrahydroxy	13
84594|Micromonospora gifhornensis	C24_trihydroxy	12
8467|Caretta caretta	C24_dihydroxy	5
8467|Caretta caretta	C24_monohydroxy	6
8467|Caretta caretta	C24_trihydroxy	3
8469|Chelonia mydas	C24_dihydroxy	1
8469|Chelonia mydas	C24_tetrahydroxy	1
8469|Chelonia mydas	C24_trihydroxy	3
84724|Lentzea waywayandensis	C24_monohydroxy	2
84785|Sturnella neglecta	C24_dihydroxy	2
84785|Sturnella neglecta	C24_tetrahydroxy	2
84785|Sturnella neglecta	C24_trihydroxy	6
8479|Chrysemys picta	C24_dihydroxy	3
8479|Chrysemys picta	C24_tetrahydroxy	3
8479|Chrysemys picta	C24_trihydroxy	6
84834|Molothrus ater	C24_dihydroxy	2
84834|Molothrus ater	C24_trihydroxy	2
8485|Malaclemys terrapin	C24_dihydroxy	1
8485|Malaclemys terrapin	C24_tetrahydroxy	2
8485|Malaclemys terrapin	C24_trihydroxy	3
8496|Alligator mississippiensis	C24_dihydroxy	28
8496|Alligator mississippiensis	C24_monohydroxy	6
8496|Alligator mississippiensis	C24_tetrahydroxy	4
8496|Alligator mississippiensis	C24_trihydroxy	32
84984|Crax alberti	C24_dihydroxy	17
84984|Crax alberti	C24_monohydroxy	1
84984|Crax alberti	C24_tetrahydroxy	4
84984|Crax alberti	C24_trihydroxy	25
84985|Crax alector	C24_dihydroxy	24
84985|Crax alector	C24_monohydroxy	2
84985|Crax alector	C24_tetrahydroxy	7
84985|Crax alector	C24_trihydroxy	30
84986|Crax daubentoni	C24_dihydroxy	8
84986|Crax daubentoni	C24_trihydroxy	14
8499|Caiman crocodilus	C24_dihydroxy	3
8499|Caiman crocodilus	C24_trihydroxy	4
8501|Crocodylus niloticus	C24_dihydroxy	2
8501|Crocodylus niloticus	C24_trihydroxy	1
85023|Microbacteriaceae	C24_dihydroxy	11
85023|Microbacteriaceae	C24_monohydroxy	3
85023|Microbacteriaceae	C24_tetrahydroxy	13
85023|Microbacteriaceae	C24_trihydroxy	28
8502|Crocodylus porosus	C24_dihydroxy	4
8502|Crocodylus porosus	C24_tetrahydroxy	3
8502|Crocodylus porosus	C24_trihydroxy	8
8503|Crocodylus novaeguineae	C24_dihydroxy	36
8503|Crocodylus novaeguineae	C24_monohydroxy	6
8503|Crocodylus novaeguineae	C24_tetrahydroxy	8
8503|Crocodylus novaeguineae	C24_trihydroxy	32
85044|Williamsia muralis	C24_dihydroxy	5
85044|Williamsia muralis	C24_monohydroxy	2
85044|Williamsia muralis	C24_tetrahydroxy	8
85044|Williamsia muralis	C24_trihydroxy	8
85071|Lamprotornis caudatus	C24_dihydroxy	17
85071|Lamprotornis caudatus	C24_tetrahydroxy	8
85071|Lamprotornis caudatus	C24_trihydroxy	10
85099|Podiceps nigricollis	C24_dihydroxy	19
85099|Podiceps nigricollis	C24_tetrahydroxy	11
85099|Podiceps nigricollis	C24_trihydroxy	36
850|Fusobacterium mortiferum	C24_dihydroxy	8
850|Fusobacterium mortiferum	C24_tetrahydroxy	6
850|Fusobacterium mortiferum	C24_trihydroxy	16
85101|Urocolius macrourus	C24_dihydroxy	20
85101|Urocolius macrourus	C24_monohydroxy	6
85101|Urocolius macrourus	C24_trihydroxy	10
8517|Iguana iguana	C24_dihydroxy	11
8517|Iguana iguana	C24_monohydroxy	1
8517|Iguana iguana	C24_tetrahydroxy	19
8517|Iguana iguana	C24_trihydroxy	34
85195|Dischidia	C24_monohydroxy	2
85222|Laurus	C24_tetrahydroxy	2
85223|Laurus nobilis	C24_dihydroxy	57
85223|Laurus nobilis	C24_tetrahydroxy	1
85223|Laurus nobilis	C24_trihydroxy	67
8527|Tiliqua rugosa	C24_dihydroxy	8
8527|Tiliqua rugosa	C24_monohydroxy	8
8527|Tiliqua rugosa	C24_trihydroxy	8
85351|Hedera canariensis	C24_pentahydroxy	2
853|Faecalibacterium prausnitzii	C24_dihydroxy	8
853|Faecalibacterium prausnitzii	C24_trihydroxy	9
8552|Heloderma horridum horridum	C24_dihydroxy	7
8552|Heloderma horridum horridum	C24_tetrahydroxy	4
8552|Heloderma horridum horridum	C24_trihydroxy	10
8556|Varanus	C24_dihydroxy	3
8556|Varanus	C24_trihydroxy	5
8557|Varanus exanthematicus	C24_dihydroxy	61
8557|Varanus exanthematicus	C24_monohydroxy	12
8557|Varanus exanthematicus	C24_tetrahydroxy	17
8557|Varanus exanthematicus	C24_trihydroxy	65
8558|Varanus albigularis	C24_dihydroxy	10
8558|Varanus albigularis	C24_monohydroxy	2
8558|Varanus albigularis	C24_nonhydroxy	2
8558|Varanus albigularis	C24_pentahydroxy	8
8558|Varanus albigularis	C24_tetrahydroxy	26
8558|Varanus albigularis	C24_trihydroxy	32
8559|Varanus varius	C24_dihydroxy	7
8559|Varanus varius	C24_tetrahydroxy	1
8559|Varanus varius	C24_trihydroxy	9
85698|Achromobacter xylosoxidans	C24_dihydroxy	7
85698|Achromobacter xylosoxidans	C24_monohydroxy	34
85698|Achromobacter xylosoxidans	C24_nonhydroxy	1
857291|Prevotella histicola F0411	C24_dihydroxy	29
857291|Prevotella histicola F0411	C24_tetrahydroxy	1
857291|Prevotella histicola F0411	C24_trihydroxy	11
8574|Boa constrictor	C24_dihydroxy	5
8574|Boa constrictor	C24_tetrahydroxy	10
8574|Boa constrictor	C24_trihydroxy	39
858649|Lactobacillus crispatus EX849587VC01	C24_dihydroxy	1
858649|Lactobacillus crispatus EX849587VC01	C24_trihydroxy	1
858663|Lactobacillus jensenii EX849587VC03	C24_dihydroxy	31
858663|Lactobacillus jensenii EX849587VC03	C24_trihydroxy	6
858665|Lactobacillus jensenii EX849587VC06	C24_dihydroxy	32
858665|Lactobacillus jensenii EX849587VC06	C24_trihydroxy	7
858666|Lactobacillus gasseri EX336960VC01	C24_dihydroxy	21
858666|Lactobacillus gasseri EX336960VC01	C24_trihydroxy	7
858667|Lactobacillus gasseri EX336960VC02	C24_dihydroxy	1
858668|Lactobacillus gasseri EX336960VC03	C24_dihydroxy	28
858668|Lactobacillus gasseri EX336960VC03	C24_trihydroxy	4
858669|Lactobacillus gasseri EX336960VC06	C24_dihydroxy	24
858669|Lactobacillus gasseri EX336960VC06	C24_trihydroxy	3
858670|Lactobacillus gasseri EX336960VC07	C24_dihydroxy	27
858670|Lactobacillus gasseri EX336960VC07	C24_trihydroxy	7
858672|Lactobacillus gasseri EX336960VC13	C24_dihydroxy	29
858672|Lactobacillus gasseri EX336960VC13	C24_trihydroxy	6
858673|Lactobacillus gasseri EX336960VC15	C24_dihydroxy	24
858673|Lactobacillus gasseri EX336960VC15	C24_trihydroxy	4
858674|Limosilactobacillus vaginalis EX336960VC05	C24_dihydroxy	28
858674|Limosilactobacillus vaginalis EX336960VC05	C24_trihydroxy	5
858675|Limosilactobacillus vaginalis EX336960VC11	C24_dihydroxy	28
858675|Limosilactobacillus vaginalis EX336960VC11	C24_trihydroxy	8
858676|Limosilactobacillus vaginalis EX336960VC12	C24_dihydroxy	29
858676|Limosilactobacillus vaginalis EX336960VC12	C24_trihydroxy	6
858694|Bifidobacterium breve EX336960VC18	C24_dihydroxy	22
858694|Bifidobacterium breve EX336960VC18	C24_tetrahydroxy	1
858694|Bifidobacterium breve EX336960VC18	C24_trihydroxy	3
858695|Bifidobacterium breve EX336960VC19	C24_dihydroxy	43
858695|Bifidobacterium breve EX336960VC19	C24_trihydroxy	14
859256|Drymarchon couperi	C24_dihydroxy	13
859256|Drymarchon couperi	C24_tetrahydroxy	15
859256|Drymarchon couperi	C24_trihydroxy	52
8605|Acanthophis antarcticus	C24_dihydroxy	15
8605|Acanthophis antarcticus	C24_pentahydroxy	1
8605|Acanthophis antarcticus	C24_tetrahydroxy	35
8605|Acanthophis antarcticus	C24_trihydroxy	57
86063|Galeorhinus galeus	C24_dihydroxy	7
86063|Galeorhinus galeus	C24_trihydroxy	1
860|Fusobacterium periodonticum	C24_dihydroxy	23
860|Fusobacterium periodonticum	C24_trihydroxy	7
8610|Naja annulata annulata	C24_dihydroxy	9
8610|Naja annulata annulata	C24_monohydroxy	2
8610|Naja annulata annulata	C24_tetrahydroxy	31
8610|Naja annulata annulata	C24_trihydroxy	49
8614|Bungarus flaviceps	C24_dihydroxy	4
8614|Bungarus flaviceps	C24_pentahydroxy	2
8614|Bungarus flaviceps	C24_tetrahydroxy	8
8614|Bungarus flaviceps	C24_trihydroxy	9
8618|Dendroaspis angusticeps	C24_dihydroxy	16
8618|Dendroaspis angusticeps	C24_pentahydroxy	1
8618|Dendroaspis angusticeps	C24_tetrahydroxy	14
8618|Dendroaspis angusticeps	C24_trihydroxy	28
86207|Ptereleotris heteroptera	C24_dihydroxy	21
86207|Ptereleotris heteroptera	C24_monohydroxy	1
86207|Ptereleotris heteroptera	C24_trihydroxy	19
8624|Dendroaspis polylepis	C24_dihydroxy	12
8624|Dendroaspis polylepis	C24_pentahydroxy	4
8624|Dendroaspis polylepis	C24_tetrahydroxy	22
8624|Dendroaspis polylepis	C24_trihydroxy	53
8626|Hemachatus haemachatus	C24_dihydroxy	8
8626|Hemachatus haemachatus	C24_pentahydroxy	2
8626|Hemachatus haemachatus	C24_tetrahydroxy	21
8626|Hemachatus haemachatus	C24_trihydroxy	53
8628|Laticauda colubrina	C24_dihydroxy	2
8628|Laticauda colubrina	C24_tetrahydroxy	6
8628|Laticauda colubrina	C24_trihydroxy	19
8631|Laticauda semifasciata	C24_dihydroxy	2
8631|Laticauda semifasciata	C24_tetrahydroxy	5
8631|Laticauda semifasciata	C24_trihydroxy	22
8633|Calliophis bivirgatus	C24_dihydroxy	8
8633|Calliophis bivirgatus	C24_pentahydroxy	2
8633|Calliophis bivirgatus	C24_tetrahydroxy	11
8633|Calliophis bivirgatus	C24_trihydroxy	16
86377|Taeniura lymma	C24_dihydroxy	54
86377|Taeniura lymma	C24_monohydroxy	10
86377|Taeniura lymma	C24_tetrahydroxy	6
86377|Taeniura lymma	C24_trihydroxy	26
8637|Micrurus fulvius	C24_dihydroxy	5
8637|Micrurus fulvius	C24_tetrahydroxy	26
8637|Micrurus fulvius	C24_trihydroxy	35
864585|Trachylepis affinis	C24_dihydroxy	20
864585|Trachylepis affinis	C24_monohydroxy	4
864585|Trachylepis affinis	C24_tetrahydroxy	7
864585|Trachylepis affinis	C24_trihydroxy	22
8658|Naja pallida	C24_dihydroxy	18
8658|Naja pallida	C24_pentahydroxy	1
8658|Naja pallida	C24_tetrahydroxy	12
8658|Naja pallida	C24_trihydroxy	40
865996|Onychostoma alticorpus	C24_dihydroxy	7
865996|Onychostoma alticorpus	C24_tetrahydroxy	2
865996|Onychostoma alticorpus	C24_trihydroxy	21
8663|Notechis scutatus	C24_dihydroxy	10
8663|Notechis scutatus	C24_tetrahydroxy	11
8663|Notechis scutatus	C24_trihydroxy	32
86640|Myoporum parvifolium	C24_pentahydroxy	2
866438|Rhyticeros undulatus	C24_tetrahydroxy	4
866438|Rhyticeros undulatus	C24_trihydroxy	2
8665|Ophiophagus hannah	C24_dihydroxy	4
8665|Ophiophagus hannah	C24_pentahydroxy	1
8665|Ophiophagus hannah	C24_tetrahydroxy	4
8665|Ophiophagus hannah	C24_trihydroxy	12
8682|Hydrophis schistosus	C24_dihydroxy	21
8682|Hydrophis schistosus	C24_monohydroxy	3
8682|Hydrophis schistosus	C24_tetrahydroxy	3
8682|Hydrophis schistosus	C24_trihydroxy	11
8694|Bitis gabonica	C24_dihydroxy	2
8694|Bitis gabonica	C24_tetrahydroxy	13
8694|Bitis gabonica	C24_trihydroxy	15
8695|Bitis nasicornis	C24_dihydroxy	9
8695|Bitis nasicornis	C24_pentahydroxy	6
8695|Bitis nasicornis	C24_tetrahydroxy	21
8695|Bitis nasicornis	C24_trihydroxy	18
86973|Okapia johnstoni	C24_dihydroxy	9
86973|Okapia johnstoni	C24_tetrahydroxy	2
86973|Okapia johnstoni	C24_trihydroxy	9
86975|Testudo graeca	C24_dihydroxy	1
86975|Testudo graeca	C24_trihydroxy	1
8697|Cerastes cerastes	C24_dihydroxy	8
8697|Cerastes cerastes	C24_pentahydroxy	5
8697|Cerastes cerastes	C24_tetrahydroxy	23
8697|Cerastes cerastes	C24_trihydroxy	33
869905|Cossypha heuglini	C24_dihydroxy	7
869905|Cossypha heuglini	C24_pentahydroxy	2
869905|Cossypha heuglini	C24_tetrahydroxy	7
869905|Cossypha heuglini	C24_trihydroxy	6
8704|Vipera ammodytes	C24_dihydroxy	5
8704|Vipera ammodytes	C24_pentahydroxy	8
8704|Vipera ammodytes	C24_tetrahydroxy	12
8704|Vipera ammodytes	C24_trihydroxy	17
8707|Daboia russelii	C24_dihydroxy	11
8707|Daboia russelii	C24_pentahydroxy	1
8707|Daboia russelii	C24_tetrahydroxy	6
8707|Daboia russelii	C24_trihydroxy	16
87140|Aetobatus narinari	C24_dihydroxy	1
87140|Aetobatus narinari	C24_trihydroxy	1
8718|Agkistrodon bilineatus	C24_dihydroxy	12
8718|Agkistrodon bilineatus	C24_tetrahydroxy	8
8718|Agkistrodon bilineatus	C24_trihydroxy	42
8720|Agkistrodon contortrix	C24_dihydroxy	36
8720|Agkistrodon contortrix	C24_monohydroxy	4
8720|Agkistrodon contortrix	C24_pentahydroxy	1
8720|Agkistrodon contortrix	C24_tetrahydroxy	32
8720|Agkistrodon contortrix	C24_trihydroxy	51
8724|Bothrops jararaca	C24_dihydroxy	21
8724|Bothrops jararaca	C24_pentahydroxy	5
8724|Bothrops jararaca	C24_tetrahydroxy	21
8724|Bothrops jararaca	C24_trihydroxy	41
87253|Agaricus subrutilescens	C24_tetrahydroxy	2
8729|Crotalus adamanteus	C24_dihydroxy	11
8729|Crotalus adamanteus	C24_pentahydroxy	3
8729|Crotalus adamanteus	C24_tetrahydroxy	19
8729|Crotalus adamanteus	C24_trihydroxy	51
8731|Crotalus durissus	C24_dihydroxy	8
8731|Crotalus durissus	C24_pentahydroxy	7
8731|Crotalus durissus	C24_tetrahydroxy	18
8731|Crotalus durissus	C24_trihydroxy	31
8735|Crotalus ruber	C24_dihydroxy	11
8735|Crotalus ruber	C24_pentahydroxy	6
8735|Crotalus ruber	C24_tetrahydroxy	29
8735|Crotalus ruber	C24_trihydroxy	57
8737|Crotalus scutulatus	C24_dihydroxy	17
8737|Crotalus scutulatus	C24_pentahydroxy	3
8737|Crotalus scutulatus	C24_tetrahydroxy	27
8737|Crotalus scutulatus	C24_trihydroxy	47
8741|Crotalus helleri	C24_dihydroxy	37
8741|Crotalus helleri	C24_pentahydroxy	1
8741|Crotalus helleri	C24_tetrahydroxy	48
8741|Crotalus helleri	C24_trihydroxy	102
8746|Crotalus cerastes	C24_dihydroxy	7
8746|Crotalus cerastes	C24_pentahydroxy	1
8746|Crotalus cerastes	C24_tetrahydroxy	8
8746|Crotalus cerastes	C24_trihydroxy	18
87477|Trisetum flavescens	C24_dihydroxy	117
87477|Trisetum flavescens	C24_monohydroxy	675
87477|Trisetum flavescens	C24_nonhydroxy	3
87477|Trisetum flavescens	C24_tetrahydroxy	7
87477|Trisetum flavescens	C24_trihydroxy	43
8751|Lachesis	C24_dihydroxy	12
8751|Lachesis	C24_pentahydroxy	8
8751|Lachesis	C24_tetrahydroxy	21
8751|Lachesis	C24_trihydroxy	39
8770|Tropidolaemus wagleri	C24_dihydroxy	13
8770|Tropidolaemus wagleri	C24_tetrahydroxy	21
8770|Tropidolaemus wagleri	C24_trihydroxy	47
8787|Casuarius casuarius	C24_dihydroxy	8
8787|Casuarius casuarius	C24_monohydroxy	4
8787|Casuarius casuarius	C24_nonhydroxy	2
8787|Casuarius casuarius	C24_tetrahydroxy	2
8787|Casuarius casuarius	C24_trihydroxy	13
8790|Dromaius novaehollandiae	C24_dihydroxy	32
8790|Dromaius novaehollandiae	C24_monohydroxy	6
8790|Dromaius novaehollandiae	C24_tetrahydroxy	14
8790|Dromaius novaehollandiae	C24_trihydroxy	28
879307|Gardnerella vaginalis 315-A	C24_dihydroxy	30
879307|Gardnerella vaginalis 315-A	C24_trihydroxy	6
8797|Rhea americana	C24_dihydroxy	24
8797|Rhea americana	C24_monohydroxy	8
8797|Rhea americana	C24_pentahydroxy	4
8797|Rhea americana	C24_tetrahydroxy	2
8797|Rhea americana	C24_trihydroxy	30
8801|Struthio camelus	C24_dihydroxy	44
8801|Struthio camelus	C24_monohydroxy	16
8801|Struthio camelus	C24_tetrahydroxy	10
8801|Struthio camelus	C24_trihydroxy	42
88029|Semnopithecus entellus	C24_dihydroxy	32
88029|Semnopithecus entellus	C24_monohydroxy	8
88029|Semnopithecus entellus	C24_tetrahydroxy	3
88029|Semnopithecus entellus	C24_trihydroxy	29
88128|Agaricus californicus	C24_tetrahydroxy	5
8821|Apteryx	C24_dihydroxy	2
8821|Apteryx	C24_pentahydroxy	2
8821|Apteryx	C24_tetrahydroxy	16
8821|Apteryx	C24_trihydroxy	16
883167|Streptococcus intermedius F0413	C24_trihydroxy	1
8832|Aix galericulata	C24_dihydroxy	28
8832|Aix galericulata	C24_monohydroxy	8
8832|Aix galericulata	C24_tetrahydroxy	3
8832|Aix galericulata	C24_trihydroxy	14
8833|Aix sponsa	C24_dihydroxy	16
8833|Aix sponsa	C24_monohydroxy	8
8833|Aix sponsa	C24_tetrahydroxy	4
8833|Aix sponsa	C24_trihydroxy	12
8837|Anas capensis	C24_dihydroxy	28
8837|Anas capensis	C24_monohydroxy	5
8837|Anas capensis	C24_pentahydroxy	1
8837|Anas capensis	C24_tetrahydroxy	4
8837|Anas capensis	C24_trihydroxy	22
8839|Anas platyrhynchos	C24_dihydroxy	3
8839|Anas platyrhynchos	C24_trihydroxy	6
8840|Anas platyrhynchos platyrhynchos	C24_dihydroxy	21
8840|Anas platyrhynchos platyrhynchos	C24_monohydroxy	2
8840|Anas platyrhynchos platyrhynchos	C24_tetrahydroxy	3
8840|Anas platyrhynchos platyrhynchos	C24_trihydroxy	15
8846|Anser indicus	C24_dihydroxy	10
8846|Anser indicus	C24_tetrahydroxy	1
8846|Anser indicus	C24_trihydroxy	9
8849|Anser caerulescens	C24_dihydroxy	27
8849|Anser caerulescens	C24_monohydroxy	7
8849|Anser caerulescens	C24_tetrahydroxy	2
8849|Anser caerulescens	C24_trihydroxy	23
8851|Anseranas semipalmata	C24_dihydroxy	6
8851|Anseranas semipalmata	C24_trihydroxy	4
8853|Branta canadensis	C24_dihydroxy	12
8853|Branta canadensis	C24_monohydroxy	4
8853|Branta canadensis	C24_tetrahydroxy	1
8853|Branta canadensis	C24_trihydroxy	9
885424|Smaug warreni	C24_dihydroxy	5
885424|Smaug warreni	C24_tetrahydroxy	1
885424|Smaug warreni	C24_trihydroxy	10
885517|Ouroborus cataphractus	C24_dihydroxy	7
885517|Ouroborus cataphractus	C24_monohydroxy	4
885517|Ouroborus cataphractus	C24_pentahydroxy	1
885517|Ouroborus cataphractus	C24_tetrahydroxy	4
885517|Ouroborus cataphractus	C24_trihydroxy	11
8858|Cereopsis novaehollandiae	C24_dihydroxy	10
8858|Cereopsis novaehollandiae	C24_tetrahydroxy	1
8858|Cereopsis novaehollandiae	C24_trihydroxy	8
8863|Coscoroba coscoroba	C24_dihydroxy	74
8863|Coscoroba coscoroba	C24_monohydroxy	12
8863|Coscoroba coscoroba	C24_tetrahydroxy	20
8863|Coscoroba coscoroba	C24_trihydroxy	70
88656|Anoplogaster cornuta	C24_dihydroxy	6
88656|Anoplogaster cornuta	C24_tetrahydroxy	2
88656|Anoplogaster cornuta	C24_trihydroxy	12
8865|Cyanochen cyanoptera	C24_dihydroxy	18
8865|Cyanochen cyanoptera	C24_tetrahydroxy	1
8865|Cyanochen cyanoptera	C24_trihydroxy	7
8868|Cygnus atratus	C24_dihydroxy	20
8868|Cygnus atratus	C24_monohydroxy	9
8868|Cygnus atratus	C24_tetrahydroxy	5
8868|Cygnus atratus	C24_trihydroxy	15
886939|Liatris spicata	C24_tetrahydroxy	79
886939|Liatris spicata	C24_trihydroxy	2
8872|Dendrocygna arcuata	C24_dihydroxy	18
8872|Dendrocygna arcuata	C24_monohydroxy	1
8872|Dendrocygna arcuata	C24_tetrahydroxy	5
8872|Dendrocygna arcuata	C24_trihydroxy	13
8873|Dendrocygna autumnalis	C24_dihydroxy	45
8873|Dendrocygna autumnalis	C24_monohydroxy	5
8873|Dendrocygna autumnalis	C24_tetrahydroxy	1
8873|Dendrocygna autumnalis	C24_trihydroxy	14
8874|Dendrocygna bicolor	C24_dihydroxy	15
8874|Dendrocygna bicolor	C24_monohydroxy	1
8874|Dendrocygna bicolor	C24_trihydroxy	12
8875|Dendrocygna eytoni	C24_dihydroxy	16
8875|Dendrocygna eytoni	C24_tetrahydroxy	8
8875|Dendrocygna eytoni	C24_trihydroxy	31
8876|Dendrocygna viduata	C24_dihydroxy	31
8876|Dendrocygna viduata	C24_tetrahydroxy	4
8876|Dendrocygna viduata	C24_trihydroxy	24
8880|Mergus merganser	C24_dihydroxy	21
8880|Mergus merganser	C24_monohydroxy	2
8880|Mergus merganser	C24_tetrahydroxy	6
8880|Mergus merganser	C24_trihydroxy	16
8882|Neochen jubata	C24_dihydroxy	40
8882|Neochen jubata	C24_monohydroxy	5
8882|Neochen jubata	C24_pentahydroxy	2
8882|Neochen jubata	C24_tetrahydroxy	14
8882|Neochen jubata	C24_trihydroxy	37
8884|Oxyura jamaicensis	C24_dihydroxy	29
8884|Oxyura jamaicensis	C24_monohydroxy	2
8884|Oxyura jamaicensis	C24_tetrahydroxy	8
8884|Oxyura jamaicensis	C24_trihydroxy	29
8885|Oxyura vittata	C24_dihydroxy	28
8885|Oxyura vittata	C24_monohydroxy	7
8885|Oxyura vittata	C24_tetrahydroxy	7
8885|Oxyura vittata	C24_trihydroxy	20
88869|Notamacropus rufogriseus rufogriseus	C24_dihydroxy	8
88869|Notamacropus rufogriseus rufogriseus	C24_monohydroxy	5
88869|Notamacropus rufogriseus rufogriseus	C24_tetrahydroxy	3
88869|Notamacropus rufogriseus rufogriseus	C24_trihydroxy	14
8887|Sarkidiornis melanotos	C24_dihydroxy	3
8887|Sarkidiornis melanotos	C24_trihydroxy	3
889328|Aspidelaps lubricus	C24_dihydroxy	7
889328|Aspidelaps lubricus	C24_pentahydroxy	7
889328|Aspidelaps lubricus	C24_tetrahydroxy	24
889328|Aspidelaps lubricus	C24_trihydroxy	52
8901|Nycticorax nycticorax	C24_dihydroxy	12
8901|Nycticorax nycticorax	C24_tetrahydroxy	11
8901|Nycticorax nycticorax	C24_trihydroxy	22
89050|Actinacidiphila yeochonensis	C24_tetrahydroxy	18
8905|Podargus strigoides	C24_dihydroxy	30
8905|Podargus strigoides	C24_monohydroxy	6
8905|Podargus strigoides	C24_tetrahydroxy	10
8905|Podargus strigoides	C24_trihydroxy	25
8924|Vultur gryphus	C24_dihydroxy	50
8924|Vultur gryphus	C24_monohydroxy	4
8924|Vultur gryphus	C24_tetrahydroxy	22
8924|Vultur gryphus	C24_trihydroxy	66
89250|Equus quagga boehmi	C24_dihydroxy	17
89250|Equus quagga boehmi	C24_monohydroxy	3
89250|Equus quagga boehmi	C24_tetrahydroxy	6
89250|Equus quagga boehmi	C24_trihydroxy	26
89252|Equus quagga burchellii	C24_dihydroxy	5
89252|Equus quagga burchellii	C24_monohydroxy	1
89252|Equus quagga burchellii	C24_trihydroxy	6
8930|Columbidae	C24_dihydroxy	19
8930|Columbidae	C24_tetrahydroxy	1
8930|Columbidae	C24_trihydroxy	17
8932|Columba livia	C24_dihydroxy	11
8932|Columba livia	C24_trihydroxy	6
89379|Hypogeomys antimena	C24_dihydroxy	2
89379|Hypogeomys antimena	C24_pentahydroxy	4
89379|Hypogeomys antimena	C24_tetrahydroxy	4
89379|Hypogeomys antimena	C24_trihydroxy	14
89385|Eupodotis senegalensis	C24_dihydroxy	36
89385|Eupodotis senegalensis	C24_monohydroxy	11
89385|Eupodotis senegalensis	C24_tetrahydroxy	9
89385|Eupodotis senegalensis	C24_trihydroxy	21
89386|Ardeotis kori	C24_dihydroxy	47
89386|Ardeotis kori	C24_monohydroxy	6
89386|Ardeotis kori	C24_pentahydroxy	4
89386|Ardeotis kori	C24_tetrahydroxy	20
89386|Ardeotis kori	C24_trihydroxy	49
89462|Bubalus bubalis	C24_dihydroxy	35
89462|Bubalus bubalis	C24_monohydroxy	10
89462|Bubalus bubalis	C24_tetrahydroxy	12
89462|Bubalus bubalis	C24_trihydroxy	38
8961|Aquila audax	C24_dihydroxy	58
8961|Aquila audax	C24_monohydroxy	18
8961|Aquila audax	C24_pentahydroxy	12
8961|Aquila audax	C24_tetrahydroxy	38
8961|Aquila audax	C24_trihydroxy	104
8962|Aquila chrysaetos	C24_dihydroxy	18
8962|Aquila chrysaetos	C24_monohydroxy	5
8962|Aquila chrysaetos	C24_tetrahydroxy	11
8962|Aquila chrysaetos	C24_trihydroxy	25
8992|Acryllium vulturinum	C24_dihydroxy	52
8992|Acryllium vulturinum	C24_monohydroxy	6
8992|Acryllium vulturinum	C24_tetrahydroxy	5
8992|Acryllium vulturinum	C24_trihydroxy	26
8994|Guttera pucherani	C24_dihydroxy	29
8994|Guttera pucherani	C24_monohydroxy	12
8994|Guttera pucherani	C24_tetrahydroxy	9
8994|Guttera pucherani	C24_trihydroxy	18
8996|Numida meleagris	C24_dihydroxy	8
8996|Numida meleagris	C24_pentahydroxy	2
8996|Numida meleagris	C24_tetrahydroxy	2
8996|Numida meleagris	C24_trihydroxy	8
9031|Gallus gallus	C24_dihydroxy	141
9031|Gallus gallus	C24_monohydroxy	66
9031|Gallus gallus	C24_pentahydroxy	6
9031|Gallus gallus	C24_tetrahydroxy	32
9031|Gallus gallus	C24_trihydroxy	116
9034|Gallus varius	C24_dihydroxy	9
9034|Gallus varius	C24_monohydroxy	4
9034|Gallus varius	C24_trihydroxy	5
9040|Lophophorus impejanus	C24_dihydroxy	10
9040|Lophophorus impejanus	C24_tetrahydroxy	1
9040|Lophophorus impejanus	C24_trihydroxy	13
9042|Lophura bulweri	C24_dihydroxy	19
9042|Lophura bulweri	C24_monohydroxy	7
9042|Lophura bulweri	C24_trihydroxy	15
9043|Lophura edwardsi	C24_dihydroxy	30
9043|Lophura edwardsi	C24_monohydroxy	9
9043|Lophura edwardsi	C24_tetrahydroxy	8
9043|Lophura edwardsi	C24_trihydroxy	26
9049|Pavo cristatus	C24_dihydroxy	44
9049|Pavo cristatus	C24_monohydroxy	6
9049|Pavo cristatus	C24_tetrahydroxy	4
9049|Pavo cristatus	C24_trihydroxy	13
9050|Pavo muticus	C24_dihydroxy	38
9050|Pavo muticus	C24_monohydroxy	6
9050|Pavo muticus	C24_tetrahydroxy	5
9050|Pavo muticus	C24_trihydroxy	22
9063|Syrmaticus ellioti	C24_dihydroxy	9
9063|Syrmaticus ellioti	C24_tetrahydroxy	1
9063|Syrmaticus ellioti	C24_trihydroxy	9
90659|Noturus flavipinnis	C24_dihydroxy	1
90659|Noturus flavipinnis	C24_trihydroxy	3
9069|Tragopan	C24_dihydroxy	9
9069|Tragopan	C24_trihydroxy	10
9071|Tragopan temminckii	C24_dihydroxy	34
9071|Tragopan temminckii	C24_monohydroxy	5
9071|Tragopan temminckii	C24_tetrahydroxy	4
9071|Tragopan temminckii	C24_trihydroxy	16
9076|Afropavo congensis	C24_dihydroxy	23
9076|Afropavo congensis	C24_monohydroxy	8
9076|Afropavo congensis	C24_trihydroxy	11
907741|Philantomba maxwellii	C24_dihydroxy	10
907741|Philantomba maxwellii	C24_tetrahydroxy	1
907741|Philantomba maxwellii	C24_trihydroxy	12
9081|Argusianus argus	C24_dihydroxy	9
9081|Argusianus argus	C24_trihydroxy	5
908340|Clostridium sp. HGF2	C24_dihydroxy	33
908340|Clostridium sp. HGF2	C24_trihydroxy	8
9089|Chrysolophus pictus	C24_dihydroxy	52
9089|Chrysolophus pictus	C24_monohydroxy	5
9089|Chrysolophus pictus	C24_tetrahydroxy	8
9089|Chrysolophus pictus	C24_trihydroxy	47
9091|Coturnix coturnix	C24_dihydroxy	14
9091|Coturnix coturnix	C24_tetrahydroxy	4
9091|Coturnix coturnix	C24_trihydroxy	24
9096|Crossoptilon auritum	C24_dihydroxy	16
9096|Crossoptilon auritum	C24_monohydroxy	4
9096|Crossoptilon auritum	C24_tetrahydroxy	3
9096|Crossoptilon auritum	C24_trihydroxy	26
9101|Meleagris ocellata	C24_dihydroxy	32
9101|Meleagris ocellata	C24_monohydroxy	7
9101|Meleagris ocellata	C24_tetrahydroxy	9
9101|Meleagris ocellata	C24_trihydroxy	29
910399|Ahaetulla nasuta	C24_dihydroxy	22
910399|Ahaetulla nasuta	C24_monohydroxy	2
910399|Ahaetulla nasuta	C24_tetrahydroxy	15
910399|Ahaetulla nasuta	C24_trihydroxy	44
9103|Meleagris gallopavo	C24_dihydroxy	35
9103|Meleagris gallopavo	C24_monohydroxy	4
9103|Meleagris gallopavo	C24_tetrahydroxy	9
9103|Meleagris gallopavo	C24_trihydroxy	22
9104|Arborophila	C24_dihydroxy	11
9104|Arborophila	C24_monohydroxy	4
9104|Arborophila	C24_trihydroxy	5
9111|Anthropoides virgo	C24_dihydroxy	15
9111|Anthropoides virgo	C24_tetrahydroxy	9
9111|Anthropoides virgo	C24_trihydroxy	26
9117|Grus americana	C24_dihydroxy	16
9117|Grus americana	C24_tetrahydroxy	6
9117|Grus americana	C24_trihydroxy	16
9118|Grus carunculatus	C24_dihydroxy	26
9118|Grus carunculatus	C24_monohydroxy	3
9118|Grus carunculatus	C24_tetrahydroxy	5
9118|Grus carunculatus	C24_trihydroxy	22
9121|Fulica atra	C24_dihydroxy	24
9121|Fulica atra	C24_monohydroxy	4
9121|Fulica atra	C24_tetrahydroxy	3
9121|Fulica atra	C24_trihydroxy	14
9125|Gallirallus australis	C24_dihydroxy	15
9125|Gallirallus australis	C24_monohydroxy	3
9125|Gallirallus australis	C24_tetrahydroxy	17
9125|Gallirallus australis	C24_trihydroxy	38
9161|Pittidae	C24_dihydroxy	22
9161|Pittidae	C24_monohydroxy	2
9161|Pittidae	C24_tetrahydroxy	4
9161|Pittidae	C24_trihydroxy	13
91658|Stenobrachius leucopsarus	C24_trihydroxy	3
91705|Bathymodiolus puteoserpentis	C24_dihydroxy	3
91705|Bathymodiolus puteoserpentis	C24_monohydroxy	4
91705|Bathymodiolus puteoserpentis	C24_nonhydroxy	2
91705|Bathymodiolus puteoserpentis	C24_trihydroxy	1
91752|Hericium erinaceus	C24_dihydroxy	118
91752|Hericium erinaceus	C24_monohydroxy	25
91752|Hericium erinaceus	C24_nonhydroxy	18
91752|Hericium erinaceus	C24_pentahydroxy	2
91752|Hericium erinaceus	C24_trihydroxy	22
91777|Psilopogon pyrolophus	C24_dihydroxy	13
91777|Psilopogon pyrolophus	C24_tetrahydroxy	1
91777|Psilopogon pyrolophus	C24_trihydroxy	5
91787|Trachyphonus darnaudii	C24_dihydroxy	17
91787|Trachyphonus darnaudii	C24_monohydroxy	1
91787|Trachyphonus darnaudii	C24_tetrahydroxy	8
91787|Trachyphonus darnaudii	C24_trihydroxy	17
91788|Andigena laminirostris	C24_dihydroxy	6
91788|Andigena laminirostris	C24_trihydroxy	5
91789|Capito niger	C24_dihydroxy	26
91789|Capito niger	C24_monohydroxy	2
91789|Capito niger	C24_tetrahydroxy	8
91789|Capito niger	C24_trihydroxy	22
91877|Kobus ellipsiprymnus defassa	C24_dihydroxy	41
91877|Kobus ellipsiprymnus defassa	C24_monohydroxy	12
91877|Kobus ellipsiprymnus defassa	C24_pentahydroxy	2
91877|Kobus ellipsiprymnus defassa	C24_tetrahydroxy	21
91877|Kobus ellipsiprymnus defassa	C24_trihydroxy	37
91879|Kobus leche kafuensis	C24_dihydroxy	70
91879|Kobus leche kafuensis	C24_monohydroxy	10
91879|Kobus leche kafuensis	C24_pentahydroxy	3
91879|Kobus leche kafuensis	C24_tetrahydroxy	23
91879|Kobus leche kafuensis	C24_trihydroxy	84
91951|Catharus ustulatus	C24_dihydroxy	7
91951|Catharus ustulatus	C24_monohydroxy	1
91951|Catharus ustulatus	C24_tetrahydroxy	2
91951|Catharus ustulatus	C24_trihydroxy	4
91962|Etheostoma percnurum	C24_dihydroxy	2
91962|Etheostoma percnurum	C24_trihydroxy	2
9217|Phoenicopterus ruber	C24_dihydroxy	28
9217|Phoenicopterus ruber	C24_monohydroxy	1
9217|Phoenicopterus ruber	C24_tetrahydroxy	2
9217|Phoenicopterus ruber	C24_trihydroxy	13
9233|Aptenodytes forsteri	C24_dihydroxy	6
9233|Aptenodytes forsteri	C24_tetrahydroxy	7
9233|Aptenodytes forsteri	C24_trihydroxy	19
9238|Pygoscelis adeliae	C24_dihydroxy	11
9238|Pygoscelis adeliae	C24_monohydroxy	2
9238|Pygoscelis adeliae	C24_pentahydroxy	1
9238|Pygoscelis adeliae	C24_tetrahydroxy	5
9238|Pygoscelis adeliae	C24_trihydroxy	18
9240|Spheniscus humboldti	C24_dihydroxy	10
9240|Spheniscus humboldti	C24_tetrahydroxy	9
9240|Spheniscus humboldti	C24_trihydroxy	8
9244|Calypte anna	C24_dihydroxy	5
9244|Calypte anna	C24_trihydroxy	7
9247|Turnix	C24_dihydroxy	6
9247|Turnix	C24_monohydroxy	1
9247|Turnix	C24_tetrahydroxy	3
9247|Turnix	C24_trihydroxy	14
92519|Boiga irregularis	C24_dihydroxy	3
92519|Boiga irregularis	C24_trihydroxy	6
925459|Balearica regulorum	C24_dihydroxy	75
925459|Balearica regulorum	C24_monohydroxy	12
925459|Balearica regulorum	C24_tetrahydroxy	16
925459|Balearica regulorum	C24_trihydroxy	46
9258|Ornithorhynchus anatinus	C24_dihydroxy	73
9258|Ornithorhynchus anatinus	C24_monohydroxy	2
9258|Ornithorhynchus anatinus	C24_tetrahydroxy	38
9258|Ornithorhynchus anatinus	C24_trihydroxy	64
9261|Tachyglossus aculeatus	C24_dihydroxy	15
9261|Tachyglossus aculeatus	C24_monohydroxy	1
9261|Tachyglossus aculeatus	C24_tetrahydroxy	12
9261|Tachyglossus aculeatus	C24_trihydroxy	24
9267|Didelphis virginiana	C24_dihydroxy	7
9267|Didelphis virginiana	C24_tetrahydroxy	3
9267|Didelphis virginiana	C24_trihydroxy	6
92683|Spheniscus demersus	C24_dihydroxy	29
92683|Spheniscus demersus	C24_monohydroxy	2
92683|Spheniscus demersus	C24_pentahydroxy	1
92683|Spheniscus demersus	C24_tetrahydroxy	35
92683|Spheniscus demersus	C24_trihydroxy	29
92726|Phyllobates bicolor	C24_trihydroxy	1
9281|Dasyurus maculatus	C24_dihydroxy	9
9281|Dasyurus maculatus	C24_monohydroxy	2
9281|Dasyurus maculatus	C24_tetrahydroxy	5
9281|Dasyurus maculatus	C24_trihydroxy	24
92836|Lacerta trilineata	C24_dihydroxy	19
92836|Lacerta trilineata	C24_monohydroxy	2
92836|Lacerta trilineata	C24_tetrahydroxy	9
92836|Lacerta trilineata	C24_trihydroxy	19
9301|Sminthopsis crassicaudata	C24_dihydroxy	10
9301|Sminthopsis crassicaudata	C24_pentahydroxy	2
9301|Sminthopsis crassicaudata	C24_tetrahydroxy	14
9301|Sminthopsis crassicaudata	C24_trihydroxy	25
9316|Macropus fuliginosus	C24_dihydroxy	97
9316|Macropus fuliginosus	C24_monohydroxy	37
9316|Macropus fuliginosus	C24_pentahydroxy	6
9316|Macropus fuliginosus	C24_tetrahydroxy	47
9316|Macropus fuliginosus	C24_trihydroxy	121
9319|Osphranter robustus	C24_dihydroxy	27
9319|Osphranter robustus	C24_monohydroxy	7
9319|Osphranter robustus	C24_tetrahydroxy	5
9319|Osphranter robustus	C24_trihydroxy	23
932098|Desmodium canadense	C24_trihydroxy	2
9321|Osphranter rufus	C24_dihydroxy	33
9321|Osphranter rufus	C24_monohydroxy	23
9321|Osphranter rufus	C24_tetrahydroxy	2
9321|Osphranter rufus	C24_trihydroxy	12
932683|Apalharpactes mackloti	C24_dihydroxy	11
932683|Apalharpactes mackloti	C24_monohydroxy	3
932683|Apalharpactes mackloti	C24_tetrahydroxy	6
932683|Apalharpactes mackloti	C24_trihydroxy	16
932702|Lamprophis aurora	C24_dihydroxy	11
932702|Lamprophis aurora	C24_pentahydroxy	3
932702|Lamprophis aurora	C24_tetrahydroxy	20
932702|Lamprophis aurora	C24_trihydroxy	36
9330|Wallabia bicolor	C24_dihydroxy	18
9330|Wallabia bicolor	C24_monohydroxy	5
9330|Wallabia bicolor	C24_tetrahydroxy	12
9330|Wallabia bicolor	C24_trihydroxy	32
9333|Pseudocheirus peregrinus	C24_dihydroxy	12
9333|Pseudocheirus peregrinus	C24_pentahydroxy	11
9333|Pseudocheirus peregrinus	C24_tetrahydroxy	56
9333|Pseudocheirus peregrinus	C24_trihydroxy	33
9353|Bradypus	C24_dihydroxy	4
9353|Bradypus	C24_pentahydroxy	2
9353|Bradypus	C24_tetrahydroxy	31
9353|Bradypus	C24_trihydroxy	42
9358|Choloepus hoffmanni	C24_dihydroxy	42
9358|Choloepus hoffmanni	C24_monohydroxy	2
9358|Choloepus hoffmanni	C24_pentahydroxy	30
9358|Choloepus hoffmanni	C24_tetrahydroxy	50
9358|Choloepus hoffmanni	C24_trihydroxy	79
9361|Dasypus novemcinctus	C24_dihydroxy	17
9361|Dasypus novemcinctus	C24_tetrahydroxy	4
9361|Dasypus novemcinctus	C24_trihydroxy	16
936556|Peptostreptococcaceae bacterium AS15	C24_dihydroxy	31
936556|Peptostreptococcaceae bacterium AS15	C24_trihydroxy	7
936562|Fusobacterium sp. CM21	C24_dihydroxy	26
936562|Fusobacterium sp. CM21	C24_trihydroxy	7
936563|Fusobacterium sp. CM22	C24_dihydroxy	23
936563|Fusobacterium sp. CM22	C24_trihydroxy	8
936576|Streptococcus sp. ACS2	C24_dihydroxy	1
936576|Streptococcus sp. ACS2	C24_trihydroxy	1
936581|Streptococcus sp. CM7	C24_dihydroxy	1
936581|Streptococcus sp. CM7	C24_trihydroxy	1
936589|Veillonella sp. AS16	C24_dihydroxy	1
936594|Lachnoanaerobaculum sp. ICM7	C24_dihydroxy	24
936594|Lachnoanaerobaculum sp. ICM7	C24_tetrahydroxy	1
936594|Lachnoanaerobaculum sp. ICM7	C24_trihydroxy	9
936595|Lachnoanaerobaculum sp. OBRC5-5	C24_dihydroxy	19
936595|Lachnoanaerobaculum sp. OBRC5-5	C24_trihydroxy	3
9368|Atelerix albiventris	C24_dihydroxy	8
9368|Atelerix albiventris	C24_trihydroxy	12
9371|Echinops telfairi	C24_dihydroxy	10
9371|Echinops telfairi	C24_monohydroxy	2
9371|Echinops telfairi	C24_tetrahydroxy	10
9371|Echinops telfairi	C24_trihydroxy	26
937500|Russula americana	C24_monohydroxy	1
937500|Russula americana	C24_tetrahydroxy	1
93788|Malvaviscus arboreus	C24_trihydroxy	1
939152|Neoregelia carolinae	C24_dihydroxy	5
939152|Neoregelia carolinae	C24_monohydroxy	3
939152|Neoregelia carolinae	C24_trihydroxy	1
94186|Civettictis civetta	C24_dihydroxy	4
94186|Civettictis civetta	C24_trihydroxy	7
94188|Cryptoprocta ferox	C24_dihydroxy	8
94188|Cryptoprocta ferox	C24_pentahydroxy	2
94188|Cryptoprocta ferox	C24_tetrahydroxy	13
94188|Cryptoprocta ferox	C24_trihydroxy	30
94194|Prionodon linsang	C24_dihydroxy	4
94194|Prionodon linsang	C24_tetrahydroxy	4
94194|Prionodon linsang	C24_trihydroxy	32
942053|Heterobasidion occidentale	C24_trihydroxy	1
9430|Desmodus rotundus	C24_dihydroxy	12
9430|Desmodus rotundus	C24_tetrahydroxy	12
9430|Desmodus rotundus	C24_trihydroxy	27
94345|Goeppertia zebrina	C24_nonhydroxy	1
94345|Goeppertia zebrina	C24_trihydroxy	1
943941|Postechiella marina	C24_dihydroxy	4
943941|Postechiella marina	C24_monohydroxy	10
943941|Postechiella marina	C24_trihydroxy	60
94398|Equus kiang	C24_dihydroxy	3
94398|Equus kiang	C24_tetrahydroxy	4
94398|Equus kiang	C24_trihydroxy	13
9447|Lemur catta	C24_dihydroxy	28
9447|Lemur catta	C24_monohydroxy	9
9447|Lemur catta	C24_trihydroxy	14
9455|Varecia variegata	C24_dihydroxy	32
9455|Varecia variegata	C24_monohydroxy	5
9455|Varecia variegata	C24_pentahydroxy	1
9455|Varecia variegata	C24_tetrahydroxy	5
9455|Varecia variegata	C24_trihydroxy	19
9460|Cheirogaleus medius	C24_dihydroxy	17
9460|Cheirogaleus medius	C24_monohydroxy	1
9460|Cheirogaleus medius	C24_tetrahydroxy	6
9460|Cheirogaleus medius	C24_trihydroxy	11
9462|Galago	C24_dihydroxy	23
9462|Galago	C24_monohydroxy	1
9462|Galago	C24_tetrahydroxy	8
9462|Galago	C24_trihydroxy	27
9468|Loris tardigradus	C24_dihydroxy	12
9468|Loris tardigradus	C24_monohydroxy	4
9468|Loris tardigradus	C24_pentahydroxy	1
9468|Loris tardigradus	C24_tetrahydroxy	5
9468|Loris tardigradus	C24_trihydroxy	13
9470|Nycticebus coucang	C24_dihydroxy	15
9470|Nycticebus coucang	C24_monohydroxy	2
9470|Nycticebus coucang	C24_tetrahydroxy	2
9470|Nycticebus coucang	C24_trihydroxy	22
94835|Gavialis gangeticus	C24_dihydroxy	14
94835|Gavialis gangeticus	C24_tetrahydroxy	3
94835|Gavialis gangeticus	C24_trihydroxy	10
9483|Callithrix jacchus	C24_dihydroxy	723
9483|Callithrix jacchus	C24_monohydroxy	44
9483|Callithrix jacchus	C24_pentahydroxy	24
9483|Callithrix jacchus	C24_tetrahydroxy	523
9483|Callithrix jacchus	C24_trihydroxy	1501
94850|Pituophis catenifer	C24_dihydroxy	29
94850|Pituophis catenifer	C24_pentahydroxy	3
94850|Pituophis catenifer	C24_tetrahydroxy	27
94850|Pituophis catenifer	C24_trihydroxy	83
94858|Pituophis catenifer sayi	C24_dihydroxy	14
94858|Pituophis catenifer sayi	C24_tetrahydroxy	7
94858|Pituophis catenifer sayi	C24_trihydroxy	18
94874|Lampropeltis zonata	C24_dihydroxy	19
94874|Lampropeltis zonata	C24_tetrahydroxy	19
94874|Lampropeltis zonata	C24_trihydroxy	58
94924|Dactylopterus volitans	C24_dihydroxy	3
94924|Dactylopterus volitans	C24_tetrahydroxy	5
94924|Dactylopterus volitans	C24_trihydroxy	9
94936|Strongylura	C24_dihydroxy	11
94936|Strongylura	C24_monohydroxy	5
94936|Strongylura	C24_tetrahydroxy	1
94936|Strongylura	C24_trihydroxy	30
9493|Cebuella pygmaea	C24_dihydroxy	12
9493|Cebuella pygmaea	C24_monohydroxy	2
9493|Cebuella pygmaea	C24_tetrahydroxy	3
9493|Cebuella pygmaea	C24_trihydroxy	13
9495|Callimico goeldii	C24_dihydroxy	13
9495|Callimico goeldii	C24_monohydroxy	6
9495|Callimico goeldii	C24_tetrahydroxy	1
9495|Callimico goeldii	C24_trihydroxy	17
9499|Alouatta	C24_dihydroxy	8
9499|Alouatta	C24_tetrahydroxy	3
9499|Alouatta	C24_trihydroxy	7
9505|Aotus trivirgatus	C24_dihydroxy	14
9505|Aotus trivirgatus	C24_monohydroxy	5
9505|Aotus trivirgatus	C24_tetrahydroxy	8
9505|Aotus trivirgatus	C24_trihydroxy	26
9509|Ateles geoffroyi	C24_dihydroxy	2
9509|Ateles geoffroyi	C24_tetrahydroxy	1
9509|Ateles geoffroyi	C24_trihydroxy	4
95122|Rhacodactylus leachianus	C24_dihydroxy	4
95122|Rhacodactylus leachianus	C24_pentahydroxy	2
95122|Rhacodactylus leachianus	C24_tetrahydroxy	12
95122|Rhacodactylus leachianus	C24_trihydroxy	26
95145|Opsanus beta	C24_dihydroxy	6
95145|Opsanus beta	C24_monohydroxy	2
95145|Opsanus beta	C24_tetrahydroxy	7
95145|Opsanus beta	C24_trihydroxy	24
9519|Lagothrix lagotricha	C24_dihydroxy	30
9519|Lagothrix lagotricha	C24_monohydroxy	11
9519|Lagothrix lagotricha	C24_tetrahydroxy	3
9519|Lagothrix lagotricha	C24_trihydroxy	15
9520|Saimiri	C24_dihydroxy	14
9520|Saimiri	C24_monohydroxy	4
9520|Saimiri	C24_tetrahydroxy	3
9520|Saimiri	C24_trihydroxy	18
9523|Plecturocebus moloch	C24_dihydroxy	9
9523|Plecturocebus moloch	C24_monohydroxy	4
9523|Plecturocebus moloch	C24_tetrahydroxy	2
9523|Plecturocebus moloch	C24_trihydroxy	10
9530|Cercocebus torquatus	C24_dihydroxy	62
9530|Cercocebus torquatus	C24_monohydroxy	14
9530|Cercocebus torquatus	C24_tetrahydroxy	10
9530|Cercocebus torquatus	C24_trihydroxy	52
9535|Cercopithecus cephus	C24_dihydroxy	24
9535|Cercopithecus cephus	C24_tetrahydroxy	13
9535|Cercopithecus cephus	C24_trihydroxy	51
9544|Macaca mulatta	C24_dihydroxy	27
9544|Macaca mulatta	C24_monohydroxy	10
9544|Macaca mulatta	C24_tetrahydroxy	7
9544|Macaca mulatta	C24_trihydroxy	27
95486|Burkholderia cenocepacia	C24_dihydroxy	1
9548|Macaca radiata	C24_dihydroxy	41
9548|Macaca radiata	C24_monohydroxy	13
9548|Macaca radiata	C24_tetrahydroxy	13
9548|Macaca radiata	C24_trihydroxy	40
9555|Papio anubis	C24_monohydroxy	1
9555|Papio anubis	C24_nonhydroxy	2
9555|Papio anubis	C24_pentahydroxy	1
9555|Papio anubis	C24_trihydroxy	2
9556|Papio cynocephalus	C24_dihydroxy	35
9556|Papio cynocephalus	C24_monohydroxy	15
9556|Papio cynocephalus	C24_tetrahydroxy	4
9556|Papio cynocephalus	C24_trihydroxy	30
9561|Mandrillus sphinx	C24_dihydroxy	166
9561|Mandrillus sphinx	C24_monohydroxy	36
9561|Mandrillus sphinx	C24_pentahydroxy	4
9561|Mandrillus sphinx	C24_tetrahydroxy	59
9561|Mandrillus sphinx	C24_trihydroxy	192
95648|Bothrops neuwiedi	C24_dihydroxy	8
95648|Bothrops neuwiedi	C24_pentahydroxy	1
95648|Bothrops neuwiedi	C24_tetrahydroxy	30
95648|Bothrops neuwiedi	C24_trihydroxy	49
9565|Theropithecus gelada	C24_dihydroxy	18
9565|Theropithecus gelada	C24_monohydroxy	3
9565|Theropithecus gelada	C24_tetrahydroxy	2
9565|Theropithecus gelada	C24_trihydroxy	11
9568|Mandrillus leucophaeus	C24_dihydroxy	34
9568|Mandrillus leucophaeus	C24_monohydroxy	10
9568|Mandrillus leucophaeus	C24_tetrahydroxy	14
9568|Mandrillus leucophaeus	C24_trihydroxy	65
95722|Pteroglossus beauharnaesii	C24_dihydroxy	12
95722|Pteroglossus beauharnaesii	C24_monohydroxy	1
95722|Pteroglossus beauharnaesii	C24_tetrahydroxy	2
95722|Pteroglossus beauharnaesii	C24_trihydroxy	10
9580|Hylobates lar	C24_dihydroxy	25
9580|Hylobates lar	C24_monohydroxy	1
9580|Hylobates lar	C24_pentahydroxy	1
9580|Hylobates lar	C24_tetrahydroxy	6
9580|Hylobates lar	C24_trihydroxy	43
95912|Hyaena hyaena	C24_dihydroxy	94
95912|Hyaena hyaena	C24_monohydroxy	25
95912|Hyaena hyaena	C24_pentahydroxy	4
95912|Hyaena hyaena	C24_tetrahydroxy	28
95912|Hyaena hyaena	C24_trihydroxy	84
9593|Gorilla gorilla	C24_dihydroxy	63
9593|Gorilla gorilla	C24_monohydroxy	9
9593|Gorilla gorilla	C24_pentahydroxy	4
9593|Gorilla gorilla	C24_tetrahydroxy	26
9593|Gorilla gorilla	C24_trihydroxy	139
9595|Gorilla gorilla gorilla	C24_dihydroxy	61
9595|Gorilla gorilla gorilla	C24_monohydroxy	10
9595|Gorilla gorilla gorilla	C24_pentahydroxy	1
9595|Gorilla gorilla gorilla	C24_tetrahydroxy	14
9595|Gorilla gorilla gorilla	C24_trihydroxy	60
9597|Pan paniscus	C24_dihydroxy	66
9597|Pan paniscus	C24_monohydroxy	7
9597|Pan paniscus	C24_pentahydroxy	4
9597|Pan paniscus	C24_tetrahydroxy	19
9597|Pan paniscus	C24_trihydroxy	75
9598|Pan troglodytes	C24_dihydroxy	181
9598|Pan troglodytes	C24_monohydroxy	26
9598|Pan troglodytes	C24_pentahydroxy	1
9598|Pan troglodytes	C24_tetrahydroxy	30
9598|Pan troglodytes	C24_trihydroxy	257
9600|Pongo pygmaeus	C24_dihydroxy	104
9600|Pongo pygmaeus	C24_monohydroxy	62
9600|Pongo pygmaeus	C24_pentahydroxy	12
9600|Pongo pygmaeus	C24_tetrahydroxy	78
9600|Pongo pygmaeus	C24_trihydroxy	116
9601|Pongo abelii	C24_dihydroxy	35
9601|Pongo abelii	C24_monohydroxy	9
9601|Pongo abelii	C24_tetrahydroxy	4
9601|Pongo abelii	C24_trihydroxy	35
9602|Pongo pygmaeus pygmaeus	C24_dihydroxy	16
9602|Pongo pygmaeus pygmaeus	C24_monohydroxy	4
9602|Pongo pygmaeus pygmaeus	C24_tetrahydroxy	3
9602|Pongo pygmaeus pygmaeus	C24_trihydroxy	10
9606|Homo sapiens	C24_dihydroxy	76553
9606|Homo sapiens	C24_monohydroxy	15997
9606|Homo sapiens	C24_nonhydroxy	1176
9606|Homo sapiens	C24_pentahydroxy	3625
9606|Homo sapiens	C24_tetrahydroxy	16704
9606|Homo sapiens	C24_trihydroxy	68968
9612|Canis lupus	C24_dihydroxy	135
9612|Canis lupus	C24_monohydroxy	19
9612|Canis lupus	C24_nonhydroxy	1
9612|Canis lupus	C24_pentahydroxy	13
9612|Canis lupus	C24_tetrahydroxy	68
9612|Canis lupus	C24_trihydroxy	133
9614|Canis latrans	C24_dihydroxy	17
9614|Canis latrans	C24_monohydroxy	4
9614|Canis latrans	C24_tetrahydroxy	8
9614|Canis latrans	C24_trihydroxy	24
9620|Cerdocyon thous	C24_dihydroxy	25
9620|Cerdocyon thous	C24_monohydroxy	3
9620|Cerdocyon thous	C24_tetrahydroxy	4
9620|Cerdocyon thous	C24_trihydroxy	26
9624|Otocyon megalotis	C24_dihydroxy	7
9624|Otocyon megalotis	C24_tetrahydroxy	5
9624|Otocyon megalotis	C24_trihydroxy	16
9629|Vulpes corsac	C24_dihydroxy	4
9629|Vulpes corsac	C24_tetrahydroxy	1
9629|Vulpes corsac	C24_trihydroxy	4
9630|Vulpes macrotis	C24_dihydroxy	6
9630|Vulpes macrotis	C24_tetrahydroxy	1
9630|Vulpes macrotis	C24_trihydroxy	4
96344|Cupriavidus oxalaticus	C24_monohydroxy	1
9634|Helarctos malayanus	C24_dihydroxy	14
9634|Helarctos malayanus	C24_monohydroxy	1
9634|Helarctos malayanus	C24_tetrahydroxy	1
9634|Helarctos malayanus	C24_trihydroxy	15
9636|Melursus ursinus	C24_dihydroxy	79
9636|Melursus ursinus	C24_monohydroxy	11
9636|Melursus ursinus	C24_pentahydroxy	2
9636|Melursus ursinus	C24_tetrahydroxy	43
9636|Melursus ursinus	C24_trihydroxy	87
9638|Tremarctos ornatus	C24_dihydroxy	11
9638|Tremarctos ornatus	C24_monohydroxy	2
9638|Tremarctos ornatus	C24_tetrahydroxy	8
9638|Tremarctos ornatus	C24_trihydroxy	27
9642|Ursus thibetanus	C24_dihydroxy	76
9642|Ursus thibetanus	C24_monohydroxy	8
9642|Ursus thibetanus	C24_pentahydroxy	1
9642|Ursus thibetanus	C24_tetrahydroxy	25
9642|Ursus thibetanus	C24_trihydroxy	78
9643|Ursus americanus	C24_dihydroxy	47
9643|Ursus americanus	C24_monohydroxy	4
9643|Ursus americanus	C24_tetrahydroxy	7
9643|Ursus americanus	C24_trihydroxy	26
96440|Salvator merianae	C24_dihydroxy	9
96440|Salvator merianae	C24_tetrahydroxy	9
96440|Salvator merianae	C24_trihydroxy	12
9644|Ursus arctos	C24_dihydroxy	137
9644|Ursus arctos	C24_monohydroxy	9
9644|Ursus arctos	C24_pentahydroxy	4
9644|Ursus arctos	C24_tetrahydroxy	53
9644|Ursus arctos	C24_trihydroxy	203
9646|Ailuropoda melanoleuca	C24_dihydroxy	3
9646|Ailuropoda melanoleuca	C24_tetrahydroxy	1
9646|Ailuropoda melanoleuca	C24_trihydroxy	4
9651|Nasua nasua	C24_dihydroxy	204
9651|Nasua nasua	C24_monohydroxy	17
9651|Nasua nasua	C24_pentahydroxy	9
9651|Nasua nasua	C24_tetrahydroxy	147
9651|Nasua nasua	C24_trihydroxy	364
9652|Nasua nasua rufa	C24_dihydroxy	13
9652|Nasua nasua rufa	C24_pentahydroxy	1
9652|Nasua nasua rufa	C24_tetrahydroxy	6
9652|Nasua nasua rufa	C24_trihydroxy	31
9654|Procyon lotor	C24_dihydroxy	18
9654|Procyon lotor	C24_monohydroxy	1
9654|Procyon lotor	C24_tetrahydroxy	4
9654|Procyon lotor	C24_trihydroxy	26
9657|Lutra lutra	C24_dihydroxy	22
9657|Lutra lutra	C24_monohydroxy	2
9657|Lutra lutra	C24_pentahydroxy	3
9657|Lutra lutra	C24_tetrahydroxy	15
9657|Lutra lutra	C24_trihydroxy	35
9664|Mellivora capensis	C24_dihydroxy	8
9664|Mellivora capensis	C24_tetrahydroxy	2
9664|Mellivora capensis	C24_trihydroxy	25
9666|Mustela lutreola	C24_dihydroxy	6
9666|Mustela lutreola	C24_pentahydroxy	1
9666|Mustela lutreola	C24_tetrahydroxy	2
9666|Mustela lutreola	C24_trihydroxy	20
9668|Mustela putorius	C24_dihydroxy	7
9668|Mustela putorius	C24_tetrahydroxy	4
9668|Mustela putorius	C24_trihydroxy	24
9672|Pteronura brasiliensis	C24_dihydroxy	10
9672|Pteronura brasiliensis	C24_pentahydroxy	6
9672|Pteronura brasiliensis	C24_tetrahydroxy	20
9672|Pteronura brasiliensis	C24_trihydroxy	34
96731|Corucia zebrata	C24_dihydroxy	16
96731|Corucia zebrata	C24_tetrahydroxy	2
96731|Corucia zebrata	C24_trihydroxy	8
96741|Hemitheconyx caudicinctus	C24_dihydroxy	7
96741|Hemitheconyx caudicinctus	C24_tetrahydroxy	6
96741|Hemitheconyx caudicinctus	C24_trihydroxy	16
96794|Naja annulifera	C24_dihydroxy	8
96794|Naja annulifera	C24_tetrahydroxy	10
96794|Naja annulifera	C24_trihydroxy	42
9680|Proteles cristata	C24_dihydroxy	14
9680|Proteles cristata	C24_tetrahydroxy	4
9680|Proteles cristata	C24_trihydroxy	20
9683|Felis silvestris	C24_dihydroxy	25
9683|Felis silvestris	C24_monohydroxy	7
9683|Felis silvestris	C24_tetrahydroxy	7
9683|Felis silvestris	C24_trihydroxy	26
9685|Felis catus	C24_dihydroxy	109
9685|Felis catus	C24_pentahydroxy	3
9685|Felis catus	C24_tetrahydroxy	78
9685|Felis catus	C24_trihydroxy	214
9689|Panthera leo	C24_dihydroxy	221
9689|Panthera leo	C24_monohydroxy	17
9689|Panthera leo	C24_pentahydroxy	29
9689|Panthera leo	C24_tetrahydroxy	264
9689|Panthera leo	C24_trihydroxy	426
9690|Panthera onca	C24_dihydroxy	212
9690|Panthera onca	C24_pentahydroxy	85
9690|Panthera onca	C24_tetrahydroxy	298
9690|Panthera onca	C24_trihydroxy	582
9691|Panthera pardus	C24_dihydroxy	380
9691|Panthera pardus	C24_monohydroxy	8
9691|Panthera pardus	C24_pentahydroxy	57
9691|Panthera pardus	C24_tetrahydroxy	251
9691|Panthera pardus	C24_trihydroxy	561
9692|Panthera pardus orientalis	C24_dihydroxy	149
9692|Panthera pardus orientalis	C24_pentahydroxy	22
9692|Panthera pardus orientalis	C24_tetrahydroxy	158
9692|Panthera pardus orientalis	C24_trihydroxy	358
9694|Panthera tigris	C24_dihydroxy	353
9694|Panthera tigris	C24_monohydroxy	25
9694|Panthera tigris	C24_pentahydroxy	64
9694|Panthera tigris	C24_tetrahydroxy	396
9694|Panthera tigris	C24_trihydroxy	932
9696|Puma concolor	C24_dihydroxy	14
9696|Puma concolor	C24_monohydroxy	2
9696|Puma concolor	C24_tetrahydroxy	9
9696|Puma concolor	C24_trihydroxy	23
97015|Trifolium campestre	C24_monohydroxy	12
97015|Trifolium campestre	C24_tetrahydroxy	1
97015|Trifolium campestre	C24_trihydroxy	2
97021|Trifolium dubium	C24_monohydroxy	13
97023|Trifolium fragiferum	C24_dihydroxy	1
97023|Trifolium fragiferum	C24_monohydroxy	20
97023|Trifolium fragiferum	C24_trihydroxy	2
9702|Otariidae	C24_dihydroxy	7
9702|Otariidae	C24_tetrahydroxy	3
9702|Otariidae	C24_trihydroxy	20
9708|Odobenus rosmarus divergens	C24_dihydroxy	13
9708|Odobenus rosmarus divergens	C24_tetrahydroxy	1
9708|Odobenus rosmarus divergens	C24_trihydroxy	10
9711|Halichoerus grypus	C24_dihydroxy	10
9711|Halichoerus grypus	C24_pentahydroxy	1
9711|Halichoerus grypus	C24_tetrahydroxy	3
9711|Halichoerus grypus	C24_trihydroxy	16
9714|Mirounga	C24_dihydroxy	10
9714|Mirounga	C24_tetrahydroxy	2
9714|Mirounga	C24_trihydroxy	9
9718|Pusa hispida	C24_dihydroxy	18
9718|Pusa hispida	C24_tetrahydroxy	4
9718|Pusa hispida	C24_trihydroxy	32
9719|Pusa sibirica	C24_dihydroxy	9
9719|Pusa sibirica	C24_tetrahydroxy	5
9719|Pusa sibirica	C24_trihydroxy	8
9720|Phoca vitulina	C24_dihydroxy	7
9720|Phoca vitulina	C24_tetrahydroxy	4
9720|Phoca vitulina	C24_trihydroxy	13
9728|Delphinus delphis	C24_dihydroxy	7
9728|Delphinus delphis	C24_tetrahydroxy	4
9728|Delphinus delphis	C24_trihydroxy	20
9733|Orcinus orca	C24_dihydroxy	20
9733|Orcinus orca	C24_tetrahydroxy	7
9733|Orcinus orca	C24_trihydroxy	18
9736|Stenella longirostris	C24_tetrahydroxy	8
9736|Stenella longirostris	C24_trihydroxy	20
9739|Tursiops truncatus	C24_dihydroxy	11
9739|Tursiops truncatus	C24_tetrahydroxy	7
9739|Tursiops truncatus	C24_trihydroxy	23
9752|Kogia sima	C24_dihydroxy	29
9752|Kogia sima	C24_monohydroxy	6
9752|Kogia sima	C24_tetrahydroxy	1
9752|Kogia sima	C24_trihydroxy	11
9755|Physeter macrocephalus	C24_dihydroxy	65
9755|Physeter macrocephalus	C24_monohydroxy	5
9755|Physeter macrocephalus	C24_tetrahydroxy	11
9755|Physeter macrocephalus	C24_trihydroxy	36
9768|Balaenoptera borealis	C24_dihydroxy	42
9768|Balaenoptera borealis	C24_monohydroxy	10
9768|Balaenoptera borealis	C24_pentahydroxy	2
9768|Balaenoptera borealis	C24_tetrahydroxy	14
9768|Balaenoptera borealis	C24_trihydroxy	28
9770|Balaenoptera physalus	C24_dihydroxy	217
9770|Balaenoptera physalus	C24_monohydroxy	24
9770|Balaenoptera physalus	C24_pentahydroxy	1
9770|Balaenoptera physalus	C24_tetrahydroxy	44
9770|Balaenoptera physalus	C24_trihydroxy	194
9773|Megaptera novaeangliae	C24_dihydroxy	258
9773|Megaptera novaeangliae	C24_monohydroxy	30
9773|Megaptera novaeangliae	C24_pentahydroxy	4
9773|Megaptera novaeangliae	C24_tetrahydroxy	36
9773|Megaptera novaeangliae	C24_trihydroxy	182
9776|Trichechus	C24_dihydroxy	14
9776|Trichechus	C24_monohydroxy	4
9776|Trichechus	C24_tetrahydroxy	3
9776|Trichechus	C24_trihydroxy	8
9777|Trichechus inunguis	C24_trihydroxy	2
977965|Gallicolumba rufigula	C24_dihydroxy	9
977965|Gallicolumba rufigula	C24_trihydroxy	4
9783|Elephas maximus	C24_dihydroxy	10
9783|Elephas maximus	C24_tetrahydroxy	8
9783|Elephas maximus	C24_trihydroxy	28
9785|Loxodonta africana	C24_dihydroxy	6
9785|Loxodonta africana	C24_tetrahydroxy	5
9785|Loxodonta africana	C24_trihydroxy	6
9796|Equus caballus	C24_dihydroxy	28
9796|Equus caballus	C24_monohydroxy	13
9796|Equus caballus	C24_tetrahydroxy	4
9796|Equus caballus	C24_trihydroxy	10
9798|Equus przewalskii	C24_dihydroxy	14
9798|Equus przewalskii	C24_monohydroxy	4
9798|Equus przewalskii	C24_trihydroxy	5
979|Cellulophaga lytica	C24_dihydroxy	4
979|Cellulophaga lytica	C24_monohydroxy	2
979|Cellulophaga lytica	C24_trihydroxy	2
9807|Ceratotherium simum	C24_dihydroxy	1
9807|Ceratotherium simum	C24_monohydroxy	2
9807|Ceratotherium simum	C24_trihydroxy	1
9809|Rhinoceros unicornis	C24_dihydroxy	15
9809|Rhinoceros unicornis	C24_trihydroxy	13
98127|Garrulax leucolophus	C24_dihydroxy	22
98127|Garrulax leucolophus	C24_monohydroxy	1
98127|Garrulax leucolophus	C24_tetrahydroxy	9
98127|Garrulax leucolophus	C24_trihydroxy	20
9813|Procavia capensis	C24_dihydroxy	2
9813|Procavia capensis	C24_trihydroxy	4
98156|Yuhina gularis	C24_dihydroxy	11
98156|Yuhina gularis	C24_monohydroxy	1
98156|Yuhina gularis	C24_tetrahydroxy	1
98156|Yuhina gularis	C24_trihydroxy	7
9823|Sus scrofa	C24_dihydroxy	731
9823|Sus scrofa	C24_monohydroxy	73
9823|Sus scrofa	C24_tetrahydroxy	14
9823|Sus scrofa	C24_trihydroxy	563
9825|Sus scrofa domesticus	C24_dihydroxy	94
9825|Sus scrofa domesticus	C24_monohydroxy	6
9825|Sus scrofa domesticus	C24_tetrahydroxy	9
9825|Sus scrofa domesticus	C24_trihydroxy	95
9829|Dicotyles tajacu	C24_dihydroxy	17
9829|Dicotyles tajacu	C24_monohydroxy	7
9829|Dicotyles tajacu	C24_trihydroxy	13
98334|Bothrops moojeni	C24_dihydroxy	9
98334|Bothrops moojeni	C24_tetrahydroxy	2
98334|Bothrops moojeni	C24_trihydroxy	8
9833|Hippopotamus amphibius	C24_dihydroxy	127
9833|Hippopotamus amphibius	C24_monohydroxy	28
9833|Hippopotamus amphibius	C24_tetrahydroxy	13
9833|Hippopotamus amphibius	C24_trihydroxy	70
983931|Praecereus saxicola	C24_trihydroxy	4
9848|Tragulus napu	C24_dihydroxy	8
9848|Tragulus napu	C24_monohydroxy	1
9848|Tragulus napu	C24_tetrahydroxy	3
9848|Tragulus napu	C24_trihydroxy	23
9849|Tragulus javanicus	C24_dihydroxy	24
9849|Tragulus javanicus	C24_monohydroxy	1
9849|Tragulus javanicus	C24_pentahydroxy	1
9849|Tragulus javanicus	C24_tetrahydroxy	18
9849|Tragulus javanicus	C24_trihydroxy	77
985078|Burkholderia multivorans CF2	C24_monohydroxy	6
985079|Burkholderia multivorans ATCC BAA-247	C24_trihydroxy	1
985690|Anarhynchus pecuarius	C24_dihydroxy	2
985690|Anarhynchus pecuarius	C24_tetrahydroxy	13
985690|Anarhynchus pecuarius	C24_trihydroxy	30
9858|Capreolus capreolus	C24_dihydroxy	12
9858|Capreolus capreolus	C24_tetrahydroxy	1
9858|Capreolus capreolus	C24_trihydroxy	8
9860|Cervus elaphus	C24_dihydroxy	176
9860|Cervus elaphus	C24_monohydroxy	8
9860|Cervus elaphus	C24_pentahydroxy	2
9860|Cervus elaphus	C24_tetrahydroxy	32
9860|Cervus elaphus	C24_trihydroxy	282
9883|Hydropotes inermis	C24_dihydroxy	6
9883|Hydropotes inermis	C24_tetrahydroxy	3
9883|Hydropotes inermis	C24_trihydroxy	10
9886|Muntiacus reevesi	C24_dihydroxy	12
9886|Muntiacus reevesi	C24_monohydroxy	7
9886|Muntiacus reevesi	C24_tetrahydroxy	1
9886|Muntiacus reevesi	C24_trihydroxy	11
9888|Muntiacus muntjak	C24_dihydroxy	15
9888|Muntiacus muntjak	C24_tetrahydroxy	6
9888|Muntiacus muntjak	C24_trihydroxy	20
9894|Giraffa camelopardalis	C24_dihydroxy	28
9894|Giraffa camelopardalis	C24_monohydroxy	2
9894|Giraffa camelopardalis	C24_tetrahydroxy	4
9894|Giraffa camelopardalis	C24_trihydroxy	27
9897|Aepyceros melampus	C24_dihydroxy	55
9897|Aepyceros melampus	C24_monohydroxy	7
9897|Aepyceros melampus	C24_pentahydroxy	1
9897|Aepyceros melampus	C24_tetrahydroxy	15
9897|Aepyceros melampus	C24_trihydroxy	77
9899|Ammotragus lervia	C24_dihydroxy	39
9899|Ammotragus lervia	C24_tetrahydroxy	7
9899|Ammotragus lervia	C24_trihydroxy	42
99037|Chamaemelum nobile	C24_trihydroxy	2
9904|Bos gaurus	C24_dihydroxy	26
9904|Bos gaurus	C24_monohydroxy	6
9904|Bos gaurus	C24_tetrahydroxy	8
9904|Bos gaurus	C24_trihydroxy	39
99072|Leucanthemum vulgare	C24_dihydroxy	2
99072|Leucanthemum vulgare	C24_monohydroxy	23
9913|Bos taurus	C24_dihydroxy	128
9913|Bos taurus	C24_monohydroxy	18
9913|Bos taurus	C24_pentahydroxy	1
9913|Bos taurus	C24_tetrahydroxy	49
9913|Bos taurus	C24_trihydroxy	176
9917|Boselaphus tragocamelus	C24_dihydroxy	90
9917|Boselaphus tragocamelus	C24_monohydroxy	16
9917|Boselaphus tragocamelus	C24_pentahydroxy	2
9917|Boselaphus tragocamelus	C24_tetrahydroxy	34
9917|Boselaphus tragocamelus	C24_trihydroxy	121
9925|Capra hircus	C24_dihydroxy	374
9925|Capra hircus	C24_monohydroxy	34
9925|Capra hircus	C24_pentahydroxy	20
9925|Capra hircus	C24_tetrahydroxy	202
9925|Capra hircus	C24_trihydroxy	766
992795|Tetradenia riparia	C24_monohydroxy	3
9927|Connochaetes taurinus	C24_dihydroxy	51
9927|Connochaetes taurinus	C24_monohydroxy	4
9927|Connochaetes taurinus	C24_tetrahydroxy	18
9927|Connochaetes taurinus	C24_trihydroxy	81
9931|Damaliscus pygargus	C24_dihydroxy	45
9931|Damaliscus pygargus	C24_tetrahydroxy	10
9931|Damaliscus pygargus	C24_trihydroxy	39
9938|Ovis aries musimon	C24_dihydroxy	35
9938|Ovis aries musimon	C24_monohydroxy	5
9938|Ovis aries musimon	C24_tetrahydroxy	14
9938|Ovis aries musimon	C24_trihydroxy	36
9940|Ovis aries	C24_dihydroxy	117
9940|Ovis aries	C24_monohydroxy	9
9940|Ovis aries	C24_tetrahydroxy	39
9940|Ovis aries	C24_trihydroxy	166
9946|Tragelaphus strepsiceros	C24_dihydroxy	27
9946|Tragelaphus strepsiceros	C24_tetrahydroxy	9
9946|Tragelaphus strepsiceros	C24_trihydroxy	37
9947|Tragelaphus imberbis	C24_dihydroxy	22
9947|Tragelaphus imberbis	C24_monohydroxy	1
9947|Tragelaphus imberbis	C24_pentahydroxy	1
9947|Tragelaphus imberbis	C24_tetrahydroxy	15
9947|Tragelaphus imberbis	C24_trihydroxy	42
99490|Loxodonta cyclotis	C24_dihydroxy	1
99490|Loxodonta cyclotis	C24_trihydroxy	2
99568|Curcuma	C24_tetrahydroxy	1
99568|Curcuma	C24_trihydroxy	2
9958|Oryx gazella	C24_dihydroxy	48
9958|Oryx gazella	C24_pentahydroxy	2
9958|Oryx gazella	C24_tetrahydroxy	23
9958|Oryx gazella	C24_trihydroxy	89
9962|Kobus ellipsiprymnus	C24_dihydroxy	46
9962|Kobus ellipsiprymnus	C24_monohydroxy	17
9962|Kobus ellipsiprymnus	C24_tetrahydroxy	15
9962|Kobus ellipsiprymnus	C24_trihydroxy	47
9966|Capricornis crispus	C24_dihydroxy	52
9966|Capricornis crispus	C24_monohydroxy	4
9966|Capricornis crispus	C24_tetrahydroxy	3
9966|Capricornis crispus	C24_trihydroxy	40
9970|Syncerus caffer	C24_dihydroxy	24
9970|Syncerus caffer	C24_monohydroxy	8
9970|Syncerus caffer	C24_pentahydroxy	2
9970|Syncerus caffer	C24_tetrahydroxy	25
9970|Syncerus caffer	C24_trihydroxy	50
997829|Porphyromonas sp. KLE 1280	C24_dihydroxy	27
997829|Porphyromonas sp. KLE 1280	C24_trihydroxy	7
997873|Bacteroides caccae CL03T12C61	C24_dihydroxy	26
997873|Bacteroides caccae CL03T12C61	C24_tetrahydroxy	20
997873|Bacteroides caccae CL03T12C61	C24_trihydroxy	8
997874|Bacteroides cellulosilyticus CL02T12C19	C24_dihydroxy	30
997874|Bacteroides cellulosilyticus CL02T12C19	C24_tetrahydroxy	1
997874|Bacteroides cellulosilyticus CL02T12C19	C24_trihydroxy	6
997875|Phocaeicola dorei CL02T00C15	C24_dihydroxy	30
997875|Phocaeicola dorei CL02T00C15	C24_tetrahydroxy	1
997875|Phocaeicola dorei CL02T00C15	C24_trihydroxy	6
997876|Phocaeicola dorei CL02T12C06	C24_dihydroxy	28
997876|Phocaeicola dorei CL02T12C06	C24_tetrahydroxy	1
997876|Phocaeicola dorei CL02T12C06	C24_trihydroxy	4
997877|Phocaeicola dorei CL03T12C01	C24_dihydroxy	23
997877|Phocaeicola dorei CL03T12C01	C24_trihydroxy	4
997879|Bacteroides fragilis CL03T12C07	C24_dihydroxy	26
997879|Bacteroides fragilis CL03T12C07	C24_tetrahydroxy	14
997879|Bacteroides fragilis CL03T12C07	C24_trihydroxy	7
997880|Bacteroides fragilis CL05T00C42	C24_dihydroxy	25
997880|Bacteroides fragilis CL05T00C42	C24_tetrahydroxy	9
997882|Bacteroides fragilis CL07T00C01	C24_dihydroxy	23
997882|Bacteroides fragilis CL07T00C01	C24_tetrahydroxy	16
997883|Bacteroides fragilis CL07T12C05	C24_dihydroxy	27
997883|Bacteroides fragilis CL07T12C05	C24_tetrahydroxy	17
997887|Bacteroides salyersiae CL02T12C01	C24_dihydroxy	28
997887|Bacteroides salyersiae CL02T12C01	C24_tetrahydroxy	15
997887|Bacteroides salyersiae CL02T12C01	C24_trihydroxy	2
997888|Bacteroides finegoldii CL09T03C10	C24_dihydroxy	27
997888|Bacteroides finegoldii CL09T03C10	C24_tetrahydroxy	20
997888|Bacteroides finegoldii CL09T03C10	C24_trihydroxy	10
997891|Phocaeicola vulgatus CL09T03C04	C24_dihydroxy	25
997891|Phocaeicola vulgatus CL09T03C04	C24_trihydroxy	6
99814|Sequoiadendron giganteum	C24_monohydroxy	4
99814|Sequoiadendron giganteum	C24_trihydroxy	1
9986|Oryctolagus cuniculus	C24_dihydroxy	119
9986|Oryctolagus cuniculus	C24_monohydroxy	18
9986|Oryctolagus cuniculus	C24_tetrahydroxy	10
9986|Oryctolagus cuniculus	C24_trihydroxy	60
999414|Fusobacterium animalis F0419	C24_dihydroxy	30
999414|Fusobacterium animalis F0419	C24_trihydroxy	7
999416|Parabacteroides distasonis CL03T12C09	C24_dihydroxy	10
999416|Parabacteroides distasonis CL03T12C09	C24_trihydroxy	11
999418|Parabacteroides goldsteinii CL02T12C30	C24_dihydroxy	7
999418|Parabacteroides goldsteinii CL02T12C30	C24_trihydroxy	8
999419|Parabacteroides johnsonii CL02T12C29	C24_dihydroxy	30
999419|Parabacteroides johnsonii CL02T12C29	C24_tetrahydroxy	2
999419|Parabacteroides johnsonii CL02T12C29	C24_trihydroxy	9
999420|Parabacteroides merdae CL03T12C32	C24_dihydroxy	41
999420|Parabacteroides merdae CL03T12C32	C24_tetrahydroxy	3
999420|Parabacteroides merdae CL03T12C32	C24_trihydroxy	19
999421|Parabacteroides merdae CL09T00C40	C24_dihydroxy	31
999421|Parabacteroides merdae CL09T00C40	C24_trihydroxy	8
999426|Treponema denticola AL-2	C24_dihydroxy	22
999426|Treponema denticola AL-2	C24_trihydroxy	4
999427|Treponema denticola ASLM	C24_dihydroxy	22
999427|Treponema denticola ASLM	C24_tetrahydroxy	1
999427|Treponema denticola ASLM	C24_trihydroxy	4
999456|Goeppertia ornata	C24_pentahydroxy	2
999456|Goeppertia ornata	C24_tetrahydroxy	1
999456|Goeppertia ornata	C24_trihydroxy	1
999543|Salinispora pacifica DSM 45544	C24_dihydroxy	1
999543|Salinispora pacifica DSM 45544	C24_monohydroxy	2
999543|Salinispora pacifica DSM 45544	C24_trihydroxy	1
9995|Marmota monax	C24_dihydroxy	17
9995|Marmota monax	C24_monohydroxy	2
9995|Marmota monax	C24_tetrahydroxy	4
9995|Marmota monax	C24_trihydroxy	29
N/A	C24_dihydroxy	487048
N/A	C24_monohydroxy	64228
N/A	C24_nonhydroxy	12344
N/A	C24_pentahydroxy	34678
N/A	C24_tetrahydroxy	230666
N/A	C24_trihydroxy	954882
missing value	C24_dihydroxy	10367
missing value	C24_monohydroxy	4774
missing value	C24_nonhydroxy	529
missing value	C24_pentahydroxy	769
missing value	C24_tetrahydroxy	4146
missing value	C24_trihydroxy	22621
